地区,日期,期次/发布日期,商品,规格,单位,价格,日变化,日变化率,月变化,月变化率,口径,采价点数,官方环比,来源链接
福州市,2026年6月15日,"
		2026年6月15日福州市主副食品集超均价表_主副食品_
		福州市发展和改革委员会
	",晚籼米,标一,元/500克,2.68,,,,,福州市主副食品集超均价表，集超均价,,,https://fgw.fuzhou.gov.cn/fgwzwgk/fzgggz/jgysf/msspjgxq/zfsp/202606/t20260615_5334115.htm
福州市,2026年6月15日,"
		2026年6月15日福州市主副食品集超均价表_主副食品_
		福州市发展和改革委员会
	",普通鸡蛋,新鲜完整,元/500克,6.48,,,,,福州市主副食品集超均价表，集超均价,,,https://fgw.fuzhou.gov.cn/fgwzwgk/fzgggz/jgysf/msspjgxq/zfsp/202606/t20260615_5334115.htm
福州市,2026年6月15日,"
		2026年6月15日福州市主副食品集超均价表_主副食品_
		福州市发展和改革委员会
	",普通鸭蛋,新鲜完整,元/500克,8.05,,,,,福州市主副食品集超均价表，集超均价,,,https://fgw.fuzhou.gov.cn/fgwzwgk/fzgggz/jgysf/msspjgxq/zfsp/202606/t20260615_5334115.htm
福州市,2026年6月15日,"
		2026年6月15日福州市主副食品集超均价表_主副食品_
		福州市发展和改革委员会
	",标准粉,,元/500克,2.51,,,,,福州市主副食品集超均价表，集超均价,,,https://fgw.fuzhou.gov.cn/fgwzwgk/fzgggz/jgysf/msspjgxq/zfsp/202606/t20260615_5334115.htm
福州市,2026年6月15日,"
		2026年6月15日福州市主副食品集超均价表_主副食品_
		福州市发展和改革委员会
	",梨,新鲜,元/500克,5.64,,,,,福州市主副食品集超均价表，集超均价,,,https://fgw.fuzhou.gov.cn/fgwzwgk/fzgggz/jgysf/msspjgxq/zfsp/202606/t20260615_5334115.htm
福州市,2026年6月15日,"
		2026年6月15日福州市主副食品集超均价表_主副食品_
		福州市发展和改革委员会
	",油菜(菜心),新鲜,元/500克,3.54,,,,,福州市主副食品集超均价表，集超均价,,,https://fgw.fuzhou.gov.cn/fgwzwgk/fzgggz/jgysf/msspjgxq/zfsp/202606/t20260615_5334115.htm
福州市,2026年6月15日,"
		2026年6月15日福州市主副食品集超均价表_主副食品_
		福州市发展和改革委员会
	",活明虾,鲜活,元/500克,28.45,,,,,福州市主副食品集超均价表，集超均价,,,https://fgw.fuzhou.gov.cn/fgwzwgk/fzgggz/jgysf/msspjgxq/zfsp/202606/t20260615_5334115.htm
福州市,2026年6月15日,"
		2026年6月15日福州市主副食品集超均价表_主副食品_
		福州市发展和改革委员会
	",活花蛤,鲜活,元/500克,10.32,,,,,福州市主副食品集超均价表，集超均价,,,https://fgw.fuzhou.gov.cn/fgwzwgk/fzgggz/jgysf/msspjgxq/zfsp/202606/t20260615_5334115.htm
福州市,2026年6月15日,"
		2026年6月15日福州市主副食品集超均价表_主副食品_
		福州市发展和改革委员会
	",活草鱼,鲜活,元/500克,12.24,,,,,福州市主副食品集超均价表，集超均价,,,https://fgw.fuzhou.gov.cn/fgwzwgk/fzgggz/jgysf/msspjgxq/zfsp/202606/t20260615_5334115.htm
福州市,2026年6月15日,"
		2026年6月15日福州市主副食品集超均价表_主副食品_
		福州市发展和改革委员会
	",活鳙鱼（大头鲢）,鲜活,元/500克,13.81,,,,,福州市主副食品集超均价表，集超均价,,,https://fgw.fuzhou.gov.cn/fgwzwgk/fzgggz/jgysf/msspjgxq/zfsp/202606/t20260615_5334115.htm
福州市,2026年6月15日,"
		2026年6月15日福州市主副食品集超均价表_主副食品_
		福州市发展和改革委员会
	",牛肉,去骨肉,元/500克,45.44,,,,,福州市主副食品集超均价表，集超均价,,,https://fgw.fuzhou.gov.cn/fgwzwgk/fzgggz/jgysf/msspjgxq/zfsp/202606/t20260615_5334115.htm
福州市,2026年6月15日,"
		2026年6月15日福州市主副食品集超均价表_主副食品_
		福州市发展和改革委员会
	",猪瘦肉,新鲜,元/500克,13.65,,,,,福州市主副食品集超均价表，集超均价,,,https://fgw.fuzhou.gov.cn/fgwzwgk/fzgggz/jgysf/msspjgxq/zfsp/202606/t20260615_5334115.htm
福州市,2026年6月15日,"
		2026年6月15日福州市主副食品集超均价表_主副食品_
		福州市发展和改革委员会
	",猪肋条肉,新鲜,元/500克,14.33,,,,,福州市主副食品集超均价表，集超均价,,,https://fgw.fuzhou.gov.cn/fgwzwgk/fzgggz/jgysf/msspjgxq/zfsp/202606/t20260615_5334115.htm
福州市,2026年6月15日,"
		2026年6月15日福州市主副食品集超均价表_主副食品_
		福州市发展和改革委员会
	",白萝卜,新鲜,元/500克,1.87,,,,,福州市主副食品集超均价表，集超均价,,,https://fgw.fuzhou.gov.cn/fgwzwgk/fzgggz/jgysf/msspjgxq/zfsp/202606/t20260615_5334115.htm
福州市,2026年6月15日,"
		2026年6月15日福州市主副食品集超均价表_主副食品_
		福州市发展和改革委员会
	",空心菜,新鲜,元/500克,3.35,,,,,福州市主副食品集超均价表，集超均价,,,https://fgw.fuzhou.gov.cn/fgwzwgk/fzgggz/jgysf/msspjgxq/zfsp/202606/t20260615_5334115.htm
福州市,2026年6月15日,"
		2026年6月15日福州市主副食品集超均价表_主副食品_
		福州市发展和改革委员会
	",粳米,标一,元/500克,2.97,,,,,福州市主副食品集超均价表，集超均价,,,https://fgw.fuzhou.gov.cn/fgwzwgk/fzgggz/jgysf/msspjgxq/zfsp/202606/t20260615_5334115.htm
福州市,2026年6月15日,"
		2026年6月15日福州市主副食品集超均价表_主副食品_
		福州市发展和改革委员会
	",红萝卜,新鲜,元/500克,2.52,,,,,福州市主副食品集超均价表，集超均价,,,https://fgw.fuzhou.gov.cn/fgwzwgk/fzgggz/jgysf/msspjgxq/zfsp/202606/t20260615_5334115.htm
福州市,2026年6月15日,"
		2026年6月15日福州市主副食品集超均价表_主副食品_
		福州市发展和改革委员会
	",纯牛奶,盒装,元/盒(250毫升),2.70,,,,,福州市主副食品集超均价表，集超均价,,,https://fgw.fuzhou.gov.cn/fgwzwgk/fzgggz/jgysf/msspjgxq/zfsp/202606/t20260615_5334115.htm
福州市,2026年6月15日,"
		2026年6月15日福州市主副食品集超均价表_主副食品_
		福州市发展和改革委员会
	",羊肉,带骨肉,元/500克,43.54,,,,,福州市主副食品集超均价表，集超均价,,,https://fgw.fuzhou.gov.cn/fgwzwgk/fzgggz/jgysf/msspjgxq/zfsp/202606/t20260615_5334115.htm
福州市,2026年6月15日,"
		2026年6月15日福州市主副食品集超均价表_主副食品_
		福州市发展和改革委员会
	",脐橙,新鲜,元/500克,4.67,,,,,福州市主副食品集超均价表，集超均价,,,https://fgw.fuzhou.gov.cn/fgwzwgk/fzgggz/jgysf/msspjgxq/zfsp/202606/t20260615_5334115.htm
福州市,2026年6月15日,"
		2026年6月15日福州市主副食品集超均价表_主副食品_
		福州市发展和改革委员会
	",花生油,桶装一级,元/5升,105.81,,,,,福州市主副食品集超均价表，集超均价,,,https://fgw.fuzhou.gov.cn/fgwzwgk/fzgggz/jgysf/msspjgxq/zfsp/202606/t20260615_5334115.htm
福州市,2026年6月15日,"
		2026年6月15日福州市主副食品集超均价表_主副食品_
		福州市发展和改革委员会
	",花菜,新鲜,元/500克,4.23,,,,,福州市主副食品集超均价表，集超均价,,,https://fgw.fuzhou.gov.cn/fgwzwgk/fzgggz/jgysf/msspjgxq/zfsp/202606/t20260615_5334115.htm
福州市,2026年6月15日,"
		2026年6月15日福州市主副食品集超均价表_主副食品_
		福州市发展和改革委员会
	",芹菜,新鲜,元/500克,6.54,,,,,福州市主副食品集超均价表，集超均价,,,https://fgw.fuzhou.gov.cn/fgwzwgk/fzgggz/jgysf/msspjgxq/zfsp/202606/t20260615_5334115.htm
福州市,2026年6月15日,"
		2026年6月15日福州市主副食品集超均价表_主副食品_
		福州市发展和改革委员会
	",苹果,新鲜,元/500克,8.24,,,,,福州市主副食品集超均价表，集超均价,,,https://fgw.fuzhou.gov.cn/fgwzwgk/fzgggz/jgysf/msspjgxq/zfsp/202606/t20260615_5334115.htm
福州市,2026年6月15日,"
		2026年6月15日福州市主副食品集超均价表_主副食品_
		福州市发展和改革委员会
	",茄子,新鲜,元/500克,4.35,,,,,福州市主副食品集超均价表，集超均价,,,https://fgw.fuzhou.gov.cn/fgwzwgk/fzgggz/jgysf/msspjgxq/zfsp/202606/t20260615_5334115.htm
福州市,2026年6月15日,"
		2026年6月15日福州市主副食品集超均价表_主副食品_
		福州市发展和改革委员会
	",菜籽油,桶装一级,元/5升,70.81,,,,,福州市主副食品集超均价表，集超均价,,,https://fgw.fuzhou.gov.cn/fgwzwgk/fzgggz/jgysf/msspjgxq/zfsp/202606/t20260615_5334115.htm
福州市,2026年6月15日,"
		2026年6月15日福州市主副食品集超均价表_主副食品_
		福州市发展和改革委员会
	",蒜苔,新鲜,元/500克,7.77,,,,,福州市主副食品集超均价表，集超均价,,,https://fgw.fuzhou.gov.cn/fgwzwgk/fzgggz/jgysf/msspjgxq/zfsp/202606/t20260615_5334115.htm
福州市,2026年6月15日,"
		2026年6月15日福州市主副食品集超均价表_主副食品_
		福州市发展和改革委员会
	",西红柿,新鲜,元/500克,4.18,,,,,福州市主副食品集超均价表，集超均价,,,https://fgw.fuzhou.gov.cn/fgwzwgk/fzgggz/jgysf/msspjgxq/zfsp/202606/t20260615_5334115.htm
福州市,2026年6月15日,"
		2026年6月15日福州市主副食品集超均价表_主副食品_
		福州市发展和改革委员会
	",调和油,桶装一级,元/5升,66.74,,,,,福州市主副食品集超均价表，集超均价,,,https://fgw.fuzhou.gov.cn/fgwzwgk/fzgggz/jgysf/msspjgxq/zfsp/202606/t20260615_5334115.htm
福州市,2026年6月15日,"
		2026年6月15日福州市主副食品集超均价表_主副食品_
		福州市发展和改革委员会
	",豆角,新鲜,元/500克,6.43,,,,,福州市主副食品集超均价表，集超均价,,,https://fgw.fuzhou.gov.cn/fgwzwgk/fzgggz/jgysf/msspjgxq/zfsp/202606/t20260615_5334115.htm
福州市,2026年6月15日,"
		2026年6月15日福州市主副食品集超均价表_主副食品_
		福州市发展和改革委员会
	",青椒,新鲜,元/500克,6.05,,,,,福州市主副食品集超均价表，集超均价,,,https://fgw.fuzhou.gov.cn/fgwzwgk/fzgggz/jgysf/msspjgxq/zfsp/202606/t20260615_5334115.htm
福州市,2026年6月15日,"
		2026年6月15日福州市主副食品集超均价表_主副食品_
		福州市发展和改革委员会
	",韭菜,新鲜,元/500克,5.68,,,,,福州市主副食品集超均价表，集超均价,,,https://fgw.fuzhou.gov.cn/fgwzwgk/fzgggz/jgysf/msspjgxq/zfsp/202606/t20260615_5334115.htm
福州市,2026年6月15日,"
		2026年6月15日福州市主副食品集超均价表_主副食品_
		福州市发展和改革委员会
	",香蕉,新鲜,元/500克,5.08,,,,,福州市主副食品集超均价表，集超均价,,,https://fgw.fuzhou.gov.cn/fgwzwgk/fzgggz/jgysf/msspjgxq/zfsp/202606/t20260615_5334115.htm
福州市,2026年6月15日,"
		2026年6月15日福州市主副食品集超均价表_主副食品_
		福州市发展和改革委员会
	",马胶鱼,冰鲜,元/500克,28.78,,,,,福州市主副食品集超均价表，集超均价,,,https://fgw.fuzhou.gov.cn/fgwzwgk/fzgggz/jgysf/msspjgxq/zfsp/202606/t20260615_5334115.htm
福州市,2026年6月15日,"
		2026年6月15日福州市主副食品集超均价表_主副食品_
		福州市发展和改革委员会
	",鱿鱼,冰鲜,元/500克,49.37,,,,,福州市主副食品集超均价表，集超均价,,,https://fgw.fuzhou.gov.cn/fgwzwgk/fzgggz/jgysf/msspjgxq/zfsp/202606/t20260615_5334115.htm
福州市,2026年6月15日,"
		2026年6月15日福州市主副食品集超均价表_主副食品_
		福州市发展和改革委员会
	",鸡肉,白条鸡,元/500克,14.82,,,,,福州市主副食品集超均价表，集超均价,,,https://fgw.fuzhou.gov.cn/fgwzwgk/fzgggz/jgysf/msspjgxq/zfsp/202606/t20260615_5334115.htm
福州市,2026年6月15日,"
		2026年6月15日福州市主副食品集超均价表_主副食品_
		福州市发展和改革委员会
	",鸭肉,白条鸭,元/500克,16.19,,,,,福州市主副食品集超均价表，集超均价,,,https://fgw.fuzhou.gov.cn/fgwzwgk/fzgggz/jgysf/msspjgxq/zfsp/202606/t20260615_5334115.htm
福州市,2026年6月15日,"
		2026年6月15日福州市主副食品集超均价表_主副食品_
		福州市发展和改革委员会
	",黄瓜,新鲜,元/500克,2.96,,,,,福州市主副食品集超均价表，集超均价,,,https://fgw.fuzhou.gov.cn/fgwzwgk/fzgggz/jgysf/msspjgxq/zfsp/202606/t20260615_5334115.htm
福州市,2026年6月15日,"
		2026年6月15日福州市主副食品集超均价表_主副食品_
		福州市发展和改革委员会
	",黄瓜鱼,冰鲜,元/500克,27.69,,,,,福州市主副食品集超均价表，集超均价,,,https://fgw.fuzhou.gov.cn/fgwzwgk/fzgggz/jgysf/msspjgxq/zfsp/202606/t20260615_5334115.htm
福州市,2026年6月16日,"
		2026年6月16日福州市主副食品集超均价表_主副食品_
		福州市发展和改革委员会
	",上海青,新鲜,元/500克,3.24,,,,,福州市主副食品集超均价表，集超均价,,,https://fgw.fuzhou.gov.cn/fgwzwgk/fzgggz/jgysf/msspjgxq/zfsp/202606/t20260616_5334638.htm
福州市,2026年6月16日,"
		2026年6月16日福州市主副食品集超均价表_主副食品_
		福州市发展和改革委员会
	",冻带鱼,冷冻,元/500克,21.99,,,,,福州市主副食品集超均价表，集超均价,,,https://fgw.fuzhou.gov.cn/fgwzwgk/fzgggz/jgysf/msspjgxq/zfsp/202606/t20260616_5334638.htm
福州市,2026年6月16日,"
		2026年6月16日福州市主副食品集超均价表_主副食品_
		福州市发展和改革委员会
	",圆白菜,新鲜,元/500克,1.97,,,,,福州市主副食品集超均价表，集超均价,,,https://fgw.fuzhou.gov.cn/fgwzwgk/fzgggz/jgysf/msspjgxq/zfsp/202606/t20260616_5334638.htm
福州市,2026年6月16日,"
		2026年6月16日福州市主副食品集超均价表_主副食品_
		福州市发展和改革委员会
	",土豆,新鲜,元/500克,2.36,,,,,福州市主副食品集超均价表，集超均价,,,https://fgw.fuzhou.gov.cn/fgwzwgk/fzgggz/jgysf/msspjgxq/zfsp/202606/t20260616_5334638.htm
福州市,2026年6月16日,"
		2026年6月16日福州市主副食品集超均价表_主副食品_
		福州市发展和改革委员会
	",大白菜,新鲜,元/500克,2.04,,,,,福州市主副食品集超均价表，集超均价,,,https://fgw.fuzhou.gov.cn/fgwzwgk/fzgggz/jgysf/msspjgxq/zfsp/202606/t20260616_5334638.htm
福州市,2026年6月16日,"
		2026年6月16日福州市主副食品集超均价表_主副食品_
		福州市发展和改革委员会
	",大豆油,桶装一级,元/5升,60.10,,,,,福州市主副食品集超均价表，集超均价,,,https://fgw.fuzhou.gov.cn/fgwzwgk/fzgggz/jgysf/msspjgxq/zfsp/202606/t20260616_5334638.htm
福州市,2026年6月16日,"
		2026年6月16日福州市主副食品集超均价表_主副食品_
		福州市发展和改革委员会
	",富强粉,,元/500克,3.56,,,,,福州市主副食品集超均价表，集超均价,,,https://fgw.fuzhou.gov.cn/fgwzwgk/fzgggz/jgysf/msspjgxq/zfsp/202606/t20260616_5334638.htm
福州市,2026年6月16日,"
		2026年6月16日福州市主副食品集超均价表_主副食品_
		福州市发展和改革委员会
	",尖椒,新鲜,元/500克,4.68,,,,,福州市主副食品集超均价表，集超均价,,,https://fgw.fuzhou.gov.cn/fgwzwgk/fzgggz/jgysf/msspjgxq/zfsp/202606/t20260616_5334638.htm
福州市,2026年6月16日,"
		2026年6月16日福州市主副食品集超均价表_主副食品_
		福州市发展和改革委员会
	",晚籼米,标一,元/500克,2.68,,,,,福州市主副食品集超均价表，集超均价,,,https://fgw.fuzhou.gov.cn/fgwzwgk/fzgggz/jgysf/msspjgxq/zfsp/202606/t20260616_5334638.htm
福州市,2026年6月16日,"
		2026年6月16日福州市主副食品集超均价表_主副食品_
		福州市发展和改革委员会
	",普通鸡蛋,新鲜完整,元/500克,6.52,,,,,福州市主副食品集超均价表，集超均价,,,https://fgw.fuzhou.gov.cn/fgwzwgk/fzgggz/jgysf/msspjgxq/zfsp/202606/t20260616_5334638.htm
福州市,2026年6月16日,"
		2026年6月16日福州市主副食品集超均价表_主副食品_
		福州市发展和改革委员会
	",普通鸭蛋,新鲜完整,元/500克,8.05,,,,,福州市主副食品集超均价表，集超均价,,,https://fgw.fuzhou.gov.cn/fgwzwgk/fzgggz/jgysf/msspjgxq/zfsp/202606/t20260616_5334638.htm
福州市,2026年6月16日,"
		2026年6月16日福州市主副食品集超均价表_主副食品_
		福州市发展和改革委员会
	",标准粉,,元/500克,2.51,,,,,福州市主副食品集超均价表，集超均价,,,https://fgw.fuzhou.gov.cn/fgwzwgk/fzgggz/jgysf/msspjgxq/zfsp/202606/t20260616_5334638.htm
福州市,2026年6月16日,"
		2026年6月16日福州市主副食品集超均价表_主副食品_
		福州市发展和改革委员会
	",梨,新鲜,元/500克,5.64,,,,,福州市主副食品集超均价表，集超均价,,,https://fgw.fuzhou.gov.cn/fgwzwgk/fzgggz/jgysf/msspjgxq/zfsp/202606/t20260616_5334638.htm
福州市,2026年6月16日,"
		2026年6月16日福州市主副食品集超均价表_主副食品_
		福州市发展和改革委员会
	",油菜(菜心),新鲜,元/500克,3.57,,,,,福州市主副食品集超均价表，集超均价,,,https://fgw.fuzhou.gov.cn/fgwzwgk/fzgggz/jgysf/msspjgxq/zfsp/202606/t20260616_5334638.htm
福州市,2026年6月16日,"
		2026年6月16日福州市主副食品集超均价表_主副食品_
		福州市发展和改革委员会
	",活明虾,鲜活,元/500克,28.81,,,,,福州市主副食品集超均价表，集超均价,,,https://fgw.fuzhou.gov.cn/fgwzwgk/fzgggz/jgysf/msspjgxq/zfsp/202606/t20260616_5334638.htm
福州市,2026年6月16日,"
		2026年6月16日福州市主副食品集超均价表_主副食品_
		福州市发展和改革委员会
	",活花蛤,鲜活,元/500克,10.32,,,,,福州市主副食品集超均价表，集超均价,,,https://fgw.fuzhou.gov.cn/fgwzwgk/fzgggz/jgysf/msspjgxq/zfsp/202606/t20260616_5334638.htm
福州市,2026年6月16日,"
		2026年6月16日福州市主副食品集超均价表_主副食品_
		福州市发展和改革委员会
	",活草鱼,鲜活,元/500克,12.24,,,,,福州市主副食品集超均价表，集超均价,,,https://fgw.fuzhou.gov.cn/fgwzwgk/fzgggz/jgysf/msspjgxq/zfsp/202606/t20260616_5334638.htm
福州市,2026年6月16日,"
		2026年6月16日福州市主副食品集超均价表_主副食品_
		福州市发展和改革委员会
	",活鳙鱼（大头鲢）,鲜活,元/500克,13.81,,,,,福州市主副食品集超均价表，集超均价,,,https://fgw.fuzhou.gov.cn/fgwzwgk/fzgggz/jgysf/msspjgxq/zfsp/202606/t20260616_5334638.htm
福州市,2026年6月16日,"
		2026年6月16日福州市主副食品集超均价表_主副食品_
		福州市发展和改革委员会
	",牛肉,去骨肉,元/500克,45.44,,,,,福州市主副食品集超均价表，集超均价,,,https://fgw.fuzhou.gov.cn/fgwzwgk/fzgggz/jgysf/msspjgxq/zfsp/202606/t20260616_5334638.htm
福州市,2026年6月16日,"
		2026年6月16日福州市主副食品集超均价表_主副食品_
		福州市发展和改革委员会
	",猪瘦肉,新鲜,元/500克,13.58,,,,,福州市主副食品集超均价表，集超均价,,,https://fgw.fuzhou.gov.cn/fgwzwgk/fzgggz/jgysf/msspjgxq/zfsp/202606/t20260616_5334638.htm
福州市,2026年6月16日,"
		2026年6月16日福州市主副食品集超均价表_主副食品_
		福州市发展和改革委员会
	",猪肋条肉,新鲜,元/500克,14.33,,,,,福州市主副食品集超均价表，集超均价,,,https://fgw.fuzhou.gov.cn/fgwzwgk/fzgggz/jgysf/msspjgxq/zfsp/202606/t20260616_5334638.htm
福州市,2026年6月16日,"
		2026年6月16日福州市主副食品集超均价表_主副食品_
		福州市发展和改革委员会
	",白萝卜,新鲜,元/500克,1.87,,,,,福州市主副食品集超均价表，集超均价,,,https://fgw.fuzhou.gov.cn/fgwzwgk/fzgggz/jgysf/msspjgxq/zfsp/202606/t20260616_5334638.htm
福州市,2026年6月16日,"
		2026年6月16日福州市主副食品集超均价表_主副食品_
		福州市发展和改革委员会
	",空心菜,新鲜,元/500克,3.40,,,,,福州市主副食品集超均价表，集超均价,,,https://fgw.fuzhou.gov.cn/fgwzwgk/fzgggz/jgysf/msspjgxq/zfsp/202606/t20260616_5334638.htm
福州市,2026年6月16日,"
		2026年6月16日福州市主副食品集超均价表_主副食品_
		福州市发展和改革委员会
	",粳米,标一,元/500克,2.97,,,,,福州市主副食品集超均价表，集超均价,,,https://fgw.fuzhou.gov.cn/fgwzwgk/fzgggz/jgysf/msspjgxq/zfsp/202606/t20260616_5334638.htm
福州市,2026年6月16日,"
		2026年6月16日福州市主副食品集超均价表_主副食品_
		福州市发展和改革委员会
	",红萝卜,新鲜,元/500克,2.48,,,,,福州市主副食品集超均价表，集超均价,,,https://fgw.fuzhou.gov.cn/fgwzwgk/fzgggz/jgysf/msspjgxq/zfsp/202606/t20260616_5334638.htm
福州市,2026年6月16日,"
		2026年6月16日福州市主副食品集超均价表_主副食品_
		福州市发展和改革委员会
	",纯牛奶,盒装,元/盒(250毫升),2.70,,,,,福州市主副食品集超均价表，集超均价,,,https://fgw.fuzhou.gov.cn/fgwzwgk/fzgggz/jgysf/msspjgxq/zfsp/202606/t20260616_5334638.htm
福州市,2026年6月16日,"
		2026年6月16日福州市主副食品集超均价表_主副食品_
		福州市发展和改革委员会
	",羊肉,带骨肉,元/500克,43.61,,,,,福州市主副食品集超均价表，集超均价,,,https://fgw.fuzhou.gov.cn/fgwzwgk/fzgggz/jgysf/msspjgxq/zfsp/202606/t20260616_5334638.htm
福州市,2026年6月16日,"
		2026年6月16日福州市主副食品集超均价表_主副食品_
		福州市发展和改革委员会
	",脐橙,新鲜,元/500克,4.67,,,,,福州市主副食品集超均价表，集超均价,,,https://fgw.fuzhou.gov.cn/fgwzwgk/fzgggz/jgysf/msspjgxq/zfsp/202606/t20260616_5334638.htm
福州市,2026年6月16日,"
		2026年6月16日福州市主副食品集超均价表_主副食品_
		福州市发展和改革委员会
	",花生油,桶装一级,元/5升,105.81,,,,,福州市主副食品集超均价表，集超均价,,,https://fgw.fuzhou.gov.cn/fgwzwgk/fzgggz/jgysf/msspjgxq/zfsp/202606/t20260616_5334638.htm
福州市,2026年6月16日,"
		2026年6月16日福州市主副食品集超均价表_主副食品_
		福州市发展和改革委员会
	",花菜,新鲜,元/500克,4.26,,,,,福州市主副食品集超均价表，集超均价,,,https://fgw.fuzhou.gov.cn/fgwzwgk/fzgggz/jgysf/msspjgxq/zfsp/202606/t20260616_5334638.htm
福州市,2026年6月16日,"
		2026年6月16日福州市主副食品集超均价表_主副食品_
		福州市发展和改革委员会
	",芹菜,新鲜,元/500克,6.47,,,,,福州市主副食品集超均价表，集超均价,,,https://fgw.fuzhou.gov.cn/fgwzwgk/fzgggz/jgysf/msspjgxq/zfsp/202606/t20260616_5334638.htm
福州市,2026年6月16日,"
		2026年6月16日福州市主副食品集超均价表_主副食品_
		福州市发展和改革委员会
	",苹果,新鲜,元/500克,8.18,,,,,福州市主副食品集超均价表，集超均价,,,https://fgw.fuzhou.gov.cn/fgwzwgk/fzgggz/jgysf/msspjgxq/zfsp/202606/t20260616_5334638.htm
福州市,2026年6月16日,"
		2026年6月16日福州市主副食品集超均价表_主副食品_
		福州市发展和改革委员会
	",茄子,新鲜,元/500克,4.28,,,,,福州市主副食品集超均价表，集超均价,,,https://fgw.fuzhou.gov.cn/fgwzwgk/fzgggz/jgysf/msspjgxq/zfsp/202606/t20260616_5334638.htm
福州市,2026年6月16日,"
		2026年6月16日福州市主副食品集超均价表_主副食品_
		福州市发展和改革委员会
	",菜籽油,桶装一级,元/5升,70.81,,,,,福州市主副食品集超均价表，集超均价,,,https://fgw.fuzhou.gov.cn/fgwzwgk/fzgggz/jgysf/msspjgxq/zfsp/202606/t20260616_5334638.htm
福州市,2026年6月16日,"
		2026年6月16日福州市主副食品集超均价表_主副食品_
		福州市发展和改革委员会
	",蒜苔,新鲜,元/500克,7.77,,,,,福州市主副食品集超均价表，集超均价,,,https://fgw.fuzhou.gov.cn/fgwzwgk/fzgggz/jgysf/msspjgxq/zfsp/202606/t20260616_5334638.htm
福州市,2026年6月16日,"
		2026年6月16日福州市主副食品集超均价表_主副食品_
		福州市发展和改革委员会
	",西红柿,新鲜,元/500克,4.11,,,,,福州市主副食品集超均价表，集超均价,,,https://fgw.fuzhou.gov.cn/fgwzwgk/fzgggz/jgysf/msspjgxq/zfsp/202606/t20260616_5334638.htm
福州市,2026年6月16日,"
		2026年6月16日福州市主副食品集超均价表_主副食品_
		福州市发展和改革委员会
	",调和油,桶装一级,元/5升,66.74,,,,,福州市主副食品集超均价表，集超均价,,,https://fgw.fuzhou.gov.cn/fgwzwgk/fzgggz/jgysf/msspjgxq/zfsp/202606/t20260616_5334638.htm
福州市,2026年6月16日,"
		2026年6月16日福州市主副食品集超均价表_主副食品_
		福州市发展和改革委员会
	",豆角,新鲜,元/500克,6.50,,,,,福州市主副食品集超均价表，集超均价,,,https://fgw.fuzhou.gov.cn/fgwzwgk/fzgggz/jgysf/msspjgxq/zfsp/202606/t20260616_5334638.htm
福州市,2026年6月16日,"
		2026年6月16日福州市主副食品集超均价表_主副食品_
		福州市发展和改革委员会
	",青椒,新鲜,元/500克,5.97,,,,,福州市主副食品集超均价表，集超均价,,,https://fgw.fuzhou.gov.cn/fgwzwgk/fzgggz/jgysf/msspjgxq/zfsp/202606/t20260616_5334638.htm
福州市,2026年6月16日,"
		2026年6月16日福州市主副食品集超均价表_主副食品_
		福州市发展和改革委员会
	",韭菜,新鲜,元/500克,5.68,,,,,福州市主副食品集超均价表，集超均价,,,https://fgw.fuzhou.gov.cn/fgwzwgk/fzgggz/jgysf/msspjgxq/zfsp/202606/t20260616_5334638.htm
福州市,2026年6月16日,"
		2026年6月16日福州市主副食品集超均价表_主副食品_
		福州市发展和改革委员会
	",香蕉,新鲜,元/500克,5.08,,,,,福州市主副食品集超均价表，集超均价,,,https://fgw.fuzhou.gov.cn/fgwzwgk/fzgggz/jgysf/msspjgxq/zfsp/202606/t20260616_5334638.htm
福州市,2026年6月16日,"
		2026年6月16日福州市主副食品集超均价表_主副食品_
		福州市发展和改革委员会
	",马胶鱼,冰鲜,元/500克,28.78,,,,,福州市主副食品集超均价表，集超均价,,,https://fgw.fuzhou.gov.cn/fgwzwgk/fzgggz/jgysf/msspjgxq/zfsp/202606/t20260616_5334638.htm
福州市,2026年6月16日,"
		2026年6月16日福州市主副食品集超均价表_主副食品_
		福州市发展和改革委员会
	",鱿鱼,冰鲜,元/500克,49.23,,,,,福州市主副食品集超均价表，集超均价,,,https://fgw.fuzhou.gov.cn/fgwzwgk/fzgggz/jgysf/msspjgxq/zfsp/202606/t20260616_5334638.htm
福州市,2026年6月16日,"
		2026年6月16日福州市主副食品集超均价表_主副食品_
		福州市发展和改革委员会
	",鸡肉,白条鸡,元/500克,14.82,,,,,福州市主副食品集超均价表，集超均价,,,https://fgw.fuzhou.gov.cn/fgwzwgk/fzgggz/jgysf/msspjgxq/zfsp/202606/t20260616_5334638.htm
福州市,2026年6月16日,"
		2026年6月16日福州市主副食品集超均价表_主副食品_
		福州市发展和改革委员会
	",鸭肉,白条鸭,元/500克,16.19,,,,,福州市主副食品集超均价表，集超均价,,,https://fgw.fuzhou.gov.cn/fgwzwgk/fzgggz/jgysf/msspjgxq/zfsp/202606/t20260616_5334638.htm
福州市,2026年6月16日,"
		2026年6月16日福州市主副食品集超均价表_主副食品_
		福州市发展和改革委员会
	",黄瓜,新鲜,元/500克,2.90,,,,,福州市主副食品集超均价表，集超均价,,,https://fgw.fuzhou.gov.cn/fgwzwgk/fzgggz/jgysf/msspjgxq/zfsp/202606/t20260616_5334638.htm
福州市,2026年6月16日,"
		2026年6月16日福州市主副食品集超均价表_主副食品_
		福州市发展和改革委员会
	",黄瓜鱼,冰鲜,元/500克,27.69,,,,,福州市主副食品集超均价表，集超均价,,,https://fgw.fuzhou.gov.cn/fgwzwgk/fzgggz/jgysf/msspjgxq/zfsp/202606/t20260616_5334638.htm
福州市,2026年6月17日,"
		2026年6月17日福州市主副食品集超均价表_主副食品_
		福州市发展和改革委员会
	",上海青,新鲜,元/500克,3.03,,,,,福州市主副食品集超均价表，集超均价,,,https://fgw.fuzhou.gov.cn/fgwzwgk/fzgggz/jgysf/msspjgxq/zfsp/202606/t20260617_5335329.htm
福州市,2026年6月17日,"
		2026年6月17日福州市主副食品集超均价表_主副食品_
		福州市发展和改革委员会
	",冻带鱼,冷冻,元/500克,21.49,,,,,福州市主副食品集超均价表，集超均价,,,https://fgw.fuzhou.gov.cn/fgwzwgk/fzgggz/jgysf/msspjgxq/zfsp/202606/t20260617_5335329.htm
福州市,2026年6月17日,"
		2026年6月17日福州市主副食品集超均价表_主副食品_
		福州市发展和改革委员会
	",圆白菜,新鲜,元/500克,1.98,,,,,福州市主副食品集超均价表，集超均价,,,https://fgw.fuzhou.gov.cn/fgwzwgk/fzgggz/jgysf/msspjgxq/zfsp/202606/t20260617_5335329.htm
福州市,2026年6月17日,"
		2026年6月17日福州市主副食品集超均价表_主副食品_
		福州市发展和改革委员会
	",土豆,新鲜,元/500克,2.28,,,,,福州市主副食品集超均价表，集超均价,,,https://fgw.fuzhou.gov.cn/fgwzwgk/fzgggz/jgysf/msspjgxq/zfsp/202606/t20260617_5335329.htm
福州市,2026年6月17日,"
		2026年6月17日福州市主副食品集超均价表_主副食品_
		福州市发展和改革委员会
	",大白菜,新鲜,元/500克,2.05,,,,,福州市主副食品集超均价表，集超均价,,,https://fgw.fuzhou.gov.cn/fgwzwgk/fzgggz/jgysf/msspjgxq/zfsp/202606/t20260617_5335329.htm
福州市,2026年6月17日,"
		2026年6月17日福州市主副食品集超均价表_主副食品_
		福州市发展和改革委员会
	",大豆油,桶装一级,元/5升,60.10,,,,,福州市主副食品集超均价表，集超均价,,,https://fgw.fuzhou.gov.cn/fgwzwgk/fzgggz/jgysf/msspjgxq/zfsp/202606/t20260617_5335329.htm
福州市,2026年6月17日,"
		2026年6月17日福州市主副食品集超均价表_主副食品_
		福州市发展和改革委员会
	",富强粉,,元/500克,3.56,,,,,福州市主副食品集超均价表，集超均价,,,https://fgw.fuzhou.gov.cn/fgwzwgk/fzgggz/jgysf/msspjgxq/zfsp/202606/t20260617_5335329.htm
福州市,2026年6月17日,"
		2026年6月17日福州市主副食品集超均价表_主副食品_
		福州市发展和改革委员会
	",尖椒,新鲜,元/500克,4.68,,,,,福州市主副食品集超均价表，集超均价,,,https://fgw.fuzhou.gov.cn/fgwzwgk/fzgggz/jgysf/msspjgxq/zfsp/202606/t20260617_5335329.htm
福州市,2026年6月17日,"
		2026年6月17日福州市主副食品集超均价表_主副食品_
		福州市发展和改革委员会
	",晚籼米,标一,元/500克,2.68,,,,,福州市主副食品集超均价表，集超均价,,,https://fgw.fuzhou.gov.cn/fgwzwgk/fzgggz/jgysf/msspjgxq/zfsp/202606/t20260617_5335329.htm
福州市,2026年6月17日,"
		2026年6月17日福州市主副食品集超均价表_主副食品_
		福州市发展和改革委员会
	",普通鸡蛋,新鲜完整,元/500克,6.53,,,,,福州市主副食品集超均价表，集超均价,,,https://fgw.fuzhou.gov.cn/fgwzwgk/fzgggz/jgysf/msspjgxq/zfsp/202606/t20260617_5335329.htm
福州市,2026年6月17日,"
		2026年6月17日福州市主副食品集超均价表_主副食品_
		福州市发展和改革委员会
	",普通鸭蛋,新鲜完整,元/500克,8.06,,,,,福州市主副食品集超均价表，集超均价,,,https://fgw.fuzhou.gov.cn/fgwzwgk/fzgggz/jgysf/msspjgxq/zfsp/202606/t20260617_5335329.htm
福州市,2026年6月17日,"
		2026年6月17日福州市主副食品集超均价表_主副食品_
		福州市发展和改革委员会
	",标准粉,,元/500克,2.51,,,,,福州市主副食品集超均价表，集超均价,,,https://fgw.fuzhou.gov.cn/fgwzwgk/fzgggz/jgysf/msspjgxq/zfsp/202606/t20260617_5335329.htm
福州市,2026年6月17日,"
		2026年6月17日福州市主副食品集超均价表_主副食品_
		福州市发展和改革委员会
	",梨,新鲜,元/500克,5.64,,,,,福州市主副食品集超均价表，集超均价,,,https://fgw.fuzhou.gov.cn/fgwzwgk/fzgggz/jgysf/msspjgxq/zfsp/202606/t20260617_5335329.htm
福州市,2026年6月17日,"
		2026年6月17日福州市主副食品集超均价表_主副食品_
		福州市发展和改革委员会
	",油菜(菜心),新鲜,元/500克,3.62,,,,,福州市主副食品集超均价表，集超均价,,,https://fgw.fuzhou.gov.cn/fgwzwgk/fzgggz/jgysf/msspjgxq/zfsp/202606/t20260617_5335329.htm
福州市,2026年6月17日,"
		2026年6月17日福州市主副食品集超均价表_主副食品_
		福州市发展和改革委员会
	",活明虾,鲜活,元/500克,28.60,,,,,福州市主副食品集超均价表，集超均价,,,https://fgw.fuzhou.gov.cn/fgwzwgk/fzgggz/jgysf/msspjgxq/zfsp/202606/t20260617_5335329.htm
福州市,2026年6月17日,"
		2026年6月17日福州市主副食品集超均价表_主副食品_
		福州市发展和改革委员会
	",活花蛤,鲜活,元/500克,10.11,,,,,福州市主副食品集超均价表，集超均价,,,https://fgw.fuzhou.gov.cn/fgwzwgk/fzgggz/jgysf/msspjgxq/zfsp/202606/t20260617_5335329.htm
福州市,2026年6月17日,"
		2026年6月17日福州市主副食品集超均价表_主副食品_
		福州市发展和改革委员会
	",活草鱼,鲜活,元/500克,12.24,,,,,福州市主副食品集超均价表，集超均价,,,https://fgw.fuzhou.gov.cn/fgwzwgk/fzgggz/jgysf/msspjgxq/zfsp/202606/t20260617_5335329.htm
福州市,2026年6月17日,"
		2026年6月17日福州市主副食品集超均价表_主副食品_
		福州市发展和改革委员会
	",活鳙鱼（大头鲢）,鲜活,元/500克,13.81,,,,,福州市主副食品集超均价表，集超均价,,,https://fgw.fuzhou.gov.cn/fgwzwgk/fzgggz/jgysf/msspjgxq/zfsp/202606/t20260617_5335329.htm
福州市,2026年6月17日,"
		2026年6月17日福州市主副食品集超均价表_主副食品_
		福州市发展和改革委员会
	",牛肉,去骨肉,元/500克,45.51,,,,,福州市主副食品集超均价表，集超均价,,,https://fgw.fuzhou.gov.cn/fgwzwgk/fzgggz/jgysf/msspjgxq/zfsp/202606/t20260617_5335329.htm
福州市,2026年6月17日,"
		2026年6月17日福州市主副食品集超均价表_主副食品_
		福州市发展和改革委员会
	",猪瘦肉,新鲜,元/500克,13.62,,,,,福州市主副食品集超均价表，集超均价,,,https://fgw.fuzhou.gov.cn/fgwzwgk/fzgggz/jgysf/msspjgxq/zfsp/202606/t20260617_5335329.htm
福州市,2026年6月17日,"
		2026年6月17日福州市主副食品集超均价表_主副食品_
		福州市发展和改革委员会
	",猪肋条肉,新鲜,元/500克,14.26,,,,,福州市主副食品集超均价表，集超均价,,,https://fgw.fuzhou.gov.cn/fgwzwgk/fzgggz/jgysf/msspjgxq/zfsp/202606/t20260617_5335329.htm
福州市,2026年6月17日,"
		2026年6月17日福州市主副食品集超均价表_主副食品_
		福州市发展和改革委员会
	",白萝卜,新鲜,元/500克,1.89,,,,,福州市主副食品集超均价表，集超均价,,,https://fgw.fuzhou.gov.cn/fgwzwgk/fzgggz/jgysf/msspjgxq/zfsp/202606/t20260617_5335329.htm
福州市,2026年6月17日,"
		2026年6月17日福州市主副食品集超均价表_主副食品_
		福州市发展和改革委员会
	",空心菜,新鲜,元/500克,3.45,,,,,福州市主副食品集超均价表，集超均价,,,https://fgw.fuzhou.gov.cn/fgwzwgk/fzgggz/jgysf/msspjgxq/zfsp/202606/t20260617_5335329.htm
福州市,2026年6月17日,"
		2026年6月17日福州市主副食品集超均价表_主副食品_
		福州市发展和改革委员会
	",粳米,标一,元/500克,2.97,,,,,福州市主副食品集超均价表，集超均价,,,https://fgw.fuzhou.gov.cn/fgwzwgk/fzgggz/jgysf/msspjgxq/zfsp/202606/t20260617_5335329.htm
福州市,2026年6月17日,"
		2026年6月17日福州市主副食品集超均价表_主副食品_
		福州市发展和改革委员会
	",红萝卜,新鲜,元/500克,2.48,,,,,福州市主副食品集超均价表，集超均价,,,https://fgw.fuzhou.gov.cn/fgwzwgk/fzgggz/jgysf/msspjgxq/zfsp/202606/t20260617_5335329.htm
福州市,2026年6月17日,"
		2026年6月17日福州市主副食品集超均价表_主副食品_
		福州市发展和改革委员会
	",纯牛奶,盒装,元/盒(250毫升),2.70,,,,,福州市主副食品集超均价表，集超均价,,,https://fgw.fuzhou.gov.cn/fgwzwgk/fzgggz/jgysf/msspjgxq/zfsp/202606/t20260617_5335329.htm
福州市,2026年6月17日,"
		2026年6月17日福州市主副食品集超均价表_主副食品_
		福州市发展和改革委员会
	",羊肉,带骨肉,元/500克,43.61,,,,,福州市主副食品集超均价表，集超均价,,,https://fgw.fuzhou.gov.cn/fgwzwgk/fzgggz/jgysf/msspjgxq/zfsp/202606/t20260617_5335329.htm
福州市,2026年6月17日,"
		2026年6月17日福州市主副食品集超均价表_主副食品_
		福州市发展和改革委员会
	",脐橙,新鲜,元/500克,4.70,,,,,福州市主副食品集超均价表，集超均价,,,https://fgw.fuzhou.gov.cn/fgwzwgk/fzgggz/jgysf/msspjgxq/zfsp/202606/t20260617_5335329.htm
福州市,2026年6月17日,"
		2026年6月17日福州市主副食品集超均价表_主副食品_
		福州市发展和改革委员会
	",花生油,桶装一级,元/5升,105.81,,,,,福州市主副食品集超均价表，集超均价,,,https://fgw.fuzhou.gov.cn/fgwzwgk/fzgggz/jgysf/msspjgxq/zfsp/202606/t20260617_5335329.htm
福州市,2026年6月17日,"
		2026年6月17日福州市主副食品集超均价表_主副食品_
		福州市发展和改革委员会
	",花菜,新鲜,元/500克,4.17,,,,,福州市主副食品集超均价表，集超均价,,,https://fgw.fuzhou.gov.cn/fgwzwgk/fzgggz/jgysf/msspjgxq/zfsp/202606/t20260617_5335329.htm
福州市,2026年6月17日,"
		2026年6月17日福州市主副食品集超均价表_主副食品_
		福州市发展和改革委员会
	",芹菜,新鲜,元/500克,6.47,,,,,福州市主副食品集超均价表，集超均价,,,https://fgw.fuzhou.gov.cn/fgwzwgk/fzgggz/jgysf/msspjgxq/zfsp/202606/t20260617_5335329.htm
福州市,2026年6月17日,"
		2026年6月17日福州市主副食品集超均价表_主副食品_
		福州市发展和改革委员会
	",苹果,新鲜,元/500克,8.12,,,,,福州市主副食品集超均价表，集超均价,,,https://fgw.fuzhou.gov.cn/fgwzwgk/fzgggz/jgysf/msspjgxq/zfsp/202606/t20260617_5335329.htm
福州市,2026年6月17日,"
		2026年6月17日福州市主副食品集超均价表_主副食品_
		福州市发展和改革委员会
	",茄子,新鲜,元/500克,4.43,,,,,福州市主副食品集超均价表，集超均价,,,https://fgw.fuzhou.gov.cn/fgwzwgk/fzgggz/jgysf/msspjgxq/zfsp/202606/t20260617_5335329.htm
福州市,2026年6月17日,"
		2026年6月17日福州市主副食品集超均价表_主副食品_
		福州市发展和改革委员会
	",菜籽油,桶装一级,元/5升,70.81,,,,,福州市主副食品集超均价表，集超均价,,,https://fgw.fuzhou.gov.cn/fgwzwgk/fzgggz/jgysf/msspjgxq/zfsp/202606/t20260617_5335329.htm
福州市,2026年6月17日,"
		2026年6月17日福州市主副食品集超均价表_主副食品_
		福州市发展和改革委员会
	",蒜苔,新鲜,元/500克,7.79,,,,,福州市主副食品集超均价表，集超均价,,,https://fgw.fuzhou.gov.cn/fgwzwgk/fzgggz/jgysf/msspjgxq/zfsp/202606/t20260617_5335329.htm
福州市,2026年6月17日,"
		2026年6月17日福州市主副食品集超均价表_主副食品_
		福州市发展和改革委员会
	",西红柿,新鲜,元/500克,4.23,,,,,福州市主副食品集超均价表，集超均价,,,https://fgw.fuzhou.gov.cn/fgwzwgk/fzgggz/jgysf/msspjgxq/zfsp/202606/t20260617_5335329.htm
福州市,2026年6月17日,"
		2026年6月17日福州市主副食品集超均价表_主副食品_
		福州市发展和改革委员会
	",调和油,桶装一级,元/5升,66.74,,,,,福州市主副食品集超均价表，集超均价,,,https://fgw.fuzhou.gov.cn/fgwzwgk/fzgggz/jgysf/msspjgxq/zfsp/202606/t20260617_5335329.htm
福州市,2026年6月17日,"
		2026年6月17日福州市主副食品集超均价表_主副食品_
		福州市发展和改革委员会
	",豆角,新鲜,元/500克,6.49,,,,,福州市主副食品集超均价表，集超均价,,,https://fgw.fuzhou.gov.cn/fgwzwgk/fzgggz/jgysf/msspjgxq/zfsp/202606/t20260617_5335329.htm
福州市,2026年6月17日,"
		2026年6月17日福州市主副食品集超均价表_主副食品_
		福州市发展和改革委员会
	",青椒,新鲜,元/500克,5.96,,,,,福州市主副食品集超均价表，集超均价,,,https://fgw.fuzhou.gov.cn/fgwzwgk/fzgggz/jgysf/msspjgxq/zfsp/202606/t20260617_5335329.htm
福州市,2026年6月17日,"
		2026年6月17日福州市主副食品集超均价表_主副食品_
		福州市发展和改革委员会
	",韭菜,新鲜,元/500克,5.68,,,,,福州市主副食品集超均价表，集超均价,,,https://fgw.fuzhou.gov.cn/fgwzwgk/fzgggz/jgysf/msspjgxq/zfsp/202606/t20260617_5335329.htm
福州市,2026年6月17日,"
		2026年6月17日福州市主副食品集超均价表_主副食品_
		福州市发展和改革委员会
	",香蕉,新鲜,元/500克,5.08,,,,,福州市主副食品集超均价表，集超均价,,,https://fgw.fuzhou.gov.cn/fgwzwgk/fzgggz/jgysf/msspjgxq/zfsp/202606/t20260617_5335329.htm
福州市,2026年6月17日,"
		2026年6月17日福州市主副食品集超均价表_主副食品_
		福州市发展和改革委员会
	",马胶鱼,冰鲜,元/500克,28.78,,,,,福州市主副食品集超均价表，集超均价,,,https://fgw.fuzhou.gov.cn/fgwzwgk/fzgggz/jgysf/msspjgxq/zfsp/202606/t20260617_5335329.htm
福州市,2026年6月17日,"
		2026年6月17日福州市主副食品集超均价表_主副食品_
		福州市发展和改革委员会
	",鱿鱼,冰鲜,元/500克,49.51,,,,,福州市主副食品集超均价表，集超均价,,,https://fgw.fuzhou.gov.cn/fgwzwgk/fzgggz/jgysf/msspjgxq/zfsp/202606/t20260617_5335329.htm
福州市,2026年6月17日,"
		2026年6月17日福州市主副食品集超均价表_主副食品_
		福州市发展和改革委员会
	",鸡肉,白条鸡,元/500克,14.82,,,,,福州市主副食品集超均价表，集超均价,,,https://fgw.fuzhou.gov.cn/fgwzwgk/fzgggz/jgysf/msspjgxq/zfsp/202606/t20260617_5335329.htm
福州市,2026年6月17日,"
		2026年6月17日福州市主副食品集超均价表_主副食品_
		福州市发展和改革委员会
	",鸭肉,白条鸭,元/500克,16.19,,,,,福州市主副食品集超均价表，集超均价,,,https://fgw.fuzhou.gov.cn/fgwzwgk/fzgggz/jgysf/msspjgxq/zfsp/202606/t20260617_5335329.htm
福州市,2026年6月17日,"
		2026年6月17日福州市主副食品集超均价表_主副食品_
		福州市发展和改革委员会
	",黄瓜,新鲜,元/500克,2.89,,,,,福州市主副食品集超均价表，集超均价,,,https://fgw.fuzhou.gov.cn/fgwzwgk/fzgggz/jgysf/msspjgxq/zfsp/202606/t20260617_5335329.htm
福州市,2026年6月17日,"
		2026年6月17日福州市主副食品集超均价表_主副食品_
		福州市发展和改革委员会
	",黄瓜鱼,冰鲜,元/500克,27.76,,,,,福州市主副食品集超均价表，集超均价,,,https://fgw.fuzhou.gov.cn/fgwzwgk/fzgggz/jgysf/msspjgxq/zfsp/202606/t20260617_5335329.htm
福州市,2026年6月18日,"
		2026年6月18日福州市主副食品集超均价表_主副食品_
		福州市发展和改革委员会
	",上海青,新鲜,元/500克,3.10,,,,,福州市主副食品集超均价表，集超均价,,,https://fgw.fuzhou.gov.cn/fgwzwgk/fzgggz/jgysf/msspjgxq/zfsp/202606/t20260618_5335744.htm
福州市,2026年6月18日,"
		2026年6月18日福州市主副食品集超均价表_主副食品_
		福州市发展和改革委员会
	",冻带鱼,冷冻,元/500克,21.77,,,,,福州市主副食品集超均价表，集超均价,,,https://fgw.fuzhou.gov.cn/fgwzwgk/fzgggz/jgysf/msspjgxq/zfsp/202606/t20260618_5335744.htm
福州市,2026年6月18日,"
		2026年6月18日福州市主副食品集超均价表_主副食品_
		福州市发展和改革委员会
	",圆白菜,新鲜,元/500克,1.99,,,,,福州市主副食品集超均价表，集超均价,,,https://fgw.fuzhou.gov.cn/fgwzwgk/fzgggz/jgysf/msspjgxq/zfsp/202606/t20260618_5335744.htm
福州市,2026年6月18日,"
		2026年6月18日福州市主副食品集超均价表_主副食品_
		福州市发展和改革委员会
	",土豆,新鲜,元/500克,2.28,,,,,福州市主副食品集超均价表，集超均价,,,https://fgw.fuzhou.gov.cn/fgwzwgk/fzgggz/jgysf/msspjgxq/zfsp/202606/t20260618_5335744.htm
福州市,2026年6月18日,"
		2026年6月18日福州市主副食品集超均价表_主副食品_
		福州市发展和改革委员会
	",大白菜,新鲜,元/500克,2.07,,,,,福州市主副食品集超均价表，集超均价,,,https://fgw.fuzhou.gov.cn/fgwzwgk/fzgggz/jgysf/msspjgxq/zfsp/202606/t20260618_5335744.htm
福州市,2026年6月18日,"
		2026年6月18日福州市主副食品集超均价表_主副食品_
		福州市发展和改革委员会
	",大豆油,桶装一级,元/5升,60.10,,,,,福州市主副食品集超均价表，集超均价,,,https://fgw.fuzhou.gov.cn/fgwzwgk/fzgggz/jgysf/msspjgxq/zfsp/202606/t20260618_5335744.htm
福州市,2026年6月18日,"
		2026年6月18日福州市主副食品集超均价表_主副食品_
		福州市发展和改革委员会
	",富强粉,,元/500克,3.57,,,,,福州市主副食品集超均价表，集超均价,,,https://fgw.fuzhou.gov.cn/fgwzwgk/fzgggz/jgysf/msspjgxq/zfsp/202606/t20260618_5335744.htm
福州市,2026年6月18日,"
		2026年6月18日福州市主副食品集超均价表_主副食品_
		福州市发展和改革委员会
	",尖椒,新鲜,元/500克,4.64,,,,,福州市主副食品集超均价表，集超均价,,,https://fgw.fuzhou.gov.cn/fgwzwgk/fzgggz/jgysf/msspjgxq/zfsp/202606/t20260618_5335744.htm
福州市,2026年6月18日,"
		2026年6月18日福州市主副食品集超均价表_主副食品_
		福州市发展和改革委员会
	",晚籼米,标一,元/500克,2.68,,,,,福州市主副食品集超均价表，集超均价,,,https://fgw.fuzhou.gov.cn/fgwzwgk/fzgggz/jgysf/msspjgxq/zfsp/202606/t20260618_5335744.htm
福州市,2026年6月18日,"
		2026年6月18日福州市主副食品集超均价表_主副食品_
		福州市发展和改革委员会
	",普通鸡蛋,新鲜完整,元/500克,6.57,,,,,福州市主副食品集超均价表，集超均价,,,https://fgw.fuzhou.gov.cn/fgwzwgk/fzgggz/jgysf/msspjgxq/zfsp/202606/t20260618_5335744.htm
福州市,2026年6月18日,"
		2026年6月18日福州市主副食品集超均价表_主副食品_
		福州市发展和改革委员会
	",普通鸭蛋,新鲜完整,元/500克,8.06,,,,,福州市主副食品集超均价表，集超均价,,,https://fgw.fuzhou.gov.cn/fgwzwgk/fzgggz/jgysf/msspjgxq/zfsp/202606/t20260618_5335744.htm
福州市,2026年6月18日,"
		2026年6月18日福州市主副食品集超均价表_主副食品_
		福州市发展和改革委员会
	",标准粉,,元/500克,2.51,,,,,福州市主副食品集超均价表，集超均价,,,https://fgw.fuzhou.gov.cn/fgwzwgk/fzgggz/jgysf/msspjgxq/zfsp/202606/t20260618_5335744.htm
福州市,2026年6月18日,"
		2026年6月18日福州市主副食品集超均价表_主副食品_
		福州市发展和改革委员会
	",梨,新鲜,元/500克,5.72,,,,,福州市主副食品集超均价表，集超均价,,,https://fgw.fuzhou.gov.cn/fgwzwgk/fzgggz/jgysf/msspjgxq/zfsp/202606/t20260618_5335744.htm
福州市,2026年6月18日,"
		2026年6月18日福州市主副食品集超均价表_主副食品_
		福州市发展和改革委员会
	",油菜(菜心),新鲜,元/500克,3.63,,,,,福州市主副食品集超均价表，集超均价,,,https://fgw.fuzhou.gov.cn/fgwzwgk/fzgggz/jgysf/msspjgxq/zfsp/202606/t20260618_5335744.htm
福州市,2026年6月18日,"
		2026年6月18日福州市主副食品集超均价表_主副食品_
		福州市发展和改革委员会
	",活明虾,鲜活,元/500克,29.24,,,,,福州市主副食品集超均价表，集超均价,,,https://fgw.fuzhou.gov.cn/fgwzwgk/fzgggz/jgysf/msspjgxq/zfsp/202606/t20260618_5335744.htm
福州市,2026年6月18日,"
		2026年6月18日福州市主副食品集超均价表_主副食品_
		福州市发展和改革委员会
	",活花蛤,鲜活,元/500克,10.11,,,,,福州市主副食品集超均价表，集超均价,,,https://fgw.fuzhou.gov.cn/fgwzwgk/fzgggz/jgysf/msspjgxq/zfsp/202606/t20260618_5335744.htm
福州市,2026年6月18日,"
		2026年6月18日福州市主副食品集超均价表_主副食品_
		福州市发展和改革委员会
	",活草鱼,鲜活,元/500克,12.24,,,,,福州市主副食品集超均价表，集超均价,,,https://fgw.fuzhou.gov.cn/fgwzwgk/fzgggz/jgysf/msspjgxq/zfsp/202606/t20260618_5335744.htm
福州市,2026年6月18日,"
		2026年6月18日福州市主副食品集超均价表_主副食品_
		福州市发展和改革委员会
	",活鳙鱼（大头鲢）,鲜活,元/500克,13.90,,,,,福州市主副食品集超均价表，集超均价,,,https://fgw.fuzhou.gov.cn/fgwzwgk/fzgggz/jgysf/msspjgxq/zfsp/202606/t20260618_5335744.htm
福州市,2026年6月18日,"
		2026年6月18日福州市主副食品集超均价表_主副食品_
		福州市发展和改革委员会
	",牛肉,去骨肉,元/500克,45.51,,,,,福州市主副食品集超均价表，集超均价,,,https://fgw.fuzhou.gov.cn/fgwzwgk/fzgggz/jgysf/msspjgxq/zfsp/202606/t20260618_5335744.htm
福州市,2026年6月18日,"
		2026年6月18日福州市主副食品集超均价表_主副食品_
		福州市发展和改革委员会
	",猪瘦肉,新鲜,元/500克,13.75,,,,,福州市主副食品集超均价表，集超均价,,,https://fgw.fuzhou.gov.cn/fgwzwgk/fzgggz/jgysf/msspjgxq/zfsp/202606/t20260618_5335744.htm
福州市,2026年6月18日,"
		2026年6月18日福州市主副食品集超均价表_主副食品_
		福州市发展和改革委员会
	",猪肋条肉,新鲜,元/500克,14.33,,,,,福州市主副食品集超均价表，集超均价,,,https://fgw.fuzhou.gov.cn/fgwzwgk/fzgggz/jgysf/msspjgxq/zfsp/202606/t20260618_5335744.htm
福州市,2026年6月18日,"
		2026年6月18日福州市主副食品集超均价表_主副食品_
		福州市发展和改革委员会
	",白萝卜,新鲜,元/500克,1.88,,,,,福州市主副食品集超均价表，集超均价,,,https://fgw.fuzhou.gov.cn/fgwzwgk/fzgggz/jgysf/msspjgxq/zfsp/202606/t20260618_5335744.htm
福州市,2026年6月18日,"
		2026年6月18日福州市主副食品集超均价表_主副食品_
		福州市发展和改革委员会
	",空心菜,新鲜,元/500克,3.52,,,,,福州市主副食品集超均价表，集超均价,,,https://fgw.fuzhou.gov.cn/fgwzwgk/fzgggz/jgysf/msspjgxq/zfsp/202606/t20260618_5335744.htm
福州市,2026年6月18日,"
		2026年6月18日福州市主副食品集超均价表_主副食品_
		福州市发展和改革委员会
	",粳米,标一,元/500克,2.97,,,,,福州市主副食品集超均价表，集超均价,,,https://fgw.fuzhou.gov.cn/fgwzwgk/fzgggz/jgysf/msspjgxq/zfsp/202606/t20260618_5335744.htm
福州市,2026年6月18日,"
		2026年6月18日福州市主副食品集超均价表_主副食品_
		福州市发展和改革委员会
	",红萝卜,新鲜,元/500克,2.48,,,,,福州市主副食品集超均价表，集超均价,,,https://fgw.fuzhou.gov.cn/fgwzwgk/fzgggz/jgysf/msspjgxq/zfsp/202606/t20260618_5335744.htm
福州市,2026年6月18日,"
		2026年6月18日福州市主副食品集超均价表_主副食品_
		福州市发展和改革委员会
	",纯牛奶,盒装,元/盒(250毫升),2.69,,,,,福州市主副食品集超均价表，集超均价,,,https://fgw.fuzhou.gov.cn/fgwzwgk/fzgggz/jgysf/msspjgxq/zfsp/202606/t20260618_5335744.htm
福州市,2026年6月18日,"
		2026年6月18日福州市主副食品集超均价表_主副食品_
		福州市发展和改革委员会
	",羊肉,带骨肉,元/500克,43.77,,,,,福州市主副食品集超均价表，集超均价,,,https://fgw.fuzhou.gov.cn/fgwzwgk/fzgggz/jgysf/msspjgxq/zfsp/202606/t20260618_5335744.htm
福州市,2026年6月18日,"
		2026年6月18日福州市主副食品集超均价表_主副食品_
		福州市发展和改革委员会
	",脐橙,新鲜,元/500克,4.77,,,,,福州市主副食品集超均价表，集超均价,,,https://fgw.fuzhou.gov.cn/fgwzwgk/fzgggz/jgysf/msspjgxq/zfsp/202606/t20260618_5335744.htm
福州市,2026年6月18日,"
		2026年6月18日福州市主副食品集超均价表_主副食品_
		福州市发展和改革委员会
	",花生油,桶装一级,元/5升,106.16,,,,,福州市主副食品集超均价表，集超均价,,,https://fgw.fuzhou.gov.cn/fgwzwgk/fzgggz/jgysf/msspjgxq/zfsp/202606/t20260618_5335744.htm
福州市,2026年6月18日,"
		2026年6月18日福州市主副食品集超均价表_主副食品_
		福州市发展和改革委员会
	",花菜,新鲜,元/500克,4.28,,,,,福州市主副食品集超均价表，集超均价,,,https://fgw.fuzhou.gov.cn/fgwzwgk/fzgggz/jgysf/msspjgxq/zfsp/202606/t20260618_5335744.htm
福州市,2026年6月18日,"
		2026年6月18日福州市主副食品集超均价表_主副食品_
		福州市发展和改革委员会
	",芹菜,新鲜,元/500克,6.47,,,,,福州市主副食品集超均价表，集超均价,,,https://fgw.fuzhou.gov.cn/fgwzwgk/fzgggz/jgysf/msspjgxq/zfsp/202606/t20260618_5335744.htm
福州市,2026年6月18日,"
		2026年6月18日福州市主副食品集超均价表_主副食品_
		福州市发展和改革委员会
	",苹果,新鲜,元/500克,8.24,,,,,福州市主副食品集超均价表，集超均价,,,https://fgw.fuzhou.gov.cn/fgwzwgk/fzgggz/jgysf/msspjgxq/zfsp/202606/t20260618_5335744.htm
福州市,2026年6月18日,"
		2026年6月18日福州市主副食品集超均价表_主副食品_
		福州市发展和改革委员会
	",茄子,新鲜,元/500克,4.50,,,,,福州市主副食品集超均价表，集超均价,,,https://fgw.fuzhou.gov.cn/fgwzwgk/fzgggz/jgysf/msspjgxq/zfsp/202606/t20260618_5335744.htm
福州市,2026年6月18日,"
		2026年6月18日福州市主副食品集超均价表_主副食品_
		福州市发展和改革委员会
	",菜籽油,桶装一级,元/5升,70.81,,,,,福州市主副食品集超均价表，集超均价,,,https://fgw.fuzhou.gov.cn/fgwzwgk/fzgggz/jgysf/msspjgxq/zfsp/202606/t20260618_5335744.htm
福州市,2026年6月18日,"
		2026年6月18日福州市主副食品集超均价表_主副食品_
		福州市发展和改革委员会
	",蒜苔,新鲜,元/500克,7.79,,,,,福州市主副食品集超均价表，集超均价,,,https://fgw.fuzhou.gov.cn/fgwzwgk/fzgggz/jgysf/msspjgxq/zfsp/202606/t20260618_5335744.htm
福州市,2026年6月18日,"
		2026年6月18日福州市主副食品集超均价表_主副食品_
		福州市发展和改革委员会
	",西红柿,新鲜,元/500克,4.26,,,,,福州市主副食品集超均价表，集超均价,,,https://fgw.fuzhou.gov.cn/fgwzwgk/fzgggz/jgysf/msspjgxq/zfsp/202606/t20260618_5335744.htm
福州市,2026年6月18日,"
		2026年6月18日福州市主副食品集超均价表_主副食品_
		福州市发展和改革委员会
	",调和油,桶装一级,元/5升,67.03,,,,,福州市主副食品集超均价表，集超均价,,,https://fgw.fuzhou.gov.cn/fgwzwgk/fzgggz/jgysf/msspjgxq/zfsp/202606/t20260618_5335744.htm
福州市,2026年6月18日,"
		2026年6月18日福州市主副食品集超均价表_主副食品_
		福州市发展和改革委员会
	",豆角,新鲜,元/500克,6.47,,,,,福州市主副食品集超均价表，集超均价,,,https://fgw.fuzhou.gov.cn/fgwzwgk/fzgggz/jgysf/msspjgxq/zfsp/202606/t20260618_5335744.htm
福州市,2026年6月18日,"
		2026年6月18日福州市主副食品集超均价表_主副食品_
		福州市发展和改革委员会
	",青椒,新鲜,元/500克,5.82,,,,,福州市主副食品集超均价表，集超均价,,,https://fgw.fuzhou.gov.cn/fgwzwgk/fzgggz/jgysf/msspjgxq/zfsp/202606/t20260618_5335744.htm
福州市,2026年6月18日,"
		2026年6月18日福州市主副食品集超均价表_主副食品_
		福州市发展和改革委员会
	",韭菜,新鲜,元/500克,5.64,,,,,福州市主副食品集超均价表，集超均价,,,https://fgw.fuzhou.gov.cn/fgwzwgk/fzgggz/jgysf/msspjgxq/zfsp/202606/t20260618_5335744.htm
福州市,2026年6月18日,"
		2026年6月18日福州市主副食品集超均价表_主副食品_
		福州市发展和改革委员会
	",香蕉,新鲜,元/500克,5.10,,,,,福州市主副食品集超均价表，集超均价,,,https://fgw.fuzhou.gov.cn/fgwzwgk/fzgggz/jgysf/msspjgxq/zfsp/202606/t20260618_5335744.htm
福州市,2026年6月18日,"
		2026年6月18日福州市主副食品集超均价表_主副食品_
		福州市发展和改革委员会
	",马胶鱼,冰鲜,元/500克,28.78,,,,,福州市主副食品集超均价表，集超均价,,,https://fgw.fuzhou.gov.cn/fgwzwgk/fzgggz/jgysf/msspjgxq/zfsp/202606/t20260618_5335744.htm
福州市,2026年6月18日,"
		2026年6月18日福州市主副食品集超均价表_主副食品_
		福州市发展和改革委员会
	",鱿鱼,冰鲜,元/500克,49.51,,,,,福州市主副食品集超均价表，集超均价,,,https://fgw.fuzhou.gov.cn/fgwzwgk/fzgggz/jgysf/msspjgxq/zfsp/202606/t20260618_5335744.htm
福州市,2026年6月18日,"
		2026年6月18日福州市主副食品集超均价表_主副食品_
		福州市发展和改革委员会
	",鸡肉,白条鸡,元/500克,14.82,,,,,福州市主副食品集超均价表，集超均价,,,https://fgw.fuzhou.gov.cn/fgwzwgk/fzgggz/jgysf/msspjgxq/zfsp/202606/t20260618_5335744.htm
福州市,2026年6月18日,"
		2026年6月18日福州市主副食品集超均价表_主副食品_
		福州市发展和改革委员会
	",鸭肉,白条鸭,元/500克,16.11,,,,,福州市主副食品集超均价表，集超均价,,,https://fgw.fuzhou.gov.cn/fgwzwgk/fzgggz/jgysf/msspjgxq/zfsp/202606/t20260618_5335744.htm
福州市,2026年6月18日,"
		2026年6月18日福州市主副食品集超均价表_主副食品_
		福州市发展和改革委员会
	",黄瓜,新鲜,元/500克,2.90,,,,,福州市主副食品集超均价表，集超均价,,,https://fgw.fuzhou.gov.cn/fgwzwgk/fzgggz/jgysf/msspjgxq/zfsp/202606/t20260618_5335744.htm
福州市,2026年6月18日,"
		2026年6月18日福州市主副食品集超均价表_主副食品_
		福州市发展和改革委员会
	",黄瓜鱼,冰鲜,元/500克,27.59,,,,,福州市主副食品集超均价表，集超均价,,,https://fgw.fuzhou.gov.cn/fgwzwgk/fzgggz/jgysf/msspjgxq/zfsp/202606/t20260618_5335744.htm
福州市,2026年6月21日,"
		2026年6月21日福州市主副食品集超均价表_主副食品_
		福州市发展和改革委员会
	",上海青,新鲜,元/500克,3.13,,,,,福州市主副食品集超均价表，集超均价,,,https://fgw.fuzhou.gov.cn/fgwzwgk/fzgggz/jgysf/msspjgxq/zfsp/202606/t20260621_5336338.htm
福州市,2026年6月21日,"
		2026年6月21日福州市主副食品集超均价表_主副食品_
		福州市发展和改革委员会
	",冻带鱼,冷冻,元/500克,21.77,,,,,福州市主副食品集超均价表，集超均价,,,https://fgw.fuzhou.gov.cn/fgwzwgk/fzgggz/jgysf/msspjgxq/zfsp/202606/t20260621_5336338.htm
福州市,2026年6月21日,"
		2026年6月21日福州市主副食品集超均价表_主副食品_
		福州市发展和改革委员会
	",圆白菜,新鲜,元/500克,2.03,,,,,福州市主副食品集超均价表，集超均价,,,https://fgw.fuzhou.gov.cn/fgwzwgk/fzgggz/jgysf/msspjgxq/zfsp/202606/t20260621_5336338.htm
福州市,2026年6月21日,"
		2026年6月21日福州市主副食品集超均价表_主副食品_
		福州市发展和改革委员会
	",土豆,新鲜,元/500克,2.35,,,,,福州市主副食品集超均价表，集超均价,,,https://fgw.fuzhou.gov.cn/fgwzwgk/fzgggz/jgysf/msspjgxq/zfsp/202606/t20260621_5336338.htm
福州市,2026年6月21日,"
		2026年6月21日福州市主副食品集超均价表_主副食品_
		福州市发展和改革委员会
	",大白菜,新鲜,元/500克,2.07,,,,,福州市主副食品集超均价表，集超均价,,,https://fgw.fuzhou.gov.cn/fgwzwgk/fzgggz/jgysf/msspjgxq/zfsp/202606/t20260621_5336338.htm
福州市,2026年6月21日,"
		2026年6月21日福州市主副食品集超均价表_主副食品_
		福州市发展和改革委员会
	",大豆油,桶装一级,元/5升,60.10,,,,,福州市主副食品集超均价表，集超均价,,,https://fgw.fuzhou.gov.cn/fgwzwgk/fzgggz/jgysf/msspjgxq/zfsp/202606/t20260621_5336338.htm
福州市,2026年6月21日,"
		2026年6月21日福州市主副食品集超均价表_主副食品_
		福州市发展和改革委员会
	",富强粉,,元/500克,3.57,,,,,福州市主副食品集超均价表，集超均价,,,https://fgw.fuzhou.gov.cn/fgwzwgk/fzgggz/jgysf/msspjgxq/zfsp/202606/t20260621_5336338.htm
福州市,2026年6月21日,"
		2026年6月21日福州市主副食品集超均价表_主副食品_
		福州市发展和改革委员会
	",尖椒,新鲜,元/500克,4.62,,,,,福州市主副食品集超均价表，集超均价,,,https://fgw.fuzhou.gov.cn/fgwzwgk/fzgggz/jgysf/msspjgxq/zfsp/202606/t20260621_5336338.htm
福州市,2026年6月21日,"
		2026年6月21日福州市主副食品集超均价表_主副食品_
		福州市发展和改革委员会
	",晚籼米,标一,元/500克,2.68,,,,,福州市主副食品集超均价表，集超均价,,,https://fgw.fuzhou.gov.cn/fgwzwgk/fzgggz/jgysf/msspjgxq/zfsp/202606/t20260621_5336338.htm
福州市,2026年6月21日,"
		2026年6月21日福州市主副食品集超均价表_主副食品_
		福州市发展和改革委员会
	",普通鸡蛋,新鲜完整,元/500克,6.62,,,,,福州市主副食品集超均价表，集超均价,,,https://fgw.fuzhou.gov.cn/fgwzwgk/fzgggz/jgysf/msspjgxq/zfsp/202606/t20260621_5336338.htm
福州市,2026年6月21日,"
		2026年6月21日福州市主副食品集超均价表_主副食品_
		福州市发展和改革委员会
	",普通鸭蛋,新鲜完整,元/500克,7.95,,,,,福州市主副食品集超均价表，集超均价,,,https://fgw.fuzhou.gov.cn/fgwzwgk/fzgggz/jgysf/msspjgxq/zfsp/202606/t20260621_5336338.htm
福州市,2026年6月21日,"
		2026年6月21日福州市主副食品集超均价表_主副食品_
		福州市发展和改革委员会
	",标准粉,,元/500克,2.51,,,,,福州市主副食品集超均价表，集超均价,,,https://fgw.fuzhou.gov.cn/fgwzwgk/fzgggz/jgysf/msspjgxq/zfsp/202606/t20260621_5336338.htm
福州市,2026年6月21日,"
		2026年6月21日福州市主副食品集超均价表_主副食品_
		福州市发展和改革委员会
	",梨,新鲜,元/500克,5.72,,,,,福州市主副食品集超均价表，集超均价,,,https://fgw.fuzhou.gov.cn/fgwzwgk/fzgggz/jgysf/msspjgxq/zfsp/202606/t20260621_5336338.htm
福州市,2026年6月21日,"
		2026年6月21日福州市主副食品集超均价表_主副食品_
		福州市发展和改革委员会
	",油菜(菜心),新鲜,元/500克,3.67,,,,,福州市主副食品集超均价表，集超均价,,,https://fgw.fuzhou.gov.cn/fgwzwgk/fzgggz/jgysf/msspjgxq/zfsp/202606/t20260621_5336338.htm
福州市,2026年6月21日,"
		2026年6月21日福州市主副食品集超均价表_主副食品_
		福州市发展和改革委员会
	",活明虾,鲜活,元/500克,29.39,,,,,福州市主副食品集超均价表，集超均价,,,https://fgw.fuzhou.gov.cn/fgwzwgk/fzgggz/jgysf/msspjgxq/zfsp/202606/t20260621_5336338.htm
福州市,2026年6月21日,"
		2026年6月21日福州市主副食品集超均价表_主副食品_
		福州市发展和改革委员会
	",活花蛤,鲜活,元/500克,10.32,,,,,福州市主副食品集超均价表，集超均价,,,https://fgw.fuzhou.gov.cn/fgwzwgk/fzgggz/jgysf/msspjgxq/zfsp/202606/t20260621_5336338.htm
福州市,2026年6月21日,"
		2026年6月21日福州市主副食品集超均价表_主副食品_
		福州市发展和改革委员会
	",活草鱼,鲜活,元/500克,12.24,,,,,福州市主副食品集超均价表，集超均价,,,https://fgw.fuzhou.gov.cn/fgwzwgk/fzgggz/jgysf/msspjgxq/zfsp/202606/t20260621_5336338.htm
福州市,2026年6月21日,"
		2026年6月21日福州市主副食品集超均价表_主副食品_
		福州市发展和改革委员会
	",活鳙鱼（大头鲢）,鲜活,元/500克,13.90,,,,,福州市主副食品集超均价表，集超均价,,,https://fgw.fuzhou.gov.cn/fgwzwgk/fzgggz/jgysf/msspjgxq/zfsp/202606/t20260621_5336338.htm
福州市,2026年6月21日,"
		2026年6月21日福州市主副食品集超均价表_主副食品_
		福州市发展和改革委员会
	",牛肉,去骨肉,元/500克,45.37,,,,,福州市主副食品集超均价表，集超均价,,,https://fgw.fuzhou.gov.cn/fgwzwgk/fzgggz/jgysf/msspjgxq/zfsp/202606/t20260621_5336338.htm
福州市,2026年6月21日,"
		2026年6月21日福州市主副食品集超均价表_主副食品_
		福州市发展和改革委员会
	",猪瘦肉,新鲜,元/500克,13.79,,,,,福州市主副食品集超均价表，集超均价,,,https://fgw.fuzhou.gov.cn/fgwzwgk/fzgggz/jgysf/msspjgxq/zfsp/202606/t20260621_5336338.htm
福州市,2026年6月21日,"
		2026年6月21日福州市主副食品集超均价表_主副食品_
		福州市发展和改革委员会
	",猪肋条肉,新鲜,元/500克,14.51,,,,,福州市主副食品集超均价表，集超均价,,,https://fgw.fuzhou.gov.cn/fgwzwgk/fzgggz/jgysf/msspjgxq/zfsp/202606/t20260621_5336338.htm
福州市,2026年6月21日,"
		2026年6月21日福州市主副食品集超均价表_主副食品_
		福州市发展和改革委员会
	",白萝卜,新鲜,元/500克,1.87,,,,,福州市主副食品集超均价表，集超均价,,,https://fgw.fuzhou.gov.cn/fgwzwgk/fzgggz/jgysf/msspjgxq/zfsp/202606/t20260621_5336338.htm
福州市,2026年6月21日,"
		2026年6月21日福州市主副食品集超均价表_主副食品_
		福州市发展和改革委员会
	",空心菜,新鲜,元/500克,3.54,,,,,福州市主副食品集超均价表，集超均价,,,https://fgw.fuzhou.gov.cn/fgwzwgk/fzgggz/jgysf/msspjgxq/zfsp/202606/t20260621_5336338.htm
福州市,2026年6月21日,"
		2026年6月21日福州市主副食品集超均价表_主副食品_
		福州市发展和改革委员会
	",粳米,标一,元/500克,2.97,,,,,福州市主副食品集超均价表，集超均价,,,https://fgw.fuzhou.gov.cn/fgwzwgk/fzgggz/jgysf/msspjgxq/zfsp/202606/t20260621_5336338.htm
福州市,2026年6月21日,"
		2026年6月21日福州市主副食品集超均价表_主副食品_
		福州市发展和改革委员会
	",红萝卜,新鲜,元/500克,2.46,,,,,福州市主副食品集超均价表，集超均价,,,https://fgw.fuzhou.gov.cn/fgwzwgk/fzgggz/jgysf/msspjgxq/zfsp/202606/t20260621_5336338.htm
福州市,2026年6月21日,"
		2026年6月21日福州市主副食品集超均价表_主副食品_
		福州市发展和改革委员会
	",纯牛奶,盒装,元/盒(250毫升),2.69,,,,,福州市主副食品集超均价表，集超均价,,,https://fgw.fuzhou.gov.cn/fgwzwgk/fzgggz/jgysf/msspjgxq/zfsp/202606/t20260621_5336338.htm
福州市,2026年6月21日,"
		2026年6月21日福州市主副食品集超均价表_主副食品_
		福州市发展和改革委员会
	",羊肉,带骨肉,元/500克,43.77,,,,,福州市主副食品集超均价表，集超均价,,,https://fgw.fuzhou.gov.cn/fgwzwgk/fzgggz/jgysf/msspjgxq/zfsp/202606/t20260621_5336338.htm
福州市,2026年6月21日,"
		2026年6月21日福州市主副食品集超均价表_主副食品_
		福州市发展和改革委员会
	",脐橙,新鲜,元/500克,4.77,,,,,福州市主副食品集超均价表，集超均价,,,https://fgw.fuzhou.gov.cn/fgwzwgk/fzgggz/jgysf/msspjgxq/zfsp/202606/t20260621_5336338.htm
福州市,2026年6月21日,"
		2026年6月21日福州市主副食品集超均价表_主副食品_
		福州市发展和改革委员会
	",花生油,桶装一级,元/5升,106.16,,,,,福州市主副食品集超均价表，集超均价,,,https://fgw.fuzhou.gov.cn/fgwzwgk/fzgggz/jgysf/msspjgxq/zfsp/202606/t20260621_5336338.htm
福州市,2026年6月21日,"
		2026年6月21日福州市主副食品集超均价表_主副食品_
		福州市发展和改革委员会
	",花菜,新鲜,元/500克,4.17,,,,,福州市主副食品集超均价表，集超均价,,,https://fgw.fuzhou.gov.cn/fgwzwgk/fzgggz/jgysf/msspjgxq/zfsp/202606/t20260621_5336338.htm
福州市,2026年6月21日,"
		2026年6月21日福州市主副食品集超均价表_主副食品_
		福州市发展和改革委员会
	",芹菜,新鲜,元/500克,6.48,,,,,福州市主副食品集超均价表，集超均价,,,https://fgw.fuzhou.gov.cn/fgwzwgk/fzgggz/jgysf/msspjgxq/zfsp/202606/t20260621_5336338.htm
福州市,2026年6月21日,"
		2026年6月21日福州市主副食品集超均价表_主副食品_
		福州市发展和改革委员会
	",苹果,新鲜,元/500克,8.24,,,,,福州市主副食品集超均价表，集超均价,,,https://fgw.fuzhou.gov.cn/fgwzwgk/fzgggz/jgysf/msspjgxq/zfsp/202606/t20260621_5336338.htm
福州市,2026年6月21日,"
		2026年6月21日福州市主副食品集超均价表_主副食品_
		福州市发展和改革委员会
	",茄子,新鲜,元/500克,4.40,,,,,福州市主副食品集超均价表，集超均价,,,https://fgw.fuzhou.gov.cn/fgwzwgk/fzgggz/jgysf/msspjgxq/zfsp/202606/t20260621_5336338.htm
福州市,2026年6月21日,"
		2026年6月21日福州市主副食品集超均价表_主副食品_
		福州市发展和改革委员会
	",菜籽油,桶装一级,元/5升,70.81,,,,,福州市主副食品集超均价表，集超均价,,,https://fgw.fuzhou.gov.cn/fgwzwgk/fzgggz/jgysf/msspjgxq/zfsp/202606/t20260621_5336338.htm
福州市,2026年6月21日,"
		2026年6月21日福州市主副食品集超均价表_主副食品_
		福州市发展和改革委员会
	",蒜苔,新鲜,元/500克,7.79,,,,,福州市主副食品集超均价表，集超均价,,,https://fgw.fuzhou.gov.cn/fgwzwgk/fzgggz/jgysf/msspjgxq/zfsp/202606/t20260621_5336338.htm
福州市,2026年6月21日,"
		2026年6月21日福州市主副食品集超均价表_主副食品_
		福州市发展和改革委员会
	",西红柿,新鲜,元/500克,4.28,,,,,福州市主副食品集超均价表，集超均价,,,https://fgw.fuzhou.gov.cn/fgwzwgk/fzgggz/jgysf/msspjgxq/zfsp/202606/t20260621_5336338.htm
福州市,2026年6月21日,"
		2026年6月21日福州市主副食品集超均价表_主副食品_
		福州市发展和改革委员会
	",调和油,桶装一级,元/5升,67.03,,,,,福州市主副食品集超均价表，集超均价,,,https://fgw.fuzhou.gov.cn/fgwzwgk/fzgggz/jgysf/msspjgxq/zfsp/202606/t20260621_5336338.htm
福州市,2026年6月21日,"
		2026年6月21日福州市主副食品集超均价表_主副食品_
		福州市发展和改革委员会
	",豆角,新鲜,元/500克,6.35,,,,,福州市主副食品集超均价表，集超均价,,,https://fgw.fuzhou.gov.cn/fgwzwgk/fzgggz/jgysf/msspjgxq/zfsp/202606/t20260621_5336338.htm
福州市,2026年6月21日,"
		2026年6月21日福州市主副食品集超均价表_主副食品_
		福州市发展和改革委员会
	",青椒,新鲜,元/500克,5.89,,,,,福州市主副食品集超均价表，集超均价,,,https://fgw.fuzhou.gov.cn/fgwzwgk/fzgggz/jgysf/msspjgxq/zfsp/202606/t20260621_5336338.htm
福州市,2026年6月21日,"
		2026年6月21日福州市主副食品集超均价表_主副食品_
		福州市发展和改革委员会
	",韭菜,新鲜,元/500克,5.64,,,,,福州市主副食品集超均价表，集超均价,,,https://fgw.fuzhou.gov.cn/fgwzwgk/fzgggz/jgysf/msspjgxq/zfsp/202606/t20260621_5336338.htm
福州市,2026年6月21日,"
		2026年6月21日福州市主副食品集超均价表_主副食品_
		福州市发展和改革委员会
	",香蕉,新鲜,元/500克,5.10,,,,,福州市主副食品集超均价表，集超均价,,,https://fgw.fuzhou.gov.cn/fgwzwgk/fzgggz/jgysf/msspjgxq/zfsp/202606/t20260621_5336338.htm
福州市,2026年6月21日,"
		2026年6月21日福州市主副食品集超均价表_主副食品_
		福州市发展和改革委员会
	",马胶鱼,冰鲜,元/500克,28.78,,,,,福州市主副食品集超均价表，集超均价,,,https://fgw.fuzhou.gov.cn/fgwzwgk/fzgggz/jgysf/msspjgxq/zfsp/202606/t20260621_5336338.htm
福州市,2026年6月21日,"
		2026年6月21日福州市主副食品集超均价表_主副食品_
		福州市发展和改革委员会
	",鱿鱼,冰鲜,元/500克,50.01,,,,,福州市主副食品集超均价表，集超均价,,,https://fgw.fuzhou.gov.cn/fgwzwgk/fzgggz/jgysf/msspjgxq/zfsp/202606/t20260621_5336338.htm
福州市,2026年6月21日,"
		2026年6月21日福州市主副食品集超均价表_主副食品_
		福州市发展和改革委员会
	",鸡肉,白条鸡,元/500克,14.90,,,,,福州市主副食品集超均价表，集超均价,,,https://fgw.fuzhou.gov.cn/fgwzwgk/fzgggz/jgysf/msspjgxq/zfsp/202606/t20260621_5336338.htm
福州市,2026年6月21日,"
		2026年6月21日福州市主副食品集超均价表_主副食品_
		福州市发展和改革委员会
	",鸭肉,白条鸭,元/500克,16.18,,,,,福州市主副食品集超均价表，集超均价,,,https://fgw.fuzhou.gov.cn/fgwzwgk/fzgggz/jgysf/msspjgxq/zfsp/202606/t20260621_5336338.htm
福州市,2026年6月21日,"
		2026年6月21日福州市主副食品集超均价表_主副食品_
		福州市发展和改革委员会
	",黄瓜,新鲜,元/500克,2.88,,,,,福州市主副食品集超均价表，集超均价,,,https://fgw.fuzhou.gov.cn/fgwzwgk/fzgggz/jgysf/msspjgxq/zfsp/202606/t20260621_5336338.htm
福州市,2026年6月21日,"
		2026年6月21日福州市主副食品集超均价表_主副食品_
		福州市发展和改革委员会
	",黄瓜鱼,冰鲜,元/500克,27.69,,,,,福州市主副食品集超均价表，集超均价,,,https://fgw.fuzhou.gov.cn/fgwzwgk/fzgggz/jgysf/msspjgxq/zfsp/202606/t20260621_5336338.htm
福州市,2026年6月22日,"
		2026年6月22日福州市主副食品集超均价表_主副食品_
		福州市发展和改革委员会
	",上海青,新鲜,元/500克,3.13,,,,,福州市主副食品集超均价表，集超均价,,,https://fgw.fuzhou.gov.cn/fgwzwgk/fzgggz/jgysf/msspjgxq/zfsp/202606/t20260622_5336534.htm
福州市,2026年6月22日,"
		2026年6月22日福州市主副食品集超均价表_主副食品_
		福州市发展和改革委员会
	",冻带鱼,冷冻,元/500克,22.13,,,,,福州市主副食品集超均价表，集超均价,,,https://fgw.fuzhou.gov.cn/fgwzwgk/fzgggz/jgysf/msspjgxq/zfsp/202606/t20260622_5336534.htm
福州市,2026年6月22日,"
		2026年6月22日福州市主副食品集超均价表_主副食品_
		福州市发展和改革委员会
	",圆白菜,新鲜,元/500克,2.04,,,,,福州市主副食品集超均价表，集超均价,,,https://fgw.fuzhou.gov.cn/fgwzwgk/fzgggz/jgysf/msspjgxq/zfsp/202606/t20260622_5336534.htm
福州市,2026年6月22日,"
		2026年6月22日福州市主副食品集超均价表_主副食品_
		福州市发展和改革委员会
	",土豆,新鲜,元/500克,2.36,,,,,福州市主副食品集超均价表，集超均价,,,https://fgw.fuzhou.gov.cn/fgwzwgk/fzgggz/jgysf/msspjgxq/zfsp/202606/t20260622_5336534.htm
福州市,2026年6月22日,"
		2026年6月22日福州市主副食品集超均价表_主副食品_
		福州市发展和改革委员会
	",大白菜,新鲜,元/500克,2.06,,,,,福州市主副食品集超均价表，集超均价,,,https://fgw.fuzhou.gov.cn/fgwzwgk/fzgggz/jgysf/msspjgxq/zfsp/202606/t20260622_5336534.htm
福州市,2026年6月22日,"
		2026年6月22日福州市主副食品集超均价表_主副食品_
		福州市发展和改革委员会
	",大豆油,桶装一级,元/5升,59.39,,,,,福州市主副食品集超均价表，集超均价,,,https://fgw.fuzhou.gov.cn/fgwzwgk/fzgggz/jgysf/msspjgxq/zfsp/202606/t20260622_5336534.htm
福州市,2026年6月22日,"
		2026年6月22日福州市主副食品集超均价表_主副食品_
		福州市发展和改革委员会
	",富强粉,,元/500克,3.57,,,,,福州市主副食品集超均价表，集超均价,,,https://fgw.fuzhou.gov.cn/fgwzwgk/fzgggz/jgysf/msspjgxq/zfsp/202606/t20260622_5336534.htm
福州市,2026年6月22日,"
		2026年6月22日福州市主副食品集超均价表_主副食品_
		福州市发展和改革委员会
	",尖椒,新鲜,元/500克,4.62,,,,,福州市主副食品集超均价表，集超均价,,,https://fgw.fuzhou.gov.cn/fgwzwgk/fzgggz/jgysf/msspjgxq/zfsp/202606/t20260622_5336534.htm
福州市,2026年6月22日,"
		2026年6月22日福州市主副食品集超均价表_主副食品_
		福州市发展和改革委员会
	",晚籼米,标一,元/500克,2.68,,,,,福州市主副食品集超均价表，集超均价,,,https://fgw.fuzhou.gov.cn/fgwzwgk/fzgggz/jgysf/msspjgxq/zfsp/202606/t20260622_5336534.htm
福州市,2026年6月22日,"
		2026年6月22日福州市主副食品集超均价表_主副食品_
		福州市发展和改革委员会
	",普通鸡蛋,新鲜完整,元/500克,6.59,,,,,福州市主副食品集超均价表，集超均价,,,https://fgw.fuzhou.gov.cn/fgwzwgk/fzgggz/jgysf/msspjgxq/zfsp/202606/t20260622_5336534.htm
福州市,2026年6月22日,"
		2026年6月22日福州市主副食品集超均价表_主副食品_
		福州市发展和改革委员会
	",普通鸭蛋,新鲜完整,元/500克,7.91,,,,,福州市主副食品集超均价表，集超均价,,,https://fgw.fuzhou.gov.cn/fgwzwgk/fzgggz/jgysf/msspjgxq/zfsp/202606/t20260622_5336534.htm
福州市,2026年6月22日,"
		2026年6月22日福州市主副食品集超均价表_主副食品_
		福州市发展和改革委员会
	",标准粉,,元/500克,2.51,,,,,福州市主副食品集超均价表，集超均价,,,https://fgw.fuzhou.gov.cn/fgwzwgk/fzgggz/jgysf/msspjgxq/zfsp/202606/t20260622_5336534.htm
福州市,2026年6月22日,"
		2026年6月22日福州市主副食品集超均价表_主副食品_
		福州市发展和改革委员会
	",梨,新鲜,元/500克,5.72,,,,,福州市主副食品集超均价表，集超均价,,,https://fgw.fuzhou.gov.cn/fgwzwgk/fzgggz/jgysf/msspjgxq/zfsp/202606/t20260622_5336534.htm
福州市,2026年6月22日,"
		2026年6月22日福州市主副食品集超均价表_主副食品_
		福州市发展和改革委员会
	",油菜(菜心),新鲜,元/500克,3.68,,,,,福州市主副食品集超均价表，集超均价,,,https://fgw.fuzhou.gov.cn/fgwzwgk/fzgggz/jgysf/msspjgxq/zfsp/202606/t20260622_5336534.htm
福州市,2026年6月22日,"
		2026年6月22日福州市主副食品集超均价表_主副食品_
		福州市发展和改革委员会
	",活明虾,鲜活,元/500克,29.67,,,,,福州市主副食品集超均价表，集超均价,,,https://fgw.fuzhou.gov.cn/fgwzwgk/fzgggz/jgysf/msspjgxq/zfsp/202606/t20260622_5336534.htm
福州市,2026年6月22日,"
		2026年6月22日福州市主副食品集超均价表_主副食品_
		福州市发展和改革委员会
	",活花蛤,鲜活,元/500克,10.32,,,,,福州市主副食品集超均价表，集超均价,,,https://fgw.fuzhou.gov.cn/fgwzwgk/fzgggz/jgysf/msspjgxq/zfsp/202606/t20260622_5336534.htm
福州市,2026年6月22日,"
		2026年6月22日福州市主副食品集超均价表_主副食品_
		福州市发展和改革委员会
	",活草鱼,鲜活,元/500克,12.24,,,,,福州市主副食品集超均价表，集超均价,,,https://fgw.fuzhou.gov.cn/fgwzwgk/fzgggz/jgysf/msspjgxq/zfsp/202606/t20260622_5336534.htm
福州市,2026年6月22日,"
		2026年6月22日福州市主副食品集超均价表_主副食品_
		福州市发展和改革委员会
	",活鳙鱼（大头鲢）,鲜活,元/500克,13.90,,,,,福州市主副食品集超均价表，集超均价,,,https://fgw.fuzhou.gov.cn/fgwzwgk/fzgggz/jgysf/msspjgxq/zfsp/202606/t20260622_5336534.htm
福州市,2026年6月22日,"
		2026年6月22日福州市主副食品集超均价表_主副食品_
		福州市发展和改革委员会
	",牛肉,去骨肉,元/500克,45.37,,,,,福州市主副食品集超均价表，集超均价,,,https://fgw.fuzhou.gov.cn/fgwzwgk/fzgggz/jgysf/msspjgxq/zfsp/202606/t20260622_5336534.htm
福州市,2026年6月22日,"
		2026年6月22日福州市主副食品集超均价表_主副食品_
		福州市发展和改革委员会
	",猪瘦肉,新鲜,元/500克,13.79,,,,,福州市主副食品集超均价表，集超均价,,,https://fgw.fuzhou.gov.cn/fgwzwgk/fzgggz/jgysf/msspjgxq/zfsp/202606/t20260622_5336534.htm
福州市,2026年6月22日,"
		2026年6月22日福州市主副食品集超均价表_主副食品_
		福州市发展和改革委员会
	",猪肋条肉,新鲜,元/500克,14.23,,,,,福州市主副食品集超均价表，集超均价,,,https://fgw.fuzhou.gov.cn/fgwzwgk/fzgggz/jgysf/msspjgxq/zfsp/202606/t20260622_5336534.htm
福州市,2026年6月22日,"
		2026年6月22日福州市主副食品集超均价表_主副食品_
		福州市发展和改革委员会
	",白萝卜,新鲜,元/500克,1.90,,,,,福州市主副食品集超均价表，集超均价,,,https://fgw.fuzhou.gov.cn/fgwzwgk/fzgggz/jgysf/msspjgxq/zfsp/202606/t20260622_5336534.htm
福州市,2026年6月22日,"
		2026年6月22日福州市主副食品集超均价表_主副食品_
		福州市发展和改革委员会
	",空心菜,新鲜,元/500克,3.61,,,,,福州市主副食品集超均价表，集超均价,,,https://fgw.fuzhou.gov.cn/fgwzwgk/fzgggz/jgysf/msspjgxq/zfsp/202606/t20260622_5336534.htm
福州市,2026年6月22日,"
		2026年6月22日福州市主副食品集超均价表_主副食品_
		福州市发展和改革委员会
	",粳米,标一,元/500克,2.97,,,,,福州市主副食品集超均价表，集超均价,,,https://fgw.fuzhou.gov.cn/fgwzwgk/fzgggz/jgysf/msspjgxq/zfsp/202606/t20260622_5336534.htm
福州市,2026年6月22日,"
		2026年6月22日福州市主副食品集超均价表_主副食品_
		福州市发展和改革委员会
	",红萝卜,新鲜,元/500克,2.44,,,,,福州市主副食品集超均价表，集超均价,,,https://fgw.fuzhou.gov.cn/fgwzwgk/fzgggz/jgysf/msspjgxq/zfsp/202606/t20260622_5336534.htm
福州市,2026年6月22日,"
		2026年6月22日福州市主副食品集超均价表_主副食品_
		福州市发展和改革委员会
	",纯牛奶,盒装,元/盒(250毫升),2.69,,,,,福州市主副食品集超均价表，集超均价,,,https://fgw.fuzhou.gov.cn/fgwzwgk/fzgggz/jgysf/msspjgxq/zfsp/202606/t20260622_5336534.htm
福州市,2026年6月22日,"
		2026年6月22日福州市主副食品集超均价表_主副食品_
		福州市发展和改革委员会
	",羊肉,带骨肉,元/500克,43.77,,,,,福州市主副食品集超均价表，集超均价,,,https://fgw.fuzhou.gov.cn/fgwzwgk/fzgggz/jgysf/msspjgxq/zfsp/202606/t20260622_5336534.htm
福州市,2026年6月22日,"
		2026年6月22日福州市主副食品集超均价表_主副食品_
		福州市发展和改革委员会
	",脐橙,新鲜,元/500克,4.77,,,,,福州市主副食品集超均价表，集超均价,,,https://fgw.fuzhou.gov.cn/fgwzwgk/fzgggz/jgysf/msspjgxq/zfsp/202606/t20260622_5336534.htm
福州市,2026年6月22日,"
		2026年6月22日福州市主副食品集超均价表_主副食品_
		福州市发展和改革委员会
	",花生油,桶装一级,元/5升,106.16,,,,,福州市主副食品集超均价表，集超均价,,,https://fgw.fuzhou.gov.cn/fgwzwgk/fzgggz/jgysf/msspjgxq/zfsp/202606/t20260622_5336534.htm
福州市,2026年6月22日,"
		2026年6月22日福州市主副食品集超均价表_主副食品_
		福州市发展和改革委员会
	",花菜,新鲜,元/500克,4.24,,,,,福州市主副食品集超均价表，集超均价,,,https://fgw.fuzhou.gov.cn/fgwzwgk/fzgggz/jgysf/msspjgxq/zfsp/202606/t20260622_5336534.htm
福州市,2026年6月22日,"
		2026年6月22日福州市主副食品集超均价表_主副食品_
		福州市发展和改革委员会
	",芹菜,新鲜,元/500克,6.48,,,,,福州市主副食品集超均价表，集超均价,,,https://fgw.fuzhou.gov.cn/fgwzwgk/fzgggz/jgysf/msspjgxq/zfsp/202606/t20260622_5336534.htm
福州市,2026年6月22日,"
		2026年6月22日福州市主副食品集超均价表_主副食品_
		福州市发展和改革委员会
	",苹果,新鲜,元/500克,8.31,,,,,福州市主副食品集超均价表，集超均价,,,https://fgw.fuzhou.gov.cn/fgwzwgk/fzgggz/jgysf/msspjgxq/zfsp/202606/t20260622_5336534.htm
福州市,2026年6月22日,"
		2026年6月22日福州市主副食品集超均价表_主副食品_
		福州市发展和改革委员会
	",茄子,新鲜,元/500克,4.38,,,,,福州市主副食品集超均价表，集超均价,,,https://fgw.fuzhou.gov.cn/fgwzwgk/fzgggz/jgysf/msspjgxq/zfsp/202606/t20260622_5336534.htm
福州市,2026年6月22日,"
		2026年6月22日福州市主副食品集超均价表_主副食品_
		福州市发展和改革委员会
	",菜籽油,桶装一级,元/5升,70.10,,,,,福州市主副食品集超均价表，集超均价,,,https://fgw.fuzhou.gov.cn/fgwzwgk/fzgggz/jgysf/msspjgxq/zfsp/202606/t20260622_5336534.htm
福州市,2026年6月22日,"
		2026年6月22日福州市主副食品集超均价表_主副食品_
		福州市发展和改革委员会
	",蒜苔,新鲜,元/500克,7.79,,,,,福州市主副食品集超均价表，集超均价,,,https://fgw.fuzhou.gov.cn/fgwzwgk/fzgggz/jgysf/msspjgxq/zfsp/202606/t20260622_5336534.htm
福州市,2026年6月22日,"
		2026年6月22日福州市主副食品集超均价表_主副食品_
		福州市发展和改革委员会
	",西红柿,新鲜,元/500克,4.24,,,,,福州市主副食品集超均价表，集超均价,,,https://fgw.fuzhou.gov.cn/fgwzwgk/fzgggz/jgysf/msspjgxq/zfsp/202606/t20260622_5336534.htm
福州市,2026年6月22日,"
		2026年6月22日福州市主副食品集超均价表_主副食品_
		福州市发展和改革委员会
	",调和油,桶装一级,元/5升,67.03,,,,,福州市主副食品集超均价表，集超均价,,,https://fgw.fuzhou.gov.cn/fgwzwgk/fzgggz/jgysf/msspjgxq/zfsp/202606/t20260622_5336534.htm
福州市,2026年6月22日,"
		2026年6月22日福州市主副食品集超均价表_主副食品_
		福州市发展和改革委员会
	",豆角,新鲜,元/500克,6.47,,,,,福州市主副食品集超均价表，集超均价,,,https://fgw.fuzhou.gov.cn/fgwzwgk/fzgggz/jgysf/msspjgxq/zfsp/202606/t20260622_5336534.htm
福州市,2026年6月22日,"
		2026年6月22日福州市主副食品集超均价表_主副食品_
		福州市发展和改革委员会
	",青椒,新鲜,元/500克,5.87,,,,,福州市主副食品集超均价表，集超均价,,,https://fgw.fuzhou.gov.cn/fgwzwgk/fzgggz/jgysf/msspjgxq/zfsp/202606/t20260622_5336534.htm
福州市,2026年6月22日,"
		2026年6月22日福州市主副食品集超均价表_主副食品_
		福州市发展和改革委员会
	",韭菜,新鲜,元/500克,5.64,,,,,福州市主副食品集超均价表，集超均价,,,https://fgw.fuzhou.gov.cn/fgwzwgk/fzgggz/jgysf/msspjgxq/zfsp/202606/t20260622_5336534.htm
福州市,2026年6月22日,"
		2026年6月22日福州市主副食品集超均价表_主副食品_
		福州市发展和改革委员会
	",香蕉,新鲜,元/500克,5.10,,,,,福州市主副食品集超均价表，集超均价,,,https://fgw.fuzhou.gov.cn/fgwzwgk/fzgggz/jgysf/msspjgxq/zfsp/202606/t20260622_5336534.htm
福州市,2026年6月22日,"
		2026年6月22日福州市主副食品集超均价表_主副食品_
		福州市发展和改革委员会
	",马胶鱼,冰鲜,元/500克,28.78,,,,,福州市主副食品集超均价表，集超均价,,,https://fgw.fuzhou.gov.cn/fgwzwgk/fzgggz/jgysf/msspjgxq/zfsp/202606/t20260622_5336534.htm
福州市,2026年6月22日,"
		2026年6月22日福州市主副食品集超均价表_主副食品_
		福州市发展和改革委员会
	",鱿鱼,冰鲜,元/500克,50.01,,,,,福州市主副食品集超均价表，集超均价,,,https://fgw.fuzhou.gov.cn/fgwzwgk/fzgggz/jgysf/msspjgxq/zfsp/202606/t20260622_5336534.htm
福州市,2026年6月22日,"
		2026年6月22日福州市主副食品集超均价表_主副食品_
		福州市发展和改革委员会
	",鸡肉,白条鸡,元/500克,14.90,,,,,福州市主副食品集超均价表，集超均价,,,https://fgw.fuzhou.gov.cn/fgwzwgk/fzgggz/jgysf/msspjgxq/zfsp/202606/t20260622_5336534.htm
福州市,2026年6月22日,"
		2026年6月22日福州市主副食品集超均价表_主副食品_
		福州市发展和改革委员会
	",鸭肉,白条鸭,元/500克,16.18,,,,,福州市主副食品集超均价表，集超均价,,,https://fgw.fuzhou.gov.cn/fgwzwgk/fzgggz/jgysf/msspjgxq/zfsp/202606/t20260622_5336534.htm
福州市,2026年6月22日,"
		2026年6月22日福州市主副食品集超均价表_主副食品_
		福州市发展和改革委员会
	",黄瓜,新鲜,元/500克,2.80,,,,,福州市主副食品集超均价表，集超均价,,,https://fgw.fuzhou.gov.cn/fgwzwgk/fzgggz/jgysf/msspjgxq/zfsp/202606/t20260622_5336534.htm
福州市,2026年6月22日,"
		2026年6月22日福州市主副食品集超均价表_主副食品_
		福州市发展和改革委员会
	",黄瓜鱼,冰鲜,元/500克,27.69,,,,,福州市主副食品集超均价表，集超均价,,,https://fgw.fuzhou.gov.cn/fgwzwgk/fzgggz/jgysf/msspjgxq/zfsp/202606/t20260622_5336534.htm
福州市,2026年6月23日,"
		2026年6月23日福州市主副食品集超均价表_主副食品_
		福州市发展和改革委员会
	",上海青,新鲜,元/500克,3.19,,,,,福州市主副食品集超均价表，集超均价,,,https://fgw.fuzhou.gov.cn/fgwzwgk/fzgggz/jgysf/msspjgxq/zfsp/202606/t20260623_5337005.htm
福州市,2026年6月23日,"
		2026年6月23日福州市主副食品集超均价表_主副食品_
		福州市发展和改革委员会
	",冻带鱼,冷冻,元/500克,22.13,,,,,福州市主副食品集超均价表，集超均价,,,https://fgw.fuzhou.gov.cn/fgwzwgk/fzgggz/jgysf/msspjgxq/zfsp/202606/t20260623_5337005.htm
福州市,2026年6月23日,"
		2026年6月23日福州市主副食品集超均价表_主副食品_
		福州市发展和改革委员会
	",圆白菜,新鲜,元/500克,2.02,,,,,福州市主副食品集超均价表，集超均价,,,https://fgw.fuzhou.gov.cn/fgwzwgk/fzgggz/jgysf/msspjgxq/zfsp/202606/t20260623_5337005.htm
福州市,2026年6月23日,"
		2026年6月23日福州市主副食品集超均价表_主副食品_
		福州市发展和改革委员会
	",土豆,新鲜,元/500克,2.36,,,,,福州市主副食品集超均价表，集超均价,,,https://fgw.fuzhou.gov.cn/fgwzwgk/fzgggz/jgysf/msspjgxq/zfsp/202606/t20260623_5337005.htm
福州市,2026年6月23日,"
		2026年6月23日福州市主副食品集超均价表_主副食品_
		福州市发展和改革委员会
	",大白菜,新鲜,元/500克,2.04,,,,,福州市主副食品集超均价表，集超均价,,,https://fgw.fuzhou.gov.cn/fgwzwgk/fzgggz/jgysf/msspjgxq/zfsp/202606/t20260623_5337005.htm
福州市,2026年6月23日,"
		2026年6月23日福州市主副食品集超均价表_主副食品_
		福州市发展和改革委员会
	",大豆油,桶装一级,元/5升,59.39,,,,,福州市主副食品集超均价表，集超均价,,,https://fgw.fuzhou.gov.cn/fgwzwgk/fzgggz/jgysf/msspjgxq/zfsp/202606/t20260623_5337005.htm
福州市,2026年6月23日,"
		2026年6月23日福州市主副食品集超均价表_主副食品_
		福州市发展和改革委员会
	",富强粉,,元/500克,3.57,,,,,福州市主副食品集超均价表，集超均价,,,https://fgw.fuzhou.gov.cn/fgwzwgk/fzgggz/jgysf/msspjgxq/zfsp/202606/t20260623_5337005.htm
福州市,2026年6月23日,"
		2026年6月23日福州市主副食品集超均价表_主副食品_
		福州市发展和改革委员会
	",尖椒,新鲜,元/500克,4.62,,,,,福州市主副食品集超均价表，集超均价,,,https://fgw.fuzhou.gov.cn/fgwzwgk/fzgggz/jgysf/msspjgxq/zfsp/202606/t20260623_5337005.htm
福州市,2026年6月23日,"
		2026年6月23日福州市主副食品集超均价表_主副食品_
		福州市发展和改革委员会
	",晚籼米,标一,元/500克,2.68,,,,,福州市主副食品集超均价表，集超均价,,,https://fgw.fuzhou.gov.cn/fgwzwgk/fzgggz/jgysf/msspjgxq/zfsp/202606/t20260623_5337005.htm
福州市,2026年6月23日,"
		2026年6月23日福州市主副食品集超均价表_主副食品_
		福州市发展和改革委员会
	",普通鸡蛋,新鲜完整,元/500克,6.56,,,,,福州市主副食品集超均价表，集超均价,,,https://fgw.fuzhou.gov.cn/fgwzwgk/fzgggz/jgysf/msspjgxq/zfsp/202606/t20260623_5337005.htm
福州市,2026年6月23日,"
		2026年6月23日福州市主副食品集超均价表_主副食品_
		福州市发展和改革委员会
	",普通鸭蛋,新鲜完整,元/500克,8.03,,,,,福州市主副食品集超均价表，集超均价,,,https://fgw.fuzhou.gov.cn/fgwzwgk/fzgggz/jgysf/msspjgxq/zfsp/202606/t20260623_5337005.htm
福州市,2026年6月23日,"
		2026年6月23日福州市主副食品集超均价表_主副食品_
		福州市发展和改革委员会
	",标准粉,,元/500克,2.51,,,,,福州市主副食品集超均价表，集超均价,,,https://fgw.fuzhou.gov.cn/fgwzwgk/fzgggz/jgysf/msspjgxq/zfsp/202606/t20260623_5337005.htm
福州市,2026年6月23日,"
		2026年6月23日福州市主副食品集超均价表_主副食品_
		福州市发展和改革委员会
	",梨,新鲜,元/500克,5.72,,,,,福州市主副食品集超均价表，集超均价,,,https://fgw.fuzhou.gov.cn/fgwzwgk/fzgggz/jgysf/msspjgxq/zfsp/202606/t20260623_5337005.htm
福州市,2026年6月23日,"
		2026年6月23日福州市主副食品集超均价表_主副食品_
		福州市发展和改革委员会
	",油菜(菜心),新鲜,元/500克,3.67,,,,,福州市主副食品集超均价表，集超均价,,,https://fgw.fuzhou.gov.cn/fgwzwgk/fzgggz/jgysf/msspjgxq/zfsp/202606/t20260623_5337005.htm
福州市,2026年6月23日,"
		2026年6月23日福州市主副食品集超均价表_主副食品_
		福州市发展和改革委员会
	",活明虾,鲜活,元/500克,29.39,,,,,福州市主副食品集超均价表，集超均价,,,https://fgw.fuzhou.gov.cn/fgwzwgk/fzgggz/jgysf/msspjgxq/zfsp/202606/t20260623_5337005.htm
福州市,2026年6月23日,"
		2026年6月23日福州市主副食品集超均价表_主副食品_
		福州市发展和改革委员会
	",活花蛤,鲜活,元/500克,10.30,,,,,福州市主副食品集超均价表，集超均价,,,https://fgw.fuzhou.gov.cn/fgwzwgk/fzgggz/jgysf/msspjgxq/zfsp/202606/t20260623_5337005.htm
福州市,2026年6月23日,"
		2026年6月23日福州市主副食品集超均价表_主副食品_
		福州市发展和改革委员会
	",活草鱼,鲜活,元/500克,12.24,,,,,福州市主副食品集超均价表，集超均价,,,https://fgw.fuzhou.gov.cn/fgwzwgk/fzgggz/jgysf/msspjgxq/zfsp/202606/t20260623_5337005.htm
福州市,2026年6月23日,"
		2026年6月23日福州市主副食品集超均价表_主副食品_
		福州市发展和改革委员会
	",活鳙鱼（大头鲢）,鲜活,元/500克,13.90,,,,,福州市主副食品集超均价表，集超均价,,,https://fgw.fuzhou.gov.cn/fgwzwgk/fzgggz/jgysf/msspjgxq/zfsp/202606/t20260623_5337005.htm
福州市,2026年6月23日,"
		2026年6月23日福州市主副食品集超均价表_主副食品_
		福州市发展和改革委员会
	",牛肉,去骨肉,元/500克,45.37,,,,,福州市主副食品集超均价表，集超均价,,,https://fgw.fuzhou.gov.cn/fgwzwgk/fzgggz/jgysf/msspjgxq/zfsp/202606/t20260623_5337005.htm
福州市,2026年6月23日,"
		2026年6月23日福州市主副食品集超均价表_主副食品_
		福州市发展和改革委员会
	",猪瘦肉,新鲜,元/500克,13.72,,,,,福州市主副食品集超均价表，集超均价,,,https://fgw.fuzhou.gov.cn/fgwzwgk/fzgggz/jgysf/msspjgxq/zfsp/202606/t20260623_5337005.htm
福州市,2026年6月23日,"
		2026年6月23日福州市主副食品集超均价表_主副食品_
		福州市发展和改革委员会
	",猪肋条肉,新鲜,元/500克,14.25,,,,,福州市主副食品集超均价表，集超均价,,,https://fgw.fuzhou.gov.cn/fgwzwgk/fzgggz/jgysf/msspjgxq/zfsp/202606/t20260623_5337005.htm
福州市,2026年6月23日,"
		2026年6月23日福州市主副食品集超均价表_主副食品_
		福州市发展和改革委员会
	",白萝卜,新鲜,元/500克,1.87,,,,,福州市主副食品集超均价表，集超均价,,,https://fgw.fuzhou.gov.cn/fgwzwgk/fzgggz/jgysf/msspjgxq/zfsp/202606/t20260623_5337005.htm
福州市,2026年6月23日,"
		2026年6月23日福州市主副食品集超均价表_主副食品_
		福州市发展和改革委员会
	",空心菜,新鲜,元/500克,3.66,,,,,福州市主副食品集超均价表，集超均价,,,https://fgw.fuzhou.gov.cn/fgwzwgk/fzgggz/jgysf/msspjgxq/zfsp/202606/t20260623_5337005.htm
福州市,2026年6月23日,"
		2026年6月23日福州市主副食品集超均价表_主副食品_
		福州市发展和改革委员会
	",粳米,标一,元/500克,2.97,,,,,福州市主副食品集超均价表，集超均价,,,https://fgw.fuzhou.gov.cn/fgwzwgk/fzgggz/jgysf/msspjgxq/zfsp/202606/t20260623_5337005.htm
福州市,2026年6月23日,"
		2026年6月23日福州市主副食品集超均价表_主副食品_
		福州市发展和改革委员会
	",红萝卜,新鲜,元/500克,2.41,,,,,福州市主副食品集超均价表，集超均价,,,https://fgw.fuzhou.gov.cn/fgwzwgk/fzgggz/jgysf/msspjgxq/zfsp/202606/t20260623_5337005.htm
福州市,2026年6月23日,"
		2026年6月23日福州市主副食品集超均价表_主副食品_
		福州市发展和改革委员会
	",纯牛奶,盒装,元/盒(250毫升),2.69,,,,,福州市主副食品集超均价表，集超均价,,,https://fgw.fuzhou.gov.cn/fgwzwgk/fzgggz/jgysf/msspjgxq/zfsp/202606/t20260623_5337005.htm
福州市,2026年6月23日,"
		2026年6月23日福州市主副食品集超均价表_主副食品_
		福州市发展和改革委员会
	",羊肉,带骨肉,元/500克,43.77,,,,,福州市主副食品集超均价表，集超均价,,,https://fgw.fuzhou.gov.cn/fgwzwgk/fzgggz/jgysf/msspjgxq/zfsp/202606/t20260623_5337005.htm
福州市,2026年6月23日,"
		2026年6月23日福州市主副食品集超均价表_主副食品_
		福州市发展和改革委员会
	",脐橙,新鲜,元/500克,4.77,,,,,福州市主副食品集超均价表，集超均价,,,https://fgw.fuzhou.gov.cn/fgwzwgk/fzgggz/jgysf/msspjgxq/zfsp/202606/t20260623_5337005.htm
福州市,2026年6月23日,"
		2026年6月23日福州市主副食品集超均价表_主副食品_
		福州市发展和改革委员会
	",花生油,桶装一级,元/5升,106.16,,,,,福州市主副食品集超均价表，集超均价,,,https://fgw.fuzhou.gov.cn/fgwzwgk/fzgggz/jgysf/msspjgxq/zfsp/202606/t20260623_5337005.htm
福州市,2026年6月23日,"
		2026年6月23日福州市主副食品集超均价表_主副食品_
		福州市发展和改革委员会
	",花菜,新鲜,元/500克,4.15,,,,,福州市主副食品集超均价表，集超均价,,,https://fgw.fuzhou.gov.cn/fgwzwgk/fzgggz/jgysf/msspjgxq/zfsp/202606/t20260623_5337005.htm
福州市,2026年6月23日,"
		2026年6月23日福州市主副食品集超均价表_主副食品_
		福州市发展和改革委员会
	",芹菜,新鲜,元/500克,6.58,,,,,福州市主副食品集超均价表，集超均价,,,https://fgw.fuzhou.gov.cn/fgwzwgk/fzgggz/jgysf/msspjgxq/zfsp/202606/t20260623_5337005.htm
福州市,2026年6月23日,"
		2026年6月23日福州市主副食品集超均价表_主副食品_
		福州市发展和改革委员会
	",苹果,新鲜,元/500克,8.35,,,,,福州市主副食品集超均价表，集超均价,,,https://fgw.fuzhou.gov.cn/fgwzwgk/fzgggz/jgysf/msspjgxq/zfsp/202606/t20260623_5337005.htm
福州市,2026年6月23日,"
		2026年6月23日福州市主副食品集超均价表_主副食品_
		福州市发展和改革委员会
	",茄子,新鲜,元/500克,4.51,,,,,福州市主副食品集超均价表，集超均价,,,https://fgw.fuzhou.gov.cn/fgwzwgk/fzgggz/jgysf/msspjgxq/zfsp/202606/t20260623_5337005.htm
福州市,2026年6月23日,"
		2026年6月23日福州市主副食品集超均价表_主副食品_
		福州市发展和改革委员会
	",菜籽油,桶装一级,元/5升,70.10,,,,,福州市主副食品集超均价表，集超均价,,,https://fgw.fuzhou.gov.cn/fgwzwgk/fzgggz/jgysf/msspjgxq/zfsp/202606/t20260623_5337005.htm
福州市,2026年6月23日,"
		2026年6月23日福州市主副食品集超均价表_主副食品_
		福州市发展和改革委员会
	",蒜苔,新鲜,元/500克,7.85,,,,,福州市主副食品集超均价表，集超均价,,,https://fgw.fuzhou.gov.cn/fgwzwgk/fzgggz/jgysf/msspjgxq/zfsp/202606/t20260623_5337005.htm
福州市,2026年6月23日,"
		2026年6月23日福州市主副食品集超均价表_主副食品_
		福州市发展和改革委员会
	",西红柿,新鲜,元/500克,4.19,,,,,福州市主副食品集超均价表，集超均价,,,https://fgw.fuzhou.gov.cn/fgwzwgk/fzgggz/jgysf/msspjgxq/zfsp/202606/t20260623_5337005.htm
福州市,2026年6月23日,"
		2026年6月23日福州市主副食品集超均价表_主副食品_
		福州市发展和改革委员会
	",调和油,桶装一级,元/5升,67.03,,,,,福州市主副食品集超均价表，集超均价,,,https://fgw.fuzhou.gov.cn/fgwzwgk/fzgggz/jgysf/msspjgxq/zfsp/202606/t20260623_5337005.htm
福州市,2026年6月23日,"
		2026年6月23日福州市主副食品集超均价表_主副食品_
		福州市发展和改革委员会
	",豆角,新鲜,元/500克,6.54,,,,,福州市主副食品集超均价表，集超均价,,,https://fgw.fuzhou.gov.cn/fgwzwgk/fzgggz/jgysf/msspjgxq/zfsp/202606/t20260623_5337005.htm
福州市,2026年6月23日,"
		2026年6月23日福州市主副食品集超均价表_主副食品_
		福州市发展和改革委员会
	",青椒,新鲜,元/500克,5.89,,,,,福州市主副食品集超均价表，集超均价,,,https://fgw.fuzhou.gov.cn/fgwzwgk/fzgggz/jgysf/msspjgxq/zfsp/202606/t20260623_5337005.htm
福州市,2026年6月23日,"
		2026年6月23日福州市主副食品集超均价表_主副食品_
		福州市发展和改革委员会
	",韭菜,新鲜,元/500克,5.64,,,,,福州市主副食品集超均价表，集超均价,,,https://fgw.fuzhou.gov.cn/fgwzwgk/fzgggz/jgysf/msspjgxq/zfsp/202606/t20260623_5337005.htm
福州市,2026年6月23日,"
		2026年6月23日福州市主副食品集超均价表_主副食品_
		福州市发展和改革委员会
	",香蕉,新鲜,元/500克,5.10,,,,,福州市主副食品集超均价表，集超均价,,,https://fgw.fuzhou.gov.cn/fgwzwgk/fzgggz/jgysf/msspjgxq/zfsp/202606/t20260623_5337005.htm
福州市,2026年6月23日,"
		2026年6月23日福州市主副食品集超均价表_主副食品_
		福州市发展和改革委员会
	",马胶鱼,冰鲜,元/500克,28.78,,,,,福州市主副食品集超均价表，集超均价,,,https://fgw.fuzhou.gov.cn/fgwzwgk/fzgggz/jgysf/msspjgxq/zfsp/202606/t20260623_5337005.htm
福州市,2026年6月23日,"
		2026年6月23日福州市主副食品集超均价表_主副食品_
		福州市发展和改革委员会
	",鱿鱼,冰鲜,元/500克,50.01,,,,,福州市主副食品集超均价表，集超均价,,,https://fgw.fuzhou.gov.cn/fgwzwgk/fzgggz/jgysf/msspjgxq/zfsp/202606/t20260623_5337005.htm
福州市,2026年6月23日,"
		2026年6月23日福州市主副食品集超均价表_主副食品_
		福州市发展和改革委员会
	",鸡肉,白条鸡,元/500克,14.90,,,,,福州市主副食品集超均价表，集超均价,,,https://fgw.fuzhou.gov.cn/fgwzwgk/fzgggz/jgysf/msspjgxq/zfsp/202606/t20260623_5337005.htm
福州市,2026年6月23日,"
		2026年6月23日福州市主副食品集超均价表_主副食品_
		福州市发展和改革委员会
	",鸭肉,白条鸭,元/500克,16.18,,,,,福州市主副食品集超均价表，集超均价,,,https://fgw.fuzhou.gov.cn/fgwzwgk/fzgggz/jgysf/msspjgxq/zfsp/202606/t20260623_5337005.htm
福州市,2026年6月23日,"
		2026年6月23日福州市主副食品集超均价表_主副食品_
		福州市发展和改革委员会
	",黄瓜,新鲜,元/500克,2.67,,,,,福州市主副食品集超均价表，集超均价,,,https://fgw.fuzhou.gov.cn/fgwzwgk/fzgggz/jgysf/msspjgxq/zfsp/202606/t20260623_5337005.htm
福州市,2026年6月23日,"
		2026年6月23日福州市主副食品集超均价表_主副食品_
		福州市发展和改革委员会
	",黄瓜鱼,冰鲜,元/500克,27.91,,,,,福州市主副食品集超均价表，集超均价,,,https://fgw.fuzhou.gov.cn/fgwzwgk/fzgggz/jgysf/msspjgxq/zfsp/202606/t20260623_5337005.htm
福州市,2026年6月24日,"
		2026年6月24日福州市主副食品集超均价表_主副食品_
		福州市发展和改革委员会
	",上海青,新鲜,元/500克,3.22,,,,,福州市主副食品集超均价表，集超均价,,,https://fgw.fuzhou.gov.cn/fgwzwgk/fzgggz/jgysf/msspjgxq/zfsp/202606/t20260624_5337522.htm
福州市,2026年6月24日,"
		2026年6月24日福州市主副食品集超均价表_主副食品_
		福州市发展和改革委员会
	",冻带鱼,冷冻,元/500克,22.34,,,,,福州市主副食品集超均价表，集超均价,,,https://fgw.fuzhou.gov.cn/fgwzwgk/fzgggz/jgysf/msspjgxq/zfsp/202606/t20260624_5337522.htm
福州市,2026年6月24日,"
		2026年6月24日福州市主副食品集超均价表_主副食品_
		福州市发展和改革委员会
	",圆白菜,新鲜,元/500克,2.03,,,,,福州市主副食品集超均价表，集超均价,,,https://fgw.fuzhou.gov.cn/fgwzwgk/fzgggz/jgysf/msspjgxq/zfsp/202606/t20260624_5337522.htm
福州市,2026年6月24日,"
		2026年6月24日福州市主副食品集超均价表_主副食品_
		福州市发展和改革委员会
	",土豆,新鲜,元/500克,2.34,,,,,福州市主副食品集超均价表，集超均价,,,https://fgw.fuzhou.gov.cn/fgwzwgk/fzgggz/jgysf/msspjgxq/zfsp/202606/t20260624_5337522.htm
福州市,2026年6月24日,"
		2026年6月24日福州市主副食品集超均价表_主副食品_
		福州市发展和改革委员会
	",大白菜,新鲜,元/500克,2.09,,,,,福州市主副食品集超均价表，集超均价,,,https://fgw.fuzhou.gov.cn/fgwzwgk/fzgggz/jgysf/msspjgxq/zfsp/202606/t20260624_5337522.htm
福州市,2026年6月24日,"
		2026年6月24日福州市主副食品集超均价表_主副食品_
		福州市发展和改革委员会
	",大豆油,桶装一级,元/5升,59.39,,,,,福州市主副食品集超均价表，集超均价,,,https://fgw.fuzhou.gov.cn/fgwzwgk/fzgggz/jgysf/msspjgxq/zfsp/202606/t20260624_5337522.htm
福州市,2026年6月24日,"
		2026年6月24日福州市主副食品集超均价表_主副食品_
		福州市发展和改革委员会
	",富强粉,,元/500克,3.57,,,,,福州市主副食品集超均价表，集超均价,,,https://fgw.fuzhou.gov.cn/fgwzwgk/fzgggz/jgysf/msspjgxq/zfsp/202606/t20260624_5337522.htm
福州市,2026年6月24日,"
		2026年6月24日福州市主副食品集超均价表_主副食品_
		福州市发展和改革委员会
	",尖椒,新鲜,元/500克,4.78,,,,,福州市主副食品集超均价表，集超均价,,,https://fgw.fuzhou.gov.cn/fgwzwgk/fzgggz/jgysf/msspjgxq/zfsp/202606/t20260624_5337522.htm
福州市,2026年6月24日,"
		2026年6月24日福州市主副食品集超均价表_主副食品_
		福州市发展和改革委员会
	",晚籼米,标一,元/500克,2.68,,,,,福州市主副食品集超均价表，集超均价,,,https://fgw.fuzhou.gov.cn/fgwzwgk/fzgggz/jgysf/msspjgxq/zfsp/202606/t20260624_5337522.htm
福州市,2026年6月24日,"
		2026年6月24日福州市主副食品集超均价表_主副食品_
		福州市发展和改革委员会
	",普通鸡蛋,新鲜完整,元/500克,6.57,,,,,福州市主副食品集超均价表，集超均价,,,https://fgw.fuzhou.gov.cn/fgwzwgk/fzgggz/jgysf/msspjgxq/zfsp/202606/t20260624_5337522.htm
福州市,2026年6月24日,"
		2026年6月24日福州市主副食品集超均价表_主副食品_
		福州市发展和改革委员会
	",普通鸭蛋,新鲜完整,元/500克,8.00,,,,,福州市主副食品集超均价表，集超均价,,,https://fgw.fuzhou.gov.cn/fgwzwgk/fzgggz/jgysf/msspjgxq/zfsp/202606/t20260624_5337522.htm
福州市,2026年6月24日,"
		2026年6月24日福州市主副食品集超均价表_主副食品_
		福州市发展和改革委员会
	",标准粉,,元/500克,2.51,,,,,福州市主副食品集超均价表，集超均价,,,https://fgw.fuzhou.gov.cn/fgwzwgk/fzgggz/jgysf/msspjgxq/zfsp/202606/t20260624_5337522.htm
福州市,2026年6月24日,"
		2026年6月24日福州市主副食品集超均价表_主副食品_
		福州市发展和改革委员会
	",梨,新鲜,元/500克,5.54,,,,,福州市主副食品集超均价表，集超均价,,,https://fgw.fuzhou.gov.cn/fgwzwgk/fzgggz/jgysf/msspjgxq/zfsp/202606/t20260624_5337522.htm
福州市,2026年6月24日,"
		2026年6月24日福州市主副食品集超均价表_主副食品_
		福州市发展和改革委员会
	",油菜(菜心),新鲜,元/500克,3.71,,,,,福州市主副食品集超均价表，集超均价,,,https://fgw.fuzhou.gov.cn/fgwzwgk/fzgggz/jgysf/msspjgxq/zfsp/202606/t20260624_5337522.htm
福州市,2026年6月24日,"
		2026年6月24日福州市主副食品集超均价表_主副食品_
		福州市发展和改革委员会
	",活明虾,鲜活,元/500克,29.46,,,,,福州市主副食品集超均价表，集超均价,,,https://fgw.fuzhou.gov.cn/fgwzwgk/fzgggz/jgysf/msspjgxq/zfsp/202606/t20260624_5337522.htm
福州市,2026年6月24日,"
		2026年6月24日福州市主副食品集超均价表_主副食品_
		福州市发展和改革委员会
	",活花蛤,鲜活,元/500克,10.15,,,,,福州市主副食品集超均价表，集超均价,,,https://fgw.fuzhou.gov.cn/fgwzwgk/fzgggz/jgysf/msspjgxq/zfsp/202606/t20260624_5337522.htm
福州市,2026年6月24日,"
		2026年6月24日福州市主副食品集超均价表_主副食品_
		福州市发展和改革委员会
	",活草鱼,鲜活,元/500克,11.95,,,,,福州市主副食品集超均价表，集超均价,,,https://fgw.fuzhou.gov.cn/fgwzwgk/fzgggz/jgysf/msspjgxq/zfsp/202606/t20260624_5337522.htm
福州市,2026年6月24日,"
		2026年6月24日福州市主副食品集超均价表_主副食品_
		福州市发展和改革委员会
	",活鳙鱼（大头鲢）,鲜活,元/500克,13.90,,,,,福州市主副食品集超均价表，集超均价,,,https://fgw.fuzhou.gov.cn/fgwzwgk/fzgggz/jgysf/msspjgxq/zfsp/202606/t20260624_5337522.htm
福州市,2026年6月24日,"
		2026年6月24日福州市主副食品集超均价表_主副食品_
		福州市发展和改革委员会
	",牛肉,去骨肉,元/500克,45.29,,,,,福州市主副食品集超均价表，集超均价,,,https://fgw.fuzhou.gov.cn/fgwzwgk/fzgggz/jgysf/msspjgxq/zfsp/202606/t20260624_5337522.htm
福州市,2026年6月24日,"
		2026年6月24日福州市主副食品集超均价表_主副食品_
		福州市发展和改革委员会
	",猪瘦肉,新鲜,元/500克,13.79,,,,,福州市主副食品集超均价表，集超均价,,,https://fgw.fuzhou.gov.cn/fgwzwgk/fzgggz/jgysf/msspjgxq/zfsp/202606/t20260624_5337522.htm
福州市,2026年6月24日,"
		2026年6月24日福州市主副食品集超均价表_主副食品_
		福州市发展和改革委员会
	",猪肋条肉,新鲜,元/500克,14.10,,,,,福州市主副食品集超均价表，集超均价,,,https://fgw.fuzhou.gov.cn/fgwzwgk/fzgggz/jgysf/msspjgxq/zfsp/202606/t20260624_5337522.htm
福州市,2026年6月24日,"
		2026年6月24日福州市主副食品集超均价表_主副食品_
		福州市发展和改革委员会
	",白萝卜,新鲜,元/500克,1.88,,,,,福州市主副食品集超均价表，集超均价,,,https://fgw.fuzhou.gov.cn/fgwzwgk/fzgggz/jgysf/msspjgxq/zfsp/202606/t20260624_5337522.htm
福州市,2026年6月24日,"
		2026年6月24日福州市主副食品集超均价表_主副食品_
		福州市发展和改革委员会
	",空心菜,新鲜,元/500克,3.83,,,,,福州市主副食品集超均价表，集超均价,,,https://fgw.fuzhou.gov.cn/fgwzwgk/fzgggz/jgysf/msspjgxq/zfsp/202606/t20260624_5337522.htm
福州市,2026年6月24日,"
		2026年6月24日福州市主副食品集超均价表_主副食品_
		福州市发展和改革委员会
	",粳米,标一,元/500克,2.97,,,,,福州市主副食品集超均价表，集超均价,,,https://fgw.fuzhou.gov.cn/fgwzwgk/fzgggz/jgysf/msspjgxq/zfsp/202606/t20260624_5337522.htm
福州市,2026年6月24日,"
		2026年6月24日福州市主副食品集超均价表_主副食品_
		福州市发展和改革委员会
	",红萝卜,新鲜,元/500克,2.43,,,,,福州市主副食品集超均价表，集超均价,,,https://fgw.fuzhou.gov.cn/fgwzwgk/fzgggz/jgysf/msspjgxq/zfsp/202606/t20260624_5337522.htm
福州市,2026年6月24日,"
		2026年6月24日福州市主副食品集超均价表_主副食品_
		福州市发展和改革委员会
	",纯牛奶,盒装,元/盒(250毫升),2.69,,,,,福州市主副食品集超均价表，集超均价,,,https://fgw.fuzhou.gov.cn/fgwzwgk/fzgggz/jgysf/msspjgxq/zfsp/202606/t20260624_5337522.htm
福州市,2026年6月24日,"
		2026年6月24日福州市主副食品集超均价表_主副食品_
		福州市发展和改革委员会
	",羊肉,带骨肉,元/500克,43.77,,,,,福州市主副食品集超均价表，集超均价,,,https://fgw.fuzhou.gov.cn/fgwzwgk/fzgggz/jgysf/msspjgxq/zfsp/202606/t20260624_5337522.htm
福州市,2026年6月24日,"
		2026年6月24日福州市主副食品集超均价表_主副食品_
		福州市发展和改革委员会
	",脐橙,新鲜,元/500克,4.77,,,,,福州市主副食品集超均价表，集超均价,,,https://fgw.fuzhou.gov.cn/fgwzwgk/fzgggz/jgysf/msspjgxq/zfsp/202606/t20260624_5337522.htm
福州市,2026年6月24日,"
		2026年6月24日福州市主副食品集超均价表_主副食品_
		福州市发展和改革委员会
	",花生油,桶装一级,元/5升,106.16,,,,,福州市主副食品集超均价表，集超均价,,,https://fgw.fuzhou.gov.cn/fgwzwgk/fzgggz/jgysf/msspjgxq/zfsp/202606/t20260624_5337522.htm
福州市,2026年6月24日,"
		2026年6月24日福州市主副食品集超均价表_主副食品_
		福州市发展和改革委员会
	",花菜,新鲜,元/500克,4.20,,,,,福州市主副食品集超均价表，集超均价,,,https://fgw.fuzhou.gov.cn/fgwzwgk/fzgggz/jgysf/msspjgxq/zfsp/202606/t20260624_5337522.htm
福州市,2026年6月24日,"
		2026年6月24日福州市主副食品集超均价表_主副食品_
		福州市发展和改革委员会
	",芹菜,新鲜,元/500克,6.41,,,,,福州市主副食品集超均价表，集超均价,,,https://fgw.fuzhou.gov.cn/fgwzwgk/fzgggz/jgysf/msspjgxq/zfsp/202606/t20260624_5337522.htm
福州市,2026年6月24日,"
		2026年6月24日福州市主副食品集超均价表_主副食品_
		福州市发展和改革委员会
	",苹果,新鲜,元/500克,8.41,,,,,福州市主副食品集超均价表，集超均价,,,https://fgw.fuzhou.gov.cn/fgwzwgk/fzgggz/jgysf/msspjgxq/zfsp/202606/t20260624_5337522.htm
福州市,2026年6月24日,"
		2026年6月24日福州市主副食品集超均价表_主副食品_
		福州市发展和改革委员会
	",茄子,新鲜,元/500克,4.34,,,,,福州市主副食品集超均价表，集超均价,,,https://fgw.fuzhou.gov.cn/fgwzwgk/fzgggz/jgysf/msspjgxq/zfsp/202606/t20260624_5337522.htm
福州市,2026年6月24日,"
		2026年6月24日福州市主副食品集超均价表_主副食品_
		福州市发展和改革委员会
	",菜籽油,桶装一级,元/5升,70.10,,,,,福州市主副食品集超均价表，集超均价,,,https://fgw.fuzhou.gov.cn/fgwzwgk/fzgggz/jgysf/msspjgxq/zfsp/202606/t20260624_5337522.htm
福州市,2026年6月24日,"
		2026年6月24日福州市主副食品集超均价表_主副食品_
		福州市发展和改革委员会
	",蒜苔,新鲜,元/500克,7.88,,,,,福州市主副食品集超均价表，集超均价,,,https://fgw.fuzhou.gov.cn/fgwzwgk/fzgggz/jgysf/msspjgxq/zfsp/202606/t20260624_5337522.htm
福州市,2026年6月24日,"
		2026年6月24日福州市主副食品集超均价表_主副食品_
		福州市发展和改革委员会
	",西红柿,新鲜,元/500克,4.10,,,,,福州市主副食品集超均价表，集超均价,,,https://fgw.fuzhou.gov.cn/fgwzwgk/fzgggz/jgysf/msspjgxq/zfsp/202606/t20260624_5337522.htm
福州市,2026年6月24日,"
		2026年6月24日福州市主副食品集超均价表_主副食品_
		福州市发展和改革委员会
	",调和油,桶装一级,元/5升,66.74,,,,,福州市主副食品集超均价表，集超均价,,,https://fgw.fuzhou.gov.cn/fgwzwgk/fzgggz/jgysf/msspjgxq/zfsp/202606/t20260624_5337522.htm
福州市,2026年6月24日,"
		2026年6月24日福州市主副食品集超均价表_主副食品_
		福州市发展和改革委员会
	",豆角,新鲜,元/500克,6.50,,,,,福州市主副食品集超均价表，集超均价,,,https://fgw.fuzhou.gov.cn/fgwzwgk/fzgggz/jgysf/msspjgxq/zfsp/202606/t20260624_5337522.htm
福州市,2026年6月24日,"
		2026年6月24日福州市主副食品集超均价表_主副食品_
		福州市发展和改革委员会
	",青椒,新鲜,元/500克,5.73,,,,,福州市主副食品集超均价表，集超均价,,,https://fgw.fuzhou.gov.cn/fgwzwgk/fzgggz/jgysf/msspjgxq/zfsp/202606/t20260624_5337522.htm
福州市,2026年6月24日,"
		2026年6月24日福州市主副食品集超均价表_主副食品_
		福州市发展和改革委员会
	",韭菜,新鲜,元/500克,5.64,,,,,福州市主副食品集超均价表，集超均价,,,https://fgw.fuzhou.gov.cn/fgwzwgk/fzgggz/jgysf/msspjgxq/zfsp/202606/t20260624_5337522.htm
福州市,2026年6月24日,"
		2026年6月24日福州市主副食品集超均价表_主副食品_
		福州市发展和改革委员会
	",香蕉,新鲜,元/500克,5.10,,,,,福州市主副食品集超均价表，集超均价,,,https://fgw.fuzhou.gov.cn/fgwzwgk/fzgggz/jgysf/msspjgxq/zfsp/202606/t20260624_5337522.htm
福州市,2026年6月24日,"
		2026年6月24日福州市主副食品集超均价表_主副食品_
		福州市发展和改革委员会
	",马胶鱼,冰鲜,元/500克,28.71,,,,,福州市主副食品集超均价表，集超均价,,,https://fgw.fuzhou.gov.cn/fgwzwgk/fzgggz/jgysf/msspjgxq/zfsp/202606/t20260624_5337522.htm
福州市,2026年6月24日,"
		2026年6月24日福州市主副食品集超均价表_主副食品_
		福州市发展和改革委员会
	",鱿鱼,冰鲜,元/500克,49.94,,,,,福州市主副食品集超均价表，集超均价,,,https://fgw.fuzhou.gov.cn/fgwzwgk/fzgggz/jgysf/msspjgxq/zfsp/202606/t20260624_5337522.htm
福州市,2026年6月24日,"
		2026年6月24日福州市主副食品集超均价表_主副食品_
		福州市发展和改革委员会
	",鸡肉,白条鸡,元/500克,14.90,,,,,福州市主副食品集超均价表，集超均价,,,https://fgw.fuzhou.gov.cn/fgwzwgk/fzgggz/jgysf/msspjgxq/zfsp/202606/t20260624_5337522.htm
福州市,2026年6月24日,"
		2026年6月24日福州市主副食品集超均价表_主副食品_
		福州市发展和改革委员会
	",鸭肉,白条鸭,元/500克,16.18,,,,,福州市主副食品集超均价表，集超均价,,,https://fgw.fuzhou.gov.cn/fgwzwgk/fzgggz/jgysf/msspjgxq/zfsp/202606/t20260624_5337522.htm
福州市,2026年6月24日,"
		2026年6月24日福州市主副食品集超均价表_主副食品_
		福州市发展和改革委员会
	",黄瓜,新鲜,元/500克,2.69,,,,,福州市主副食品集超均价表，集超均价,,,https://fgw.fuzhou.gov.cn/fgwzwgk/fzgggz/jgysf/msspjgxq/zfsp/202606/t20260624_5337522.htm
福州市,2026年6月24日,"
		2026年6月24日福州市主副食品集超均价表_主副食品_
		福州市发展和改革委员会
	",黄瓜鱼,冰鲜,元/500克,27.91,,,,,福州市主副食品集超均价表，集超均价,,,https://fgw.fuzhou.gov.cn/fgwzwgk/fzgggz/jgysf/msspjgxq/zfsp/202606/t20260624_5337522.htm
福州市,2026年6月25日,"
		2026年6月25日福州市主副食品集超均价表_主副食品_
		福州市发展和改革委员会
	",上海青,新鲜,元/500克,3.22,,,,,福州市主副食品集超均价表，集超均价,,,https://fgw.fuzhou.gov.cn/fgwzwgk/fzgggz/jgysf/msspjgxq/zfsp/202606/t20260625_5337968.htm
福州市,2026年6月25日,"
		2026年6月25日福州市主副食品集超均价表_主副食品_
		福州市发展和改革委员会
	",冻带鱼,冷冻,元/500克,22.34,,,,,福州市主副食品集超均价表，集超均价,,,https://fgw.fuzhou.gov.cn/fgwzwgk/fzgggz/jgysf/msspjgxq/zfsp/202606/t20260625_5337968.htm
福州市,2026年6月25日,"
		2026年6月25日福州市主副食品集超均价表_主副食品_
		福州市发展和改革委员会
	",圆白菜,新鲜,元/500克,2.03,,,,,福州市主副食品集超均价表，集超均价,,,https://fgw.fuzhou.gov.cn/fgwzwgk/fzgggz/jgysf/msspjgxq/zfsp/202606/t20260625_5337968.htm
福州市,2026年6月25日,"
		2026年6月25日福州市主副食品集超均价表_主副食品_
		福州市发展和改革委员会
	",土豆,新鲜,元/500克,2.35,,,,,福州市主副食品集超均价表，集超均价,,,https://fgw.fuzhou.gov.cn/fgwzwgk/fzgggz/jgysf/msspjgxq/zfsp/202606/t20260625_5337968.htm
福州市,2026年6月25日,"
		2026年6月25日福州市主副食品集超均价表_主副食品_
		福州市发展和改革委员会
	",大白菜,新鲜,元/500克,2.10,,,,,福州市主副食品集超均价表，集超均价,,,https://fgw.fuzhou.gov.cn/fgwzwgk/fzgggz/jgysf/msspjgxq/zfsp/202606/t20260625_5337968.htm
福州市,2026年6月25日,"
		2026年6月25日福州市主副食品集超均价表_主副食品_
		福州市发展和改革委员会
	",大豆油,桶装一级,元/5升,59.39,,,,,福州市主副食品集超均价表，集超均价,,,https://fgw.fuzhou.gov.cn/fgwzwgk/fzgggz/jgysf/msspjgxq/zfsp/202606/t20260625_5337968.htm
福州市,2026年6月25日,"
		2026年6月25日福州市主副食品集超均价表_主副食品_
		福州市发展和改革委员会
	",富强粉,,元/500克,3.57,,,,,福州市主副食品集超均价表，集超均价,,,https://fgw.fuzhou.gov.cn/fgwzwgk/fzgggz/jgysf/msspjgxq/zfsp/202606/t20260625_5337968.htm
福州市,2026年6月25日,"
		2026年6月25日福州市主副食品集超均价表_主副食品_
		福州市发展和改革委员会
	",尖椒,新鲜,元/500克,4.85,,,,,福州市主副食品集超均价表，集超均价,,,https://fgw.fuzhou.gov.cn/fgwzwgk/fzgggz/jgysf/msspjgxq/zfsp/202606/t20260625_5337968.htm
福州市,2026年6月25日,"
		2026年6月25日福州市主副食品集超均价表_主副食品_
		福州市发展和改革委员会
	",晚籼米,标一,元/500克,2.68,,,,,福州市主副食品集超均价表，集超均价,,,https://fgw.fuzhou.gov.cn/fgwzwgk/fzgggz/jgysf/msspjgxq/zfsp/202606/t20260625_5337968.htm
福州市,2026年6月25日,"
		2026年6月25日福州市主副食品集超均价表_主副食品_
		福州市发展和改革委员会
	",普通鸡蛋,新鲜完整,元/500克,6.51,,,,,福州市主副食品集超均价表，集超均价,,,https://fgw.fuzhou.gov.cn/fgwzwgk/fzgggz/jgysf/msspjgxq/zfsp/202606/t20260625_5337968.htm
福州市,2026年6月25日,"
		2026年6月25日福州市主副食品集超均价表_主副食品_
		福州市发展和改革委员会
	",普通鸭蛋,新鲜完整,元/500克,7.99,,,,,福州市主副食品集超均价表，集超均价,,,https://fgw.fuzhou.gov.cn/fgwzwgk/fzgggz/jgysf/msspjgxq/zfsp/202606/t20260625_5337968.htm
福州市,2026年6月25日,"
		2026年6月25日福州市主副食品集超均价表_主副食品_
		福州市发展和改革委员会
	",标准粉,,元/500克,2.51,,,,,福州市主副食品集超均价表，集超均价,,,https://fgw.fuzhou.gov.cn/fgwzwgk/fzgggz/jgysf/msspjgxq/zfsp/202606/t20260625_5337968.htm
福州市,2026年6月25日,"
		2026年6月25日福州市主副食品集超均价表_主副食品_
		福州市发展和改革委员会
	",梨,新鲜,元/500克,5.54,,,,,福州市主副食品集超均价表，集超均价,,,https://fgw.fuzhou.gov.cn/fgwzwgk/fzgggz/jgysf/msspjgxq/zfsp/202606/t20260625_5337968.htm
福州市,2026年6月25日,"
		2026年6月25日福州市主副食品集超均价表_主副食品_
		福州市发展和改革委员会
	",油菜(菜心),新鲜,元/500克,3.69,,,,,福州市主副食品集超均价表，集超均价,,,https://fgw.fuzhou.gov.cn/fgwzwgk/fzgggz/jgysf/msspjgxq/zfsp/202606/t20260625_5337968.htm
福州市,2026年6月25日,"
		2026年6月25日福州市主副食品集超均价表_主副食品_
		福州市发展和改革委员会
	",活明虾,鲜活,元/500克,29.32,,,,,福州市主副食品集超均价表，集超均价,,,https://fgw.fuzhou.gov.cn/fgwzwgk/fzgggz/jgysf/msspjgxq/zfsp/202606/t20260625_5337968.htm
福州市,2026年6月25日,"
		2026年6月25日福州市主副食品集超均价表_主副食品_
		福州市发展和改革委员会
	",活花蛤,鲜活,元/500克,10.30,,,,,福州市主副食品集超均价表，集超均价,,,https://fgw.fuzhou.gov.cn/fgwzwgk/fzgggz/jgysf/msspjgxq/zfsp/202606/t20260625_5337968.htm
福州市,2026年6月25日,"
		2026年6月25日福州市主副食品集超均价表_主副食品_
		福州市发展和改革委员会
	",活草鱼,鲜活,元/500克,11.95,,,,,福州市主副食品集超均价表，集超均价,,,https://fgw.fuzhou.gov.cn/fgwzwgk/fzgggz/jgysf/msspjgxq/zfsp/202606/t20260625_5337968.htm
福州市,2026年6月25日,"
		2026年6月25日福州市主副食品集超均价表_主副食品_
		福州市发展和改革委员会
	",活鳙鱼（大头鲢）,鲜活,元/500克,13.90,,,,,福州市主副食品集超均价表，集超均价,,,https://fgw.fuzhou.gov.cn/fgwzwgk/fzgggz/jgysf/msspjgxq/zfsp/202606/t20260625_5337968.htm
福州市,2026年6月25日,"
		2026年6月25日福州市主副食品集超均价表_主副食品_
		福州市发展和改革委员会
	",牛肉,去骨肉,元/500克,45.50,,,,,福州市主副食品集超均价表，集超均价,,,https://fgw.fuzhou.gov.cn/fgwzwgk/fzgggz/jgysf/msspjgxq/zfsp/202606/t20260625_5337968.htm
福州市,2026年6月25日,"
		2026年6月25日福州市主副食品集超均价表_主副食品_
		福州市发展和改革委员会
	",猪瘦肉,新鲜,元/500克,13.65,,,,,福州市主副食品集超均价表，集超均价,,,https://fgw.fuzhou.gov.cn/fgwzwgk/fzgggz/jgysf/msspjgxq/zfsp/202606/t20260625_5337968.htm
福州市,2026年6月25日,"
		2026年6月25日福州市主副食品集超均价表_主副食品_
		福州市发展和改革委员会
	",猪肋条肉,新鲜,元/500克,14.17,,,,,福州市主副食品集超均价表，集超均价,,,https://fgw.fuzhou.gov.cn/fgwzwgk/fzgggz/jgysf/msspjgxq/zfsp/202606/t20260625_5337968.htm
福州市,2026年6月25日,"
		2026年6月25日福州市主副食品集超均价表_主副食品_
		福州市发展和改革委员会
	",白萝卜,新鲜,元/500克,1.89,,,,,福州市主副食品集超均价表，集超均价,,,https://fgw.fuzhou.gov.cn/fgwzwgk/fzgggz/jgysf/msspjgxq/zfsp/202606/t20260625_5337968.htm
福州市,2026年6月25日,"
		2026年6月25日福州市主副食品集超均价表_主副食品_
		福州市发展和改革委员会
	",空心菜,新鲜,元/500克,3.74,,,,,福州市主副食品集超均价表，集超均价,,,https://fgw.fuzhou.gov.cn/fgwzwgk/fzgggz/jgysf/msspjgxq/zfsp/202606/t20260625_5337968.htm
福州市,2026年6月25日,"
		2026年6月25日福州市主副食品集超均价表_主副食品_
		福州市发展和改革委员会
	",粳米,标一,元/500克,2.97,,,,,福州市主副食品集超均价表，集超均价,,,https://fgw.fuzhou.gov.cn/fgwzwgk/fzgggz/jgysf/msspjgxq/zfsp/202606/t20260625_5337968.htm
福州市,2026年6月25日,"
		2026年6月25日福州市主副食品集超均价表_主副食品_
		福州市发展和改革委员会
	",红萝卜,新鲜,元/500克,2.44,,,,,福州市主副食品集超均价表，集超均价,,,https://fgw.fuzhou.gov.cn/fgwzwgk/fzgggz/jgysf/msspjgxq/zfsp/202606/t20260625_5337968.htm
福州市,2026年6月25日,"
		2026年6月25日福州市主副食品集超均价表_主副食品_
		福州市发展和改革委员会
	",纯牛奶,盒装,元/盒(250毫升),2.69,,,,,福州市主副食品集超均价表，集超均价,,,https://fgw.fuzhou.gov.cn/fgwzwgk/fzgggz/jgysf/msspjgxq/zfsp/202606/t20260625_5337968.htm
福州市,2026年6月25日,"
		2026年6月25日福州市主副食品集超均价表_主副食品_
		福州市发展和改革委员会
	",羊肉,带骨肉,元/500克,43.77,,,,,福州市主副食品集超均价表，集超均价,,,https://fgw.fuzhou.gov.cn/fgwzwgk/fzgggz/jgysf/msspjgxq/zfsp/202606/t20260625_5337968.htm
福州市,2026年6月25日,"
		2026年6月25日福州市主副食品集超均价表_主副食品_
		福州市发展和改革委员会
	",脐橙,新鲜,元/500克,4.77,,,,,福州市主副食品集超均价表，集超均价,,,https://fgw.fuzhou.gov.cn/fgwzwgk/fzgggz/jgysf/msspjgxq/zfsp/202606/t20260625_5337968.htm
福州市,2026年6月25日,"
		2026年6月25日福州市主副食品集超均价表_主副食品_
		福州市发展和改革委员会
	",花生油,桶装一级,元/5升,107.01,,,,,福州市主副食品集超均价表，集超均价,,,https://fgw.fuzhou.gov.cn/fgwzwgk/fzgggz/jgysf/msspjgxq/zfsp/202606/t20260625_5337968.htm
福州市,2026年6月25日,"
		2026年6月25日福州市主副食品集超均价表_主副食品_
		福州市发展和改革委员会
	",花菜,新鲜,元/500克,4.23,,,,,福州市主副食品集超均价表，集超均价,,,https://fgw.fuzhou.gov.cn/fgwzwgk/fzgggz/jgysf/msspjgxq/zfsp/202606/t20260625_5337968.htm
福州市,2026年6月25日,"
		2026年6月25日福州市主副食品集超均价表_主副食品_
		福州市发展和改革委员会
	",芹菜,新鲜,元/500克,6.41,,,,,福州市主副食品集超均价表，集超均价,,,https://fgw.fuzhou.gov.cn/fgwzwgk/fzgggz/jgysf/msspjgxq/zfsp/202606/t20260625_5337968.htm
福州市,2026年6月25日,"
		2026年6月25日福州市主副食品集超均价表_主副食品_
		福州市发展和改革委员会
	",苹果,新鲜,元/500克,8.41,,,,,福州市主副食品集超均价表，集超均价,,,https://fgw.fuzhou.gov.cn/fgwzwgk/fzgggz/jgysf/msspjgxq/zfsp/202606/t20260625_5337968.htm
福州市,2026年6月25日,"
		2026年6月25日福州市主副食品集超均价表_主副食品_
		福州市发展和改革委员会
	",茄子,新鲜,元/500克,4.34,,,,,福州市主副食品集超均价表，集超均价,,,https://fgw.fuzhou.gov.cn/fgwzwgk/fzgggz/jgysf/msspjgxq/zfsp/202606/t20260625_5337968.htm
福州市,2026年6月25日,"
		2026年6月25日福州市主副食品集超均价表_主副食品_
		福州市发展和改革委员会
	",菜籽油,桶装一级,元/5升,70.10,,,,,福州市主副食品集超均价表，集超均价,,,https://fgw.fuzhou.gov.cn/fgwzwgk/fzgggz/jgysf/msspjgxq/zfsp/202606/t20260625_5337968.htm
福州市,2026年6月25日,"
		2026年6月25日福州市主副食品集超均价表_主副食品_
		福州市发展和改革委员会
	",蒜苔,新鲜,元/500克,7.88,,,,,福州市主副食品集超均价表，集超均价,,,https://fgw.fuzhou.gov.cn/fgwzwgk/fzgggz/jgysf/msspjgxq/zfsp/202606/t20260625_5337968.htm
福州市,2026年6月25日,"
		2026年6月25日福州市主副食品集超均价表_主副食品_
		福州市发展和改革委员会
	",西红柿,新鲜,元/500克,4.01,,,,,福州市主副食品集超均价表，集超均价,,,https://fgw.fuzhou.gov.cn/fgwzwgk/fzgggz/jgysf/msspjgxq/zfsp/202606/t20260625_5337968.htm
福州市,2026年6月25日,"
		2026年6月25日福州市主副食品集超均价表_主副食品_
		福州市发展和改革委员会
	",调和油,桶装一级,元/5升,66.45,,,,,福州市主副食品集超均价表，集超均价,,,https://fgw.fuzhou.gov.cn/fgwzwgk/fzgggz/jgysf/msspjgxq/zfsp/202606/t20260625_5337968.htm
福州市,2026年6月25日,"
		2026年6月25日福州市主副食品集超均价表_主副食品_
		福州市发展和改革委员会
	",豆角,新鲜,元/500克,6.43,,,,,福州市主副食品集超均价表，集超均价,,,https://fgw.fuzhou.gov.cn/fgwzwgk/fzgggz/jgysf/msspjgxq/zfsp/202606/t20260625_5337968.htm
福州市,2026年6月25日,"
		2026年6月25日福州市主副食品集超均价表_主副食品_
		福州市发展和改革委员会
	",青椒,新鲜,元/500克,5.73,,,,,福州市主副食品集超均价表，集超均价,,,https://fgw.fuzhou.gov.cn/fgwzwgk/fzgggz/jgysf/msspjgxq/zfsp/202606/t20260625_5337968.htm
福州市,2026年6月25日,"
		2026年6月25日福州市主副食品集超均价表_主副食品_
		福州市发展和改革委员会
	",韭菜,新鲜,元/500克,5.64,,,,,福州市主副食品集超均价表，集超均价,,,https://fgw.fuzhou.gov.cn/fgwzwgk/fzgggz/jgysf/msspjgxq/zfsp/202606/t20260625_5337968.htm
福州市,2026年6月25日,"
		2026年6月25日福州市主副食品集超均价表_主副食品_
		福州市发展和改革委员会
	",香蕉,新鲜,元/500克,5.10,,,,,福州市主副食品集超均价表，集超均价,,,https://fgw.fuzhou.gov.cn/fgwzwgk/fzgggz/jgysf/msspjgxq/zfsp/202606/t20260625_5337968.htm
福州市,2026年6月25日,"
		2026年6月25日福州市主副食品集超均价表_主副食品_
		福州市发展和改革委员会
	",马胶鱼,冰鲜,元/500克,28.64,,,,,福州市主副食品集超均价表，集超均价,,,https://fgw.fuzhou.gov.cn/fgwzwgk/fzgggz/jgysf/msspjgxq/zfsp/202606/t20260625_5337968.htm
福州市,2026年6月25日,"
		2026年6月25日福州市主副食品集超均价表_主副食品_
		福州市发展和改革委员会
	",鱿鱼,冰鲜,元/500克,49.66,,,,,福州市主副食品集超均价表，集超均价,,,https://fgw.fuzhou.gov.cn/fgwzwgk/fzgggz/jgysf/msspjgxq/zfsp/202606/t20260625_5337968.htm
福州市,2026年6月25日,"
		2026年6月25日福州市主副食品集超均价表_主副食品_
		福州市发展和改革委员会
	",鸡肉,白条鸡,元/500克,14.90,,,,,福州市主副食品集超均价表，集超均价,,,https://fgw.fuzhou.gov.cn/fgwzwgk/fzgggz/jgysf/msspjgxq/zfsp/202606/t20260625_5337968.htm
福州市,2026年6月25日,"
		2026年6月25日福州市主副食品集超均价表_主副食品_
		福州市发展和改革委员会
	",鸭肉,白条鸭,元/500克,16.18,,,,,福州市主副食品集超均价表，集超均价,,,https://fgw.fuzhou.gov.cn/fgwzwgk/fzgggz/jgysf/msspjgxq/zfsp/202606/t20260625_5337968.htm
福州市,2026年6月25日,"
		2026年6月25日福州市主副食品集超均价表_主副食品_
		福州市发展和改革委员会
	",黄瓜,新鲜,元/500克,2.67,,,,,福州市主副食品集超均价表，集超均价,,,https://fgw.fuzhou.gov.cn/fgwzwgk/fzgggz/jgysf/msspjgxq/zfsp/202606/t20260625_5337968.htm
福州市,2026年6月25日,"
		2026年6月25日福州市主副食品集超均价表_主副食品_
		福州市发展和改革委员会
	",黄瓜鱼,冰鲜,元/500克,27.83,,,,,福州市主副食品集超均价表，集超均价,,,https://fgw.fuzhou.gov.cn/fgwzwgk/fzgggz/jgysf/msspjgxq/zfsp/202606/t20260625_5337968.htm
福州市,2026年6月26日,"
		2026年6月26日福州市主副食品集超均价表_主副食品_
		福州市发展和改革委员会
	",上海青,新鲜,元/500克,3.21,,,,,福州市主副食品集超均价表，集超均价,,,https://fgw.fuzhou.gov.cn/fgwzwgk/fzgggz/jgysf/msspjgxq/zfsp/202606/t20260626_5338569.htm
福州市,2026年6月26日,"
		2026年6月26日福州市主副食品集超均价表_主副食品_
		福州市发展和改革委员会
	",冻带鱼,冷冻,元/500克,22.34,,,,,福州市主副食品集超均价表，集超均价,,,https://fgw.fuzhou.gov.cn/fgwzwgk/fzgggz/jgysf/msspjgxq/zfsp/202606/t20260626_5338569.htm
福州市,2026年6月26日,"
		2026年6月26日福州市主副食品集超均价表_主副食品_
		福州市发展和改革委员会
	",圆白菜,新鲜,元/500克,2.03,,,,,福州市主副食品集超均价表，集超均价,,,https://fgw.fuzhou.gov.cn/fgwzwgk/fzgggz/jgysf/msspjgxq/zfsp/202606/t20260626_5338569.htm
福州市,2026年6月26日,"
		2026年6月26日福州市主副食品集超均价表_主副食品_
		福州市发展和改革委员会
	",土豆,新鲜,元/500克,2.30,,,,,福州市主副食品集超均价表，集超均价,,,https://fgw.fuzhou.gov.cn/fgwzwgk/fzgggz/jgysf/msspjgxq/zfsp/202606/t20260626_5338569.htm
福州市,2026年6月26日,"
		2026年6月26日福州市主副食品集超均价表_主副食品_
		福州市发展和改革委员会
	",大白菜,新鲜,元/500克,2.10,,,,,福州市主副食品集超均价表，集超均价,,,https://fgw.fuzhou.gov.cn/fgwzwgk/fzgggz/jgysf/msspjgxq/zfsp/202606/t20260626_5338569.htm
福州市,2026年6月26日,"
		2026年6月26日福州市主副食品集超均价表_主副食品_
		福州市发展和改革委员会
	",大豆油,桶装一级,元/5升,59.39,,,,,福州市主副食品集超均价表，集超均价,,,https://fgw.fuzhou.gov.cn/fgwzwgk/fzgggz/jgysf/msspjgxq/zfsp/202606/t20260626_5338569.htm
福州市,2026年6月26日,"
		2026年6月26日福州市主副食品集超均价表_主副食品_
		福州市发展和改革委员会
	",富强粉,,元/500克,3.57,,,,,福州市主副食品集超均价表，集超均价,,,https://fgw.fuzhou.gov.cn/fgwzwgk/fzgggz/jgysf/msspjgxq/zfsp/202606/t20260626_5338569.htm
福州市,2026年6月26日,"
		2026年6月26日福州市主副食品集超均价表_主副食品_
		福州市发展和改革委员会
	",尖椒,新鲜,元/500克,4.90,,,,,福州市主副食品集超均价表，集超均价,,,https://fgw.fuzhou.gov.cn/fgwzwgk/fzgggz/jgysf/msspjgxq/zfsp/202606/t20260626_5338569.htm
福州市,2026年6月26日,"
		2026年6月26日福州市主副食品集超均价表_主副食品_
		福州市发展和改革委员会
	",晚籼米,标一,元/500克,2.68,,,,,福州市主副食品集超均价表，集超均价,,,https://fgw.fuzhou.gov.cn/fgwzwgk/fzgggz/jgysf/msspjgxq/zfsp/202606/t20260626_5338569.htm
福州市,2026年6月26日,"
		2026年6月26日福州市主副食品集超均价表_主副食品_
		福州市发展和改革委员会
	",普通鸡蛋,新鲜完整,元/500克,6.48,,,,,福州市主副食品集超均价表，集超均价,,,https://fgw.fuzhou.gov.cn/fgwzwgk/fzgggz/jgysf/msspjgxq/zfsp/202606/t20260626_5338569.htm
福州市,2026年6月26日,"
		2026年6月26日福州市主副食品集超均价表_主副食品_
		福州市发展和改革委员会
	",普通鸭蛋,新鲜完整,元/500克,7.97,,,,,福州市主副食品集超均价表，集超均价,,,https://fgw.fuzhou.gov.cn/fgwzwgk/fzgggz/jgysf/msspjgxq/zfsp/202606/t20260626_5338569.htm
福州市,2026年6月26日,"
		2026年6月26日福州市主副食品集超均价表_主副食品_
		福州市发展和改革委员会
	",标准粉,,元/500克,2.44,,,,,福州市主副食品集超均价表，集超均价,,,https://fgw.fuzhou.gov.cn/fgwzwgk/fzgggz/jgysf/msspjgxq/zfsp/202606/t20260626_5338569.htm
福州市,2026年6月26日,"
		2026年6月26日福州市主副食品集超均价表_主副食品_
		福州市发展和改革委员会
	",梨,新鲜,元/500克,5.54,,,,,福州市主副食品集超均价表，集超均价,,,https://fgw.fuzhou.gov.cn/fgwzwgk/fzgggz/jgysf/msspjgxq/zfsp/202606/t20260626_5338569.htm
福州市,2026年6月26日,"
		2026年6月26日福州市主副食品集超均价表_主副食品_
		福州市发展和改革委员会
	",油菜(菜心),新鲜,元/500克,3.69,,,,,福州市主副食品集超均价表，集超均价,,,https://fgw.fuzhou.gov.cn/fgwzwgk/fzgggz/jgysf/msspjgxq/zfsp/202606/t20260626_5338569.htm
福州市,2026年6月26日,"
		2026年6月26日福州市主副食品集超均价表_主副食品_
		福州市发展和改革委员会
	",活明虾,鲜活,元/500克,29.17,,,,,福州市主副食品集超均价表，集超均价,,,https://fgw.fuzhou.gov.cn/fgwzwgk/fzgggz/jgysf/msspjgxq/zfsp/202606/t20260626_5338569.htm
福州市,2026年6月26日,"
		2026年6月26日福州市主副食品集超均价表_主副食品_
		福州市发展和改革委员会
	",活花蛤,鲜活,元/500克,10.30,,,,,福州市主副食品集超均价表，集超均价,,,https://fgw.fuzhou.gov.cn/fgwzwgk/fzgggz/jgysf/msspjgxq/zfsp/202606/t20260626_5338569.htm
福州市,2026年6月26日,"
		2026年6月26日福州市主副食品集超均价表_主副食品_
		福州市发展和改革委员会
	",活草鱼,鲜活,元/500克,11.95,,,,,福州市主副食品集超均价表，集超均价,,,https://fgw.fuzhou.gov.cn/fgwzwgk/fzgggz/jgysf/msspjgxq/zfsp/202606/t20260626_5338569.htm
福州市,2026年6月26日,"
		2026年6月26日福州市主副食品集超均价表_主副食品_
		福州市发展和改革委员会
	",活鳙鱼（大头鲢）,鲜活,元/500克,13.90,,,,,福州市主副食品集超均价表，集超均价,,,https://fgw.fuzhou.gov.cn/fgwzwgk/fzgggz/jgysf/msspjgxq/zfsp/202606/t20260626_5338569.htm
福州市,2026年6月26日,"
		2026年6月26日福州市主副食品集超均价表_主副食品_
		福州市发展和改革委员会
	",牛肉,去骨肉,元/500克,45.43,,,,,福州市主副食品集超均价表，集超均价,,,https://fgw.fuzhou.gov.cn/fgwzwgk/fzgggz/jgysf/msspjgxq/zfsp/202606/t20260626_5338569.htm
福州市,2026年6月26日,"
		2026年6月26日福州市主副食品集超均价表_主副食品_
		福州市发展和改革委员会
	",猪瘦肉,新鲜,元/500克,13.72,,,,,福州市主副食品集超均价表，集超均价,,,https://fgw.fuzhou.gov.cn/fgwzwgk/fzgggz/jgysf/msspjgxq/zfsp/202606/t20260626_5338569.htm
福州市,2026年6月26日,"
		2026年6月26日福州市主副食品集超均价表_主副食品_
		福州市发展和改革委员会
	",猪肋条肉,新鲜,元/500克,13.96,,,,,福州市主副食品集超均价表，集超均价,,,https://fgw.fuzhou.gov.cn/fgwzwgk/fzgggz/jgysf/msspjgxq/zfsp/202606/t20260626_5338569.htm
福州市,2026年6月26日,"
		2026年6月26日福州市主副食品集超均价表_主副食品_
		福州市发展和改革委员会
	",白萝卜,新鲜,元/500克,1.87,,,,,福州市主副食品集超均价表，集超均价,,,https://fgw.fuzhou.gov.cn/fgwzwgk/fzgggz/jgysf/msspjgxq/zfsp/202606/t20260626_5338569.htm
福州市,2026年6月26日,"
		2026年6月26日福州市主副食品集超均价表_主副食品_
		福州市发展和改革委员会
	",空心菜,新鲜,元/500克,3.79,,,,,福州市主副食品集超均价表，集超均价,,,https://fgw.fuzhou.gov.cn/fgwzwgk/fzgggz/jgysf/msspjgxq/zfsp/202606/t20260626_5338569.htm
福州市,2026年6月26日,"
		2026年6月26日福州市主副食品集超均价表_主副食品_
		福州市发展和改革委员会
	",粳米,标一,元/500克,2.97,,,,,福州市主副食品集超均价表，集超均价,,,https://fgw.fuzhou.gov.cn/fgwzwgk/fzgggz/jgysf/msspjgxq/zfsp/202606/t20260626_5338569.htm
福州市,2026年6月26日,"
		2026年6月26日福州市主副食品集超均价表_主副食品_
		福州市发展和改革委员会
	",红萝卜,新鲜,元/500克,2.48,,,,,福州市主副食品集超均价表，集超均价,,,https://fgw.fuzhou.gov.cn/fgwzwgk/fzgggz/jgysf/msspjgxq/zfsp/202606/t20260626_5338569.htm
福州市,2026年6月26日,"
		2026年6月26日福州市主副食品集超均价表_主副食品_
		福州市发展和改革委员会
	",纯牛奶,盒装,元/盒(250毫升),2.69,,,,,福州市主副食品集超均价表，集超均价,,,https://fgw.fuzhou.gov.cn/fgwzwgk/fzgggz/jgysf/msspjgxq/zfsp/202606/t20260626_5338569.htm
福州市,2026年6月26日,"
		2026年6月26日福州市主副食品集超均价表_主副食品_
		福州市发展和改革委员会
	",羊肉,带骨肉,元/500克,43.77,,,,,福州市主副食品集超均价表，集超均价,,,https://fgw.fuzhou.gov.cn/fgwzwgk/fzgggz/jgysf/msspjgxq/zfsp/202606/t20260626_5338569.htm
福州市,2026年6月26日,"
		2026年6月26日福州市主副食品集超均价表_主副食品_
		福州市发展和改革委员会
	",脐橙,新鲜,元/500克,4.77,,,,,福州市主副食品集超均价表，集超均价,,,https://fgw.fuzhou.gov.cn/fgwzwgk/fzgggz/jgysf/msspjgxq/zfsp/202606/t20260626_5338569.htm
福州市,2026年6月26日,"
		2026年6月26日福州市主副食品集超均价表_主副食品_
		福州市发展和改革委员会
	",花生油,桶装一级,元/5升,107.01,,,,,福州市主副食品集超均价表，集超均价,,,https://fgw.fuzhou.gov.cn/fgwzwgk/fzgggz/jgysf/msspjgxq/zfsp/202606/t20260626_5338569.htm
福州市,2026年6月26日,"
		2026年6月26日福州市主副食品集超均价表_主副食品_
		福州市发展和改革委员会
	",花菜,新鲜,元/500克,4.27,,,,,福州市主副食品集超均价表，集超均价,,,https://fgw.fuzhou.gov.cn/fgwzwgk/fzgggz/jgysf/msspjgxq/zfsp/202606/t20260626_5338569.htm
福州市,2026年6月26日,"
		2026年6月26日福州市主副食品集超均价表_主副食品_
		福州市发展和改革委员会
	",芹菜,新鲜,元/500克,6.19,,,,,福州市主副食品集超均价表，集超均价,,,https://fgw.fuzhou.gov.cn/fgwzwgk/fzgggz/jgysf/msspjgxq/zfsp/202606/t20260626_5338569.htm
福州市,2026年6月26日,"
		2026年6月26日福州市主副食品集超均价表_主副食品_
		福州市发展和改革委员会
	",苹果,新鲜,元/500克,8.35,,,,,福州市主副食品集超均价表，集超均价,,,https://fgw.fuzhou.gov.cn/fgwzwgk/fzgggz/jgysf/msspjgxq/zfsp/202606/t20260626_5338569.htm
福州市,2026年6月26日,"
		2026年6月26日福州市主副食品集超均价表_主副食品_
		福州市发展和改革委员会
	",茄子,新鲜,元/500克,4.34,,,,,福州市主副食品集超均价表，集超均价,,,https://fgw.fuzhou.gov.cn/fgwzwgk/fzgggz/jgysf/msspjgxq/zfsp/202606/t20260626_5338569.htm
福州市,2026年6月26日,"
		2026年6月26日福州市主副食品集超均价表_主副食品_
		福州市发展和改革委员会
	",菜籽油,桶装一级,元/5升,70.10,,,,,福州市主副食品集超均价表，集超均价,,,https://fgw.fuzhou.gov.cn/fgwzwgk/fzgggz/jgysf/msspjgxq/zfsp/202606/t20260626_5338569.htm
福州市,2026年6月26日,"
		2026年6月26日福州市主副食品集超均价表_主副食品_
		福州市发展和改革委员会
	",蒜苔,新鲜,元/500克,7.88,,,,,福州市主副食品集超均价表，集超均价,,,https://fgw.fuzhou.gov.cn/fgwzwgk/fzgggz/jgysf/msspjgxq/zfsp/202606/t20260626_5338569.htm
福州市,2026年6月26日,"
		2026年6月26日福州市主副食品集超均价表_主副食品_
		福州市发展和改革委员会
	",西红柿,新鲜,元/500克,3.97,,,,,福州市主副食品集超均价表，集超均价,,,https://fgw.fuzhou.gov.cn/fgwzwgk/fzgggz/jgysf/msspjgxq/zfsp/202606/t20260626_5338569.htm
福州市,2026年6月26日,"
		2026年6月26日福州市主副食品集超均价表_主副食品_
		福州市发展和改革委员会
	",调和油,桶装一级,元/5升,66.45,,,,,福州市主副食品集超均价表，集超均价,,,https://fgw.fuzhou.gov.cn/fgwzwgk/fzgggz/jgysf/msspjgxq/zfsp/202606/t20260626_5338569.htm
福州市,2026年6月26日,"
		2026年6月26日福州市主副食品集超均价表_主副食品_
		福州市发展和改革委员会
	",豆角,新鲜,元/500克,6.40,,,,,福州市主副食品集超均价表，集超均价,,,https://fgw.fuzhou.gov.cn/fgwzwgk/fzgggz/jgysf/msspjgxq/zfsp/202606/t20260626_5338569.htm
福州市,2026年6月26日,"
		2026年6月26日福州市主副食品集超均价表_主副食品_
		福州市发展和改革委员会
	",青椒,新鲜,元/500克,5.90,,,,,福州市主副食品集超均价表，集超均价,,,https://fgw.fuzhou.gov.cn/fgwzwgk/fzgggz/jgysf/msspjgxq/zfsp/202606/t20260626_5338569.htm
福州市,2026年6月26日,"
		2026年6月26日福州市主副食品集超均价表_主副食品_
		福州市发展和改革委员会
	",韭菜,新鲜,元/500克,5.68,,,,,福州市主副食品集超均价表，集超均价,,,https://fgw.fuzhou.gov.cn/fgwzwgk/fzgggz/jgysf/msspjgxq/zfsp/202606/t20260626_5338569.htm
福州市,2026年6月26日,"
		2026年6月26日福州市主副食品集超均价表_主副食品_
		福州市发展和改革委员会
	",香蕉,新鲜,元/500克,5.03,,,,,福州市主副食品集超均价表，集超均价,,,https://fgw.fuzhou.gov.cn/fgwzwgk/fzgggz/jgysf/msspjgxq/zfsp/202606/t20260626_5338569.htm
福州市,2026年6月26日,"
		2026年6月26日福州市主副食品集超均价表_主副食品_
		福州市发展和改革委员会
	",马胶鱼,冰鲜,元/500克,28.64,,,,,福州市主副食品集超均价表，集超均价,,,https://fgw.fuzhou.gov.cn/fgwzwgk/fzgggz/jgysf/msspjgxq/zfsp/202606/t20260626_5338569.htm
福州市,2026年6月26日,"
		2026年6月26日福州市主副食品集超均价表_主副食品_
		福州市发展和改革委员会
	",鱿鱼,冰鲜,元/500克,49.87,,,,,福州市主副食品集超均价表，集超均价,,,https://fgw.fuzhou.gov.cn/fgwzwgk/fzgggz/jgysf/msspjgxq/zfsp/202606/t20260626_5338569.htm
福州市,2026年6月26日,"
		2026年6月26日福州市主副食品集超均价表_主副食品_
		福州市发展和改革委员会
	",鸡肉,白条鸡,元/500克,14.90,,,,,福州市主副食品集超均价表，集超均价,,,https://fgw.fuzhou.gov.cn/fgwzwgk/fzgggz/jgysf/msspjgxq/zfsp/202606/t20260626_5338569.htm
福州市,2026年6月26日,"
		2026年6月26日福州市主副食品集超均价表_主副食品_
		福州市发展和改革委员会
	",鸭肉,白条鸭,元/500克,16.18,,,,,福州市主副食品集超均价表，集超均价,,,https://fgw.fuzhou.gov.cn/fgwzwgk/fzgggz/jgysf/msspjgxq/zfsp/202606/t20260626_5338569.htm
福州市,2026年6月26日,"
		2026年6月26日福州市主副食品集超均价表_主副食品_
		福州市发展和改革委员会
	",黄瓜,新鲜,元/500克,2.62,,,,,福州市主副食品集超均价表，集超均价,,,https://fgw.fuzhou.gov.cn/fgwzwgk/fzgggz/jgysf/msspjgxq/zfsp/202606/t20260626_5338569.htm
福州市,2026年6月26日,"
		2026年6月26日福州市主副食品集超均价表_主副食品_
		福州市发展和改革委员会
	",黄瓜鱼,冰鲜,元/500克,27.76,,,,,福州市主副食品集超均价表，集超均价,,,https://fgw.fuzhou.gov.cn/fgwzwgk/fzgggz/jgysf/msspjgxq/zfsp/202606/t20260626_5338569.htm
福州市,2026年6月29日,"
		2026年6月29日福州市主副食品集超均价表_主副食品_
		福州市发展和改革委员会
	",上海青,新鲜,元/500克,3.19,,,,,福州市主副食品集超均价表，集超均价,,,https://fgw.fuzhou.gov.cn/fgwzwgk/fzgggz/jgysf/msspjgxq/zfsp/202606/t20260629_5339451.htm
福州市,2026年6月29日,"
		2026年6月29日福州市主副食品集超均价表_主副食品_
		福州市发展和改革委员会
	",冻带鱼,冷冻,元/500克,22.47,,,,,福州市主副食品集超均价表，集超均价,,,https://fgw.fuzhou.gov.cn/fgwzwgk/fzgggz/jgysf/msspjgxq/zfsp/202606/t20260629_5339451.htm
福州市,2026年6月29日,"
		2026年6月29日福州市主副食品集超均价表_主副食品_
		福州市发展和改革委员会
	",圆白菜,新鲜,元/500克,2.02,,,,,福州市主副食品集超均价表，集超均价,,,https://fgw.fuzhou.gov.cn/fgwzwgk/fzgggz/jgysf/msspjgxq/zfsp/202606/t20260629_5339451.htm
福州市,2026年6月29日,"
		2026年6月29日福州市主副食品集超均价表_主副食品_
		福州市发展和改革委员会
	",土豆,新鲜,元/500克,2.24,,,,,福州市主副食品集超均价表，集超均价,,,https://fgw.fuzhou.gov.cn/fgwzwgk/fzgggz/jgysf/msspjgxq/zfsp/202606/t20260629_5339451.htm
福州市,2026年6月29日,"
		2026年6月29日福州市主副食品集超均价表_主副食品_
		福州市发展和改革委员会
	",大白菜,新鲜,元/500克,2.10,,,,,福州市主副食品集超均价表，集超均价,,,https://fgw.fuzhou.gov.cn/fgwzwgk/fzgggz/jgysf/msspjgxq/zfsp/202606/t20260629_5339451.htm
福州市,2026年6月29日,"
		2026年6月29日福州市主副食品集超均价表_主副食品_
		福州市发展和改革委员会
	",大豆油,桶装一级,元/5升,59.39,,,,,福州市主副食品集超均价表，集超均价,,,https://fgw.fuzhou.gov.cn/fgwzwgk/fzgggz/jgysf/msspjgxq/zfsp/202606/t20260629_5339451.htm
福州市,2026年6月29日,"
		2026年6月29日福州市主副食品集超均价表_主副食品_
		福州市发展和改革委员会
	",富强粉,,元/500克,3.57,,,,,福州市主副食品集超均价表，集超均价,,,https://fgw.fuzhou.gov.cn/fgwzwgk/fzgggz/jgysf/msspjgxq/zfsp/202606/t20260629_5339451.htm
福州市,2026年6月29日,"
		2026年6月29日福州市主副食品集超均价表_主副食品_
		福州市发展和改革委员会
	",尖椒,新鲜,元/500克,5.04,,,,,福州市主副食品集超均价表，集超均价,,,https://fgw.fuzhou.gov.cn/fgwzwgk/fzgggz/jgysf/msspjgxq/zfsp/202606/t20260629_5339451.htm
福州市,2026年6月29日,"
		2026年6月29日福州市主副食品集超均价表_主副食品_
		福州市发展和改革委员会
	",晚籼米,标一,元/500克,2.68,,,,,福州市主副食品集超均价表，集超均价,,,https://fgw.fuzhou.gov.cn/fgwzwgk/fzgggz/jgysf/msspjgxq/zfsp/202606/t20260629_5339451.htm
福州市,2026年6月29日,"
		2026年6月29日福州市主副食品集超均价表_主副食品_
		福州市发展和改革委员会
	",普通鸡蛋,新鲜完整,元/500克,6.43,,,,,福州市主副食品集超均价表，集超均价,,,https://fgw.fuzhou.gov.cn/fgwzwgk/fzgggz/jgysf/msspjgxq/zfsp/202606/t20260629_5339451.htm
福州市,2026年6月29日,"
		2026年6月29日福州市主副食品集超均价表_主副食品_
		福州市发展和改革委员会
	",普通鸭蛋,新鲜完整,元/500克,7.97,,,,,福州市主副食品集超均价表，集超均价,,,https://fgw.fuzhou.gov.cn/fgwzwgk/fzgggz/jgysf/msspjgxq/zfsp/202606/t20260629_5339451.htm
福州市,2026年6月29日,"
		2026年6月29日福州市主副食品集超均价表_主副食品_
		福州市发展和改革委员会
	",标准粉,,元/500克,2.44,,,,,福州市主副食品集超均价表，集超均价,,,https://fgw.fuzhou.gov.cn/fgwzwgk/fzgggz/jgysf/msspjgxq/zfsp/202606/t20260629_5339451.htm
福州市,2026年6月29日,"
		2026年6月29日福州市主副食品集超均价表_主副食品_
		福州市发展和改革委员会
	",梨,新鲜,元/500克,5.54,,,,,福州市主副食品集超均价表，集超均价,,,https://fgw.fuzhou.gov.cn/fgwzwgk/fzgggz/jgysf/msspjgxq/zfsp/202606/t20260629_5339451.htm
福州市,2026年6月29日,"
		2026年6月29日福州市主副食品集超均价表_主副食品_
		福州市发展和改革委员会
	",油菜(菜心),新鲜,元/500克,3.75,,,,,福州市主副食品集超均价表，集超均价,,,https://fgw.fuzhou.gov.cn/fgwzwgk/fzgggz/jgysf/msspjgxq/zfsp/202606/t20260629_5339451.htm
福州市,2026年6月29日,"
		2026年6月29日福州市主副食品集超均价表_主副食品_
		福州市发展和改革委员会
	",活明虾,鲜活,元/500克,29.24,,,,,福州市主副食品集超均价表，集超均价,,,https://fgw.fuzhou.gov.cn/fgwzwgk/fzgggz/jgysf/msspjgxq/zfsp/202606/t20260629_5339451.htm
福州市,2026年6月29日,"
		2026年6月29日福州市主副食品集超均价表_主副食品_
		福州市发展和改革委员会
	",活花蛤,鲜活,元/500克,10.30,,,,,福州市主副食品集超均价表，集超均价,,,https://fgw.fuzhou.gov.cn/fgwzwgk/fzgggz/jgysf/msspjgxq/zfsp/202606/t20260629_5339451.htm
福州市,2026年6月29日,"
		2026年6月29日福州市主副食品集超均价表_主副食品_
		福州市发展和改革委员会
	",活草鱼,鲜活,元/500克,12.10,,,,,福州市主副食品集超均价表，集超均价,,,https://fgw.fuzhou.gov.cn/fgwzwgk/fzgggz/jgysf/msspjgxq/zfsp/202606/t20260629_5339451.htm
福州市,2026年6月29日,"
		2026年6月29日福州市主副食品集超均价表_主副食品_
		福州市发展和改革委员会
	",活鳙鱼（大头鲢）,鲜活,元/500克,13.90,,,,,福州市主副食品集超均价表，集超均价,,,https://fgw.fuzhou.gov.cn/fgwzwgk/fzgggz/jgysf/msspjgxq/zfsp/202606/t20260629_5339451.htm
福州市,2026年6月29日,"
		2026年6月29日福州市主副食品集超均价表_主副食品_
		福州市发展和改革委员会
	",牛肉,去骨肉,元/500克,45.50,,,,,福州市主副食品集超均价表，集超均价,,,https://fgw.fuzhou.gov.cn/fgwzwgk/fzgggz/jgysf/msspjgxq/zfsp/202606/t20260629_5339451.htm
福州市,2026年6月29日,"
		2026年6月29日福州市主副食品集超均价表_主副食品_
		福州市发展和改革委员会
	",猪瘦肉,新鲜,元/500克,13.72,,,,,福州市主副食品集超均价表，集超均价,,,https://fgw.fuzhou.gov.cn/fgwzwgk/fzgggz/jgysf/msspjgxq/zfsp/202606/t20260629_5339451.htm
福州市,2026年6月29日,"
		2026年6月29日福州市主副食品集超均价表_主副食品_
		福州市发展和改革委员会
	",猪肋条肉,新鲜,元/500克,14.23,,,,,福州市主副食品集超均价表，集超均价,,,https://fgw.fuzhou.gov.cn/fgwzwgk/fzgggz/jgysf/msspjgxq/zfsp/202606/t20260629_5339451.htm
福州市,2026年6月29日,"
		2026年6月29日福州市主副食品集超均价表_主副食品_
		福州市发展和改革委员会
	",白萝卜,新鲜,元/500克,1.86,,,,,福州市主副食品集超均价表，集超均价,,,https://fgw.fuzhou.gov.cn/fgwzwgk/fzgggz/jgysf/msspjgxq/zfsp/202606/t20260629_5339451.htm
福州市,2026年6月29日,"
		2026年6月29日福州市主副食品集超均价表_主副食品_
		福州市发展和改革委员会
	",空心菜,新鲜,元/500克,3.70,,,,,福州市主副食品集超均价表，集超均价,,,https://fgw.fuzhou.gov.cn/fgwzwgk/fzgggz/jgysf/msspjgxq/zfsp/202606/t20260629_5339451.htm
福州市,2026年6月29日,"
		2026年6月29日福州市主副食品集超均价表_主副食品_
		福州市发展和改革委员会
	",粳米,标一,元/500克,2.97,,,,,福州市主副食品集超均价表，集超均价,,,https://fgw.fuzhou.gov.cn/fgwzwgk/fzgggz/jgysf/msspjgxq/zfsp/202606/t20260629_5339451.htm
福州市,2026年6月29日,"
		2026年6月29日福州市主副食品集超均价表_主副食品_
		福州市发展和改革委员会
	",红萝卜,新鲜,元/500克,2.40,,,,,福州市主副食品集超均价表，集超均价,,,https://fgw.fuzhou.gov.cn/fgwzwgk/fzgggz/jgysf/msspjgxq/zfsp/202606/t20260629_5339451.htm
福州市,2026年6月29日,"
		2026年6月29日福州市主副食品集超均价表_主副食品_
		福州市发展和改革委员会
	",纯牛奶,盒装,元/盒(250毫升),2.69,,,,,福州市主副食品集超均价表，集超均价,,,https://fgw.fuzhou.gov.cn/fgwzwgk/fzgggz/jgysf/msspjgxq/zfsp/202606/t20260629_5339451.htm
福州市,2026年6月29日,"
		2026年6月29日福州市主副食品集超均价表_主副食品_
		福州市发展和改革委员会
	",羊肉,带骨肉,元/500克,43.77,,,,,福州市主副食品集超均价表，集超均价,,,https://fgw.fuzhou.gov.cn/fgwzwgk/fzgggz/jgysf/msspjgxq/zfsp/202606/t20260629_5339451.htm
福州市,2026年6月29日,"
		2026年6月29日福州市主副食品集超均价表_主副食品_
		福州市发展和改革委员会
	",脐橙,新鲜,元/500克,4.83,,,,,福州市主副食品集超均价表，集超均价,,,https://fgw.fuzhou.gov.cn/fgwzwgk/fzgggz/jgysf/msspjgxq/zfsp/202606/t20260629_5339451.htm
福州市,2026年6月29日,"
		2026年6月29日福州市主副食品集超均价表_主副食品_
		福州市发展和改革委员会
	",花生油,桶装一级,元/5升,107.01,,,,,福州市主副食品集超均价表，集超均价,,,https://fgw.fuzhou.gov.cn/fgwzwgk/fzgggz/jgysf/msspjgxq/zfsp/202606/t20260629_5339451.htm
福州市,2026年6月29日,"
		2026年6月29日福州市主副食品集超均价表_主副食品_
		福州市发展和改革委员会
	",花菜,新鲜,元/500克,4.24,,,,,福州市主副食品集超均价表，集超均价,,,https://fgw.fuzhou.gov.cn/fgwzwgk/fzgggz/jgysf/msspjgxq/zfsp/202606/t20260629_5339451.htm
福州市,2026年6月29日,"
		2026年6月29日福州市主副食品集超均价表_主副食品_
		福州市发展和改革委员会
	",芹菜,新鲜,元/500克,6.19,,,,,福州市主副食品集超均价表，集超均价,,,https://fgw.fuzhou.gov.cn/fgwzwgk/fzgggz/jgysf/msspjgxq/zfsp/202606/t20260629_5339451.htm
福州市,2026年6月29日,"
		2026年6月29日福州市主副食品集超均价表_主副食品_
		福州市发展和改革委员会
	",苹果,新鲜,元/500克,8.29,,,,,福州市主副食品集超均价表，集超均价,,,https://fgw.fuzhou.gov.cn/fgwzwgk/fzgggz/jgysf/msspjgxq/zfsp/202606/t20260629_5339451.htm
福州市,2026年6月29日,"
		2026年6月29日福州市主副食品集超均价表_主副食品_
		福州市发展和改革委员会
	",茄子,新鲜,元/500克,4.21,,,,,福州市主副食品集超均价表，集超均价,,,https://fgw.fuzhou.gov.cn/fgwzwgk/fzgggz/jgysf/msspjgxq/zfsp/202606/t20260629_5339451.htm
福州市,2026年6月29日,"
		2026年6月29日福州市主副食品集超均价表_主副食品_
		福州市发展和改革委员会
	",菜籽油,桶装一级,元/5升,70.10,,,,,福州市主副食品集超均价表，集超均价,,,https://fgw.fuzhou.gov.cn/fgwzwgk/fzgggz/jgysf/msspjgxq/zfsp/202606/t20260629_5339451.htm
福州市,2026年6月29日,"
		2026年6月29日福州市主副食品集超均价表_主副食品_
		福州市发展和改革委员会
	",蒜苔,新鲜,元/500克,7.81,,,,,福州市主副食品集超均价表，集超均价,,,https://fgw.fuzhou.gov.cn/fgwzwgk/fzgggz/jgysf/msspjgxq/zfsp/202606/t20260629_5339451.htm
福州市,2026年6月29日,"
		2026年6月29日福州市主副食品集超均价表_主副食品_
		福州市发展和改革委员会
	",西红柿,新鲜,元/500克,3.87,,,,,福州市主副食品集超均价表，集超均价,,,https://fgw.fuzhou.gov.cn/fgwzwgk/fzgggz/jgysf/msspjgxq/zfsp/202606/t20260629_5339451.htm
福州市,2026年6月29日,"
		2026年6月29日福州市主副食品集超均价表_主副食品_
		福州市发展和改革委员会
	",调和油,桶装一级,元/5升,66.45,,,,,福州市主副食品集超均价表，集超均价,,,https://fgw.fuzhou.gov.cn/fgwzwgk/fzgggz/jgysf/msspjgxq/zfsp/202606/t20260629_5339451.htm
福州市,2026年6月29日,"
		2026年6月29日福州市主副食品集超均价表_主副食品_
		福州市发展和改革委员会
	",豆角,新鲜,元/500克,6.21,,,,,福州市主副食品集超均价表，集超均价,,,https://fgw.fuzhou.gov.cn/fgwzwgk/fzgggz/jgysf/msspjgxq/zfsp/202606/t20260629_5339451.htm
福州市,2026年6月29日,"
		2026年6月29日福州市主副食品集超均价表_主副食品_
		福州市发展和改革委员会
	",青椒,新鲜,元/500克,5.86,,,,,福州市主副食品集超均价表，集超均价,,,https://fgw.fuzhou.gov.cn/fgwzwgk/fzgggz/jgysf/msspjgxq/zfsp/202606/t20260629_5339451.htm
福州市,2026年6月29日,"
		2026年6月29日福州市主副食品集超均价表_主副食品_
		福州市发展和改革委员会
	",韭菜,新鲜,元/500克,5.68,,,,,福州市主副食品集超均价表，集超均价,,,https://fgw.fuzhou.gov.cn/fgwzwgk/fzgggz/jgysf/msspjgxq/zfsp/202606/t20260629_5339451.htm
福州市,2026年6月29日,"
		2026年6月29日福州市主副食品集超均价表_主副食品_
		福州市发展和改革委员会
	",香蕉,新鲜,元/500克,5.00,,,,,福州市主副食品集超均价表，集超均价,,,https://fgw.fuzhou.gov.cn/fgwzwgk/fzgggz/jgysf/msspjgxq/zfsp/202606/t20260629_5339451.htm
福州市,2026年6月29日,"
		2026年6月29日福州市主副食品集超均价表_主副食品_
		福州市发展和改革委员会
	",马胶鱼,冰鲜,元/500克,28.64,,,,,福州市主副食品集超均价表，集超均价,,,https://fgw.fuzhou.gov.cn/fgwzwgk/fzgggz/jgysf/msspjgxq/zfsp/202606/t20260629_5339451.htm
福州市,2026年6月29日,"
		2026年6月29日福州市主副食品集超均价表_主副食品_
		福州市发展和改革委员会
	",鱿鱼,冰鲜,元/500克,49.87,,,,,福州市主副食品集超均价表，集超均价,,,https://fgw.fuzhou.gov.cn/fgwzwgk/fzgggz/jgysf/msspjgxq/zfsp/202606/t20260629_5339451.htm
福州市,2026年6月29日,"
		2026年6月29日福州市主副食品集超均价表_主副食品_
		福州市发展和改革委员会
	",鸡肉,白条鸡,元/500克,14.90,,,,,福州市主副食品集超均价表，集超均价,,,https://fgw.fuzhou.gov.cn/fgwzwgk/fzgggz/jgysf/msspjgxq/zfsp/202606/t20260629_5339451.htm
福州市,2026年6月29日,"
		2026年6月29日福州市主副食品集超均价表_主副食品_
		福州市发展和改革委员会
	",鸭肉,白条鸭,元/500克,16.18,,,,,福州市主副食品集超均价表，集超均价,,,https://fgw.fuzhou.gov.cn/fgwzwgk/fzgggz/jgysf/msspjgxq/zfsp/202606/t20260629_5339451.htm
福州市,2026年6月29日,"
		2026年6月29日福州市主副食品集超均价表_主副食品_
		福州市发展和改革委员会
	",黄瓜,新鲜,元/500克,2.69,,,,,福州市主副食品集超均价表，集超均价,,,https://fgw.fuzhou.gov.cn/fgwzwgk/fzgggz/jgysf/msspjgxq/zfsp/202606/t20260629_5339451.htm
福州市,2026年6月29日,"
		2026年6月29日福州市主副食品集超均价表_主副食品_
		福州市发展和改革委员会
	",黄瓜鱼,冰鲜,元/500克,27.49,,,,,福州市主副食品集超均价表，集超均价,,,https://fgw.fuzhou.gov.cn/fgwzwgk/fzgggz/jgysf/msspjgxq/zfsp/202606/t20260629_5339451.htm
福州市,2026年6月8日,"
		2026年6月8日福州市主副食品集超均价表_主副食品_
		福州市发展和改革委员会
	",上海青,新鲜,元/500克,2.99,,,,,福州市主副食品集超均价表，集超均价,,,https://fgw.fuzhou.gov.cn/fgwzwgk/fzgggz/jgysf/msspjgxq/zfsp/202606/t20260608_5331556.htm
福州市,2026年6月8日,"
		2026年6月8日福州市主副食品集超均价表_主副食品_
		福州市发展和改革委员会
	",冻带鱼,冷冻,元/500克,21.76,,,,,福州市主副食品集超均价表，集超均价,,,https://fgw.fuzhou.gov.cn/fgwzwgk/fzgggz/jgysf/msspjgxq/zfsp/202606/t20260608_5331556.htm
福州市,2026年6月8日,"
		2026年6月8日福州市主副食品集超均价表_主副食品_
		福州市发展和改革委员会
	",圆白菜,新鲜,元/500克,1.83,,,,,福州市主副食品集超均价表，集超均价,,,https://fgw.fuzhou.gov.cn/fgwzwgk/fzgggz/jgysf/msspjgxq/zfsp/202606/t20260608_5331556.htm
福州市,2026年6月8日,"
		2026年6月8日福州市主副食品集超均价表_主副食品_
		福州市发展和改革委员会
	",土豆,新鲜,元/500克,2.34,,,,,福州市主副食品集超均价表，集超均价,,,https://fgw.fuzhou.gov.cn/fgwzwgk/fzgggz/jgysf/msspjgxq/zfsp/202606/t20260608_5331556.htm
福州市,2026年6月8日,"
		2026年6月8日福州市主副食品集超均价表_主副食品_
		福州市发展和改革委员会
	",大白菜,新鲜,元/500克,1.88,,,,,福州市主副食品集超均价表，集超均价,,,https://fgw.fuzhou.gov.cn/fgwzwgk/fzgggz/jgysf/msspjgxq/zfsp/202606/t20260608_5331556.htm
福州市,2026年6月8日,"
		2026年6月8日福州市主副食品集超均价表_主副食品_
		福州市发展和改革委员会
	",大豆油,桶装一级,元/5升,60.10,,,,,福州市主副食品集超均价表，集超均价,,,https://fgw.fuzhou.gov.cn/fgwzwgk/fzgggz/jgysf/msspjgxq/zfsp/202606/t20260608_5331556.htm
福州市,2026年6月8日,"
		2026年6月8日福州市主副食品集超均价表_主副食品_
		福州市发展和改革委员会
	",富强粉,,元/500克,3.56,,,,,福州市主副食品集超均价表，集超均价,,,https://fgw.fuzhou.gov.cn/fgwzwgk/fzgggz/jgysf/msspjgxq/zfsp/202606/t20260608_5331556.htm
福州市,2026年6月8日,"
		2026年6月8日福州市主副食品集超均价表_主副食品_
		福州市发展和改革委员会
	",尖椒,新鲜,元/500克,4.77,,,,,福州市主副食品集超均价表，集超均价,,,https://fgw.fuzhou.gov.cn/fgwzwgk/fzgggz/jgysf/msspjgxq/zfsp/202606/t20260608_5331556.htm
福州市,2026年6月8日,"
		2026年6月8日福州市主副食品集超均价表_主副食品_
		福州市发展和改革委员会
	",晚籼米,标一,元/500克,2.68,,,,,福州市主副食品集超均价表，集超均价,,,https://fgw.fuzhou.gov.cn/fgwzwgk/fzgggz/jgysf/msspjgxq/zfsp/202606/t20260608_5331556.htm
福州市,2026年6月8日,"
		2026年6月8日福州市主副食品集超均价表_主副食品_
		福州市发展和改革委员会
	",普通鸡蛋,新鲜完整,元/500克,6.37,,,,,福州市主副食品集超均价表，集超均价,,,https://fgw.fuzhou.gov.cn/fgwzwgk/fzgggz/jgysf/msspjgxq/zfsp/202606/t20260608_5331556.htm
福州市,2026年6月8日,"
		2026年6月8日福州市主副食品集超均价表_主副食品_
		福州市发展和改革委员会
	",普通鸭蛋,新鲜完整,元/500克,7.93,,,,,福州市主副食品集超均价表，集超均价,,,https://fgw.fuzhou.gov.cn/fgwzwgk/fzgggz/jgysf/msspjgxq/zfsp/202606/t20260608_5331556.htm
福州市,2026年6月8日,"
		2026年6月8日福州市主副食品集超均价表_主副食品_
		福州市发展和改革委员会
	",标准粉,,元/500克,2.51,,,,,福州市主副食品集超均价表，集超均价,,,https://fgw.fuzhou.gov.cn/fgwzwgk/fzgggz/jgysf/msspjgxq/zfsp/202606/t20260608_5331556.htm
福州市,2026年6月8日,"
		2026年6月8日福州市主副食品集超均价表_主副食品_
		福州市发展和改革委员会
	",梨,新鲜,元/500克,5.50,,,,,福州市主副食品集超均价表，集超均价,,,https://fgw.fuzhou.gov.cn/fgwzwgk/fzgggz/jgysf/msspjgxq/zfsp/202606/t20260608_5331556.htm
福州市,2026年6月8日,"
		2026年6月8日福州市主副食品集超均价表_主副食品_
		福州市发展和改革委员会
	",油菜(菜心),新鲜,元/500克,3.49,,,,,福州市主副食品集超均价表，集超均价,,,https://fgw.fuzhou.gov.cn/fgwzwgk/fzgggz/jgysf/msspjgxq/zfsp/202606/t20260608_5331556.htm
福州市,2026年6月8日,"
		2026年6月8日福州市主副食品集超均价表_主副食品_
		福州市发展和改革委员会
	",活明虾,鲜活,元/500克,28.02,,,,,福州市主副食品集超均价表，集超均价,,,https://fgw.fuzhou.gov.cn/fgwzwgk/fzgggz/jgysf/msspjgxq/zfsp/202606/t20260608_5331556.htm
福州市,2026年6月8日,"
		2026年6月8日福州市主副食品集超均价表_主副食品_
		福州市发展和改革委员会
	",活花蛤,鲜活,元/500克,10.32,,,,,福州市主副食品集超均价表，集超均价,,,https://fgw.fuzhou.gov.cn/fgwzwgk/fzgggz/jgysf/msspjgxq/zfsp/202606/t20260608_5331556.htm
福州市,2026年6月8日,"
		2026年6月8日福州市主副食品集超均价表_主副食品_
		福州市发展和改革委员会
	",活草鱼,鲜活,元/500克,12.16,,,,,福州市主副食品集超均价表，集超均价,,,https://fgw.fuzhou.gov.cn/fgwzwgk/fzgggz/jgysf/msspjgxq/zfsp/202606/t20260608_5331556.htm
福州市,2026年6月8日,"
		2026年6月8日福州市主副食品集超均价表_主副食品_
		福州市发展和改革委员会
	",活鳙鱼（大头鲢）,鲜活,元/500克,13.76,,,,,福州市主副食品集超均价表，集超均价,,,https://fgw.fuzhou.gov.cn/fgwzwgk/fzgggz/jgysf/msspjgxq/zfsp/202606/t20260608_5331556.htm
福州市,2026年6月8日,"
		2026年6月8日福州市主副食品集超均价表_主副食品_
		福州市发展和改革委员会
	",牛肉,去骨肉,元/500克,45.15,,,,,福州市主副食品集超均价表，集超均价,,,https://fgw.fuzhou.gov.cn/fgwzwgk/fzgggz/jgysf/msspjgxq/zfsp/202606/t20260608_5331556.htm
福州市,2026年6月8日,"
		2026年6月8日福州市主副食品集超均价表_主副食品_
		福州市发展和改革委员会
	",猪瘦肉,新鲜,元/500克,13.62,,,,,福州市主副食品集超均价表，集超均价,,,https://fgw.fuzhou.gov.cn/fgwzwgk/fzgggz/jgysf/msspjgxq/zfsp/202606/t20260608_5331556.htm
福州市,2026年6月8日,"
		2026年6月8日福州市主副食品集超均价表_主副食品_
		福州市发展和改革委员会
	",猪肋条肉,新鲜,元/500克,14.69,,,,,福州市主副食品集超均价表，集超均价,,,https://fgw.fuzhou.gov.cn/fgwzwgk/fzgggz/jgysf/msspjgxq/zfsp/202606/t20260608_5331556.htm
福州市,2026年6月8日,"
		2026年6月8日福州市主副食品集超均价表_主副食品_
		福州市发展和改革委员会
	",白萝卜,新鲜,元/500克,1.83,,,,,福州市主副食品集超均价表，集超均价,,,https://fgw.fuzhou.gov.cn/fgwzwgk/fzgggz/jgysf/msspjgxq/zfsp/202606/t20260608_5331556.htm
福州市,2026年6月8日,"
		2026年6月8日福州市主副食品集超均价表_主副食品_
		福州市发展和改革委员会
	",空心菜,新鲜,元/500克,3.09,,,,,福州市主副食品集超均价表，集超均价,,,https://fgw.fuzhou.gov.cn/fgwzwgk/fzgggz/jgysf/msspjgxq/zfsp/202606/t20260608_5331556.htm
福州市,2026年6月8日,"
		2026年6月8日福州市主副食品集超均价表_主副食品_
		福州市发展和改革委员会
	",粳米,标一,元/500克,2.97,,,,,福州市主副食品集超均价表，集超均价,,,https://fgw.fuzhou.gov.cn/fgwzwgk/fzgggz/jgysf/msspjgxq/zfsp/202606/t20260608_5331556.htm
福州市,2026年6月8日,"
		2026年6月8日福州市主副食品集超均价表_主副食品_
		福州市发展和改革委员会
	",红萝卜,新鲜,元/500克,2.45,,,,,福州市主副食品集超均价表，集超均价,,,https://fgw.fuzhou.gov.cn/fgwzwgk/fzgggz/jgysf/msspjgxq/zfsp/202606/t20260608_5331556.htm
福州市,2026年6月8日,"
		2026年6月8日福州市主副食品集超均价表_主副食品_
		福州市发展和改革委员会
	",纯牛奶,盒装,元/盒(250毫升),2.70,,,,,福州市主副食品集超均价表，集超均价,,,https://fgw.fuzhou.gov.cn/fgwzwgk/fzgggz/jgysf/msspjgxq/zfsp/202606/t20260608_5331556.htm
福州市,2026年6月8日,"
		2026年6月8日福州市主副食品集超均价表_主副食品_
		福州市发展和改革委员会
	",羊肉,带骨肉,元/500克,43.61,,,,,福州市主副食品集超均价表，集超均价,,,https://fgw.fuzhou.gov.cn/fgwzwgk/fzgggz/jgysf/msspjgxq/zfsp/202606/t20260608_5331556.htm
福州市,2026年6月8日,"
		2026年6月8日福州市主副食品集超均价表_主副食品_
		福州市发展和改革委员会
	",脐橙,新鲜,元/500克,4.60,,,,,福州市主副食品集超均价表，集超均价,,,https://fgw.fuzhou.gov.cn/fgwzwgk/fzgggz/jgysf/msspjgxq/zfsp/202606/t20260608_5331556.htm
福州市,2026年6月8日,"
		2026年6月8日福州市主副食品集超均价表_主副食品_
		福州市发展和改革委员会
	",花生油,桶装一级,元/5升,105.45,,,,,福州市主副食品集超均价表，集超均价,,,https://fgw.fuzhou.gov.cn/fgwzwgk/fzgggz/jgysf/msspjgxq/zfsp/202606/t20260608_5331556.htm
福州市,2026年6月8日,"
		2026年6月8日福州市主副食品集超均价表_主副食品_
		福州市发展和改革委员会
	",花菜,新鲜,元/500克,4.25,,,,,福州市主副食品集超均价表，集超均价,,,https://fgw.fuzhou.gov.cn/fgwzwgk/fzgggz/jgysf/msspjgxq/zfsp/202606/t20260608_5331556.htm
福州市,2026年6月8日,"
		2026年6月8日福州市主副食品集超均价表_主副食品_
		福州市发展和改革委员会
	",芹菜,新鲜,元/500克,6.60,,,,,福州市主副食品集超均价表，集超均价,,,https://fgw.fuzhou.gov.cn/fgwzwgk/fzgggz/jgysf/msspjgxq/zfsp/202606/t20260608_5331556.htm
福州市,2026年6月8日,"
		2026年6月8日福州市主副食品集超均价表_主副食品_
		福州市发展和改革委员会
	",苹果,新鲜,元/500克,8.42,,,,,福州市主副食品集超均价表，集超均价,,,https://fgw.fuzhou.gov.cn/fgwzwgk/fzgggz/jgysf/msspjgxq/zfsp/202606/t20260608_5331556.htm
福州市,2026年6月8日,"
		2026年6月8日福州市主副食品集超均价表_主副食品_
		福州市发展和改革委员会
	",茄子,新鲜,元/500克,4.04,,,,,福州市主副食品集超均价表，集超均价,,,https://fgw.fuzhou.gov.cn/fgwzwgk/fzgggz/jgysf/msspjgxq/zfsp/202606/t20260608_5331556.htm
福州市,2026年6月8日,"
		2026年6月8日福州市主副食品集超均价表_主副食品_
		福州市发展和改革委员会
	",菜籽油,桶装一级,元/5升,70.10,,,,,福州市主副食品集超均价表，集超均价,,,https://fgw.fuzhou.gov.cn/fgwzwgk/fzgggz/jgysf/msspjgxq/zfsp/202606/t20260608_5331556.htm
福州市,2026年6月8日,"
		2026年6月8日福州市主副食品集超均价表_主副食品_
		福州市发展和改革委员会
	",蒜苔,新鲜,元/500克,7.76,,,,,福州市主副食品集超均价表，集超均价,,,https://fgw.fuzhou.gov.cn/fgwzwgk/fzgggz/jgysf/msspjgxq/zfsp/202606/t20260608_5331556.htm
福州市,2026年6月8日,"
		2026年6月8日福州市主副食品集超均价表_主副食品_
		福州市发展和改革委员会
	",西红柿,新鲜,元/500克,4.29,,,,,福州市主副食品集超均价表，集超均价,,,https://fgw.fuzhou.gov.cn/fgwzwgk/fzgggz/jgysf/msspjgxq/zfsp/202606/t20260608_5331556.htm
福州市,2026年6月8日,"
		2026年6月8日福州市主副食品集超均价表_主副食品_
		福州市发展和改革委员会
	",调和油,桶装一级,元/5升,66.38,,,,,福州市主副食品集超均价表，集超均价,,,https://fgw.fuzhou.gov.cn/fgwzwgk/fzgggz/jgysf/msspjgxq/zfsp/202606/t20260608_5331556.htm
福州市,2026年6月8日,"
		2026年6月8日福州市主副食品集超均价表_主副食品_
		福州市发展和改革委员会
	",豆角,新鲜,元/500克,6.47,,,,,福州市主副食品集超均价表，集超均价,,,https://fgw.fuzhou.gov.cn/fgwzwgk/fzgggz/jgysf/msspjgxq/zfsp/202606/t20260608_5331556.htm
福州市,2026年6月8日,"
		2026年6月8日福州市主副食品集超均价表_主副食品_
		福州市发展和改革委员会
	",青椒,新鲜,元/500克,6.03,,,,,福州市主副食品集超均价表，集超均价,,,https://fgw.fuzhou.gov.cn/fgwzwgk/fzgggz/jgysf/msspjgxq/zfsp/202606/t20260608_5331556.htm
福州市,2026年6月8日,"
		2026年6月8日福州市主副食品集超均价表_主副食品_
		福州市发展和改革委员会
	",韭菜,新鲜,元/500克,5.71,,,,,福州市主副食品集超均价表，集超均价,,,https://fgw.fuzhou.gov.cn/fgwzwgk/fzgggz/jgysf/msspjgxq/zfsp/202606/t20260608_5331556.htm
福州市,2026年6月8日,"
		2026年6月8日福州市主副食品集超均价表_主副食品_
		福州市发展和改革委员会
	",香蕉,新鲜,元/500克,5.08,,,,,福州市主副食品集超均价表，集超均价,,,https://fgw.fuzhou.gov.cn/fgwzwgk/fzgggz/jgysf/msspjgxq/zfsp/202606/t20260608_5331556.htm
福州市,2026年6月8日,"
		2026年6月8日福州市主副食品集超均价表_主副食品_
		福州市发展和改革委员会
	",马胶鱼,冰鲜,元/500克,28.85,,,,,福州市主副食品集超均价表，集超均价,,,https://fgw.fuzhou.gov.cn/fgwzwgk/fzgggz/jgysf/msspjgxq/zfsp/202606/t20260608_5331556.htm
福州市,2026年6月8日,"
		2026年6月8日福州市主副食品集超均价表_主副食品_
		福州市发展和改革委员会
	",鱿鱼,冰鲜,元/500克,49.66,,,,,福州市主副食品集超均价表，集超均价,,,https://fgw.fuzhou.gov.cn/fgwzwgk/fzgggz/jgysf/msspjgxq/zfsp/202606/t20260608_5331556.htm
福州市,2026年6月8日,"
		2026年6月8日福州市主副食品集超均价表_主副食品_
		福州市发展和改革委员会
	",鸡肉,白条鸡,元/500克,14.75,,,,,福州市主副食品集超均价表，集超均价,,,https://fgw.fuzhou.gov.cn/fgwzwgk/fzgggz/jgysf/msspjgxq/zfsp/202606/t20260608_5331556.htm
福州市,2026年6月8日,"
		2026年6月8日福州市主副食品集超均价表_主副食品_
		福州市发展和改革委员会
	",鸭肉,白条鸭,元/500克,16.22,,,,,福州市主副食品集超均价表，集超均价,,,https://fgw.fuzhou.gov.cn/fgwzwgk/fzgggz/jgysf/msspjgxq/zfsp/202606/t20260608_5331556.htm
福州市,2026年6月8日,"
		2026年6月8日福州市主副食品集超均价表_主副食品_
		福州市发展和改革委员会
	",黄瓜,新鲜,元/500克,3.19,,,,,福州市主副食品集超均价表，集超均价,,,https://fgw.fuzhou.gov.cn/fgwzwgk/fzgggz/jgysf/msspjgxq/zfsp/202606/t20260608_5331556.htm
福州市,2026年6月8日,"
		2026年6月8日福州市主副食品集超均价表_主副食品_
		福州市发展和改革委员会
	",黄瓜鱼,冰鲜,元/500克,27.72,,,,,福州市主副食品集超均价表，集超均价,,,https://fgw.fuzhou.gov.cn/fgwzwgk/fzgggz/jgysf/msspjgxq/zfsp/202606/t20260608_5331556.htm
福州市,2026年6月9日,"
		2026年6月9日福州市主副食品集超均价表_主副食品_
		福州市发展和改革委员会
	",上海青,新鲜,元/500克,3.08,,,,,福州市主副食品集超均价表，集超均价,,,https://fgw.fuzhou.gov.cn/fgwzwgk/fzgggz/jgysf/msspjgxq/zfsp/202606/t20260609_5331956.htm
福州市,2026年6月9日,"
		2026年6月9日福州市主副食品集超均价表_主副食品_
		福州市发展和改革委员会
	",冻带鱼,冷冻,元/500克,21.76,,,,,福州市主副食品集超均价表，集超均价,,,https://fgw.fuzhou.gov.cn/fgwzwgk/fzgggz/jgysf/msspjgxq/zfsp/202606/t20260609_5331956.htm
福州市,2026年6月9日,"
		2026年6月9日福州市主副食品集超均价表_主副食品_
		福州市发展和改革委员会
	",圆白菜,新鲜,元/500克,1.93,,,,,福州市主副食品集超均价表，集超均价,,,https://fgw.fuzhou.gov.cn/fgwzwgk/fzgggz/jgysf/msspjgxq/zfsp/202606/t20260609_5331956.htm
福州市,2026年6月9日,"
		2026年6月9日福州市主副食品集超均价表_主副食品_
		福州市发展和改革委员会
	",土豆,新鲜,元/500克,2.34,,,,,福州市主副食品集超均价表，集超均价,,,https://fgw.fuzhou.gov.cn/fgwzwgk/fzgggz/jgysf/msspjgxq/zfsp/202606/t20260609_5331956.htm
福州市,2026年6月9日,"
		2026年6月9日福州市主副食品集超均价表_主副食品_
		福州市发展和改革委员会
	",大白菜,新鲜,元/500克,1.95,,,,,福州市主副食品集超均价表，集超均价,,,https://fgw.fuzhou.gov.cn/fgwzwgk/fzgggz/jgysf/msspjgxq/zfsp/202606/t20260609_5331956.htm
福州市,2026年6月9日,"
		2026年6月9日福州市主副食品集超均价表_主副食品_
		福州市发展和改革委员会
	",大豆油,桶装一级,元/5升,60.10,,,,,福州市主副食品集超均价表，集超均价,,,https://fgw.fuzhou.gov.cn/fgwzwgk/fzgggz/jgysf/msspjgxq/zfsp/202606/t20260609_5331956.htm
福州市,2026年6月9日,"
		2026年6月9日福州市主副食品集超均价表_主副食品_
		福州市发展和改革委员会
	",富强粉,,元/500克,3.56,,,,,福州市主副食品集超均价表，集超均价,,,https://fgw.fuzhou.gov.cn/fgwzwgk/fzgggz/jgysf/msspjgxq/zfsp/202606/t20260609_5331956.htm
福州市,2026年6月9日,"
		2026年6月9日福州市主副食品集超均价表_主副食品_
		福州市发展和改革委员会
	",尖椒,新鲜,元/500克,4.80,,,,,福州市主副食品集超均价表，集超均价,,,https://fgw.fuzhou.gov.cn/fgwzwgk/fzgggz/jgysf/msspjgxq/zfsp/202606/t20260609_5331956.htm
福州市,2026年6月9日,"
		2026年6月9日福州市主副食品集超均价表_主副食品_
		福州市发展和改革委员会
	",晚籼米,标一,元/500克,2.68,,,,,福州市主副食品集超均价表，集超均价,,,https://fgw.fuzhou.gov.cn/fgwzwgk/fzgggz/jgysf/msspjgxq/zfsp/202606/t20260609_5331956.htm
福州市,2026年6月9日,"
		2026年6月9日福州市主副食品集超均价表_主副食品_
		福州市发展和改革委员会
	",普通鸡蛋,新鲜完整,元/500克,6.40,,,,,福州市主副食品集超均价表，集超均价,,,https://fgw.fuzhou.gov.cn/fgwzwgk/fzgggz/jgysf/msspjgxq/zfsp/202606/t20260609_5331956.htm
福州市,2026年6月9日,"
		2026年6月9日福州市主副食品集超均价表_主副食品_
		福州市发展和改革委员会
	",普通鸭蛋,新鲜完整,元/500克,7.93,,,,,福州市主副食品集超均价表，集超均价,,,https://fgw.fuzhou.gov.cn/fgwzwgk/fzgggz/jgysf/msspjgxq/zfsp/202606/t20260609_5331956.htm
福州市,2026年6月9日,"
		2026年6月9日福州市主副食品集超均价表_主副食品_
		福州市发展和改革委员会
	",标准粉,,元/500克,2.51,,,,,福州市主副食品集超均价表，集超均价,,,https://fgw.fuzhou.gov.cn/fgwzwgk/fzgggz/jgysf/msspjgxq/zfsp/202606/t20260609_5331956.htm
福州市,2026年6月9日,"
		2026年6月9日福州市主副食品集超均价表_主副食品_
		福州市发展和改革委员会
	",梨,新鲜,元/500克,5.64,,,,,福州市主副食品集超均价表，集超均价,,,https://fgw.fuzhou.gov.cn/fgwzwgk/fzgggz/jgysf/msspjgxq/zfsp/202606/t20260609_5331956.htm
福州市,2026年6月9日,"
		2026年6月9日福州市主副食品集超均价表_主副食品_
		福州市发展和改革委员会
	",油菜(菜心),新鲜,元/500克,3.40,,,,,福州市主副食品集超均价表，集超均价,,,https://fgw.fuzhou.gov.cn/fgwzwgk/fzgggz/jgysf/msspjgxq/zfsp/202606/t20260609_5331956.htm
福州市,2026年6月9日,"
		2026年6月9日福州市主副食品集超均价表_主副食品_
		福州市发展和改革委员会
	",活明虾,鲜活,元/500克,27.81,,,,,福州市主副食品集超均价表，集超均价,,,https://fgw.fuzhou.gov.cn/fgwzwgk/fzgggz/jgysf/msspjgxq/zfsp/202606/t20260609_5331956.htm
福州市,2026年6月9日,"
		2026年6月9日福州市主副食品集超均价表_主副食品_
		福州市发展和改革委员会
	",活花蛤,鲜活,元/500克,10.32,,,,,福州市主副食品集超均价表，集超均价,,,https://fgw.fuzhou.gov.cn/fgwzwgk/fzgggz/jgysf/msspjgxq/zfsp/202606/t20260609_5331956.htm
福州市,2026年6月9日,"
		2026年6月9日福州市主副食品集超均价表_主副食品_
		福州市发展和改革委员会
	",活草鱼,鲜活,元/500克,12.24,,,,,福州市主副食品集超均价表，集超均价,,,https://fgw.fuzhou.gov.cn/fgwzwgk/fzgggz/jgysf/msspjgxq/zfsp/202606/t20260609_5331956.htm
福州市,2026年6月9日,"
		2026年6月9日福州市主副食品集超均价表_主副食品_
		福州市发展和改革委员会
	",活鳙鱼（大头鲢）,鲜活,元/500克,13.83,,,,,福州市主副食品集超均价表，集超均价,,,https://fgw.fuzhou.gov.cn/fgwzwgk/fzgggz/jgysf/msspjgxq/zfsp/202606/t20260609_5331956.htm
福州市,2026年6月9日,"
		2026年6月9日福州市主副食品集超均价表_主副食品_
		福州市发展和改革委员会
	",牛肉,去骨肉,元/500克,45.15,,,,,福州市主副食品集超均价表，集超均价,,,https://fgw.fuzhou.gov.cn/fgwzwgk/fzgggz/jgysf/msspjgxq/zfsp/202606/t20260609_5331956.htm
福州市,2026年6月9日,"
		2026年6月9日福州市主副食品集超均价表_主副食品_
		福州市发展和改革委员会
	",猪瘦肉,新鲜,元/500克,13.69,,,,,福州市主副食品集超均价表，集超均价,,,https://fgw.fuzhou.gov.cn/fgwzwgk/fzgggz/jgysf/msspjgxq/zfsp/202606/t20260609_5331956.htm
福州市,2026年6月9日,"
		2026年6月9日福州市主副食品集超均价表_主副食品_
		福州市发展和改革委员会
	",猪肋条肉,新鲜,元/500克,14.69,,,,,福州市主副食品集超均价表，集超均价,,,https://fgw.fuzhou.gov.cn/fgwzwgk/fzgggz/jgysf/msspjgxq/zfsp/202606/t20260609_5331956.htm
福州市,2026年6月9日,"
		2026年6月9日福州市主副食品集超均价表_主副食品_
		福州市发展和改革委员会
	",白萝卜,新鲜,元/500克,1.84,,,,,福州市主副食品集超均价表，集超均价,,,https://fgw.fuzhou.gov.cn/fgwzwgk/fzgggz/jgysf/msspjgxq/zfsp/202606/t20260609_5331956.htm
福州市,2026年6月9日,"
		2026年6月9日福州市主副食品集超均价表_主副食品_
		福州市发展和改革委员会
	",空心菜,新鲜,元/500克,3.09,,,,,福州市主副食品集超均价表，集超均价,,,https://fgw.fuzhou.gov.cn/fgwzwgk/fzgggz/jgysf/msspjgxq/zfsp/202606/t20260609_5331956.htm
福州市,2026年6月9日,"
		2026年6月9日福州市主副食品集超均价表_主副食品_
		福州市发展和改革委员会
	",粳米,标一,元/500克,2.97,,,,,福州市主副食品集超均价表，集超均价,,,https://fgw.fuzhou.gov.cn/fgwzwgk/fzgggz/jgysf/msspjgxq/zfsp/202606/t20260609_5331956.htm
福州市,2026年6月9日,"
		2026年6月9日福州市主副食品集超均价表_主副食品_
		福州市发展和改革委员会
	",红萝卜,新鲜,元/500克,2.49,,,,,福州市主副食品集超均价表，集超均价,,,https://fgw.fuzhou.gov.cn/fgwzwgk/fzgggz/jgysf/msspjgxq/zfsp/202606/t20260609_5331956.htm
福州市,2026年6月9日,"
		2026年6月9日福州市主副食品集超均价表_主副食品_
		福州市发展和改革委员会
	",纯牛奶,盒装,元/盒(250毫升),2.70,,,,,福州市主副食品集超均价表，集超均价,,,https://fgw.fuzhou.gov.cn/fgwzwgk/fzgggz/jgysf/msspjgxq/zfsp/202606/t20260609_5331956.htm
福州市,2026年6月9日,"
		2026年6月9日福州市主副食品集超均价表_主副食品_
		福州市发展和改革委员会
	",羊肉,带骨肉,元/500克,43.61,,,,,福州市主副食品集超均价表，集超均价,,,https://fgw.fuzhou.gov.cn/fgwzwgk/fzgggz/jgysf/msspjgxq/zfsp/202606/t20260609_5331956.htm
福州市,2026年6月9日,"
		2026年6月9日福州市主副食品集超均价表_主副食品_
		福州市发展和改革委员会
	",脐橙,新鲜,元/500克,4.57,,,,,福州市主副食品集超均价表，集超均价,,,https://fgw.fuzhou.gov.cn/fgwzwgk/fzgggz/jgysf/msspjgxq/zfsp/202606/t20260609_5331956.htm
福州市,2026年6月9日,"
		2026年6月9日福州市主副食品集超均价表_主副食品_
		福州市发展和改革委员会
	",花生油,桶装一级,元/5升,105.45,,,,,福州市主副食品集超均价表，集超均价,,,https://fgw.fuzhou.gov.cn/fgwzwgk/fzgggz/jgysf/msspjgxq/zfsp/202606/t20260609_5331956.htm
福州市,2026年6月9日,"
		2026年6月9日福州市主副食品集超均价表_主副食品_
		福州市发展和改革委员会
	",花菜,新鲜,元/500克,4.22,,,,,福州市主副食品集超均价表，集超均价,,,https://fgw.fuzhou.gov.cn/fgwzwgk/fzgggz/jgysf/msspjgxq/zfsp/202606/t20260609_5331956.htm
福州市,2026年6月9日,"
		2026年6月9日福州市主副食品集超均价表_主副食品_
		福州市发展和改革委员会
	",芹菜,新鲜,元/500克,6.61,,,,,福州市主副食品集超均价表，集超均价,,,https://fgw.fuzhou.gov.cn/fgwzwgk/fzgggz/jgysf/msspjgxq/zfsp/202606/t20260609_5331956.htm
福州市,2026年6月9日,"
		2026年6月9日福州市主副食品集超均价表_主副食品_
		福州市发展和改革委员会
	",苹果,新鲜,元/500克,8.42,,,,,福州市主副食品集超均价表，集超均价,,,https://fgw.fuzhou.gov.cn/fgwzwgk/fzgggz/jgysf/msspjgxq/zfsp/202606/t20260609_5331956.htm
福州市,2026年6月9日,"
		2026年6月9日福州市主副食品集超均价表_主副食品_
		福州市发展和改革委员会
	",茄子,新鲜,元/500克,4.15,,,,,福州市主副食品集超均价表，集超均价,,,https://fgw.fuzhou.gov.cn/fgwzwgk/fzgggz/jgysf/msspjgxq/zfsp/202606/t20260609_5331956.htm
福州市,2026年6月9日,"
		2026年6月9日福州市主副食品集超均价表_主副食品_
		福州市发展和改革委员会
	",菜籽油,桶装一级,元/5升,70.10,,,,,福州市主副食品集超均价表，集超均价,,,https://fgw.fuzhou.gov.cn/fgwzwgk/fzgggz/jgysf/msspjgxq/zfsp/202606/t20260609_5331956.htm
福州市,2026年6月9日,"
		2026年6月9日福州市主副食品集超均价表_主副食品_
		福州市发展和改革委员会
	",蒜苔,新鲜,元/500克,7.76,,,,,福州市主副食品集超均价表，集超均价,,,https://fgw.fuzhou.gov.cn/fgwzwgk/fzgggz/jgysf/msspjgxq/zfsp/202606/t20260609_5331956.htm
福州市,2026年6月9日,"
		2026年6月9日福州市主副食品集超均价表_主副食品_
		福州市发展和改革委员会
	",西红柿,新鲜,元/500克,4.21,,,,,福州市主副食品集超均价表，集超均价,,,https://fgw.fuzhou.gov.cn/fgwzwgk/fzgggz/jgysf/msspjgxq/zfsp/202606/t20260609_5331956.htm
福州市,2026年6月9日,"
		2026年6月9日福州市主副食品集超均价表_主副食品_
		福州市发展和改革委员会
	",调和油,桶装一级,元/5升,66.38,,,,,福州市主副食品集超均价表，集超均价,,,https://fgw.fuzhou.gov.cn/fgwzwgk/fzgggz/jgysf/msspjgxq/zfsp/202606/t20260609_5331956.htm
福州市,2026年6月9日,"
		2026年6月9日福州市主副食品集超均价表_主副食品_
		福州市发展和改革委员会
	",豆角,新鲜,元/500克,6.40,,,,,福州市主副食品集超均价表，集超均价,,,https://fgw.fuzhou.gov.cn/fgwzwgk/fzgggz/jgysf/msspjgxq/zfsp/202606/t20260609_5331956.htm
福州市,2026年6月9日,"
		2026年6月9日福州市主副食品集超均价表_主副食品_
		福州市发展和改革委员会
	",青椒,新鲜,元/500克,6.05,,,,,福州市主副食品集超均价表，集超均价,,,https://fgw.fuzhou.gov.cn/fgwzwgk/fzgggz/jgysf/msspjgxq/zfsp/202606/t20260609_5331956.htm
福州市,2026年6月9日,"
		2026年6月9日福州市主副食品集超均价表_主副食品_
		福州市发展和改革委员会
	",韭菜,新鲜,元/500克,5.71,,,,,福州市主副食品集超均价表，集超均价,,,https://fgw.fuzhou.gov.cn/fgwzwgk/fzgggz/jgysf/msspjgxq/zfsp/202606/t20260609_5331956.htm
福州市,2026年6月9日,"
		2026年6月9日福州市主副食品集超均价表_主副食品_
		福州市发展和改革委员会
	",香蕉,新鲜,元/500克,5.08,,,,,福州市主副食品集超均价表，集超均价,,,https://fgw.fuzhou.gov.cn/fgwzwgk/fzgggz/jgysf/msspjgxq/zfsp/202606/t20260609_5331956.htm
福州市,2026年6月9日,"
		2026年6月9日福州市主副食品集超均价表_主副食品_
		福州市发展和改革委员会
	",马胶鱼,冰鲜,元/500克,28.85,,,,,福州市主副食品集超均价表，集超均价,,,https://fgw.fuzhou.gov.cn/fgwzwgk/fzgggz/jgysf/msspjgxq/zfsp/202606/t20260609_5331956.htm
福州市,2026年6月9日,"
		2026年6月9日福州市主副食品集超均价表_主副食品_
		福州市发展和改革委员会
	",鱿鱼,冰鲜,元/500克,49.66,,,,,福州市主副食品集超均价表，集超均价,,,https://fgw.fuzhou.gov.cn/fgwzwgk/fzgggz/jgysf/msspjgxq/zfsp/202606/t20260609_5331956.htm
福州市,2026年6月9日,"
		2026年6月9日福州市主副食品集超均价表_主副食品_
		福州市发展和改革委员会
	",鸡肉,白条鸡,元/500克,14.75,,,,,福州市主副食品集超均价表，集超均价,,,https://fgw.fuzhou.gov.cn/fgwzwgk/fzgggz/jgysf/msspjgxq/zfsp/202606/t20260609_5331956.htm
福州市,2026年6月9日,"
		2026年6月9日福州市主副食品集超均价表_主副食品_
		福州市发展和改革委员会
	",鸭肉,白条鸭,元/500克,16.22,,,,,福州市主副食品集超均价表，集超均价,,,https://fgw.fuzhou.gov.cn/fgwzwgk/fzgggz/jgysf/msspjgxq/zfsp/202606/t20260609_5331956.htm
福州市,2026年6月9日,"
		2026年6月9日福州市主副食品集超均价表_主副食品_
		福州市发展和改革委员会
	",黄瓜,新鲜,元/500克,3.19,,,,,福州市主副食品集超均价表，集超均价,,,https://fgw.fuzhou.gov.cn/fgwzwgk/fzgggz/jgysf/msspjgxq/zfsp/202606/t20260609_5331956.htm
福州市,2026年6月9日,"
		2026年6月9日福州市主副食品集超均价表_主副食品_
		福州市发展和改革委员会
	",黄瓜鱼,冰鲜,元/500克,27.91,,,,,福州市主副食品集超均价表，集超均价,,,https://fgw.fuzhou.gov.cn/fgwzwgk/fzgggz/jgysf/msspjgxq/zfsp/202606/t20260609_5331956.htm
福州市,2026年7月10日,"
		2026年7月10日福州市主副食品集超均价表_主副食品_
		福州市发展和改革委员会
	",上海青,新鲜,元/500克,3.37,,,,,福州市主副食品集超均价表，集超均价,,,https://fgw.fuzhou.gov.cn/fgwzwgk/fzgggz/jgysf/msspjgxq/zfsp/202607/t20260710_5345105.htm
福州市,2026年7月10日,"
		2026年7月10日福州市主副食品集超均价表_主副食品_
		福州市发展和改革委员会
	",冻带鱼,冷冻,元/500克,22.17,,,,,福州市主副食品集超均价表，集超均价,,,https://fgw.fuzhou.gov.cn/fgwzwgk/fzgggz/jgysf/msspjgxq/zfsp/202607/t20260710_5345105.htm
福州市,2026年7月10日,"
		2026年7月10日福州市主副食品集超均价表_主副食品_
		福州市发展和改革委员会
	",圆白菜,新鲜,元/500克,2.07,,,,,福州市主副食品集超均价表，集超均价,,,https://fgw.fuzhou.gov.cn/fgwzwgk/fzgggz/jgysf/msspjgxq/zfsp/202607/t20260710_5345105.htm
福州市,2026年7月10日,"
		2026年7月10日福州市主副食品集超均价表_主副食品_
		福州市发展和改革委员会
	",土豆,新鲜,元/500克,2.20,,,,,福州市主副食品集超均价表，集超均价,,,https://fgw.fuzhou.gov.cn/fgwzwgk/fzgggz/jgysf/msspjgxq/zfsp/202607/t20260710_5345105.htm
福州市,2026年7月10日,"
		2026年7月10日福州市主副食品集超均价表_主副食品_
		福州市发展和改革委员会
	",大白菜,新鲜,元/500克,2.11,,,,,福州市主副食品集超均价表，集超均价,,,https://fgw.fuzhou.gov.cn/fgwzwgk/fzgggz/jgysf/msspjgxq/zfsp/202607/t20260710_5345105.htm
福州市,2026年7月10日,"
		2026年7月10日福州市主副食品集超均价表_主副食品_
		福州市发展和改革委员会
	",大豆油,桶装一级,元/5升,60.10,,,,,福州市主副食品集超均价表，集超均价,,,https://fgw.fuzhou.gov.cn/fgwzwgk/fzgggz/jgysf/msspjgxq/zfsp/202607/t20260710_5345105.htm
福州市,2026年7月10日,"
		2026年7月10日福州市主副食品集超均价表_主副食品_
		福州市发展和改革委员会
	",富强粉,,元/500克,3.57,,,,,福州市主副食品集超均价表，集超均价,,,https://fgw.fuzhou.gov.cn/fgwzwgk/fzgggz/jgysf/msspjgxq/zfsp/202607/t20260710_5345105.htm
福州市,2026年7月10日,"
		2026年7月10日福州市主副食品集超均价表_主副食品_
		福州市发展和改革委员会
	",尖椒,新鲜,元/500克,5.28,,,,,福州市主副食品集超均价表，集超均价,,,https://fgw.fuzhou.gov.cn/fgwzwgk/fzgggz/jgysf/msspjgxq/zfsp/202607/t20260710_5345105.htm
福州市,2026年7月10日,"
		2026年7月10日福州市主副食品集超均价表_主副食品_
		福州市发展和改革委员会
	",晚籼米,标一,元/500克,2.68,,,,,福州市主副食品集超均价表，集超均价,,,https://fgw.fuzhou.gov.cn/fgwzwgk/fzgggz/jgysf/msspjgxq/zfsp/202607/t20260710_5345105.htm
福州市,2026年7月10日,"
		2026年7月10日福州市主副食品集超均价表_主副食品_
		福州市发展和改革委员会
	",普通鸡蛋,新鲜完整,元/500克,6.32,,,,,福州市主副食品集超均价表，集超均价,,,https://fgw.fuzhou.gov.cn/fgwzwgk/fzgggz/jgysf/msspjgxq/zfsp/202607/t20260710_5345105.htm
福州市,2026年7月10日,"
		2026年7月10日福州市主副食品集超均价表_主副食品_
		福州市发展和改革委员会
	",普通鸭蛋,新鲜完整,元/500克,8.09,,,,,福州市主副食品集超均价表，集超均价,,,https://fgw.fuzhou.gov.cn/fgwzwgk/fzgggz/jgysf/msspjgxq/zfsp/202607/t20260710_5345105.htm
福州市,2026年7月10日,"
		2026年7月10日福州市主副食品集超均价表_主副食品_
		福州市发展和改革委员会
	",标准粉,,元/500克,2.43,,,,,福州市主副食品集超均价表，集超均价,,,https://fgw.fuzhou.gov.cn/fgwzwgk/fzgggz/jgysf/msspjgxq/zfsp/202607/t20260710_5345105.htm
福州市,2026年7月10日,"
		2026年7月10日福州市主副食品集超均价表_主副食品_
		福州市发展和改革委员会
	",梨,新鲜,元/500克,5.67,,,,,福州市主副食品集超均价表，集超均价,,,https://fgw.fuzhou.gov.cn/fgwzwgk/fzgggz/jgysf/msspjgxq/zfsp/202607/t20260710_5345105.htm
福州市,2026年7月10日,"
		2026年7月10日福州市主副食品集超均价表_主副食品_
		福州市发展和改革委员会
	",油菜(菜心),新鲜,元/500克,3.68,,,,,福州市主副食品集超均价表，集超均价,,,https://fgw.fuzhou.gov.cn/fgwzwgk/fzgggz/jgysf/msspjgxq/zfsp/202607/t20260710_5345105.htm
福州市,2026年7月10日,"
		2026年7月10日福州市主副食品集超均价表_主副食品_
		福州市发展和改革委员会
	",活明虾,鲜活,元/500克,28.96,,,,,福州市主副食品集超均价表，集超均价,,,https://fgw.fuzhou.gov.cn/fgwzwgk/fzgggz/jgysf/msspjgxq/zfsp/202607/t20260710_5345105.htm
福州市,2026年7月10日,"
		2026年7月10日福州市主副食品集超均价表_主副食品_
		福州市发展和改革委员会
	",活花蛤,鲜活,元/500克,10.22,,,,,福州市主副食品集超均价表，集超均价,,,https://fgw.fuzhou.gov.cn/fgwzwgk/fzgggz/jgysf/msspjgxq/zfsp/202607/t20260710_5345105.htm
福州市,2026年7月10日,"
		2026年7月10日福州市主副食品集超均价表_主副食品_
		福州市发展和改革委员会
	",活草鱼,鲜活,元/500克,12.03,,,,,福州市主副食品集超均价表，集超均价,,,https://fgw.fuzhou.gov.cn/fgwzwgk/fzgggz/jgysf/msspjgxq/zfsp/202607/t20260710_5345105.htm
福州市,2026年7月10日,"
		2026年7月10日福州市主副食品集超均价表_主副食品_
		福州市发展和改革委员会
	",活鳙鱼（大头鲢）,鲜活,元/500克,13.98,,,,,福州市主副食品集超均价表，集超均价,,,https://fgw.fuzhou.gov.cn/fgwzwgk/fzgggz/jgysf/msspjgxq/zfsp/202607/t20260710_5345105.htm
福州市,2026年7月10日,"
		2026年7月10日福州市主副食品集超均价表_主副食品_
		福州市发展和改革委员会
	",牛肉,去骨肉,元/500克,45.87,,,,,福州市主副食品集超均价表，集超均价,,,https://fgw.fuzhou.gov.cn/fgwzwgk/fzgggz/jgysf/msspjgxq/zfsp/202607/t20260710_5345105.htm
福州市,2026年7月10日,"
		2026年7月10日福州市主副食品集超均价表_主副食品_
		福州市发展和改革委员会
	",猪瘦肉,新鲜,元/500克,14.87,,,,,福州市主副食品集超均价表，集超均价,,,https://fgw.fuzhou.gov.cn/fgwzwgk/fzgggz/jgysf/msspjgxq/zfsp/202607/t20260710_5345105.htm
福州市,2026年7月10日,"
		2026年7月10日福州市主副食品集超均价表_主副食品_
		福州市发展和改革委员会
	",猪肋条肉,新鲜,元/500克,15.37,,,,,福州市主副食品集超均价表，集超均价,,,https://fgw.fuzhou.gov.cn/fgwzwgk/fzgggz/jgysf/msspjgxq/zfsp/202607/t20260710_5345105.htm
福州市,2026年7月10日,"
		2026年7月10日福州市主副食品集超均价表_主副食品_
		福州市发展和改革委员会
	",白萝卜,新鲜,元/500克,1.74,,,,,福州市主副食品集超均价表，集超均价,,,https://fgw.fuzhou.gov.cn/fgwzwgk/fzgggz/jgysf/msspjgxq/zfsp/202607/t20260710_5345105.htm
福州市,2026年7月10日,"
		2026年7月10日福州市主副食品集超均价表_主副食品_
		福州市发展和改革委员会
	",空心菜,新鲜,元/500克,3.31,,,,,福州市主副食品集超均价表，集超均价,,,https://fgw.fuzhou.gov.cn/fgwzwgk/fzgggz/jgysf/msspjgxq/zfsp/202607/t20260710_5345105.htm
福州市,2026年7月10日,"
		2026年7月10日福州市主副食品集超均价表_主副食品_
		福州市发展和改革委员会
	",粳米,标一,元/500克,2.97,,,,,福州市主副食品集超均价表，集超均价,,,https://fgw.fuzhou.gov.cn/fgwzwgk/fzgggz/jgysf/msspjgxq/zfsp/202607/t20260710_5345105.htm
福州市,2026年7月10日,"
		2026年7月10日福州市主副食品集超均价表_主副食品_
		福州市发展和改革委员会
	",红萝卜,新鲜,元/500克,2.28,,,,,福州市主副食品集超均价表，集超均价,,,https://fgw.fuzhou.gov.cn/fgwzwgk/fzgggz/jgysf/msspjgxq/zfsp/202607/t20260710_5345105.htm
福州市,2026年7月10日,"
		2026年7月10日福州市主副食品集超均价表_主副食品_
		福州市发展和改革委员会
	",纯牛奶,盒装,元/盒(250毫升),2.74,,,,,福州市主副食品集超均价表，集超均价,,,https://fgw.fuzhou.gov.cn/fgwzwgk/fzgggz/jgysf/msspjgxq/zfsp/202607/t20260710_5345105.htm
福州市,2026年7月10日,"
		2026年7月10日福州市主副食品集超均价表_主副食品_
		福州市发展和改革委员会
	",羊肉,带骨肉,元/500克,44.76,,,,,福州市主副食品集超均价表，集超均价,,,https://fgw.fuzhou.gov.cn/fgwzwgk/fzgggz/jgysf/msspjgxq/zfsp/202607/t20260710_5345105.htm
福州市,2026年7月10日,"
		2026年7月10日福州市主副食品集超均价表_主副食品_
		福州市发展和改革委员会
	",脐橙,新鲜,元/500克,4.75,,,,,福州市主副食品集超均价表，集超均价,,,https://fgw.fuzhou.gov.cn/fgwzwgk/fzgggz/jgysf/msspjgxq/zfsp/202607/t20260710_5345105.htm
福州市,2026年7月10日,"
		2026年7月10日福州市主副食品集超均价表_主副食品_
		福州市发展和改革委员会
	",花生油,桶装一级,元/5升,105.79,,,,,福州市主副食品集超均价表，集超均价,,,https://fgw.fuzhou.gov.cn/fgwzwgk/fzgggz/jgysf/msspjgxq/zfsp/202607/t20260710_5345105.htm
福州市,2026年7月10日,"
		2026年7月10日福州市主副食品集超均价表_主副食品_
		福州市发展和改革委员会
	",花菜,新鲜,元/500克,4.87,,,,,福州市主副食品集超均价表，集超均价,,,https://fgw.fuzhou.gov.cn/fgwzwgk/fzgggz/jgysf/msspjgxq/zfsp/202607/t20260710_5345105.htm
福州市,2026年7月10日,"
		2026年7月10日福州市主副食品集超均价表_主副食品_
		福州市发展和改革委员会
	",芹菜,新鲜,元/500克,6.34,,,,,福州市主副食品集超均价表，集超均价,,,https://fgw.fuzhou.gov.cn/fgwzwgk/fzgggz/jgysf/msspjgxq/zfsp/202607/t20260710_5345105.htm
福州市,2026年7月10日,"
		2026年7月10日福州市主副食品集超均价表_主副食品_
		福州市发展和改革委员会
	",苹果,新鲜,元/500克,8.37,,,,,福州市主副食品集超均价表，集超均价,,,https://fgw.fuzhou.gov.cn/fgwzwgk/fzgggz/jgysf/msspjgxq/zfsp/202607/t20260710_5345105.htm
福州市,2026年7月10日,"
		2026年7月10日福州市主副食品集超均价表_主副食品_
		福州市发展和改革委员会
	",茄子,新鲜,元/500克,4.04,,,,,福州市主副食品集超均价表，集超均价,,,https://fgw.fuzhou.gov.cn/fgwzwgk/fzgggz/jgysf/msspjgxq/zfsp/202607/t20260710_5345105.htm
福州市,2026年7月10日,"
		2026年7月10日福州市主副食品集超均价表_主副食品_
		福州市发展和改革委员会
	",菜籽油,桶装一级,元/5升,71.03,,,,,福州市主副食品集超均价表，集超均价,,,https://fgw.fuzhou.gov.cn/fgwzwgk/fzgggz/jgysf/msspjgxq/zfsp/202607/t20260710_5345105.htm
福州市,2026年7月10日,"
		2026年7月10日福州市主副食品集超均价表_主副食品_
		福州市发展和改革委员会
	",蒜苔,新鲜,元/500克,7.92,,,,,福州市主副食品集超均价表，集超均价,,,https://fgw.fuzhou.gov.cn/fgwzwgk/fzgggz/jgysf/msspjgxq/zfsp/202607/t20260710_5345105.htm
福州市,2026年7月10日,"
		2026年7月10日福州市主副食品集超均价表_主副食品_
		福州市发展和改革委员会
	",西红柿,新鲜,元/500克,3.94,,,,,福州市主副食品集超均价表，集超均价,,,https://fgw.fuzhou.gov.cn/fgwzwgk/fzgggz/jgysf/msspjgxq/zfsp/202607/t20260710_5345105.htm
福州市,2026年7月10日,"
		2026年7月10日福州市主副食品集超均价表_主副食品_
		福州市发展和改革委员会
	",调和油,桶装一级,元/5升,66.17,,,,,福州市主副食品集超均价表，集超均价,,,https://fgw.fuzhou.gov.cn/fgwzwgk/fzgggz/jgysf/msspjgxq/zfsp/202607/t20260710_5345105.htm
福州市,2026年7月10日,"
		2026年7月10日福州市主副食品集超均价表_主副食品_
		福州市发展和改革委员会
	",豆角,新鲜,元/500克,6.04,,,,,福州市主副食品集超均价表，集超均价,,,https://fgw.fuzhou.gov.cn/fgwzwgk/fzgggz/jgysf/msspjgxq/zfsp/202607/t20260710_5345105.htm
福州市,2026年7月10日,"
		2026年7月10日福州市主副食品集超均价表_主副食品_
		福州市发展和改革委员会
	",青椒,新鲜,元/500克,5.72,,,,,福州市主副食品集超均价表，集超均价,,,https://fgw.fuzhou.gov.cn/fgwzwgk/fzgggz/jgysf/msspjgxq/zfsp/202607/t20260710_5345105.htm
福州市,2026年7月10日,"
		2026年7月10日福州市主副食品集超均价表_主副食品_
		福州市发展和改革委员会
	",韭菜,新鲜,元/500克,5.75,,,,,福州市主副食品集超均价表，集超均价,,,https://fgw.fuzhou.gov.cn/fgwzwgk/fzgggz/jgysf/msspjgxq/zfsp/202607/t20260710_5345105.htm
福州市,2026年7月10日,"
		2026年7月10日福州市主副食品集超均价表_主副食品_
		福州市发展和改革委员会
	",香蕉,新鲜,元/500克,4.79,,,,,福州市主副食品集超均价表，集超均价,,,https://fgw.fuzhou.gov.cn/fgwzwgk/fzgggz/jgysf/msspjgxq/zfsp/202607/t20260710_5345105.htm
福州市,2026年7月10日,"
		2026年7月10日福州市主副食品集超均价表_主副食品_
		福州市发展和改革委员会
	",马胶鱼,冰鲜,元/500克,28.92,,,,,福州市主副食品集超均价表，集超均价,,,https://fgw.fuzhou.gov.cn/fgwzwgk/fzgggz/jgysf/msspjgxq/zfsp/202607/t20260710_5345105.htm
福州市,2026年7月10日,"
		2026年7月10日福州市主副食品集超均价表_主副食品_
		福州市发展和改革委员会
	",鱿鱼,冰鲜,元/500克,49.87,,,,,福州市主副食品集超均价表，集超均价,,,https://fgw.fuzhou.gov.cn/fgwzwgk/fzgggz/jgysf/msspjgxq/zfsp/202607/t20260710_5345105.htm
福州市,2026年7月10日,"
		2026年7月10日福州市主副食品集超均价表_主副食品_
		福州市发展和改革委员会
	",鸡肉,白条鸡,元/500克,15.46,,,,,福州市主副食品集超均价表，集超均价,,,https://fgw.fuzhou.gov.cn/fgwzwgk/fzgggz/jgysf/msspjgxq/zfsp/202607/t20260710_5345105.htm
福州市,2026年7月10日,"
		2026年7月10日福州市主副食品集超均价表_主副食品_
		福州市发展和改革委员会
	",鸭肉,白条鸭,元/500克,16.76,,,,,福州市主副食品集超均价表，集超均价,,,https://fgw.fuzhou.gov.cn/fgwzwgk/fzgggz/jgysf/msspjgxq/zfsp/202607/t20260710_5345105.htm
福州市,2026年7月10日,"
		2026年7月10日福州市主副食品集超均价表_主副食品_
		福州市发展和改革委员会
	",黄瓜,新鲜,元/500克,2.69,,,,,福州市主副食品集超均价表，集超均价,,,https://fgw.fuzhou.gov.cn/fgwzwgk/fzgggz/jgysf/msspjgxq/zfsp/202607/t20260710_5345105.htm
福州市,2026年7月10日,"
		2026年7月10日福州市主副食品集超均价表_主副食品_
		福州市发展和改革委员会
	",黄瓜鱼,冰鲜,元/500克,28.02,,,,,福州市主副食品集超均价表，集超均价,,,https://fgw.fuzhou.gov.cn/fgwzwgk/fzgggz/jgysf/msspjgxq/zfsp/202607/t20260710_5345105.htm
福州市,2026年7月11日,"
		2026年7月11日福州市主副食品集超均价表_主副食品_
		福州市发展和改革委员会
	",上海青,新鲜,元/500克,3.40,,,,,福州市主副食品集超均价表，集超均价,,,https://fgw.fuzhou.gov.cn/fgwzwgk/fzgggz/jgysf/msspjgxq/zfsp/202607/t20260711_5345441.htm
福州市,2026年7月11日,"
		2026年7月11日福州市主副食品集超均价表_主副食品_
		福州市发展和改革委员会
	",冻带鱼,冷冻,元/500克,22.17,,,,,福州市主副食品集超均价表，集超均价,,,https://fgw.fuzhou.gov.cn/fgwzwgk/fzgggz/jgysf/msspjgxq/zfsp/202607/t20260711_5345441.htm
福州市,2026年7月11日,"
		2026年7月11日福州市主副食品集超均价表_主副食品_
		福州市发展和改革委员会
	",圆白菜,新鲜,元/500克,2.03,,,,,福州市主副食品集超均价表，集超均价,,,https://fgw.fuzhou.gov.cn/fgwzwgk/fzgggz/jgysf/msspjgxq/zfsp/202607/t20260711_5345441.htm
福州市,2026年7月11日,"
		2026年7月11日福州市主副食品集超均价表_主副食品_
		福州市发展和改革委员会
	",土豆,新鲜,元/500克,2.22,,,,,福州市主副食品集超均价表，集超均价,,,https://fgw.fuzhou.gov.cn/fgwzwgk/fzgggz/jgysf/msspjgxq/zfsp/202607/t20260711_5345441.htm
福州市,2026年7月11日,"
		2026年7月11日福州市主副食品集超均价表_主副食品_
		福州市发展和改革委员会
	",大白菜,新鲜,元/500克,2.13,,,,,福州市主副食品集超均价表，集超均价,,,https://fgw.fuzhou.gov.cn/fgwzwgk/fzgggz/jgysf/msspjgxq/zfsp/202607/t20260711_5345441.htm
福州市,2026年7月11日,"
		2026年7月11日福州市主副食品集超均价表_主副食品_
		福州市发展和改革委员会
	",大豆油,桶装一级,元/5升,60.10,,,,,福州市主副食品集超均价表，集超均价,,,https://fgw.fuzhou.gov.cn/fgwzwgk/fzgggz/jgysf/msspjgxq/zfsp/202607/t20260711_5345441.htm
福州市,2026年7月11日,"
		2026年7月11日福州市主副食品集超均价表_主副食品_
		福州市发展和改革委员会
	",富强粉,,元/500克,3.57,,,,,福州市主副食品集超均价表，集超均价,,,https://fgw.fuzhou.gov.cn/fgwzwgk/fzgggz/jgysf/msspjgxq/zfsp/202607/t20260711_5345441.htm
福州市,2026年7月11日,"
		2026年7月11日福州市主副食品集超均价表_主副食品_
		福州市发展和改革委员会
	",尖椒,新鲜,元/500克,5.57,,,,,福州市主副食品集超均价表，集超均价,,,https://fgw.fuzhou.gov.cn/fgwzwgk/fzgggz/jgysf/msspjgxq/zfsp/202607/t20260711_5345441.htm
福州市,2026年7月11日,"
		2026年7月11日福州市主副食品集超均价表_主副食品_
		福州市发展和改革委员会
	",晚籼米,标一,元/500克,2.68,,,,,福州市主副食品集超均价表，集超均价,,,https://fgw.fuzhou.gov.cn/fgwzwgk/fzgggz/jgysf/msspjgxq/zfsp/202607/t20260711_5345441.htm
福州市,2026年7月11日,"
		2026年7月11日福州市主副食品集超均价表_主副食品_
		福州市发展和改革委员会
	",普通鸡蛋,新鲜完整,元/500克,6.33,,,,,福州市主副食品集超均价表，集超均价,,,https://fgw.fuzhou.gov.cn/fgwzwgk/fzgggz/jgysf/msspjgxq/zfsp/202607/t20260711_5345441.htm
福州市,2026年7月11日,"
		2026年7月11日福州市主副食品集超均价表_主副食品_
		福州市发展和改革委员会
	",普通鸭蛋,新鲜完整,元/500克,8.09,,,,,福州市主副食品集超均价表，集超均价,,,https://fgw.fuzhou.gov.cn/fgwzwgk/fzgggz/jgysf/msspjgxq/zfsp/202607/t20260711_5345441.htm
福州市,2026年7月11日,"
		2026年7月11日福州市主副食品集超均价表_主副食品_
		福州市发展和改革委员会
	",标准粉,,元/500克,2.41,,,,,福州市主副食品集超均价表，集超均价,,,https://fgw.fuzhou.gov.cn/fgwzwgk/fzgggz/jgysf/msspjgxq/zfsp/202607/t20260711_5345441.htm
福州市,2026年7月11日,"
		2026年7月11日福州市主副食品集超均价表_主副食品_
		福州市发展和改革委员会
	",梨,新鲜,元/500克,5.75,,,,,福州市主副食品集超均价表，集超均价,,,https://fgw.fuzhou.gov.cn/fgwzwgk/fzgggz/jgysf/msspjgxq/zfsp/202607/t20260711_5345441.htm
福州市,2026年7月11日,"
		2026年7月11日福州市主副食品集超均价表_主副食品_
		福州市发展和改革委员会
	",油菜(菜心),新鲜,元/500克,3.93,,,,,福州市主副食品集超均价表，集超均价,,,https://fgw.fuzhou.gov.cn/fgwzwgk/fzgggz/jgysf/msspjgxq/zfsp/202607/t20260711_5345441.htm
福州市,2026年7月11日,"
		2026年7月11日福州市主副食品集超均价表_主副食品_
		福州市发展和改革委员会
	",活明虾,鲜活,元/500克,28.96,,,,,福州市主副食品集超均价表，集超均价,,,https://fgw.fuzhou.gov.cn/fgwzwgk/fzgggz/jgysf/msspjgxq/zfsp/202607/t20260711_5345441.htm
福州市,2026年7月11日,"
		2026年7月11日福州市主副食品集超均价表_主副食品_
		福州市发展和改革委员会
	",活花蛤,鲜活,元/500克,10.30,,,,,福州市主副食品集超均价表，集超均价,,,https://fgw.fuzhou.gov.cn/fgwzwgk/fzgggz/jgysf/msspjgxq/zfsp/202607/t20260711_5345441.htm
福州市,2026年7月11日,"
		2026年7月11日福州市主副食品集超均价表_主副食品_
		福州市发展和改革委员会
	",活草鱼,鲜活,元/500克,11.67,,,,,福州市主副食品集超均价表，集超均价,,,https://fgw.fuzhou.gov.cn/fgwzwgk/fzgggz/jgysf/msspjgxq/zfsp/202607/t20260711_5345441.htm
福州市,2026年7月11日,"
		2026年7月11日福州市主副食品集超均价表_主副食品_
		福州市发展和改革委员会
	",活鳙鱼（大头鲢）,鲜活,元/500克,13.98,,,,,福州市主副食品集超均价表，集超均价,,,https://fgw.fuzhou.gov.cn/fgwzwgk/fzgggz/jgysf/msspjgxq/zfsp/202607/t20260711_5345441.htm
福州市,2026年7月11日,"
		2026年7月11日福州市主副食品集超均价表_主副食品_
		福州市发展和改革委员会
	",牛肉,去骨肉,元/500克,45.87,,,,,福州市主副食品集超均价表，集超均价,,,https://fgw.fuzhou.gov.cn/fgwzwgk/fzgggz/jgysf/msspjgxq/zfsp/202607/t20260711_5345441.htm
福州市,2026年7月11日,"
		2026年7月11日福州市主副食品集超均价表_主副食品_
		福州市发展和改革委员会
	",猪瘦肉,新鲜,元/500克,15.09,,,,,福州市主副食品集超均价表，集超均价,,,https://fgw.fuzhou.gov.cn/fgwzwgk/fzgggz/jgysf/msspjgxq/zfsp/202607/t20260711_5345441.htm
福州市,2026年7月11日,"
		2026年7月11日福州市主副食品集超均价表_主副食品_
		福州市发展和改革委员会
	",猪肋条肉,新鲜,元/500克,15.44,,,,,福州市主副食品集超均价表，集超均价,,,https://fgw.fuzhou.gov.cn/fgwzwgk/fzgggz/jgysf/msspjgxq/zfsp/202607/t20260711_5345441.htm
福州市,2026年7月11日,"
		2026年7月11日福州市主副食品集超均价表_主副食品_
		福州市发展和改革委员会
	",白萝卜,新鲜,元/500克,1.71,,,,,福州市主副食品集超均价表，集超均价,,,https://fgw.fuzhou.gov.cn/fgwzwgk/fzgggz/jgysf/msspjgxq/zfsp/202607/t20260711_5345441.htm
福州市,2026年7月11日,"
		2026年7月11日福州市主副食品集超均价表_主副食品_
		福州市发展和改革委员会
	",空心菜,新鲜,元/500克,3.16,,,,,福州市主副食品集超均价表，集超均价,,,https://fgw.fuzhou.gov.cn/fgwzwgk/fzgggz/jgysf/msspjgxq/zfsp/202607/t20260711_5345441.htm
福州市,2026年7月11日,"
		2026年7月11日福州市主副食品集超均价表_主副食品_
		福州市发展和改革委员会
	",粳米,标一,元/500克,2.97,,,,,福州市主副食品集超均价表，集超均价,,,https://fgw.fuzhou.gov.cn/fgwzwgk/fzgggz/jgysf/msspjgxq/zfsp/202607/t20260711_5345441.htm
福州市,2026年7月11日,"
		2026年7月11日福州市主副食品集超均价表_主副食品_
		福州市发展和改革委员会
	",红萝卜,新鲜,元/500克,2.31,,,,,福州市主副食品集超均价表，集超均价,,,https://fgw.fuzhou.gov.cn/fgwzwgk/fzgggz/jgysf/msspjgxq/zfsp/202607/t20260711_5345441.htm
福州市,2026年7月11日,"
		2026年7月11日福州市主副食品集超均价表_主副食品_
		福州市发展和改革委员会
	",纯牛奶,盒装,元/盒(250毫升),2.74,,,,,福州市主副食品集超均价表，集超均价,,,https://fgw.fuzhou.gov.cn/fgwzwgk/fzgggz/jgysf/msspjgxq/zfsp/202607/t20260711_5345441.htm
福州市,2026年7月11日,"
		2026年7月11日福州市主副食品集超均价表_主副食品_
		福州市发展和改革委员会
	",羊肉,带骨肉,元/500克,44.76,,,,,福州市主副食品集超均价表，集超均价,,,https://fgw.fuzhou.gov.cn/fgwzwgk/fzgggz/jgysf/msspjgxq/zfsp/202607/t20260711_5345441.htm
福州市,2026年7月11日,"
		2026年7月11日福州市主副食品集超均价表_主副食品_
		福州市发展和改革委员会
	",脐橙,新鲜,元/500克,4.78,,,,,福州市主副食品集超均价表，集超均价,,,https://fgw.fuzhou.gov.cn/fgwzwgk/fzgggz/jgysf/msspjgxq/zfsp/202607/t20260711_5345441.htm
福州市,2026年7月11日,"
		2026年7月11日福州市主副食品集超均价表_主副食品_
		福州市发展和改革委员会
	",花生油,桶装一级,元/5升,105.79,,,,,福州市主副食品集超均价表，集超均价,,,https://fgw.fuzhou.gov.cn/fgwzwgk/fzgggz/jgysf/msspjgxq/zfsp/202607/t20260711_5345441.htm
福州市,2026年7月11日,"
		2026年7月11日福州市主副食品集超均价表_主副食品_
		福州市发展和改革委员会
	",花菜,新鲜,元/500克,5.07,,,,,福州市主副食品集超均价表，集超均价,,,https://fgw.fuzhou.gov.cn/fgwzwgk/fzgggz/jgysf/msspjgxq/zfsp/202607/t20260711_5345441.htm
福州市,2026年7月11日,"
		2026年7月11日福州市主副食品集超均价表_主副食品_
		福州市发展和改革委员会
	",芹菜,新鲜,元/500克,6.48,,,,,福州市主副食品集超均价表，集超均价,,,https://fgw.fuzhou.gov.cn/fgwzwgk/fzgggz/jgysf/msspjgxq/zfsp/202607/t20260711_5345441.htm
福州市,2026年7月11日,"
		2026年7月11日福州市主副食品集超均价表_主副食品_
		福州市发展和改革委员会
	",苹果,新鲜,元/500克,8.32,,,,,福州市主副食品集超均价表，集超均价,,,https://fgw.fuzhou.gov.cn/fgwzwgk/fzgggz/jgysf/msspjgxq/zfsp/202607/t20260711_5345441.htm
福州市,2026年7月11日,"
		2026年7月11日福州市主副食品集超均价表_主副食品_
		福州市发展和改革委员会
	",茄子,新鲜,元/500克,4.00,,,,,福州市主副食品集超均价表，集超均价,,,https://fgw.fuzhou.gov.cn/fgwzwgk/fzgggz/jgysf/msspjgxq/zfsp/202607/t20260711_5345441.htm
福州市,2026年7月11日,"
		2026年7月11日福州市主副食品集超均价表_主副食品_
		福州市发展和改革委员会
	",菜籽油,桶装一级,元/5升,71.24,,,,,福州市主副食品集超均价表，集超均价,,,https://fgw.fuzhou.gov.cn/fgwzwgk/fzgggz/jgysf/msspjgxq/zfsp/202607/t20260711_5345441.htm
福州市,2026年7月11日,"
		2026年7月11日福州市主副食品集超均价表_主副食品_
		福州市发展和改革委员会
	",蒜苔,新鲜,元/500克,8.19,,,,,福州市主副食品集超均价表，集超均价,,,https://fgw.fuzhou.gov.cn/fgwzwgk/fzgggz/jgysf/msspjgxq/zfsp/202607/t20260711_5345441.htm
福州市,2026年7月11日,"
		2026年7月11日福州市主副食品集超均价表_主副食品_
		福州市发展和改革委员会
	",西红柿,新鲜,元/500克,4.00,,,,,福州市主副食品集超均价表，集超均价,,,https://fgw.fuzhou.gov.cn/fgwzwgk/fzgggz/jgysf/msspjgxq/zfsp/202607/t20260711_5345441.htm
福州市,2026年7月11日,"
		2026年7月11日福州市主副食品集超均价表_主副食品_
		福州市发展和改革委员会
	",调和油,桶装一级,元/5升,66.17,,,,,福州市主副食品集超均价表，集超均价,,,https://fgw.fuzhou.gov.cn/fgwzwgk/fzgggz/jgysf/msspjgxq/zfsp/202607/t20260711_5345441.htm
福州市,2026年7月11日,"
		2026年7月11日福州市主副食品集超均价表_主副食品_
		福州市发展和改革委员会
	",豆角,新鲜,元/500克,6.25,,,,,福州市主副食品集超均价表，集超均价,,,https://fgw.fuzhou.gov.cn/fgwzwgk/fzgggz/jgysf/msspjgxq/zfsp/202607/t20260711_5345441.htm
福州市,2026年7月11日,"
		2026年7月11日福州市主副食品集超均价表_主副食品_
		福州市发展和改革委员会
	",青椒,新鲜,元/500克,5.49,,,,,福州市主副食品集超均价表，集超均价,,,https://fgw.fuzhou.gov.cn/fgwzwgk/fzgggz/jgysf/msspjgxq/zfsp/202607/t20260711_5345441.htm
福州市,2026年7月11日,"
		2026年7月11日福州市主副食品集超均价表_主副食品_
		福州市发展和改革委员会
	",韭菜,新鲜,元/500克,5.75,,,,,福州市主副食品集超均价表，集超均价,,,https://fgw.fuzhou.gov.cn/fgwzwgk/fzgggz/jgysf/msspjgxq/zfsp/202607/t20260711_5345441.htm
福州市,2026年7月11日,"
		2026年7月11日福州市主副食品集超均价表_主副食品_
		福州市发展和改革委员会
	",香蕉,新鲜,元/500克,4.79,,,,,福州市主副食品集超均价表，集超均价,,,https://fgw.fuzhou.gov.cn/fgwzwgk/fzgggz/jgysf/msspjgxq/zfsp/202607/t20260711_5345441.htm
福州市,2026年7月11日,"
		2026年7月11日福州市主副食品集超均价表_主副食品_
		福州市发展和改革委员会
	",马胶鱼,冰鲜,元/500克,28.92,,,,,福州市主副食品集超均价表，集超均价,,,https://fgw.fuzhou.gov.cn/fgwzwgk/fzgggz/jgysf/msspjgxq/zfsp/202607/t20260711_5345441.htm
福州市,2026年7月11日,"
		2026年7月11日福州市主副食品集超均价表_主副食品_
		福州市发展和改革委员会
	",鱿鱼,冰鲜,元/500克,49.87,,,,,福州市主副食品集超均价表，集超均价,,,https://fgw.fuzhou.gov.cn/fgwzwgk/fzgggz/jgysf/msspjgxq/zfsp/202607/t20260711_5345441.htm
福州市,2026年7月11日,"
		2026年7月11日福州市主副食品集超均价表_主副食品_
		福州市发展和改革委员会
	",鸡肉,白条鸡,元/500克,15.52,,,,,福州市主副食品集超均价表，集超均价,,,https://fgw.fuzhou.gov.cn/fgwzwgk/fzgggz/jgysf/msspjgxq/zfsp/202607/t20260711_5345441.htm
福州市,2026年7月11日,"
		2026年7月11日福州市主副食品集超均价表_主副食品_
		福州市发展和改革委员会
	",鸭肉,白条鸭,元/500克,16.68,,,,,福州市主副食品集超均价表，集超均价,,,https://fgw.fuzhou.gov.cn/fgwzwgk/fzgggz/jgysf/msspjgxq/zfsp/202607/t20260711_5345441.htm
福州市,2026年7月11日,"
		2026年7月11日福州市主副食品集超均价表_主副食品_
		福州市发展和改革委员会
	",黄瓜,新鲜,元/500克,2.72,,,,,福州市主副食品集超均价表，集超均价,,,https://fgw.fuzhou.gov.cn/fgwzwgk/fzgggz/jgysf/msspjgxq/zfsp/202607/t20260711_5345441.htm
福州市,2026年7月11日,"
		2026年7月11日福州市主副食品集超均价表_主副食品_
		福州市发展和改革委员会
	",黄瓜鱼,冰鲜,元/500克,28.04,,,,,福州市主副食品集超均价表，集超均价,,,https://fgw.fuzhou.gov.cn/fgwzwgk/fzgggz/jgysf/msspjgxq/zfsp/202607/t20260711_5345441.htm
福州市,2026年7月12日,"
		2026年7月12日福州市主副食品集超均价表_主副食品_
		福州市发展和改革委员会
	",上海青,新鲜,元/500克,3.52,,,,,福州市主副食品集超均价表，集超均价,,,https://fgw.fuzhou.gov.cn/fgwzwgk/fzgggz/jgysf/msspjgxq/zfsp/202607/t20260712_5345567.htm
福州市,2026年7月12日,"
		2026年7月12日福州市主副食品集超均价表_主副食品_
		福州市发展和改革委员会
	",冻带鱼,冷冻,元/500克,22.17,,,,,福州市主副食品集超均价表，集超均价,,,https://fgw.fuzhou.gov.cn/fgwzwgk/fzgggz/jgysf/msspjgxq/zfsp/202607/t20260712_5345567.htm
福州市,2026年7月12日,"
		2026年7月12日福州市主副食品集超均价表_主副食品_
		福州市发展和改革委员会
	",圆白菜,新鲜,元/500克,2.07,,,,,福州市主副食品集超均价表，集超均价,,,https://fgw.fuzhou.gov.cn/fgwzwgk/fzgggz/jgysf/msspjgxq/zfsp/202607/t20260712_5345567.htm
福州市,2026年7月12日,"
		2026年7月12日福州市主副食品集超均价表_主副食品_
		福州市发展和改革委员会
	",土豆,新鲜,元/500克,2.20,,,,,福州市主副食品集超均价表，集超均价,,,https://fgw.fuzhou.gov.cn/fgwzwgk/fzgggz/jgysf/msspjgxq/zfsp/202607/t20260712_5345567.htm
福州市,2026年7月12日,"
		2026年7月12日福州市主副食品集超均价表_主副食品_
		福州市发展和改革委员会
	",大白菜,新鲜,元/500克,2.16,,,,,福州市主副食品集超均价表，集超均价,,,https://fgw.fuzhou.gov.cn/fgwzwgk/fzgggz/jgysf/msspjgxq/zfsp/202607/t20260712_5345567.htm
福州市,2026年7月12日,"
		2026年7月12日福州市主副食品集超均价表_主副食品_
		福州市发展和改革委员会
	",大豆油,桶装一级,元/5升,59.60,,,,,福州市主副食品集超均价表，集超均价,,,https://fgw.fuzhou.gov.cn/fgwzwgk/fzgggz/jgysf/msspjgxq/zfsp/202607/t20260712_5345567.htm
福州市,2026年7月12日,"
		2026年7月12日福州市主副食品集超均价表_主副食品_
		福州市发展和改革委员会
	",富强粉,,元/500克,3.57,,,,,福州市主副食品集超均价表，集超均价,,,https://fgw.fuzhou.gov.cn/fgwzwgk/fzgggz/jgysf/msspjgxq/zfsp/202607/t20260712_5345567.htm
福州市,2026年7月12日,"
		2026年7月12日福州市主副食品集超均价表_主副食品_
		福州市发展和改革委员会
	",尖椒,新鲜,元/500克,5.61,,,,,福州市主副食品集超均价表，集超均价,,,https://fgw.fuzhou.gov.cn/fgwzwgk/fzgggz/jgysf/msspjgxq/zfsp/202607/t20260712_5345567.htm
福州市,2026年7月12日,"
		2026年7月12日福州市主副食品集超均价表_主副食品_
		福州市发展和改革委员会
	",晚籼米,标一,元/500克,2.68,,,,,福州市主副食品集超均价表，集超均价,,,https://fgw.fuzhou.gov.cn/fgwzwgk/fzgggz/jgysf/msspjgxq/zfsp/202607/t20260712_5345567.htm
福州市,2026年7月12日,"
		2026年7月12日福州市主副食品集超均价表_主副食品_
		福州市发展和改革委员会
	",普通鸡蛋,新鲜完整,元/500克,6.36,,,,,福州市主副食品集超均价表，集超均价,,,https://fgw.fuzhou.gov.cn/fgwzwgk/fzgggz/jgysf/msspjgxq/zfsp/202607/t20260712_5345567.htm
福州市,2026年7月12日,"
		2026年7月12日福州市主副食品集超均价表_主副食品_
		福州市发展和改革委员会
	",普通鸭蛋,新鲜完整,元/500克,8.07,,,,,福州市主副食品集超均价表，集超均价,,,https://fgw.fuzhou.gov.cn/fgwzwgk/fzgggz/jgysf/msspjgxq/zfsp/202607/t20260712_5345567.htm
福州市,2026年7月12日,"
		2026年7月12日福州市主副食品集超均价表_主副食品_
		福州市发展和改革委员会
	",标准粉,,元/500克,2.39,,,,,福州市主副食品集超均价表，集超均价,,,https://fgw.fuzhou.gov.cn/fgwzwgk/fzgggz/jgysf/msspjgxq/zfsp/202607/t20260712_5345567.htm
福州市,2026年7月12日,"
		2026年7月12日福州市主副食品集超均价表_主副食品_
		福州市发展和改革委员会
	",梨,新鲜,元/500克,5.73,,,,,福州市主副食品集超均价表，集超均价,,,https://fgw.fuzhou.gov.cn/fgwzwgk/fzgggz/jgysf/msspjgxq/zfsp/202607/t20260712_5345567.htm
福州市,2026年7月12日,"
		2026年7月12日福州市主副食品集超均价表_主副食品_
		福州市发展和改革委员会
	",油菜(菜心),新鲜,元/500克,3.96,,,,,福州市主副食品集超均价表，集超均价,,,https://fgw.fuzhou.gov.cn/fgwzwgk/fzgggz/jgysf/msspjgxq/zfsp/202607/t20260712_5345567.htm
福州市,2026年7月12日,"
		2026年7月12日福州市主副食品集超均价表_主副食品_
		福州市发展和改革委员会
	",活明虾,鲜活,元/500克,29.17,,,,,福州市主副食品集超均价表，集超均价,,,https://fgw.fuzhou.gov.cn/fgwzwgk/fzgggz/jgysf/msspjgxq/zfsp/202607/t20260712_5345567.htm
福州市,2026年7月12日,"
		2026年7月12日福州市主副食品集超均价表_主副食品_
		福州市发展和改革委员会
	",活花蛤,鲜活,元/500克,10.37,,,,,福州市主副食品集超均价表，集超均价,,,https://fgw.fuzhou.gov.cn/fgwzwgk/fzgggz/jgysf/msspjgxq/zfsp/202607/t20260712_5345567.htm
福州市,2026年7月12日,"
		2026年7月12日福州市主副食品集超均价表_主副食品_
		福州市发展和改革委员会
	",活草鱼,鲜活,元/500克,11.46,,,,,福州市主副食品集超均价表，集超均价,,,https://fgw.fuzhou.gov.cn/fgwzwgk/fzgggz/jgysf/msspjgxq/zfsp/202607/t20260712_5345567.htm
福州市,2026年7月12日,"
		2026年7月12日福州市主副食品集超均价表_主副食品_
		福州市发展和改革委员会
	",活鳙鱼（大头鲢）,鲜活,元/500克,13.98,,,,,福州市主副食品集超均价表，集超均价,,,https://fgw.fuzhou.gov.cn/fgwzwgk/fzgggz/jgysf/msspjgxq/zfsp/202607/t20260712_5345567.htm
福州市,2026年7月12日,"
		2026年7月12日福州市主副食品集超均价表_主副食品_
		福州市发展和改革委员会
	",牛肉,去骨肉,元/500克,46.08,,,,,福州市主副食品集超均价表，集超均价,,,https://fgw.fuzhou.gov.cn/fgwzwgk/fzgggz/jgysf/msspjgxq/zfsp/202607/t20260712_5345567.htm
福州市,2026年7月12日,"
		2026年7月12日福州市主副食品集超均价表_主副食品_
		福州市发展和改革委员会
	",猪瘦肉,新鲜,元/500克,15.02,,,,,福州市主副食品集超均价表，集超均价,,,https://fgw.fuzhou.gov.cn/fgwzwgk/fzgggz/jgysf/msspjgxq/zfsp/202607/t20260712_5345567.htm
福州市,2026年7月12日,"
		2026年7月12日福州市主副食品集超均价表_主副食品_
		福州市发展和改革委员会
	",猪肋条肉,新鲜,元/500克,15.44,,,,,福州市主副食品集超均价表，集超均价,,,https://fgw.fuzhou.gov.cn/fgwzwgk/fzgggz/jgysf/msspjgxq/zfsp/202607/t20260712_5345567.htm
福州市,2026年7月12日,"
		2026年7月12日福州市主副食品集超均价表_主副食品_
		福州市发展和改革委员会
	",白萝卜,新鲜,元/500克,1.74,,,,,福州市主副食品集超均价表，集超均价,,,https://fgw.fuzhou.gov.cn/fgwzwgk/fzgggz/jgysf/msspjgxq/zfsp/202607/t20260712_5345567.htm
福州市,2026年7月12日,"
		2026年7月12日福州市主副食品集超均价表_主副食品_
		福州市发展和改革委员会
	",空心菜,新鲜,元/500克,3.05,,,,,福州市主副食品集超均价表，集超均价,,,https://fgw.fuzhou.gov.cn/fgwzwgk/fzgggz/jgysf/msspjgxq/zfsp/202607/t20260712_5345567.htm
福州市,2026年7月12日,"
		2026年7月12日福州市主副食品集超均价表_主副食品_
		福州市发展和改革委员会
	",粳米,标一,元/500克,2.97,,,,,福州市主副食品集超均价表，集超均价,,,https://fgw.fuzhou.gov.cn/fgwzwgk/fzgggz/jgysf/msspjgxq/zfsp/202607/t20260712_5345567.htm
福州市,2026年7月12日,"
		2026年7月12日福州市主副食品集超均价表_主副食品_
		福州市发展和改革委员会
	",红萝卜,新鲜,元/500克,2.30,,,,,福州市主副食品集超均价表，集超均价,,,https://fgw.fuzhou.gov.cn/fgwzwgk/fzgggz/jgysf/msspjgxq/zfsp/202607/t20260712_5345567.htm
福州市,2026年7月12日,"
		2026年7月12日福州市主副食品集超均价表_主副食品_
		福州市发展和改革委员会
	",纯牛奶,盒装,元/盒(250毫升),2.72,,,,,福州市主副食品集超均价表，集超均价,,,https://fgw.fuzhou.gov.cn/fgwzwgk/fzgggz/jgysf/msspjgxq/zfsp/202607/t20260712_5345567.htm
福州市,2026年7月12日,"
		2026年7月12日福州市主副食品集超均价表_主副食品_
		福州市发展和改革委员会
	",羊肉,带骨肉,元/500克,44.76,,,,,福州市主副食品集超均价表，集超均价,,,https://fgw.fuzhou.gov.cn/fgwzwgk/fzgggz/jgysf/msspjgxq/zfsp/202607/t20260712_5345567.htm
福州市,2026年7月12日,"
		2026年7月12日福州市主副食品集超均价表_主副食品_
		福州市发展和改革委员会
	",脐橙,新鲜,元/500克,4.78,,,,,福州市主副食品集超均价表，集超均价,,,https://fgw.fuzhou.gov.cn/fgwzwgk/fzgggz/jgysf/msspjgxq/zfsp/202607/t20260712_5345567.htm
福州市,2026年7月12日,"
		2026年7月12日福州市主副食品集超均价表_主副食品_
		福州市发展和改革委员会
	",花生油,桶装一级,元/5升,105.79,,,,,福州市主副食品集超均价表，集超均价,,,https://fgw.fuzhou.gov.cn/fgwzwgk/fzgggz/jgysf/msspjgxq/zfsp/202607/t20260712_5345567.htm
福州市,2026年7月12日,"
		2026年7月12日福州市主副食品集超均价表_主副食品_
		福州市发展和改革委员会
	",花菜,新鲜,元/500克,5.03,,,,,福州市主副食品集超均价表，集超均价,,,https://fgw.fuzhou.gov.cn/fgwzwgk/fzgggz/jgysf/msspjgxq/zfsp/202607/t20260712_5345567.htm
福州市,2026年7月12日,"
		2026年7月12日福州市主副食品集超均价表_主副食品_
		福州市发展和改革委员会
	",芹菜,新鲜,元/500克,6.56,,,,,福州市主副食品集超均价表，集超均价,,,https://fgw.fuzhou.gov.cn/fgwzwgk/fzgggz/jgysf/msspjgxq/zfsp/202607/t20260712_5345567.htm
福州市,2026年7月12日,"
		2026年7月12日福州市主副食品集超均价表_主副食品_
		福州市发展和改革委员会
	",苹果,新鲜,元/500克,8.32,,,,,福州市主副食品集超均价表，集超均价,,,https://fgw.fuzhou.gov.cn/fgwzwgk/fzgggz/jgysf/msspjgxq/zfsp/202607/t20260712_5345567.htm
福州市,2026年7月12日,"
		2026年7月12日福州市主副食品集超均价表_主副食品_
		福州市发展和改革委员会
	",茄子,新鲜,元/500克,4.10,,,,,福州市主副食品集超均价表，集超均价,,,https://fgw.fuzhou.gov.cn/fgwzwgk/fzgggz/jgysf/msspjgxq/zfsp/202607/t20260712_5345567.htm
福州市,2026年7月12日,"
		2026年7月12日福州市主副食品集超均价表_主副食品_
		福州市发展和改革委员会
	",菜籽油,桶装一级,元/5升,71.45,,,,,福州市主副食品集超均价表，集超均价,,,https://fgw.fuzhou.gov.cn/fgwzwgk/fzgggz/jgysf/msspjgxq/zfsp/202607/t20260712_5345567.htm
福州市,2026年7月12日,"
		2026年7月12日福州市主副食品集超均价表_主副食品_
		福州市发展和改革委员会
	",蒜苔,新鲜,元/500克,8.19,,,,,福州市主副食品集超均价表，集超均价,,,https://fgw.fuzhou.gov.cn/fgwzwgk/fzgggz/jgysf/msspjgxq/zfsp/202607/t20260712_5345567.htm
福州市,2026年7月12日,"
		2026年7月12日福州市主副食品集超均价表_主副食品_
		福州市发展和改革委员会
	",西红柿,新鲜,元/500克,4.03,,,,,福州市主副食品集超均价表，集超均价,,,https://fgw.fuzhou.gov.cn/fgwzwgk/fzgggz/jgysf/msspjgxq/zfsp/202607/t20260712_5345567.htm
福州市,2026年7月12日,"
		2026年7月12日福州市主副食品集超均价表_主副食品_
		福州市发展和改革委员会
	",调和油,桶装一级,元/5升,66.17,,,,,福州市主副食品集超均价表，集超均价,,,https://fgw.fuzhou.gov.cn/fgwzwgk/fzgggz/jgysf/msspjgxq/zfsp/202607/t20260712_5345567.htm
福州市,2026年7月12日,"
		2026年7月12日福州市主副食品集超均价表_主副食品_
		福州市发展和改革委员会
	",豆角,新鲜,元/500克,6.25,,,,,福州市主副食品集超均价表，集超均价,,,https://fgw.fuzhou.gov.cn/fgwzwgk/fzgggz/jgysf/msspjgxq/zfsp/202607/t20260712_5345567.htm
福州市,2026年7月12日,"
		2026年7月12日福州市主副食品集超均价表_主副食品_
		福州市发展和改革委员会
	",青椒,新鲜,元/500克,5.43,,,,,福州市主副食品集超均价表，集超均价,,,https://fgw.fuzhou.gov.cn/fgwzwgk/fzgggz/jgysf/msspjgxq/zfsp/202607/t20260712_5345567.htm
福州市,2026年7月12日,"
		2026年7月12日福州市主副食品集超均价表_主副食品_
		福州市发展和改革委员会
	",韭菜,新鲜,元/500克,5.78,,,,,福州市主副食品集超均价表，集超均价,,,https://fgw.fuzhou.gov.cn/fgwzwgk/fzgggz/jgysf/msspjgxq/zfsp/202607/t20260712_5345567.htm
福州市,2026年7月12日,"
		2026年7月12日福州市主副食品集超均价表_主副食品_
		福州市发展和改革委员会
	",香蕉,新鲜,元/500克,4.79,,,,,福州市主副食品集超均价表，集超均价,,,https://fgw.fuzhou.gov.cn/fgwzwgk/fzgggz/jgysf/msspjgxq/zfsp/202607/t20260712_5345567.htm
福州市,2026年7月12日,"
		2026年7月12日福州市主副食品集超均价表_主副食品_
		福州市发展和改革委员会
	",马胶鱼,冰鲜,元/500克,28.85,,,,,福州市主副食品集超均价表，集超均价,,,https://fgw.fuzhou.gov.cn/fgwzwgk/fzgggz/jgysf/msspjgxq/zfsp/202607/t20260712_5345567.htm
福州市,2026年7月12日,"
		2026年7月12日福州市主副食品集超均价表_主副食品_
		福州市发展和改革委员会
	",鱿鱼,冰鲜,元/500克,49.87,,,,,福州市主副食品集超均价表，集超均价,,,https://fgw.fuzhou.gov.cn/fgwzwgk/fzgggz/jgysf/msspjgxq/zfsp/202607/t20260712_5345567.htm
福州市,2026年7月12日,"
		2026年7月12日福州市主副食品集超均价表_主副食品_
		福州市发展和改革委员会
	",鸡肉,白条鸡,元/500克,15.52,,,,,福州市主副食品集超均价表，集超均价,,,https://fgw.fuzhou.gov.cn/fgwzwgk/fzgggz/jgysf/msspjgxq/zfsp/202607/t20260712_5345567.htm
福州市,2026年7月12日,"
		2026年7月12日福州市主副食品集超均价表_主副食品_
		福州市发展和改革委员会
	",鸭肉,白条鸭,元/500克,16.55,,,,,福州市主副食品集超均价表，集超均价,,,https://fgw.fuzhou.gov.cn/fgwzwgk/fzgggz/jgysf/msspjgxq/zfsp/202607/t20260712_5345567.htm
福州市,2026年7月12日,"
		2026年7月12日福州市主副食品集超均价表_主副食品_
		福州市发展和改革委员会
	",黄瓜,新鲜,元/500克,2.70,,,,,福州市主副食品集超均价表，集超均价,,,https://fgw.fuzhou.gov.cn/fgwzwgk/fzgggz/jgysf/msspjgxq/zfsp/202607/t20260712_5345567.htm
福州市,2026年7月12日,"
		2026年7月12日福州市主副食品集超均价表_主副食品_
		福州市发展和改革委员会
	",黄瓜鱼,冰鲜,元/500克,28.17,,,,,福州市主副食品集超均价表，集超均价,,,https://fgw.fuzhou.gov.cn/fgwzwgk/fzgggz/jgysf/msspjgxq/zfsp/202607/t20260712_5345567.htm
福州市,2026年7月13日,"
		2026年7月13日福州市主副食品集超均价表_主副食品_
		福州市发展和改革委员会
	",上海青,新鲜,元/500克,3.56,,,,,福州市主副食品集超均价表，集超均价,,,https://fgw.fuzhou.gov.cn/fgwzwgk/fzgggz/jgysf/msspjgxq/zfsp/202607/t20260713_5345787.htm
福州市,2026年7月13日,"
		2026年7月13日福州市主副食品集超均价表_主副食品_
		福州市发展和改革委员会
	",冻带鱼,冷冻,元/500克,22.17,,,,,福州市主副食品集超均价表，集超均价,,,https://fgw.fuzhou.gov.cn/fgwzwgk/fzgggz/jgysf/msspjgxq/zfsp/202607/t20260713_5345787.htm
福州市,2026年7月13日,"
		2026年7月13日福州市主副食品集超均价表_主副食品_
		福州市发展和改革委员会
	",圆白菜,新鲜,元/500克,1.98,,,,,福州市主副食品集超均价表，集超均价,,,https://fgw.fuzhou.gov.cn/fgwzwgk/fzgggz/jgysf/msspjgxq/zfsp/202607/t20260713_5345787.htm
福州市,2026年7月13日,"
		2026年7月13日福州市主副食品集超均价表_主副食品_
		福州市发展和改革委员会
	",土豆,新鲜,元/500克,2.25,,,,,福州市主副食品集超均价表，集超均价,,,https://fgw.fuzhou.gov.cn/fgwzwgk/fzgggz/jgysf/msspjgxq/zfsp/202607/t20260713_5345787.htm
福州市,2026年7月13日,"
		2026年7月13日福州市主副食品集超均价表_主副食品_
		福州市发展和改革委员会
	",大白菜,新鲜,元/500克,2.13,,,,,福州市主副食品集超均价表，集超均价,,,https://fgw.fuzhou.gov.cn/fgwzwgk/fzgggz/jgysf/msspjgxq/zfsp/202607/t20260713_5345787.htm
福州市,2026年7月13日,"
		2026年7月13日福州市主副食品集超均价表_主副食品_
		福州市发展和改革委员会
	",大豆油,桶装一级,元/5升,59.6,,,,,福州市主副食品集超均价表，集超均价,,,https://fgw.fuzhou.gov.cn/fgwzwgk/fzgggz/jgysf/msspjgxq/zfsp/202607/t20260713_5345787.htm
福州市,2026年7月13日,"
		2026年7月13日福州市主副食品集超均价表_主副食品_
		福州市发展和改革委员会
	",富强粉,,元/500克,3.57,,,,,福州市主副食品集超均价表，集超均价,,,https://fgw.fuzhou.gov.cn/fgwzwgk/fzgggz/jgysf/msspjgxq/zfsp/202607/t20260713_5345787.htm
福州市,2026年7月13日,"
		2026年7月13日福州市主副食品集超均价表_主副食品_
		福州市发展和改革委员会
	",尖椒,新鲜,元/500克,5.65,,,,,福州市主副食品集超均价表，集超均价,,,https://fgw.fuzhou.gov.cn/fgwzwgk/fzgggz/jgysf/msspjgxq/zfsp/202607/t20260713_5345787.htm
福州市,2026年7月13日,"
		2026年7月13日福州市主副食品集超均价表_主副食品_
		福州市发展和改革委员会
	",晚籼米,标一,元/500克,2.68,,,,,福州市主副食品集超均价表，集超均价,,,https://fgw.fuzhou.gov.cn/fgwzwgk/fzgggz/jgysf/msspjgxq/zfsp/202607/t20260713_5345787.htm
福州市,2026年7月13日,"
		2026年7月13日福州市主副食品集超均价表_主副食品_
		福州市发展和改革委员会
	",普通鸡蛋,新鲜完整,元/500克,6.37,,,,,福州市主副食品集超均价表，集超均价,,,https://fgw.fuzhou.gov.cn/fgwzwgk/fzgggz/jgysf/msspjgxq/zfsp/202607/t20260713_5345787.htm
福州市,2026年7月13日,"
		2026年7月13日福州市主副食品集超均价表_主副食品_
		福州市发展和改革委员会
	",普通鸭蛋,新鲜完整,元/500克,8.07,,,,,福州市主副食品集超均价表，集超均价,,,https://fgw.fuzhou.gov.cn/fgwzwgk/fzgggz/jgysf/msspjgxq/zfsp/202607/t20260713_5345787.htm
福州市,2026年7月13日,"
		2026年7月13日福州市主副食品集超均价表_主副食品_
		福州市发展和改革委员会
	",标准粉,,元/500克,2.39,,,,,福州市主副食品集超均价表，集超均价,,,https://fgw.fuzhou.gov.cn/fgwzwgk/fzgggz/jgysf/msspjgxq/zfsp/202607/t20260713_5345787.htm
福州市,2026年7月13日,"
		2026年7月13日福州市主副食品集超均价表_主副食品_
		福州市发展和改革委员会
	",梨,新鲜,元/500克,5.73,,,,,福州市主副食品集超均价表，集超均价,,,https://fgw.fuzhou.gov.cn/fgwzwgk/fzgggz/jgysf/msspjgxq/zfsp/202607/t20260713_5345787.htm
福州市,2026年7月13日,"
		2026年7月13日福州市主副食品集超均价表_主副食品_
		福州市发展和改革委员会
	",油菜(菜心),新鲜,元/500克,3.98,,,,,福州市主副食品集超均价表，集超均价,,,https://fgw.fuzhou.gov.cn/fgwzwgk/fzgggz/jgysf/msspjgxq/zfsp/202607/t20260713_5345787.htm
福州市,2026年7月13日,"
		2026年7月13日福州市主副食品集超均价表_主副食品_
		福州市发展和改革委员会
	",活明虾,鲜活,元/500克,29.53,,,,,福州市主副食品集超均价表，集超均价,,,https://fgw.fuzhou.gov.cn/fgwzwgk/fzgggz/jgysf/msspjgxq/zfsp/202607/t20260713_5345787.htm
福州市,2026年7月13日,"
		2026年7月13日福州市主副食品集超均价表_主副食品_
		福州市发展和改革委员会
	",活花蛤,鲜活,元/500克,10.44,,,,,福州市主副食品集超均价表，集超均价,,,https://fgw.fuzhou.gov.cn/fgwzwgk/fzgggz/jgysf/msspjgxq/zfsp/202607/t20260713_5345787.htm
福州市,2026年7月13日,"
		2026年7月13日福州市主副食品集超均价表_主副食品_
		福州市发展和改革委员会
	",活草鱼,鲜活,元/500克,11.53,,,,,福州市主副食品集超均价表，集超均价,,,https://fgw.fuzhou.gov.cn/fgwzwgk/fzgggz/jgysf/msspjgxq/zfsp/202607/t20260713_5345787.htm
福州市,2026年7月13日,"
		2026年7月13日福州市主副食品集超均价表_主副食品_
		福州市发展和改革委员会
	",活鳙鱼（大头鲢）,鲜活,元/500克,13.98,,,,,福州市主副食品集超均价表，集超均价,,,https://fgw.fuzhou.gov.cn/fgwzwgk/fzgggz/jgysf/msspjgxq/zfsp/202607/t20260713_5345787.htm
福州市,2026年7月13日,"
		2026年7月13日福州市主副食品集超均价表_主副食品_
		福州市发展和改革委员会
	",牛肉,去骨肉,元/500克,45.87,,,,,福州市主副食品集超均价表，集超均价,,,https://fgw.fuzhou.gov.cn/fgwzwgk/fzgggz/jgysf/msspjgxq/zfsp/202607/t20260713_5345787.htm
福州市,2026年7月13日,"
		2026年7月13日福州市主副食品集超均价表_主副食品_
		福州市发展和改革委员会
	",猪瘦肉,新鲜,元/500克,15.02,,,,,福州市主副食品集超均价表，集超均价,,,https://fgw.fuzhou.gov.cn/fgwzwgk/fzgggz/jgysf/msspjgxq/zfsp/202607/t20260713_5345787.htm
福州市,2026年7月13日,"
		2026年7月13日福州市主副食品集超均价表_主副食品_
		福州市发展和改革委员会
	",猪肋条肉,新鲜,元/500克,15.44,,,,,福州市主副食品集超均价表，集超均价,,,https://fgw.fuzhou.gov.cn/fgwzwgk/fzgggz/jgysf/msspjgxq/zfsp/202607/t20260713_5345787.htm
福州市,2026年7月13日,"
		2026年7月13日福州市主副食品集超均价表_主副食品_
		福州市发展和改革委员会
	",白萝卜,新鲜,元/500克,1.72,,,,,福州市主副食品集超均价表，集超均价,,,https://fgw.fuzhou.gov.cn/fgwzwgk/fzgggz/jgysf/msspjgxq/zfsp/202607/t20260713_5345787.htm
福州市,2026年7月13日,"
		2026年7月13日福州市主副食品集超均价表_主副食品_
		福州市发展和改革委员会
	",空心菜,新鲜,元/500克,3.07,,,,,福州市主副食品集超均价表，集超均价,,,https://fgw.fuzhou.gov.cn/fgwzwgk/fzgggz/jgysf/msspjgxq/zfsp/202607/t20260713_5345787.htm
福州市,2026年7月13日,"
		2026年7月13日福州市主副食品集超均价表_主副食品_
		福州市发展和改革委员会
	",粳米,标一,元/500克,2.97,,,,,福州市主副食品集超均价表，集超均价,,,https://fgw.fuzhou.gov.cn/fgwzwgk/fzgggz/jgysf/msspjgxq/zfsp/202607/t20260713_5345787.htm
福州市,2026年7月13日,"
		2026年7月13日福州市主副食品集超均价表_主副食品_
		福州市发展和改革委员会
	",红萝卜,新鲜,元/500克,2.25,,,,,福州市主副食品集超均价表，集超均价,,,https://fgw.fuzhou.gov.cn/fgwzwgk/fzgggz/jgysf/msspjgxq/zfsp/202607/t20260713_5345787.htm
福州市,2026年7月13日,"
		2026年7月13日福州市主副食品集超均价表_主副食品_
		福州市发展和改革委员会
	",纯牛奶,盒装,元/盒(250毫升),2.72,,,,,福州市主副食品集超均价表，集超均价,,,https://fgw.fuzhou.gov.cn/fgwzwgk/fzgggz/jgysf/msspjgxq/zfsp/202607/t20260713_5345787.htm
福州市,2026年7月13日,"
		2026年7月13日福州市主副食品集超均价表_主副食品_
		福州市发展和改革委员会
	",羊肉,带骨肉,元/500克,44.76,,,,,福州市主副食品集超均价表，集超均价,,,https://fgw.fuzhou.gov.cn/fgwzwgk/fzgggz/jgysf/msspjgxq/zfsp/202607/t20260713_5345787.htm
福州市,2026年7月13日,"
		2026年7月13日福州市主副食品集超均价表_主副食品_
		福州市发展和改革委员会
	",脐橙,新鲜,元/500克,4.78,,,,,福州市主副食品集超均价表，集超均价,,,https://fgw.fuzhou.gov.cn/fgwzwgk/fzgggz/jgysf/msspjgxq/zfsp/202607/t20260713_5345787.htm
福州市,2026年7月13日,"
		2026年7月13日福州市主副食品集超均价表_主副食品_
		福州市发展和改革委员会
	",花生油,桶装一级,元/5升,105.79,,,,,福州市主副食品集超均价表，集超均价,,,https://fgw.fuzhou.gov.cn/fgwzwgk/fzgggz/jgysf/msspjgxq/zfsp/202607/t20260713_5345787.htm
福州市,2026年7月13日,"
		2026年7月13日福州市主副食品集超均价表_主副食品_
		福州市发展和改革委员会
	",花菜,新鲜,元/500克,5.06,,,,,福州市主副食品集超均价表，集超均价,,,https://fgw.fuzhou.gov.cn/fgwzwgk/fzgggz/jgysf/msspjgxq/zfsp/202607/t20260713_5345787.htm
福州市,2026年7月13日,"
		2026年7月13日福州市主副食品集超均价表_主副食品_
		福州市发展和改革委员会
	",芹菜,新鲜,元/500克,6.56,,,,,福州市主副食品集超均价表，集超均价,,,https://fgw.fuzhou.gov.cn/fgwzwgk/fzgggz/jgysf/msspjgxq/zfsp/202607/t20260713_5345787.htm
福州市,2026年7月13日,"
		2026年7月13日福州市主副食品集超均价表_主副食品_
		福州市发展和改革委员会
	",苹果,新鲜,元/500克,8.32,,,,,福州市主副食品集超均价表，集超均价,,,https://fgw.fuzhou.gov.cn/fgwzwgk/fzgggz/jgysf/msspjgxq/zfsp/202607/t20260713_5345787.htm
福州市,2026年7月13日,"
		2026年7月13日福州市主副食品集超均价表_主副食品_
		福州市发展和改革委员会
	",茄子,新鲜,元/500克,3.82,,,,,福州市主副食品集超均价表，集超均价,,,https://fgw.fuzhou.gov.cn/fgwzwgk/fzgggz/jgysf/msspjgxq/zfsp/202607/t20260713_5345787.htm
福州市,2026年7月13日,"
		2026年7月13日福州市主副食品集超均价表_主副食品_
		福州市发展和改革委员会
	",菜籽油,桶装一级,元/5升,71.45,,,,,福州市主副食品集超均价表，集超均价,,,https://fgw.fuzhou.gov.cn/fgwzwgk/fzgggz/jgysf/msspjgxq/zfsp/202607/t20260713_5345787.htm
福州市,2026年7月13日,"
		2026年7月13日福州市主副食品集超均价表_主副食品_
		福州市发展和改革委员会
	",蒜苔,新鲜,元/500克,8.19,,,,,福州市主副食品集超均价表，集超均价,,,https://fgw.fuzhou.gov.cn/fgwzwgk/fzgggz/jgysf/msspjgxq/zfsp/202607/t20260713_5345787.htm
福州市,2026年7月13日,"
		2026年7月13日福州市主副食品集超均价表_主副食品_
		福州市发展和改革委员会
	",西红柿,新鲜,元/500克,4.02,,,,,福州市主副食品集超均价表，集超均价,,,https://fgw.fuzhou.gov.cn/fgwzwgk/fzgggz/jgysf/msspjgxq/zfsp/202607/t20260713_5345787.htm
福州市,2026年7月13日,"
		2026年7月13日福州市主副食品集超均价表_主副食品_
		福州市发展和改革委员会
	",调和油,桶装一级,元/5升,66.17,,,,,福州市主副食品集超均价表，集超均价,,,https://fgw.fuzhou.gov.cn/fgwzwgk/fzgggz/jgysf/msspjgxq/zfsp/202607/t20260713_5345787.htm
福州市,2026年7月13日,"
		2026年7月13日福州市主副食品集超均价表_主副食品_
		福州市发展和改革委员会
	",豆角,新鲜,元/500克,6.21,,,,,福州市主副食品集超均价表，集超均价,,,https://fgw.fuzhou.gov.cn/fgwzwgk/fzgggz/jgysf/msspjgxq/zfsp/202607/t20260713_5345787.htm
福州市,2026年7月13日,"
		2026年7月13日福州市主副食品集超均价表_主副食品_
		福州市发展和改革委员会
	",青椒,新鲜,元/500克,5.43,,,,,福州市主副食品集超均价表，集超均价,,,https://fgw.fuzhou.gov.cn/fgwzwgk/fzgggz/jgysf/msspjgxq/zfsp/202607/t20260713_5345787.htm
福州市,2026年7月13日,"
		2026年7月13日福州市主副食品集超均价表_主副食品_
		福州市发展和改革委员会
	",韭菜,新鲜,元/500克,5.77,,,,,福州市主副食品集超均价表，集超均价,,,https://fgw.fuzhou.gov.cn/fgwzwgk/fzgggz/jgysf/msspjgxq/zfsp/202607/t20260713_5345787.htm
福州市,2026年7月13日,"
		2026年7月13日福州市主副食品集超均价表_主副食品_
		福州市发展和改革委员会
	",香蕉,新鲜,元/500克,4.79,,,,,福州市主副食品集超均价表，集超均价,,,https://fgw.fuzhou.gov.cn/fgwzwgk/fzgggz/jgysf/msspjgxq/zfsp/202607/t20260713_5345787.htm
福州市,2026年7月13日,"
		2026年7月13日福州市主副食品集超均价表_主副食品_
		福州市发展和改革委员会
	",马胶鱼,冰鲜,元/500克,28.85,,,,,福州市主副食品集超均价表，集超均价,,,https://fgw.fuzhou.gov.cn/fgwzwgk/fzgggz/jgysf/msspjgxq/zfsp/202607/t20260713_5345787.htm
福州市,2026年7月13日,"
		2026年7月13日福州市主副食品集超均价表_主副食品_
		福州市发展和改革委员会
	",鱿鱼,冰鲜,元/500克,49.87,,,,,福州市主副食品集超均价表，集超均价,,,https://fgw.fuzhou.gov.cn/fgwzwgk/fzgggz/jgysf/msspjgxq/zfsp/202607/t20260713_5345787.htm
福州市,2026年7月13日,"
		2026年7月13日福州市主副食品集超均价表_主副食品_
		福州市发展和改革委员会
	",鸡肉,白条鸡,元/500克,15.52,,,,,福州市主副食品集超均价表，集超均价,,,https://fgw.fuzhou.gov.cn/fgwzwgk/fzgggz/jgysf/msspjgxq/zfsp/202607/t20260713_5345787.htm
福州市,2026年7月13日,"
		2026年7月13日福州市主副食品集超均价表_主副食品_
		福州市发展和改革委员会
	",鸭肉,白条鸭,元/500克,16.55,,,,,福州市主副食品集超均价表，集超均价,,,https://fgw.fuzhou.gov.cn/fgwzwgk/fzgggz/jgysf/msspjgxq/zfsp/202607/t20260713_5345787.htm
福州市,2026年7月13日,"
		2026年7月13日福州市主副食品集超均价表_主副食品_
		福州市发展和改革委员会
	",黄瓜,新鲜,元/500克,2.75,,,,,福州市主副食品集超均价表，集超均价,,,https://fgw.fuzhou.gov.cn/fgwzwgk/fzgggz/jgysf/msspjgxq/zfsp/202607/t20260713_5345787.htm
福州市,2026年7月13日,"
		2026年7月13日福州市主副食品集超均价表_主副食品_
		福州市发展和改革委员会
	",黄瓜鱼,冰鲜,元/500克,28.17,,,,,福州市主副食品集超均价表，集超均价,,,https://fgw.fuzhou.gov.cn/fgwzwgk/fzgggz/jgysf/msspjgxq/zfsp/202607/t20260713_5345787.htm
福州市,2026年7月14日,"
		2026年7月14日福州市主副食品集超均价表_主副食品_
		福州市发展和改革委员会
	",上海青,新鲜,元/500克,3.56,,,,,福州市主副食品集超均价表，集超均价,,,https://fgw.fuzhou.gov.cn/fgwzwgk/fzgggz/jgysf/msspjgxq/zfsp/202607/t20260714_5346202.htm
福州市,2026年7月14日,"
		2026年7月14日福州市主副食品集超均价表_主副食品_
		福州市发展和改革委员会
	",冻带鱼,冷冻,元/500克,22.17,,,,,福州市主副食品集超均价表，集超均价,,,https://fgw.fuzhou.gov.cn/fgwzwgk/fzgggz/jgysf/msspjgxq/zfsp/202607/t20260714_5346202.htm
福州市,2026年7月14日,"
		2026年7月14日福州市主副食品集超均价表_主副食品_
		福州市发展和改革委员会
	",圆白菜,新鲜,元/500克,1.94,,,,,福州市主副食品集超均价表，集超均价,,,https://fgw.fuzhou.gov.cn/fgwzwgk/fzgggz/jgysf/msspjgxq/zfsp/202607/t20260714_5346202.htm
福州市,2026年7月14日,"
		2026年7月14日福州市主副食品集超均价表_主副食品_
		福州市发展和改革委员会
	",土豆,新鲜,元/500克,2.27,,,,,福州市主副食品集超均价表，集超均价,,,https://fgw.fuzhou.gov.cn/fgwzwgk/fzgggz/jgysf/msspjgxq/zfsp/202607/t20260714_5346202.htm
福州市,2026年7月14日,"
		2026年7月14日福州市主副食品集超均价表_主副食品_
		福州市发展和改革委员会
	",大白菜,新鲜,元/500克,2.17,,,,,福州市主副食品集超均价表，集超均价,,,https://fgw.fuzhou.gov.cn/fgwzwgk/fzgggz/jgysf/msspjgxq/zfsp/202607/t20260714_5346202.htm
福州市,2026年7月14日,"
		2026年7月14日福州市主副食品集超均价表_主副食品_
		福州市发展和改革委员会
	",大豆油,桶装一级,元/5升,59.60,,,,,福州市主副食品集超均价表，集超均价,,,https://fgw.fuzhou.gov.cn/fgwzwgk/fzgggz/jgysf/msspjgxq/zfsp/202607/t20260714_5346202.htm
福州市,2026年7月14日,"
		2026年7月14日福州市主副食品集超均价表_主副食品_
		福州市发展和改革委员会
	",富强粉,,元/500克,3.57,,,,,福州市主副食品集超均价表，集超均价,,,https://fgw.fuzhou.gov.cn/fgwzwgk/fzgggz/jgysf/msspjgxq/zfsp/202607/t20260714_5346202.htm
福州市,2026年7月14日,"
		2026年7月14日福州市主副食品集超均价表_主副食品_
		福州市发展和改革委员会
	",尖椒,新鲜,元/500克,5.61,,,,,福州市主副食品集超均价表，集超均价,,,https://fgw.fuzhou.gov.cn/fgwzwgk/fzgggz/jgysf/msspjgxq/zfsp/202607/t20260714_5346202.htm
福州市,2026年7月14日,"
		2026年7月14日福州市主副食品集超均价表_主副食品_
		福州市发展和改革委员会
	",晚籼米,标一,元/500克,2.68,,,,,福州市主副食品集超均价表，集超均价,,,https://fgw.fuzhou.gov.cn/fgwzwgk/fzgggz/jgysf/msspjgxq/zfsp/202607/t20260714_5346202.htm
福州市,2026年7月14日,"
		2026年7月14日福州市主副食品集超均价表_主副食品_
		福州市发展和改革委员会
	",普通鸡蛋,新鲜完整,元/500克,6.41,,,,,福州市主副食品集超均价表，集超均价,,,https://fgw.fuzhou.gov.cn/fgwzwgk/fzgggz/jgysf/msspjgxq/zfsp/202607/t20260714_5346202.htm
福州市,2026年7月14日,"
		2026年7月14日福州市主副食品集超均价表_主副食品_
		福州市发展和改革委员会
	",普通鸭蛋,新鲜完整,元/500克,8.10,,,,,福州市主副食品集超均价表，集超均价,,,https://fgw.fuzhou.gov.cn/fgwzwgk/fzgggz/jgysf/msspjgxq/zfsp/202607/t20260714_5346202.htm
福州市,2026年7月14日,"
		2026年7月14日福州市主副食品集超均价表_主副食品_
		福州市发展和改革委员会
	",标准粉,,元/500克,2.39,,,,,福州市主副食品集超均价表，集超均价,,,https://fgw.fuzhou.gov.cn/fgwzwgk/fzgggz/jgysf/msspjgxq/zfsp/202607/t20260714_5346202.htm
福州市,2026年7月14日,"
		2026年7月14日福州市主副食品集超均价表_主副食品_
		福州市发展和改革委员会
	",梨,新鲜,元/500克,5.73,,,,,福州市主副食品集超均价表，集超均价,,,https://fgw.fuzhou.gov.cn/fgwzwgk/fzgggz/jgysf/msspjgxq/zfsp/202607/t20260714_5346202.htm
福州市,2026年7月14日,"
		2026年7月14日福州市主副食品集超均价表_主副食品_
		福州市发展和改革委员会
	",油菜(菜心),新鲜,元/500克,3.94,,,,,福州市主副食品集超均价表，集超均价,,,https://fgw.fuzhou.gov.cn/fgwzwgk/fzgggz/jgysf/msspjgxq/zfsp/202607/t20260714_5346202.htm
福州市,2026年7月14日,"
		2026年7月14日福州市主副食品集超均价表_主副食品_
		福州市发展和改革委员会
	",活明虾,鲜活,元/500克,29.46,,,,,福州市主副食品集超均价表，集超均价,,,https://fgw.fuzhou.gov.cn/fgwzwgk/fzgggz/jgysf/msspjgxq/zfsp/202607/t20260714_5346202.htm
福州市,2026年7月14日,"
		2026年7月14日福州市主副食品集超均价表_主副食品_
		福州市发展和改革委员会
	",活花蛤,鲜活,元/500克,10.37,,,,,福州市主副食品集超均价表，集超均价,,,https://fgw.fuzhou.gov.cn/fgwzwgk/fzgggz/jgysf/msspjgxq/zfsp/202607/t20260714_5346202.htm
福州市,2026年7月14日,"
		2026年7月14日福州市主副食品集超均价表_主副食品_
		福州市发展和改革委员会
	",活草鱼,鲜活,元/500克,11.46,,,,,福州市主副食品集超均价表，集超均价,,,https://fgw.fuzhou.gov.cn/fgwzwgk/fzgggz/jgysf/msspjgxq/zfsp/202607/t20260714_5346202.htm
福州市,2026年7月14日,"
		2026年7月14日福州市主副食品集超均价表_主副食品_
		福州市发展和改革委员会
	",活鳙鱼（大头鲢）,鲜活,元/500克,13.91,,,,,福州市主副食品集超均价表，集超均价,,,https://fgw.fuzhou.gov.cn/fgwzwgk/fzgggz/jgysf/msspjgxq/zfsp/202607/t20260714_5346202.htm
福州市,2026年7月14日,"
		2026年7月14日福州市主副食品集超均价表_主副食品_
		福州市发展和改革委员会
	",牛肉,去骨肉,元/500克,45.58,,,,,福州市主副食品集超均价表，集超均价,,,https://fgw.fuzhou.gov.cn/fgwzwgk/fzgggz/jgysf/msspjgxq/zfsp/202607/t20260714_5346202.htm
福州市,2026年7月14日,"
		2026年7月14日福州市主副食品集超均价表_主副食品_
		福州市发展和改革委员会
	",猪瘦肉,新鲜,元/500克,14.98,,,,,福州市主副食品集超均价表，集超均价,,,https://fgw.fuzhou.gov.cn/fgwzwgk/fzgggz/jgysf/msspjgxq/zfsp/202607/t20260714_5346202.htm
福州市,2026年7月14日,"
		2026年7月14日福州市主副食品集超均价表_主副食品_
		福州市发展和改革委员会
	",猪肋条肉,新鲜,元/500克,15.37,,,,,福州市主副食品集超均价表，集超均价,,,https://fgw.fuzhou.gov.cn/fgwzwgk/fzgggz/jgysf/msspjgxq/zfsp/202607/t20260714_5346202.htm
福州市,2026年7月14日,"
		2026年7月14日福州市主副食品集超均价表_主副食品_
		福州市发展和改革委员会
	",白萝卜,新鲜,元/500克,1.59,,,,,福州市主副食品集超均价表，集超均价,,,https://fgw.fuzhou.gov.cn/fgwzwgk/fzgggz/jgysf/msspjgxq/zfsp/202607/t20260714_5346202.htm
福州市,2026年7月14日,"
		2026年7月14日福州市主副食品集超均价表_主副食品_
		福州市发展和改革委员会
	",空心菜,新鲜,元/500克,3.10,,,,,福州市主副食品集超均价表，集超均价,,,https://fgw.fuzhou.gov.cn/fgwzwgk/fzgggz/jgysf/msspjgxq/zfsp/202607/t20260714_5346202.htm
福州市,2026年7月14日,"
		2026年7月14日福州市主副食品集超均价表_主副食品_
		福州市发展和改革委员会
	",粳米,标一,元/500克,2.97,,,,,福州市主副食品集超均价表，集超均价,,,https://fgw.fuzhou.gov.cn/fgwzwgk/fzgggz/jgysf/msspjgxq/zfsp/202607/t20260714_5346202.htm
福州市,2026年7月14日,"
		2026年7月14日福州市主副食品集超均价表_主副食品_
		福州市发展和改革委员会
	",红萝卜,新鲜,元/500克,2.27,,,,,福州市主副食品集超均价表，集超均价,,,https://fgw.fuzhou.gov.cn/fgwzwgk/fzgggz/jgysf/msspjgxq/zfsp/202607/t20260714_5346202.htm
福州市,2026年7月14日,"
		2026年7月14日福州市主副食品集超均价表_主副食品_
		福州市发展和改革委员会
	",纯牛奶,盒装,元/盒(250毫升),2.72,,,,,福州市主副食品集超均价表，集超均价,,,https://fgw.fuzhou.gov.cn/fgwzwgk/fzgggz/jgysf/msspjgxq/zfsp/202607/t20260714_5346202.htm
福州市,2026年7月14日,"
		2026年7月14日福州市主副食品集超均价表_主副食品_
		福州市发展和改革委员会
	",羊肉,带骨肉,元/500克,44.76,,,,,福州市主副食品集超均价表，集超均价,,,https://fgw.fuzhou.gov.cn/fgwzwgk/fzgggz/jgysf/msspjgxq/zfsp/202607/t20260714_5346202.htm
福州市,2026年7月14日,"
		2026年7月14日福州市主副食品集超均价表_主副食品_
		福州市发展和改革委员会
	",脐橙,新鲜,元/500克,4.78,,,,,福州市主副食品集超均价表，集超均价,,,https://fgw.fuzhou.gov.cn/fgwzwgk/fzgggz/jgysf/msspjgxq/zfsp/202607/t20260714_5346202.htm
福州市,2026年7月14日,"
		2026年7月14日福州市主副食品集超均价表_主副食品_
		福州市发展和改革委员会
	",花生油,桶装一级,元/5升,105.79,,,,,福州市主副食品集超均价表，集超均价,,,https://fgw.fuzhou.gov.cn/fgwzwgk/fzgggz/jgysf/msspjgxq/zfsp/202607/t20260714_5346202.htm
福州市,2026年7月14日,"
		2026年7月14日福州市主副食品集超均价表_主副食品_
		福州市发展和改革委员会
	",花菜,新鲜,元/500克,5.23,,,,,福州市主副食品集超均价表，集超均价,,,https://fgw.fuzhou.gov.cn/fgwzwgk/fzgggz/jgysf/msspjgxq/zfsp/202607/t20260714_5346202.htm
福州市,2026年7月14日,"
		2026年7月14日福州市主副食品集超均价表_主副食品_
		福州市发展和改革委员会
	",芹菜,新鲜,元/500克,6.56,,,,,福州市主副食品集超均价表，集超均价,,,https://fgw.fuzhou.gov.cn/fgwzwgk/fzgggz/jgysf/msspjgxq/zfsp/202607/t20260714_5346202.htm
福州市,2026年7月14日,"
		2026年7月14日福州市主副食品集超均价表_主副食品_
		福州市发展和改革委员会
	",苹果,新鲜,元/500克,8.32,,,,,福州市主副食品集超均价表，集超均价,,,https://fgw.fuzhou.gov.cn/fgwzwgk/fzgggz/jgysf/msspjgxq/zfsp/202607/t20260714_5346202.htm
福州市,2026年7月14日,"
		2026年7月14日福州市主副食品集超均价表_主副食品_
		福州市发展和改革委员会
	",茄子,新鲜,元/500克,3.66,,,,,福州市主副食品集超均价表，集超均价,,,https://fgw.fuzhou.gov.cn/fgwzwgk/fzgggz/jgysf/msspjgxq/zfsp/202607/t20260714_5346202.htm
福州市,2026年7月14日,"
		2026年7月14日福州市主副食品集超均价表_主副食品_
		福州市发展和改革委员会
	",菜籽油,桶装一级,元/5升,71.45,,,,,福州市主副食品集超均价表，集超均价,,,https://fgw.fuzhou.gov.cn/fgwzwgk/fzgggz/jgysf/msspjgxq/zfsp/202607/t20260714_5346202.htm
福州市,2026年7月14日,"
		2026年7月14日福州市主副食品集超均价表_主副食品_
		福州市发展和改革委员会
	",蒜苔,新鲜,元/500克,8.19,,,,,福州市主副食品集超均价表，集超均价,,,https://fgw.fuzhou.gov.cn/fgwzwgk/fzgggz/jgysf/msspjgxq/zfsp/202607/t20260714_5346202.htm
福州市,2026年7月14日,"
		2026年7月14日福州市主副食品集超均价表_主副食品_
		福州市发展和改革委员会
	",西红柿,新鲜,元/500克,4.03,,,,,福州市主副食品集超均价表，集超均价,,,https://fgw.fuzhou.gov.cn/fgwzwgk/fzgggz/jgysf/msspjgxq/zfsp/202607/t20260714_5346202.htm
福州市,2026年7月14日,"
		2026年7月14日福州市主副食品集超均价表_主副食品_
		福州市发展和改革委员会
	",调和油,桶装一级,元/5升,66.17,,,,,福州市主副食品集超均价表，集超均价,,,https://fgw.fuzhou.gov.cn/fgwzwgk/fzgggz/jgysf/msspjgxq/zfsp/202607/t20260714_5346202.htm
福州市,2026年7月14日,"
		2026年7月14日福州市主副食品集超均价表_主副食品_
		福州市发展和改革委员会
	",豆角,新鲜,元/500克,6.46,,,,,福州市主副食品集超均价表，集超均价,,,https://fgw.fuzhou.gov.cn/fgwzwgk/fzgggz/jgysf/msspjgxq/zfsp/202607/t20260714_5346202.htm
福州市,2026年7月14日,"
		2026年7月14日福州市主副食品集超均价表_主副食品_
		福州市发展和改革委员会
	",青椒,新鲜,元/500克,5.49,,,,,福州市主副食品集超均价表，集超均价,,,https://fgw.fuzhou.gov.cn/fgwzwgk/fzgggz/jgysf/msspjgxq/zfsp/202607/t20260714_5346202.htm
福州市,2026年7月14日,"
		2026年7月14日福州市主副食品集超均价表_主副食品_
		福州市发展和改革委员会
	",韭菜,新鲜,元/500克,5.78,,,,,福州市主副食品集超均价表，集超均价,,,https://fgw.fuzhou.gov.cn/fgwzwgk/fzgggz/jgysf/msspjgxq/zfsp/202607/t20260714_5346202.htm
福州市,2026年7月14日,"
		2026年7月14日福州市主副食品集超均价表_主副食品_
		福州市发展和改革委员会
	",香蕉,新鲜,元/500克,4.79,,,,,福州市主副食品集超均价表，集超均价,,,https://fgw.fuzhou.gov.cn/fgwzwgk/fzgggz/jgysf/msspjgxq/zfsp/202607/t20260714_5346202.htm
福州市,2026年7月14日,"
		2026年7月14日福州市主副食品集超均价表_主副食品_
		福州市发展和改革委员会
	",马胶鱼,冰鲜,元/500克,28.92,,,,,福州市主副食品集超均价表，集超均价,,,https://fgw.fuzhou.gov.cn/fgwzwgk/fzgggz/jgysf/msspjgxq/zfsp/202607/t20260714_5346202.htm
福州市,2026年7月14日,"
		2026年7月14日福州市主副食品集超均价表_主副食品_
		福州市发展和改革委员会
	",鱿鱼,冰鲜,元/500克,49.87,,,,,福州市主副食品集超均价表，集超均价,,,https://fgw.fuzhou.gov.cn/fgwzwgk/fzgggz/jgysf/msspjgxq/zfsp/202607/t20260714_5346202.htm
福州市,2026年7月14日,"
		2026年7月14日福州市主副食品集超均价表_主副食品_
		福州市发展和改革委员会
	",鸡肉,白条鸡,元/500克,15.52,,,,,福州市主副食品集超均价表，集超均价,,,https://fgw.fuzhou.gov.cn/fgwzwgk/fzgggz/jgysf/msspjgxq/zfsp/202607/t20260714_5346202.htm
福州市,2026年7月14日,"
		2026年7月14日福州市主副食品集超均价表_主副食品_
		福州市发展和改革委员会
	",鸭肉,白条鸭,元/500克,16.55,,,,,福州市主副食品集超均价表，集超均价,,,https://fgw.fuzhou.gov.cn/fgwzwgk/fzgggz/jgysf/msspjgxq/zfsp/202607/t20260714_5346202.htm
福州市,2026年7月14日,"
		2026年7月14日福州市主副食品集超均价表_主副食品_
		福州市发展和改革委员会
	",黄瓜,新鲜,元/500克,2.72,,,,,福州市主副食品集超均价表，集超均价,,,https://fgw.fuzhou.gov.cn/fgwzwgk/fzgggz/jgysf/msspjgxq/zfsp/202607/t20260714_5346202.htm
福州市,2026年7月14日,"
		2026年7月14日福州市主副食品集超均价表_主副食品_
		福州市发展和改革委员会
	",黄瓜鱼,冰鲜,元/500克,27.96,,,,,福州市主副食品集超均价表，集超均价,,,https://fgw.fuzhou.gov.cn/fgwzwgk/fzgggz/jgysf/msspjgxq/zfsp/202607/t20260714_5346202.htm
福州市,2026年7月15日,"
		2026年7月15日福州市主副食品集超均价表_主副食品_
		福州市发展和改革委员会
	",上海青,新鲜,元/500克,3.51,,,,,福州市主副食品集超均价表，集超均价,,,https://fgw.fuzhou.gov.cn/fgwzwgk/fzgggz/jgysf/msspjgxq/zfsp/202607/t20260715_5346798.htm
福州市,2026年7月15日,"
		2026年7月15日福州市主副食品集超均价表_主副食品_
		福州市发展和改革委员会
	",冻带鱼,冷冻,元/500克,21.82,,,,,福州市主副食品集超均价表，集超均价,,,https://fgw.fuzhou.gov.cn/fgwzwgk/fzgggz/jgysf/msspjgxq/zfsp/202607/t20260715_5346798.htm
福州市,2026年7月15日,"
		2026年7月15日福州市主副食品集超均价表_主副食品_
		福州市发展和改革委员会
	",圆白菜,新鲜,元/500克,1.94,,,,,福州市主副食品集超均价表，集超均价,,,https://fgw.fuzhou.gov.cn/fgwzwgk/fzgggz/jgysf/msspjgxq/zfsp/202607/t20260715_5346798.htm
福州市,2026年7月15日,"
		2026年7月15日福州市主副食品集超均价表_主副食品_
		福州市发展和改革委员会
	",土豆,新鲜,元/500克,2.22,,,,,福州市主副食品集超均价表，集超均价,,,https://fgw.fuzhou.gov.cn/fgwzwgk/fzgggz/jgysf/msspjgxq/zfsp/202607/t20260715_5346798.htm
福州市,2026年7月15日,"
		2026年7月15日福州市主副食品集超均价表_主副食品_
		福州市发展和改革委员会
	",大白菜,新鲜,元/500克,2.16,,,,,福州市主副食品集超均价表，集超均价,,,https://fgw.fuzhou.gov.cn/fgwzwgk/fzgggz/jgysf/msspjgxq/zfsp/202607/t20260715_5346798.htm
福州市,2026年7月15日,"
		2026年7月15日福州市主副食品集超均价表_主副食品_
		福州市发展和改革委员会
	",大豆油,桶装一级,元/5升,59.6,,,,,福州市主副食品集超均价表，集超均价,,,https://fgw.fuzhou.gov.cn/fgwzwgk/fzgggz/jgysf/msspjgxq/zfsp/202607/t20260715_5346798.htm
福州市,2026年7月15日,"
		2026年7月15日福州市主副食品集超均价表_主副食品_
		福州市发展和改革委员会
	",富强粉,,元/500克,3.57,,,,,福州市主副食品集超均价表，集超均价,,,https://fgw.fuzhou.gov.cn/fgwzwgk/fzgggz/jgysf/msspjgxq/zfsp/202607/t20260715_5346798.htm
福州市,2026年7月15日,"
		2026年7月15日福州市主副食品集超均价表_主副食品_
		福州市发展和改革委员会
	",尖椒,新鲜,元/500克,5.57,,,,,福州市主副食品集超均价表，集超均价,,,https://fgw.fuzhou.gov.cn/fgwzwgk/fzgggz/jgysf/msspjgxq/zfsp/202607/t20260715_5346798.htm
福州市,2026年7月15日,"
		2026年7月15日福州市主副食品集超均价表_主副食品_
		福州市发展和改革委员会
	",晚籼米,标一,元/500克,2.68,,,,,福州市主副食品集超均价表，集超均价,,,https://fgw.fuzhou.gov.cn/fgwzwgk/fzgggz/jgysf/msspjgxq/zfsp/202607/t20260715_5346798.htm
福州市,2026年7月15日,"
		2026年7月15日福州市主副食品集超均价表_主副食品_
		福州市发展和改革委员会
	",普通鸡蛋,新鲜完整,元/500克,6.48,,,,,福州市主副食品集超均价表，集超均价,,,https://fgw.fuzhou.gov.cn/fgwzwgk/fzgggz/jgysf/msspjgxq/zfsp/202607/t20260715_5346798.htm
福州市,2026年7月15日,"
		2026年7月15日福州市主副食品集超均价表_主副食品_
		福州市发展和改革委员会
	",普通鸭蛋,新鲜完整,元/500克,8.1,,,,,福州市主副食品集超均价表，集超均价,,,https://fgw.fuzhou.gov.cn/fgwzwgk/fzgggz/jgysf/msspjgxq/zfsp/202607/t20260715_5346798.htm
福州市,2026年7月15日,"
		2026年7月15日福州市主副食品集超均价表_主副食品_
		福州市发展和改革委员会
	",标准粉,,元/500克,2.39,,,,,福州市主副食品集超均价表，集超均价,,,https://fgw.fuzhou.gov.cn/fgwzwgk/fzgggz/jgysf/msspjgxq/zfsp/202607/t20260715_5346798.htm
福州市,2026年7月15日,"
		2026年7月15日福州市主副食品集超均价表_主副食品_
		福州市发展和改革委员会
	",梨,新鲜,元/500克,5.65,,,,,福州市主副食品集超均价表，集超均价,,,https://fgw.fuzhou.gov.cn/fgwzwgk/fzgggz/jgysf/msspjgxq/zfsp/202607/t20260715_5346798.htm
福州市,2026年7月15日,"
		2026年7月15日福州市主副食品集超均价表_主副食品_
		福州市发展和改革委员会
	",油菜(菜心),新鲜,元/500克,3.83,,,,,福州市主副食品集超均价表，集超均价,,,https://fgw.fuzhou.gov.cn/fgwzwgk/fzgggz/jgysf/msspjgxq/zfsp/202607/t20260715_5346798.htm
福州市,2026年7月15日,"
		2026年7月15日福州市主副食品集超均价表_主副食品_
		福州市发展和改革委员会
	",活明虾,鲜活,元/500克,28.89,,,,,福州市主副食品集超均价表，集超均价,,,https://fgw.fuzhou.gov.cn/fgwzwgk/fzgggz/jgysf/msspjgxq/zfsp/202607/t20260715_5346798.htm
福州市,2026年7月15日,"
		2026年7月15日福州市主副食品集超均价表_主副食品_
		福州市发展和改革委员会
	",活花蛤,鲜活,元/500克,10.15,,,,,福州市主副食品集超均价表，集超均价,,,https://fgw.fuzhou.gov.cn/fgwzwgk/fzgggz/jgysf/msspjgxq/zfsp/202607/t20260715_5346798.htm
福州市,2026年7月15日,"
		2026年7月15日福州市主副食品集超均价表_主副食品_
		福州市发展和改革委员会
	",活草鱼,鲜活,元/500克,11.1,,,,,福州市主副食品集超均价表，集超均价,,,https://fgw.fuzhou.gov.cn/fgwzwgk/fzgggz/jgysf/msspjgxq/zfsp/202607/t20260715_5346798.htm
福州市,2026年7月15日,"
		2026年7月15日福州市主副食品集超均价表_主副食品_
		福州市发展和改革委员会
	",活鳙鱼（大头鲢）,鲜活,元/500克,13.91,,,,,福州市主副食品集超均价表，集超均价,,,https://fgw.fuzhou.gov.cn/fgwzwgk/fzgggz/jgysf/msspjgxq/zfsp/202607/t20260715_5346798.htm
福州市,2026年7月15日,"
		2026年7月15日福州市主副食品集超均价表_主副食品_
		福州市发展和改革委员会
	",牛肉,去骨肉,元/500克,45.58,,,,,福州市主副食品集超均价表，集超均价,,,https://fgw.fuzhou.gov.cn/fgwzwgk/fzgggz/jgysf/msspjgxq/zfsp/202607/t20260715_5346798.htm
福州市,2026年7月15日,"
		2026年7月15日福州市主副食品集超均价表_主副食品_
		福州市发展和改革委员会
	",猪瘦肉,新鲜,元/500克,15.05,,,,,福州市主副食品集超均价表，集超均价,,,https://fgw.fuzhou.gov.cn/fgwzwgk/fzgggz/jgysf/msspjgxq/zfsp/202607/t20260715_5346798.htm
福州市,2026年7月15日,"
		2026年7月15日福州市主副食品集超均价表_主副食品_
		福州市发展和改革委员会
	",猪肋条肉,新鲜,元/500克,15.3,,,,,福州市主副食品集超均价表，集超均价,,,https://fgw.fuzhou.gov.cn/fgwzwgk/fzgggz/jgysf/msspjgxq/zfsp/202607/t20260715_5346798.htm
福州市,2026年7月15日,"
		2026年7月15日福州市主副食品集超均价表_主副食品_
		福州市发展和改革委员会
	",白萝卜,新鲜,元/500克,1.55,,,,,福州市主副食品集超均价表，集超均价,,,https://fgw.fuzhou.gov.cn/fgwzwgk/fzgggz/jgysf/msspjgxq/zfsp/202607/t20260715_5346798.htm
福州市,2026年7月15日,"
		2026年7月15日福州市主副食品集超均价表_主副食品_
		福州市发展和改革委员会
	",空心菜,新鲜,元/500克,3,,,,,福州市主副食品集超均价表，集超均价,,,https://fgw.fuzhou.gov.cn/fgwzwgk/fzgggz/jgysf/msspjgxq/zfsp/202607/t20260715_5346798.htm
福州市,2026年7月15日,"
		2026年7月15日福州市主副食品集超均价表_主副食品_
		福州市发展和改革委员会
	",粳米,标一,元/500克,2.97,,,,,福州市主副食品集超均价表，集超均价,,,https://fgw.fuzhou.gov.cn/fgwzwgk/fzgggz/jgysf/msspjgxq/zfsp/202607/t20260715_5346798.htm
福州市,2026年7月15日,"
		2026年7月15日福州市主副食品集超均价表_主副食品_
		福州市发展和改革委员会
	",红萝卜,新鲜,元/500克,2.27,,,,,福州市主副食品集超均价表，集超均价,,,https://fgw.fuzhou.gov.cn/fgwzwgk/fzgggz/jgysf/msspjgxq/zfsp/202607/t20260715_5346798.htm
福州市,2026年7月15日,"
		2026年7月15日福州市主副食品集超均价表_主副食品_
		福州市发展和改革委员会
	",纯牛奶,盒装,元/盒(250毫升),2.72,,,,,福州市主副食品集超均价表，集超均价,,,https://fgw.fuzhou.gov.cn/fgwzwgk/fzgggz/jgysf/msspjgxq/zfsp/202607/t20260715_5346798.htm
福州市,2026年7月15日,"
		2026年7月15日福州市主副食品集超均价表_主副食品_
		福州市发展和改革委员会
	",羊肉,带骨肉,元/500克,44.76,,,,,福州市主副食品集超均价表，集超均价,,,https://fgw.fuzhou.gov.cn/fgwzwgk/fzgggz/jgysf/msspjgxq/zfsp/202607/t20260715_5346798.htm
福州市,2026年7月15日,"
		2026年7月15日福州市主副食品集超均价表_主副食品_
		福州市发展和改革委员会
	",脐橙,新鲜,元/500克,4.78,,,,,福州市主副食品集超均价表，集超均价,,,https://fgw.fuzhou.gov.cn/fgwzwgk/fzgggz/jgysf/msspjgxq/zfsp/202607/t20260715_5346798.htm
福州市,2026年7月15日,"
		2026年7月15日福州市主副食品集超均价表_主副食品_
		福州市发展和改革委员会
	",花生油,桶装一级,元/5升,105.79,,,,,福州市主副食品集超均价表，集超均价,,,https://fgw.fuzhou.gov.cn/fgwzwgk/fzgggz/jgysf/msspjgxq/zfsp/202607/t20260715_5346798.htm
福州市,2026年7月15日,"
		2026年7月15日福州市主副食品集超均价表_主副食品_
		福州市发展和改革委员会
	",花菜,新鲜,元/500克,5.23,,,,,福州市主副食品集超均价表，集超均价,,,https://fgw.fuzhou.gov.cn/fgwzwgk/fzgggz/jgysf/msspjgxq/zfsp/202607/t20260715_5346798.htm
福州市,2026年7月15日,"
		2026年7月15日福州市主副食品集超均价表_主副食品_
		福州市发展和改革委员会
	",芹菜,新鲜,元/500克,6.53,,,,,福州市主副食品集超均价表，集超均价,,,https://fgw.fuzhou.gov.cn/fgwzwgk/fzgggz/jgysf/msspjgxq/zfsp/202607/t20260715_5346798.htm
福州市,2026年7月15日,"
		2026年7月15日福州市主副食品集超均价表_主副食品_
		福州市发展和改革委员会
	",苹果,新鲜,元/500克,8.26,,,,,福州市主副食品集超均价表，集超均价,,,https://fgw.fuzhou.gov.cn/fgwzwgk/fzgggz/jgysf/msspjgxq/zfsp/202607/t20260715_5346798.htm
福州市,2026年7月15日,"
		2026年7月15日福州市主副食品集超均价表_主副食品_
		福州市发展和改革委员会
	",茄子,新鲜,元/500克,3.73,,,,,福州市主副食品集超均价表，集超均价,,,https://fgw.fuzhou.gov.cn/fgwzwgk/fzgggz/jgysf/msspjgxq/zfsp/202607/t20260715_5346798.htm
福州市,2026年7月15日,"
		2026年7月15日福州市主副食品集超均价表_主副食品_
		福州市发展和改革委员会
	",菜籽油,桶装一级,元/5升,71.45,,,,,福州市主副食品集超均价表，集超均价,,,https://fgw.fuzhou.gov.cn/fgwzwgk/fzgggz/jgysf/msspjgxq/zfsp/202607/t20260715_5346798.htm
福州市,2026年7月15日,"
		2026年7月15日福州市主副食品集超均价表_主副食品_
		福州市发展和改革委员会
	",蒜苔,新鲜,元/500克,8.19,,,,,福州市主副食品集超均价表，集超均价,,,https://fgw.fuzhou.gov.cn/fgwzwgk/fzgggz/jgysf/msspjgxq/zfsp/202607/t20260715_5346798.htm
福州市,2026年7月15日,"
		2026年7月15日福州市主副食品集超均价表_主副食品_
		福州市发展和改革委员会
	",西红柿,新鲜,元/500克,4.04,,,,,福州市主副食品集超均价表，集超均价,,,https://fgw.fuzhou.gov.cn/fgwzwgk/fzgggz/jgysf/msspjgxq/zfsp/202607/t20260715_5346798.htm
福州市,2026年7月15日,"
		2026年7月15日福州市主副食品集超均价表_主副食品_
		福州市发展和改革委员会
	",调和油,桶装一级,元/5升,66.17,,,,,福州市主副食品集超均价表，集超均价,,,https://fgw.fuzhou.gov.cn/fgwzwgk/fzgggz/jgysf/msspjgxq/zfsp/202607/t20260715_5346798.htm
福州市,2026年7月15日,"
		2026年7月15日福州市主副食品集超均价表_主副食品_
		福州市发展和改革委员会
	",豆角,新鲜,元/500克,6.42,,,,,福州市主副食品集超均价表，集超均价,,,https://fgw.fuzhou.gov.cn/fgwzwgk/fzgggz/jgysf/msspjgxq/zfsp/202607/t20260715_5346798.htm
福州市,2026年7月15日,"
		2026年7月15日福州市主副食品集超均价表_主副食品_
		福州市发展和改革委员会
	",青椒,新鲜,元/500克,5.32,,,,,福州市主副食品集超均价表，集超均价,,,https://fgw.fuzhou.gov.cn/fgwzwgk/fzgggz/jgysf/msspjgxq/zfsp/202607/t20260715_5346798.htm
福州市,2026年7月15日,"
		2026年7月15日福州市主副食品集超均价表_主副食品_
		福州市发展和改革委员会
	",韭菜,新鲜,元/500克,5.72,,,,,福州市主副食品集超均价表，集超均价,,,https://fgw.fuzhou.gov.cn/fgwzwgk/fzgggz/jgysf/msspjgxq/zfsp/202607/t20260715_5346798.htm
福州市,2026年7月15日,"
		2026年7月15日福州市主副食品集超均价表_主副食品_
		福州市发展和改革委员会
	",香蕉,新鲜,元/500克,4.79,,,,,福州市主副食品集超均价表，集超均价,,,https://fgw.fuzhou.gov.cn/fgwzwgk/fzgggz/jgysf/msspjgxq/zfsp/202607/t20260715_5346798.htm
福州市,2026年7月15日,"
		2026年7月15日福州市主副食品集超均价表_主副食品_
		福州市发展和改革委员会
	",马胶鱼,冰鲜,元/500克,28.92,,,,,福州市主副食品集超均价表，集超均价,,,https://fgw.fuzhou.gov.cn/fgwzwgk/fzgggz/jgysf/msspjgxq/zfsp/202607/t20260715_5346798.htm
福州市,2026年7月15日,"
		2026年7月15日福州市主副食品集超均价表_主副食品_
		福州市发展和改革委员会
	",鱿鱼,冰鲜,元/500克,49.87,,,,,福州市主副食品集超均价表，集超均价,,,https://fgw.fuzhou.gov.cn/fgwzwgk/fzgggz/jgysf/msspjgxq/zfsp/202607/t20260715_5346798.htm
福州市,2026年7月15日,"
		2026年7月15日福州市主副食品集超均价表_主副食品_
		福州市发展和改革委员会
	",鸡肉,白条鸡,元/500克,15.52,,,,,福州市主副食品集超均价表，集超均价,,,https://fgw.fuzhou.gov.cn/fgwzwgk/fzgggz/jgysf/msspjgxq/zfsp/202607/t20260715_5346798.htm
福州市,2026年7月15日,"
		2026年7月15日福州市主副食品集超均价表_主副食品_
		福州市发展和改革委员会
	",鸭肉,白条鸭,元/500克,16.55,,,,,福州市主副食品集超均价表，集超均价,,,https://fgw.fuzhou.gov.cn/fgwzwgk/fzgggz/jgysf/msspjgxq/zfsp/202607/t20260715_5346798.htm
福州市,2026年7月15日,"
		2026年7月15日福州市主副食品集超均价表_主副食品_
		福州市发展和改革委员会
	",黄瓜,新鲜,元/500克,2.68,,,,,福州市主副食品集超均价表，集超均价,,,https://fgw.fuzhou.gov.cn/fgwzwgk/fzgggz/jgysf/msspjgxq/zfsp/202607/t20260715_5346798.htm
福州市,2026年7月15日,"
		2026年7月15日福州市主副食品集超均价表_主副食品_
		福州市发展和改革委员会
	",黄瓜鱼,冰鲜,元/500克,27.82,,,,,福州市主副食品集超均价表，集超均价,,,https://fgw.fuzhou.gov.cn/fgwzwgk/fzgggz/jgysf/msspjgxq/zfsp/202607/t20260715_5346798.htm
福州市,2026年7月16日,"
		2026年7月16日福州市主副食品集超均价表_主副食品_
		福州市发展和改革委员会
	",上海青,新鲜,元/500克,3.37,,,,,福州市主副食品集超均价表，集超均价,,,https://fgw.fuzhou.gov.cn/fgwzwgk/fzgggz/jgysf/msspjgxq/zfsp/202607/t20260716_5347175.htm
福州市,2026年7月16日,"
		2026年7月16日福州市主副食品集超均价表_主副食品_
		福州市发展和改革委员会
	",冻带鱼,冷冻,元/500克,21.82,,,,,福州市主副食品集超均价表，集超均价,,,https://fgw.fuzhou.gov.cn/fgwzwgk/fzgggz/jgysf/msspjgxq/zfsp/202607/t20260716_5347175.htm
福州市,2026年7月16日,"
		2026年7月16日福州市主副食品集超均价表_主副食品_
		福州市发展和改革委员会
	",圆白菜,新鲜,元/500克,1.93,,,,,福州市主副食品集超均价表，集超均价,,,https://fgw.fuzhou.gov.cn/fgwzwgk/fzgggz/jgysf/msspjgxq/zfsp/202607/t20260716_5347175.htm
福州市,2026年7月16日,"
		2026年7月16日福州市主副食品集超均价表_主副食品_
		福州市发展和改革委员会
	",土豆,新鲜,元/500克,2.24,,,,,福州市主副食品集超均价表，集超均价,,,https://fgw.fuzhou.gov.cn/fgwzwgk/fzgggz/jgysf/msspjgxq/zfsp/202607/t20260716_5347175.htm
福州市,2026年7月16日,"
		2026年7月16日福州市主副食品集超均价表_主副食品_
		福州市发展和改革委员会
	",大白菜,新鲜,元/500克,2.17,,,,,福州市主副食品集超均价表，集超均价,,,https://fgw.fuzhou.gov.cn/fgwzwgk/fzgggz/jgysf/msspjgxq/zfsp/202607/t20260716_5347175.htm
福州市,2026年7月16日,"
		2026年7月16日福州市主副食品集超均价表_主副食品_
		福州市发展和改革委员会
	",大豆油,桶装一级,元/5升,59.60,,,,,福州市主副食品集超均价表，集超均价,,,https://fgw.fuzhou.gov.cn/fgwzwgk/fzgggz/jgysf/msspjgxq/zfsp/202607/t20260716_5347175.htm
福州市,2026年7月16日,"
		2026年7月16日福州市主副食品集超均价表_主副食品_
		福州市发展和改革委员会
	",富强粉,,元/500克,3.57,,,,,福州市主副食品集超均价表，集超均价,,,https://fgw.fuzhou.gov.cn/fgwzwgk/fzgggz/jgysf/msspjgxq/zfsp/202607/t20260716_5347175.htm
福州市,2026年7月16日,"
		2026年7月16日福州市主副食品集超均价表_主副食品_
		福州市发展和改革委员会
	",尖椒,新鲜,元/500克,5.61,,,,,福州市主副食品集超均价表，集超均价,,,https://fgw.fuzhou.gov.cn/fgwzwgk/fzgggz/jgysf/msspjgxq/zfsp/202607/t20260716_5347175.htm
福州市,2026年7月16日,"
		2026年7月16日福州市主副食品集超均价表_主副食品_
		福州市发展和改革委员会
	",晚籼米,标一,元/500克,2.68,,,,,福州市主副食品集超均价表，集超均价,,,https://fgw.fuzhou.gov.cn/fgwzwgk/fzgggz/jgysf/msspjgxq/zfsp/202607/t20260716_5347175.htm
福州市,2026年7月16日,"
		2026年7月16日福州市主副食品集超均价表_主副食品_
		福州市发展和改革委员会
	",普通鸡蛋,新鲜完整,元/500克,6.49,,,,,福州市主副食品集超均价表，集超均价,,,https://fgw.fuzhou.gov.cn/fgwzwgk/fzgggz/jgysf/msspjgxq/zfsp/202607/t20260716_5347175.htm
福州市,2026年7月16日,"
		2026年7月16日福州市主副食品集超均价表_主副食品_
		福州市发展和改革委员会
	",普通鸭蛋,新鲜完整,元/500克,8.12,,,,,福州市主副食品集超均价表，集超均价,,,https://fgw.fuzhou.gov.cn/fgwzwgk/fzgggz/jgysf/msspjgxq/zfsp/202607/t20260716_5347175.htm
福州市,2026年7月16日,"
		2026年7月16日福州市主副食品集超均价表_主副食品_
		福州市发展和改革委员会
	",标准粉,,元/500克,2.39,,,,,福州市主副食品集超均价表，集超均价,,,https://fgw.fuzhou.gov.cn/fgwzwgk/fzgggz/jgysf/msspjgxq/zfsp/202607/t20260716_5347175.htm
福州市,2026年7月16日,"
		2026年7月16日福州市主副食品集超均价表_主副食品_
		福州市发展和改革委员会
	",梨,新鲜,元/500克,5.65,,,,,福州市主副食品集超均价表，集超均价,,,https://fgw.fuzhou.gov.cn/fgwzwgk/fzgggz/jgysf/msspjgxq/zfsp/202607/t20260716_5347175.htm
福州市,2026年7月16日,"
		2026年7月16日福州市主副食品集超均价表_主副食品_
		福州市发展和改革委员会
	",油菜(菜心),新鲜,元/500克,3.78,,,,,福州市主副食品集超均价表，集超均价,,,https://fgw.fuzhou.gov.cn/fgwzwgk/fzgggz/jgysf/msspjgxq/zfsp/202607/t20260716_5347175.htm
福州市,2026年7月16日,"
		2026年7月16日福州市主副食品集超均价表_主副食品_
		福州市发展和改革委员会
	",活明虾,鲜活,元/500克,28.89,,,,,福州市主副食品集超均价表，集超均价,,,https://fgw.fuzhou.gov.cn/fgwzwgk/fzgggz/jgysf/msspjgxq/zfsp/202607/t20260716_5347175.htm
福州市,2026年7月16日,"
		2026年7月16日福州市主副食品集超均价表_主副食品_
		福州市发展和改革委员会
	",活花蛤,鲜活,元/500克,10.22,,,,,福州市主副食品集超均价表，集超均价,,,https://fgw.fuzhou.gov.cn/fgwzwgk/fzgggz/jgysf/msspjgxq/zfsp/202607/t20260716_5347175.htm
福州市,2026年7月16日,"
		2026年7月16日福州市主副食品集超均价表_主副食品_
		福州市发展和改革委员会
	",活草鱼,鲜活,元/500克,11.10,,,,,福州市主副食品集超均价表，集超均价,,,https://fgw.fuzhou.gov.cn/fgwzwgk/fzgggz/jgysf/msspjgxq/zfsp/202607/t20260716_5347175.htm
福州市,2026年7月16日,"
		2026年7月16日福州市主副食品集超均价表_主副食品_
		福州市发展和改革委员会
	",活鳙鱼（大头鲢）,鲜活,元/500克,13.91,,,,,福州市主副食品集超均价表，集超均价,,,https://fgw.fuzhou.gov.cn/fgwzwgk/fzgggz/jgysf/msspjgxq/zfsp/202607/t20260716_5347175.htm
福州市,2026年7月16日,"
		2026年7月16日福州市主副食品集超均价表_主副食品_
		福州市发展和改革委员会
	",牛肉,去骨肉,元/500克,45.58,,,,,福州市主副食品集超均价表，集超均价,,,https://fgw.fuzhou.gov.cn/fgwzwgk/fzgggz/jgysf/msspjgxq/zfsp/202607/t20260716_5347175.htm
福州市,2026年7月16日,"
		2026年7月16日福州市主副食品集超均价表_主副食品_
		福州市发展和改革委员会
	",猪瘦肉,新鲜,元/500克,14.98,,,,,福州市主副食品集超均价表，集超均价,,,https://fgw.fuzhou.gov.cn/fgwzwgk/fzgggz/jgysf/msspjgxq/zfsp/202607/t20260716_5347175.htm
福州市,2026年7月16日,"
		2026年7月16日福州市主副食品集超均价表_主副食品_
		福州市发展和改革委员会
	",猪肋条肉,新鲜,元/500克,15.26,,,,,福州市主副食品集超均价表，集超均价,,,https://fgw.fuzhou.gov.cn/fgwzwgk/fzgggz/jgysf/msspjgxq/zfsp/202607/t20260716_5347175.htm
福州市,2026年7月16日,"
		2026年7月16日福州市主副食品集超均价表_主副食品_
		福州市发展和改革委员会
	",白萝卜,新鲜,元/500克,1.55,,,,,福州市主副食品集超均价表，集超均价,,,https://fgw.fuzhou.gov.cn/fgwzwgk/fzgggz/jgysf/msspjgxq/zfsp/202607/t20260716_5347175.htm
福州市,2026年7月16日,"
		2026年7月16日福州市主副食品集超均价表_主副食品_
		福州市发展和改革委员会
	",空心菜,新鲜,元/500克,2.74,,,,,福州市主副食品集超均价表，集超均价,,,https://fgw.fuzhou.gov.cn/fgwzwgk/fzgggz/jgysf/msspjgxq/zfsp/202607/t20260716_5347175.htm
福州市,2026年7月16日,"
		2026年7月16日福州市主副食品集超均价表_主副食品_
		福州市发展和改革委员会
	",粳米,标一,元/500克,2.97,,,,,福州市主副食品集超均价表，集超均价,,,https://fgw.fuzhou.gov.cn/fgwzwgk/fzgggz/jgysf/msspjgxq/zfsp/202607/t20260716_5347175.htm
福州市,2026年7月16日,"
		2026年7月16日福州市主副食品集超均价表_主副食品_
		福州市发展和改革委员会
	",红萝卜,新鲜,元/500克,2.27,,,,,福州市主副食品集超均价表，集超均价,,,https://fgw.fuzhou.gov.cn/fgwzwgk/fzgggz/jgysf/msspjgxq/zfsp/202607/t20260716_5347175.htm
福州市,2026年7月16日,"
		2026年7月16日福州市主副食品集超均价表_主副食品_
		福州市发展和改革委员会
	",纯牛奶,盒装,元/盒(250毫升),2.73,,,,,福州市主副食品集超均价表，集超均价,,,https://fgw.fuzhou.gov.cn/fgwzwgk/fzgggz/jgysf/msspjgxq/zfsp/202607/t20260716_5347175.htm
福州市,2026年7月16日,"
		2026年7月16日福州市主副食品集超均价表_主副食品_
		福州市发展和改革委员会
	",羊肉,带骨肉,元/500克,45.09,,,,,福州市主副食品集超均价表，集超均价,,,https://fgw.fuzhou.gov.cn/fgwzwgk/fzgggz/jgysf/msspjgxq/zfsp/202607/t20260716_5347175.htm
福州市,2026年7月16日,"
		2026年7月16日福州市主副食品集超均价表_主副食品_
		福州市发展和改革委员会
	",脐橙,新鲜,元/500克,4.86,,,,,福州市主副食品集超均价表，集超均价,,,https://fgw.fuzhou.gov.cn/fgwzwgk/fzgggz/jgysf/msspjgxq/zfsp/202607/t20260716_5347175.htm
福州市,2026年7月16日,"
		2026年7月16日福州市主副食品集超均价表_主副食品_
		福州市发展和改革委员会
	",花生油,桶装一级,元/5升,105.79,,,,,福州市主副食品集超均价表，集超均价,,,https://fgw.fuzhou.gov.cn/fgwzwgk/fzgggz/jgysf/msspjgxq/zfsp/202607/t20260716_5347175.htm
福州市,2026年7月16日,"
		2026年7月16日福州市主副食品集超均价表_主副食品_
		福州市发展和改革委员会
	",花菜,新鲜,元/500克,5.22,,,,,福州市主副食品集超均价表，集超均价,,,https://fgw.fuzhou.gov.cn/fgwzwgk/fzgggz/jgysf/msspjgxq/zfsp/202607/t20260716_5347175.htm
福州市,2026年7月16日,"
		2026年7月16日福州市主副食品集超均价表_主副食品_
		福州市发展和改革委员会
	",芹菜,新鲜,元/500克,6.65,,,,,福州市主副食品集超均价表，集超均价,,,https://fgw.fuzhou.gov.cn/fgwzwgk/fzgggz/jgysf/msspjgxq/zfsp/202607/t20260716_5347175.htm
福州市,2026年7月16日,"
		2026年7月16日福州市主副食品集超均价表_主副食品_
		福州市发展和改革委员会
	",苹果,新鲜,元/500克,8.30,,,,,福州市主副食品集超均价表，集超均价,,,https://fgw.fuzhou.gov.cn/fgwzwgk/fzgggz/jgysf/msspjgxq/zfsp/202607/t20260716_5347175.htm
福州市,2026年7月16日,"
		2026年7月16日福州市主副食品集超均价表_主副食品_
		福州市发展和改革委员会
	",茄子,新鲜,元/500克,3.77,,,,,福州市主副食品集超均价表，集超均价,,,https://fgw.fuzhou.gov.cn/fgwzwgk/fzgggz/jgysf/msspjgxq/zfsp/202607/t20260716_5347175.htm
福州市,2026年7月16日,"
		2026年7月16日福州市主副食品集超均价表_主副食品_
		福州市发展和改革委员会
	",菜籽油,桶装一级,元/5升,71.45,,,,,福州市主副食品集超均价表，集超均价,,,https://fgw.fuzhou.gov.cn/fgwzwgk/fzgggz/jgysf/msspjgxq/zfsp/202607/t20260716_5347175.htm
福州市,2026年7月16日,"
		2026年7月16日福州市主副食品集超均价表_主副食品_
		福州市发展和改革委员会
	",蒜苔,新鲜,元/500克,8.19,,,,,福州市主副食品集超均价表，集超均价,,,https://fgw.fuzhou.gov.cn/fgwzwgk/fzgggz/jgysf/msspjgxq/zfsp/202607/t20260716_5347175.htm
福州市,2026年7月16日,"
		2026年7月16日福州市主副食品集超均价表_主副食品_
		福州市发展和改革委员会
	",西红柿,新鲜,元/500克,4.04,,,,,福州市主副食品集超均价表，集超均价,,,https://fgw.fuzhou.gov.cn/fgwzwgk/fzgggz/jgysf/msspjgxq/zfsp/202607/t20260716_5347175.htm
福州市,2026年7月16日,"
		2026年7月16日福州市主副食品集超均价表_主副食品_
		福州市发展和改革委员会
	",调和油,桶装一级,元/5升,66.17,,,,,福州市主副食品集超均价表，集超均价,,,https://fgw.fuzhou.gov.cn/fgwzwgk/fzgggz/jgysf/msspjgxq/zfsp/202607/t20260716_5347175.htm
福州市,2026年7月16日,"
		2026年7月16日福州市主副食品集超均价表_主副食品_
		福州市发展和改革委员会
	",豆角,新鲜,元/500克,6.49,,,,,福州市主副食品集超均价表，集超均价,,,https://fgw.fuzhou.gov.cn/fgwzwgk/fzgggz/jgysf/msspjgxq/zfsp/202607/t20260716_5347175.htm
福州市,2026年7月16日,"
		2026年7月16日福州市主副食品集超均价表_主副食品_
		福州市发展和改革委员会
	",青椒,新鲜,元/500克,5.32,,,,,福州市主副食品集超均价表，集超均价,,,https://fgw.fuzhou.gov.cn/fgwzwgk/fzgggz/jgysf/msspjgxq/zfsp/202607/t20260716_5347175.htm
福州市,2026年7月16日,"
		2026年7月16日福州市主副食品集超均价表_主副食品_
		福州市发展和改革委员会
	",韭菜,新鲜,元/500克,5.71,,,,,福州市主副食品集超均价表，集超均价,,,https://fgw.fuzhou.gov.cn/fgwzwgk/fzgggz/jgysf/msspjgxq/zfsp/202607/t20260716_5347175.htm
福州市,2026年7月16日,"
		2026年7月16日福州市主副食品集超均价表_主副食品_
		福州市发展和改革委员会
	",香蕉,新鲜,元/500克,4.79,,,,,福州市主副食品集超均价表，集超均价,,,https://fgw.fuzhou.gov.cn/fgwzwgk/fzgggz/jgysf/msspjgxq/zfsp/202607/t20260716_5347175.htm
福州市,2026年7月16日,"
		2026年7月16日福州市主副食品集超均价表_主副食品_
		福州市发展和改革委员会
	",马胶鱼,冰鲜,元/500克,29.08,,,,,福州市主副食品集超均价表，集超均价,,,https://fgw.fuzhou.gov.cn/fgwzwgk/fzgggz/jgysf/msspjgxq/zfsp/202607/t20260716_5347175.htm
福州市,2026年7月16日,"
		2026年7月16日福州市主副食品集超均价表_主副食品_
		福州市发展和改革委员会
	",鱿鱼,冰鲜,元/500克,49.94,,,,,福州市主副食品集超均价表，集超均价,,,https://fgw.fuzhou.gov.cn/fgwzwgk/fzgggz/jgysf/msspjgxq/zfsp/202607/t20260716_5347175.htm
福州市,2026年7月16日,"
		2026年7月16日福州市主副食品集超均价表_主副食品_
		福州市发展和改革委员会
	",鸡肉,白条鸡,元/500克,15.60,,,,,福州市主副食品集超均价表，集超均价,,,https://fgw.fuzhou.gov.cn/fgwzwgk/fzgggz/jgysf/msspjgxq/zfsp/202607/t20260716_5347175.htm
福州市,2026年7月16日,"
		2026年7月16日福州市主副食品集超均价表_主副食品_
		福州市发展和改革委员会
	",鸭肉,白条鸭,元/500克,16.55,,,,,福州市主副食品集超均价表，集超均价,,,https://fgw.fuzhou.gov.cn/fgwzwgk/fzgggz/jgysf/msspjgxq/zfsp/202607/t20260716_5347175.htm
福州市,2026年7月16日,"
		2026年7月16日福州市主副食品集超均价表_主副食品_
		福州市发展和改革委员会
	",黄瓜,新鲜,元/500克,2.73,,,,,福州市主副食品集超均价表，集超均价,,,https://fgw.fuzhou.gov.cn/fgwzwgk/fzgggz/jgysf/msspjgxq/zfsp/202607/t20260716_5347175.htm
福州市,2026年7月16日,"
		2026年7月16日福州市主副食品集超均价表_主副食品_
		福州市发展和改革委员会
	",黄瓜鱼,冰鲜,元/500克,27.75,,,,,福州市主副食品集超均价表，集超均价,,,https://fgw.fuzhou.gov.cn/fgwzwgk/fzgggz/jgysf/msspjgxq/zfsp/202607/t20260716_5347175.htm
福州市,2026年7月17日,"
		2026年7月17日福州市主副食品集超均价表_主副食品_
		福州市发展和改革委员会
	",上海青,新鲜,元/500克,3.39,,,,,福州市主副食品集超均价表，集超均价,,,https://fgw.fuzhou.gov.cn/fgwzwgk/fzgggz/jgysf/msspjgxq/zfsp/202607/t20260717_5347619.htm
福州市,2026年7月17日,"
		2026年7月17日福州市主副食品集超均价表_主副食品_
		福州市发展和改革委员会
	",冻带鱼,冷冻,元/500克,21.61,,,,,福州市主副食品集超均价表，集超均价,,,https://fgw.fuzhou.gov.cn/fgwzwgk/fzgggz/jgysf/msspjgxq/zfsp/202607/t20260717_5347619.htm
福州市,2026年7月17日,"
		2026年7月17日福州市主副食品集超均价表_主副食品_
		福州市发展和改革委员会
	",圆白菜,新鲜,元/500克,1.95,,,,,福州市主副食品集超均价表，集超均价,,,https://fgw.fuzhou.gov.cn/fgwzwgk/fzgggz/jgysf/msspjgxq/zfsp/202607/t20260717_5347619.htm
福州市,2026年7月17日,"
		2026年7月17日福州市主副食品集超均价表_主副食品_
		福州市发展和改革委员会
	",土豆,新鲜,元/500克,2.24,,,,,福州市主副食品集超均价表，集超均价,,,https://fgw.fuzhou.gov.cn/fgwzwgk/fzgggz/jgysf/msspjgxq/zfsp/202607/t20260717_5347619.htm
福州市,2026年7月17日,"
		2026年7月17日福州市主副食品集超均价表_主副食品_
		福州市发展和改革委员会
	",大白菜,新鲜,元/500克,2.11,,,,,福州市主副食品集超均价表，集超均价,,,https://fgw.fuzhou.gov.cn/fgwzwgk/fzgggz/jgysf/msspjgxq/zfsp/202607/t20260717_5347619.htm
福州市,2026年7月17日,"
		2026年7月17日福州市主副食品集超均价表_主副食品_
		福州市发展和改革委员会
	",大豆油,桶装一级,元/5升,59.60,,,,,福州市主副食品集超均价表，集超均价,,,https://fgw.fuzhou.gov.cn/fgwzwgk/fzgggz/jgysf/msspjgxq/zfsp/202607/t20260717_5347619.htm
福州市,2026年7月17日,"
		2026年7月17日福州市主副食品集超均价表_主副食品_
		福州市发展和改革委员会
	",富强粉,,元/500克,3.57,,,,,福州市主副食品集超均价表，集超均价,,,https://fgw.fuzhou.gov.cn/fgwzwgk/fzgggz/jgysf/msspjgxq/zfsp/202607/t20260717_5347619.htm
福州市,2026年7月17日,"
		2026年7月17日福州市主副食品集超均价表_主副食品_
		福州市发展和改革委员会
	",尖椒,新鲜,元/500克,5.58,,,,,福州市主副食品集超均价表，集超均价,,,https://fgw.fuzhou.gov.cn/fgwzwgk/fzgggz/jgysf/msspjgxq/zfsp/202607/t20260717_5347619.htm
福州市,2026年7月17日,"
		2026年7月17日福州市主副食品集超均价表_主副食品_
		福州市发展和改革委员会
	",晚籼米,标一,元/500克,2.68,,,,,福州市主副食品集超均价表，集超均价,,,https://fgw.fuzhou.gov.cn/fgwzwgk/fzgggz/jgysf/msspjgxq/zfsp/202607/t20260717_5347619.htm
福州市,2026年7月17日,"
		2026年7月17日福州市主副食品集超均价表_主副食品_
		福州市发展和改革委员会
	",普通鸡蛋,新鲜完整,元/500克,6.51,,,,,福州市主副食品集超均价表，集超均价,,,https://fgw.fuzhou.gov.cn/fgwzwgk/fzgggz/jgysf/msspjgxq/zfsp/202607/t20260717_5347619.htm
福州市,2026年7月17日,"
		2026年7月17日福州市主副食品集超均价表_主副食品_
		福州市发展和改革委员会
	",普通鸭蛋,新鲜完整,元/500克,8.12,,,,,福州市主副食品集超均价表，集超均价,,,https://fgw.fuzhou.gov.cn/fgwzwgk/fzgggz/jgysf/msspjgxq/zfsp/202607/t20260717_5347619.htm
福州市,2026年7月17日,"
		2026年7月17日福州市主副食品集超均价表_主副食品_
		福州市发展和改革委员会
	",标准粉,,元/500克,2.39,,,,,福州市主副食品集超均价表，集超均价,,,https://fgw.fuzhou.gov.cn/fgwzwgk/fzgggz/jgysf/msspjgxq/zfsp/202607/t20260717_5347619.htm
福州市,2026年7月17日,"
		2026年7月17日福州市主副食品集超均价表_主副食品_
		福州市发展和改革委员会
	",梨,新鲜,元/500克,5.58,,,,,福州市主副食品集超均价表，集超均价,,,https://fgw.fuzhou.gov.cn/fgwzwgk/fzgggz/jgysf/msspjgxq/zfsp/202607/t20260717_5347619.htm
福州市,2026年7月17日,"
		2026年7月17日福州市主副食品集超均价表_主副食品_
		福州市发展和改革委员会
	",油菜(菜心),新鲜,元/500克,3.69,,,,,福州市主副食品集超均价表，集超均价,,,https://fgw.fuzhou.gov.cn/fgwzwgk/fzgggz/jgysf/msspjgxq/zfsp/202607/t20260717_5347619.htm
福州市,2026年7月17日,"
		2026年7月17日福州市主副食品集超均价表_主副食品_
		福州市发展和改革委员会
	",活明虾,鲜活,元/500克,28.60,,,,,福州市主副食品集超均价表，集超均价,,,https://fgw.fuzhou.gov.cn/fgwzwgk/fzgggz/jgysf/msspjgxq/zfsp/202607/t20260717_5347619.htm
福州市,2026年7月17日,"
		2026年7月17日福州市主副食品集超均价表_主副食品_
		福州市发展和改革委员会
	",活花蛤,鲜活,元/500克,10.15,,,,,福州市主副食品集超均价表，集超均价,,,https://fgw.fuzhou.gov.cn/fgwzwgk/fzgggz/jgysf/msspjgxq/zfsp/202607/t20260717_5347619.htm
福州市,2026年7月17日,"
		2026年7月17日福州市主副食品集超均价表_主副食品_
		福州市发展和改革委员会
	",活草鱼,鲜活,元/500克,11.10,,,,,福州市主副食品集超均价表，集超均价,,,https://fgw.fuzhou.gov.cn/fgwzwgk/fzgggz/jgysf/msspjgxq/zfsp/202607/t20260717_5347619.htm
福州市,2026年7月17日,"
		2026年7月17日福州市主副食品集超均价表_主副食品_
		福州市发展和改革委员会
	",活鳙鱼（大头鲢）,鲜活,元/500克,13.91,,,,,福州市主副食品集超均价表，集超均价,,,https://fgw.fuzhou.gov.cn/fgwzwgk/fzgggz/jgysf/msspjgxq/zfsp/202607/t20260717_5347619.htm
福州市,2026年7月17日,"
		2026年7月17日福州市主副食品集超均价表_主副食品_
		福州市发展和改革委员会
	",牛肉,去骨肉,元/500克,45.58,,,,,福州市主副食品集超均价表，集超均价,,,https://fgw.fuzhou.gov.cn/fgwzwgk/fzgggz/jgysf/msspjgxq/zfsp/202607/t20260717_5347619.htm
福州市,2026年7月17日,"
		2026年7月17日福州市主副食品集超均价表_主副食品_
		福州市发展和改革委员会
	",猪瘦肉,新鲜,元/500克,14.91,,,,,福州市主副食品集超均价表，集超均价,,,https://fgw.fuzhou.gov.cn/fgwzwgk/fzgggz/jgysf/msspjgxq/zfsp/202607/t20260717_5347619.htm
福州市,2026年7月17日,"
		2026年7月17日福州市主副食品集超均价表_主副食品_
		福州市发展和改革委员会
	",猪肋条肉,新鲜,元/500克,15.41,,,,,福州市主副食品集超均价表，集超均价,,,https://fgw.fuzhou.gov.cn/fgwzwgk/fzgggz/jgysf/msspjgxq/zfsp/202607/t20260717_5347619.htm
福州市,2026年7月17日,"
		2026年7月17日福州市主副食品集超均价表_主副食品_
		福州市发展和改革委员会
	",白萝卜,新鲜,元/500克,1.54,,,,,福州市主副食品集超均价表，集超均价,,,https://fgw.fuzhou.gov.cn/fgwzwgk/fzgggz/jgysf/msspjgxq/zfsp/202607/t20260717_5347619.htm
福州市,2026年7月17日,"
		2026年7月17日福州市主副食品集超均价表_主副食品_
		福州市发展和改革委员会
	",空心菜,新鲜,元/500克,2.71,,,,,福州市主副食品集超均价表，集超均价,,,https://fgw.fuzhou.gov.cn/fgwzwgk/fzgggz/jgysf/msspjgxq/zfsp/202607/t20260717_5347619.htm
福州市,2026年7月17日,"
		2026年7月17日福州市主副食品集超均价表_主副食品_
		福州市发展和改革委员会
	",粳米,标一,元/500克,2.97,,,,,福州市主副食品集超均价表，集超均价,,,https://fgw.fuzhou.gov.cn/fgwzwgk/fzgggz/jgysf/msspjgxq/zfsp/202607/t20260717_5347619.htm
福州市,2026年7月17日,"
		2026年7月17日福州市主副食品集超均价表_主副食品_
		福州市发展和改革委员会
	",红萝卜,新鲜,元/500克,2.27,,,,,福州市主副食品集超均价表，集超均价,,,https://fgw.fuzhou.gov.cn/fgwzwgk/fzgggz/jgysf/msspjgxq/zfsp/202607/t20260717_5347619.htm
福州市,2026年7月17日,"
		2026年7月17日福州市主副食品集超均价表_主副食品_
		福州市发展和改革委员会
	",纯牛奶,盒装,元/盒(250毫升),2.73,,,,,福州市主副食品集超均价表，集超均价,,,https://fgw.fuzhou.gov.cn/fgwzwgk/fzgggz/jgysf/msspjgxq/zfsp/202607/t20260717_5347619.htm
福州市,2026年7月17日,"
		2026年7月17日福州市主副食品集超均价表_主副食品_
		福州市发展和改革委员会
	",羊肉,带骨肉,元/500克,45.09,,,,,福州市主副食品集超均价表，集超均价,,,https://fgw.fuzhou.gov.cn/fgwzwgk/fzgggz/jgysf/msspjgxq/zfsp/202607/t20260717_5347619.htm
福州市,2026年7月17日,"
		2026年7月17日福州市主副食品集超均价表_主副食品_
		福州市发展和改革委员会
	",脐橙,新鲜,元/500克,4.86,,,,,福州市主副食品集超均价表，集超均价,,,https://fgw.fuzhou.gov.cn/fgwzwgk/fzgggz/jgysf/msspjgxq/zfsp/202607/t20260717_5347619.htm
福州市,2026年7月17日,"
		2026年7月17日福州市主副食品集超均价表_主副食品_
		福州市发展和改革委员会
	",花生油,桶装一级,元/5升,105.79,,,,,福州市主副食品集超均价表，集超均价,,,https://fgw.fuzhou.gov.cn/fgwzwgk/fzgggz/jgysf/msspjgxq/zfsp/202607/t20260717_5347619.htm
福州市,2026年7月17日,"
		2026年7月17日福州市主副食品集超均价表_主副食品_
		福州市发展和改革委员会
	",花菜,新鲜,元/500克,5.14,,,,,福州市主副食品集超均价表，集超均价,,,https://fgw.fuzhou.gov.cn/fgwzwgk/fzgggz/jgysf/msspjgxq/zfsp/202607/t20260717_5347619.htm
福州市,2026年7月17日,"
		2026年7月17日福州市主副食品集超均价表_主副食品_
		福州市发展和改革委员会
	",芹菜,新鲜,元/500克,6.65,,,,,福州市主副食品集超均价表，集超均价,,,https://fgw.fuzhou.gov.cn/fgwzwgk/fzgggz/jgysf/msspjgxq/zfsp/202607/t20260717_5347619.htm
福州市,2026年7月17日,"
		2026年7月17日福州市主副食品集超均价表_主副食品_
		福州市发展和改革委员会
	",苹果,新鲜,元/500克,8.30,,,,,福州市主副食品集超均价表，集超均价,,,https://fgw.fuzhou.gov.cn/fgwzwgk/fzgggz/jgysf/msspjgxq/zfsp/202607/t20260717_5347619.htm
福州市,2026年7月17日,"
		2026年7月17日福州市主副食品集超均价表_主副食品_
		福州市发展和改革委员会
	",茄子,新鲜,元/500克,3.73,,,,,福州市主副食品集超均价表，集超均价,,,https://fgw.fuzhou.gov.cn/fgwzwgk/fzgggz/jgysf/msspjgxq/zfsp/202607/t20260717_5347619.htm
福州市,2026年7月17日,"
		2026年7月17日福州市主副食品集超均价表_主副食品_
		福州市发展和改革委员会
	",菜籽油,桶装一级,元/5升,71.45,,,,,福州市主副食品集超均价表，集超均价,,,https://fgw.fuzhou.gov.cn/fgwzwgk/fzgggz/jgysf/msspjgxq/zfsp/202607/t20260717_5347619.htm
福州市,2026年7月17日,"
		2026年7月17日福州市主副食品集超均价表_主副食品_
		福州市发展和改革委员会
	",蒜苔,新鲜,元/500克,8.19,,,,,福州市主副食品集超均价表，集超均价,,,https://fgw.fuzhou.gov.cn/fgwzwgk/fzgggz/jgysf/msspjgxq/zfsp/202607/t20260717_5347619.htm
福州市,2026年7月17日,"
		2026年7月17日福州市主副食品集超均价表_主副食品_
		福州市发展和改革委员会
	",西红柿,新鲜,元/500克,4.00,,,,,福州市主副食品集超均价表，集超均价,,,https://fgw.fuzhou.gov.cn/fgwzwgk/fzgggz/jgysf/msspjgxq/zfsp/202607/t20260717_5347619.htm
福州市,2026年7月17日,"
		2026年7月17日福州市主副食品集超均价表_主副食品_
		福州市发展和改革委员会
	",调和油,桶装一级,元/5升,66.17,,,,,福州市主副食品集超均价表，集超均价,,,https://fgw.fuzhou.gov.cn/fgwzwgk/fzgggz/jgysf/msspjgxq/zfsp/202607/t20260717_5347619.htm
福州市,2026年7月17日,"
		2026年7月17日福州市主副食品集超均价表_主副食品_
		福州市发展和改革委员会
	",豆角,新鲜,元/500克,6.49,,,,,福州市主副食品集超均价表，集超均价,,,https://fgw.fuzhou.gov.cn/fgwzwgk/fzgggz/jgysf/msspjgxq/zfsp/202607/t20260717_5347619.htm
福州市,2026年7月17日,"
		2026年7月17日福州市主副食品集超均价表_主副食品_
		福州市发展和改革委员会
	",青椒,新鲜,元/500克,5.39,,,,,福州市主副食品集超均价表，集超均价,,,https://fgw.fuzhou.gov.cn/fgwzwgk/fzgggz/jgysf/msspjgxq/zfsp/202607/t20260717_5347619.htm
福州市,2026年7月17日,"
		2026年7月17日福州市主副食品集超均价表_主副食品_
		福州市发展和改革委员会
	",韭菜,新鲜,元/500克,5.68,,,,,福州市主副食品集超均价表，集超均价,,,https://fgw.fuzhou.gov.cn/fgwzwgk/fzgggz/jgysf/msspjgxq/zfsp/202607/t20260717_5347619.htm
福州市,2026年7月17日,"
		2026年7月17日福州市主副食品集超均价表_主副食品_
		福州市发展和改革委员会
	",香蕉,新鲜,元/500克,4.79,,,,,福州市主副食品集超均价表，集超均价,,,https://fgw.fuzhou.gov.cn/fgwzwgk/fzgggz/jgysf/msspjgxq/zfsp/202607/t20260717_5347619.htm
福州市,2026年7月17日,"
		2026年7月17日福州市主副食品集超均价表_主副食品_
		福州市发展和改革委员会
	",马胶鱼,冰鲜,元/500克,29.08,,,,,福州市主副食品集超均价表，集超均价,,,https://fgw.fuzhou.gov.cn/fgwzwgk/fzgggz/jgysf/msspjgxq/zfsp/202607/t20260717_5347619.htm
福州市,2026年7月17日,"
		2026年7月17日福州市主副食品集超均价表_主副食品_
		福州市发展和改革委员会
	",鱿鱼,冰鲜,元/500克,49.94,,,,,福州市主副食品集超均价表，集超均价,,,https://fgw.fuzhou.gov.cn/fgwzwgk/fzgggz/jgysf/msspjgxq/zfsp/202607/t20260717_5347619.htm
福州市,2026年7月17日,"
		2026年7月17日福州市主副食品集超均价表_主副食品_
		福州市发展和改革委员会
	",鸡肉,白条鸡,元/500克,15.60,,,,,福州市主副食品集超均价表，集超均价,,,https://fgw.fuzhou.gov.cn/fgwzwgk/fzgggz/jgysf/msspjgxq/zfsp/202607/t20260717_5347619.htm
福州市,2026年7月17日,"
		2026年7月17日福州市主副食品集超均价表_主副食品_
		福州市发展和改革委员会
	",鸭肉,白条鸭,元/500克,16.55,,,,,福州市主副食品集超均价表，集超均价,,,https://fgw.fuzhou.gov.cn/fgwzwgk/fzgggz/jgysf/msspjgxq/zfsp/202607/t20260717_5347619.htm
福州市,2026年7月17日,"
		2026年7月17日福州市主副食品集超均价表_主副食品_
		福州市发展和改革委员会
	",黄瓜,新鲜,元/500克,2.77,,,,,福州市主副食品集超均价表，集超均价,,,https://fgw.fuzhou.gov.cn/fgwzwgk/fzgggz/jgysf/msspjgxq/zfsp/202607/t20260717_5347619.htm
福州市,2026年7月17日,"
		2026年7月17日福州市主副食品集超均价表_主副食品_
		福州市发展和改革委员会
	",黄瓜鱼,冰鲜,元/500克,27.75,,,,,福州市主副食品集超均价表，集超均价,,,https://fgw.fuzhou.gov.cn/fgwzwgk/fzgggz/jgysf/msspjgxq/zfsp/202607/t20260717_5347619.htm
福州市,2026年7月1日,"
		2026年7月1日福州市主副食品集超均价表_主副食品_
		福州市发展和改革委员会
	",上海青,新鲜,元/500克,3.23,,,,,福州市主副食品集超均价表，集超均价,,,https://fgw.fuzhou.gov.cn/fgwzwgk/fzgggz/jgysf/msspjgxq/zfsp/202607/t20260701_5341238.htm
福州市,2026年7月1日,"
		2026年7月1日福州市主副食品集超均价表_主副食品_
		福州市发展和改革委员会
	",冻带鱼,冷冻,元/500克,22.33,,,,,福州市主副食品集超均价表，集超均价,,,https://fgw.fuzhou.gov.cn/fgwzwgk/fzgggz/jgysf/msspjgxq/zfsp/202607/t20260701_5341238.htm
福州市,2026年7月1日,"
		2026年7月1日福州市主副食品集超均价表_主副食品_
		福州市发展和改革委员会
	",圆白菜,新鲜,元/500克,2.00,,,,,福州市主副食品集超均价表，集超均价,,,https://fgw.fuzhou.gov.cn/fgwzwgk/fzgggz/jgysf/msspjgxq/zfsp/202607/t20260701_5341238.htm
福州市,2026年7月1日,"
		2026年7月1日福州市主副食品集超均价表_主副食品_
		福州市发展和改革委员会
	",土豆,新鲜,元/500克,2.25,,,,,福州市主副食品集超均价表，集超均价,,,https://fgw.fuzhou.gov.cn/fgwzwgk/fzgggz/jgysf/msspjgxq/zfsp/202607/t20260701_5341238.htm
福州市,2026年7月1日,"
		2026年7月1日福州市主副食品集超均价表_主副食品_
		福州市发展和改革委员会
	",大白菜,新鲜,元/500克,2.07,,,,,福州市主副食品集超均价表，集超均价,,,https://fgw.fuzhou.gov.cn/fgwzwgk/fzgggz/jgysf/msspjgxq/zfsp/202607/t20260701_5341238.htm
福州市,2026年7月1日,"
		2026年7月1日福州市主副食品集超均价表_主副食品_
		福州市发展和改革委员会
	",大豆油,桶装一级,元/5升,59.39,,,,,福州市主副食品集超均价表，集超均价,,,https://fgw.fuzhou.gov.cn/fgwzwgk/fzgggz/jgysf/msspjgxq/zfsp/202607/t20260701_5341238.htm
福州市,2026年7月1日,"
		2026年7月1日福州市主副食品集超均价表_主副食品_
		福州市发展和改革委员会
	",富强粉,,元/500克,3.57,,,,,福州市主副食品集超均价表，集超均价,,,https://fgw.fuzhou.gov.cn/fgwzwgk/fzgggz/jgysf/msspjgxq/zfsp/202607/t20260701_5341238.htm
福州市,2026年7月1日,"
		2026年7月1日福州市主副食品集超均价表_主副食品_
		福州市发展和改革委员会
	",尖椒,新鲜,元/500克,5.18,,,,,福州市主副食品集超均价表，集超均价,,,https://fgw.fuzhou.gov.cn/fgwzwgk/fzgggz/jgysf/msspjgxq/zfsp/202607/t20260701_5341238.htm
福州市,2026年7月1日,"
		2026年7月1日福州市主副食品集超均价表_主副食品_
		福州市发展和改革委员会
	",晚籼米,标一,元/500克,2.68,,,,,福州市主副食品集超均价表，集超均价,,,https://fgw.fuzhou.gov.cn/fgwzwgk/fzgggz/jgysf/msspjgxq/zfsp/202607/t20260701_5341238.htm
福州市,2026年7月1日,"
		2026年7月1日福州市主副食品集超均价表_主副食品_
		福州市发展和改革委员会
	",普通鸡蛋,新鲜完整,元/500克,6.38,,,,,福州市主副食品集超均价表，集超均价,,,https://fgw.fuzhou.gov.cn/fgwzwgk/fzgggz/jgysf/msspjgxq/zfsp/202607/t20260701_5341238.htm
福州市,2026年7月1日,"
		2026年7月1日福州市主副食品集超均价表_主副食品_
		福州市发展和改革委员会
	",普通鸭蛋,新鲜完整,元/500克,8.02,,,,,福州市主副食品集超均价表，集超均价,,,https://fgw.fuzhou.gov.cn/fgwzwgk/fzgggz/jgysf/msspjgxq/zfsp/202607/t20260701_5341238.htm
福州市,2026年7月1日,"
		2026年7月1日福州市主副食品集超均价表_主副食品_
		福州市发展和改革委员会
	",标准粉,,元/500克,2.44,,,,,福州市主副食品集超均价表，集超均价,,,https://fgw.fuzhou.gov.cn/fgwzwgk/fzgggz/jgysf/msspjgxq/zfsp/202607/t20260701_5341238.htm
福州市,2026年7月1日,"
		2026年7月1日福州市主副食品集超均价表_主副食品_
		福州市发展和改革委员会
	",梨,新鲜,元/500克,5.54,,,,,福州市主副食品集超均价表，集超均价,,,https://fgw.fuzhou.gov.cn/fgwzwgk/fzgggz/jgysf/msspjgxq/zfsp/202607/t20260701_5341238.htm
福州市,2026年7月1日,"
		2026年7月1日福州市主副食品集超均价表_主副食品_
		福州市发展和改革委员会
	",油菜(菜心),新鲜,元/500克,3.78,,,,,福州市主副食品集超均价表，集超均价,,,https://fgw.fuzhou.gov.cn/fgwzwgk/fzgggz/jgysf/msspjgxq/zfsp/202607/t20260701_5341238.htm
福州市,2026年7月1日,"
		2026年7月1日福州市主副食品集超均价表_主副食品_
		福州市发展和改革委员会
	",活明虾,鲜活,元/500克,29.10,,,,,福州市主副食品集超均价表，集超均价,,,https://fgw.fuzhou.gov.cn/fgwzwgk/fzgggz/jgysf/msspjgxq/zfsp/202607/t20260701_5341238.htm
福州市,2026年7月1日,"
		2026年7月1日福州市主副食品集超均价表_主副食品_
		福州市发展和改革委员会
	",活花蛤,鲜活,元/500克,10.08,,,,,福州市主副食品集超均价表，集超均价,,,https://fgw.fuzhou.gov.cn/fgwzwgk/fzgggz/jgysf/msspjgxq/zfsp/202607/t20260701_5341238.htm
福州市,2026年7月1日,"
		2026年7月1日福州市主副食品集超均价表_主副食品_
		福州市发展和改革委员会
	",活草鱼,鲜活,元/500克,11.95,,,,,福州市主副食品集超均价表，集超均价,,,https://fgw.fuzhou.gov.cn/fgwzwgk/fzgggz/jgysf/msspjgxq/zfsp/202607/t20260701_5341238.htm
福州市,2026年7月1日,"
		2026年7月1日福州市主副食品集超均价表_主副食品_
		福州市发展和改革委员会
	",活鳙鱼（大头鲢）,鲜活,元/500克,13.90,,,,,福州市主副食品集超均价表，集超均价,,,https://fgw.fuzhou.gov.cn/fgwzwgk/fzgggz/jgysf/msspjgxq/zfsp/202607/t20260701_5341238.htm
福州市,2026年7月1日,"
		2026年7月1日福州市主副食品集超均价表_主副食品_
		福州市发展和改革委员会
	",牛肉,去骨肉,元/500克,45.50,,,,,福州市主副食品集超均价表，集超均价,,,https://fgw.fuzhou.gov.cn/fgwzwgk/fzgggz/jgysf/msspjgxq/zfsp/202607/t20260701_5341238.htm
福州市,2026年7月1日,"
		2026年7月1日福州市主副食品集超均价表_主副食品_
		福州市发展和改革委员会
	",猪瘦肉,新鲜,元/500克,13.80,,,,,福州市主副食品集超均价表，集超均价,,,https://fgw.fuzhou.gov.cn/fgwzwgk/fzgggz/jgysf/msspjgxq/zfsp/202607/t20260701_5341238.htm
福州市,2026年7月1日,"
		2026年7月1日福州市主副食品集超均价表_主副食品_
		福州市发展和改革委员会
	",猪肋条肉,新鲜,元/500克,14.58,,,,,福州市主副食品集超均价表，集超均价,,,https://fgw.fuzhou.gov.cn/fgwzwgk/fzgggz/jgysf/msspjgxq/zfsp/202607/t20260701_5341238.htm
福州市,2026年7月1日,"
		2026年7月1日福州市主副食品集超均价表_主副食品_
		福州市发展和改革委员会
	",白萝卜,新鲜,元/500克,1.83,,,,,福州市主副食品集超均价表，集超均价,,,https://fgw.fuzhou.gov.cn/fgwzwgk/fzgggz/jgysf/msspjgxq/zfsp/202607/t20260701_5341238.htm
福州市,2026年7月1日,"
		2026年7月1日福州市主副食品集超均价表_主副食品_
		福州市发展和改革委员会
	",空心菜,新鲜,元/500克,3.67,,,,,福州市主副食品集超均价表，集超均价,,,https://fgw.fuzhou.gov.cn/fgwzwgk/fzgggz/jgysf/msspjgxq/zfsp/202607/t20260701_5341238.htm
福州市,2026年7月1日,"
		2026年7月1日福州市主副食品集超均价表_主副食品_
		福州市发展和改革委员会
	",粳米,标一,元/500克,2.97,,,,,福州市主副食品集超均价表，集超均价,,,https://fgw.fuzhou.gov.cn/fgwzwgk/fzgggz/jgysf/msspjgxq/zfsp/202607/t20260701_5341238.htm
福州市,2026年7月1日,"
		2026年7月1日福州市主副食品集超均价表_主副食品_
		福州市发展和改革委员会
	",红萝卜,新鲜,元/500克,2.40,,,,,福州市主副食品集超均价表，集超均价,,,https://fgw.fuzhou.gov.cn/fgwzwgk/fzgggz/jgysf/msspjgxq/zfsp/202607/t20260701_5341238.htm
福州市,2026年7月1日,"
		2026年7月1日福州市主副食品集超均价表_主副食品_
		福州市发展和改革委员会
	",纯牛奶,盒装,元/盒(250毫升),2.69,,,,,福州市主副食品集超均价表，集超均价,,,https://fgw.fuzhou.gov.cn/fgwzwgk/fzgggz/jgysf/msspjgxq/zfsp/202607/t20260701_5341238.htm
福州市,2026年7月1日,"
		2026年7月1日福州市主副食品集超均价表_主副食品_
		福州市发展和改革委员会
	",羊肉,带骨肉,元/500克,43.77,,,,,福州市主副食品集超均价表，集超均价,,,https://fgw.fuzhou.gov.cn/fgwzwgk/fzgggz/jgysf/msspjgxq/zfsp/202607/t20260701_5341238.htm
福州市,2026年7月1日,"
		2026年7月1日福州市主副食品集超均价表_主副食品_
		福州市发展和改革委员会
	",脐橙,新鲜,元/500克,4.83,,,,,福州市主副食品集超均价表，集超均价,,,https://fgw.fuzhou.gov.cn/fgwzwgk/fzgggz/jgysf/msspjgxq/zfsp/202607/t20260701_5341238.htm
福州市,2026年7月1日,"
		2026年7月1日福州市主副食品集超均价表_主副食品_
		福州市发展和改革委员会
	",花生油,桶装一级,元/5升,107.01,,,,,福州市主副食品集超均价表，集超均价,,,https://fgw.fuzhou.gov.cn/fgwzwgk/fzgggz/jgysf/msspjgxq/zfsp/202607/t20260701_5341238.htm
福州市,2026年7月1日,"
		2026年7月1日福州市主副食品集超均价表_主副食品_
		福州市发展和改革委员会
	",花菜,新鲜,元/500克,4.40,,,,,福州市主副食品集超均价表，集超均价,,,https://fgw.fuzhou.gov.cn/fgwzwgk/fzgggz/jgysf/msspjgxq/zfsp/202607/t20260701_5341238.htm
福州市,2026年7月1日,"
		2026年7月1日福州市主副食品集超均价表_主副食品_
		福州市发展和改革委员会
	",芹菜,新鲜,元/500克,6.16,,,,,福州市主副食品集超均价表，集超均价,,,https://fgw.fuzhou.gov.cn/fgwzwgk/fzgggz/jgysf/msspjgxq/zfsp/202607/t20260701_5341238.htm
福州市,2026年7月1日,"
		2026年7月1日福州市主副食品集超均价表_主副食品_
		福州市发展和改革委员会
	",苹果,新鲜,元/500克,8.29,,,,,福州市主副食品集超均价表，集超均价,,,https://fgw.fuzhou.gov.cn/fgwzwgk/fzgggz/jgysf/msspjgxq/zfsp/202607/t20260701_5341238.htm
福州市,2026年7月1日,"
		2026年7月1日福州市主副食品集超均价表_主副食品_
		福州市发展和改革委员会
	",茄子,新鲜,元/500克,4.25,,,,,福州市主副食品集超均价表，集超均价,,,https://fgw.fuzhou.gov.cn/fgwzwgk/fzgggz/jgysf/msspjgxq/zfsp/202607/t20260701_5341238.htm
福州市,2026年7月1日,"
		2026年7月1日福州市主副食品集超均价表_主副食品_
		福州市发展和改革委员会
	",菜籽油,桶装一级,元/5升,70.10,,,,,福州市主副食品集超均价表，集超均价,,,https://fgw.fuzhou.gov.cn/fgwzwgk/fzgggz/jgysf/msspjgxq/zfsp/202607/t20260701_5341238.htm
福州市,2026年7月1日,"
		2026年7月1日福州市主副食品集超均价表_主副食品_
		福州市发展和改革委员会
	",蒜苔,新鲜,元/500克,7.81,,,,,福州市主副食品集超均价表，集超均价,,,https://fgw.fuzhou.gov.cn/fgwzwgk/fzgggz/jgysf/msspjgxq/zfsp/202607/t20260701_5341238.htm
福州市,2026年7月1日,"
		2026年7月1日福州市主副食品集超均价表_主副食品_
		福州市发展和改革委员会
	",西红柿,新鲜,元/500克,3.90,,,,,福州市主副食品集超均价表，集超均价,,,https://fgw.fuzhou.gov.cn/fgwzwgk/fzgggz/jgysf/msspjgxq/zfsp/202607/t20260701_5341238.htm
福州市,2026年7月1日,"
		2026年7月1日福州市主副食品集超均价表_主副食品_
		福州市发展和改革委员会
	",调和油,桶装一级,元/5升,66.17,,,,,福州市主副食品集超均价表，集超均价,,,https://fgw.fuzhou.gov.cn/fgwzwgk/fzgggz/jgysf/msspjgxq/zfsp/202607/t20260701_5341238.htm
福州市,2026年7月1日,"
		2026年7月1日福州市主副食品集超均价表_主副食品_
		福州市发展和改革委员会
	",豆角,新鲜,元/500克,6.07,,,,,福州市主副食品集超均价表，集超均价,,,https://fgw.fuzhou.gov.cn/fgwzwgk/fzgggz/jgysf/msspjgxq/zfsp/202607/t20260701_5341238.htm
福州市,2026年7月1日,"
		2026年7月1日福州市主副食品集超均价表_主副食品_
		福州市发展和改革委员会
	",青椒,新鲜,元/500克,5.72,,,,,福州市主副食品集超均价表，集超均价,,,https://fgw.fuzhou.gov.cn/fgwzwgk/fzgggz/jgysf/msspjgxq/zfsp/202607/t20260701_5341238.htm
福州市,2026年7月1日,"
		2026年7月1日福州市主副食品集超均价表_主副食品_
		福州市发展和改革委员会
	",韭菜,新鲜,元/500克,5.68,,,,,福州市主副食品集超均价表，集超均价,,,https://fgw.fuzhou.gov.cn/fgwzwgk/fzgggz/jgysf/msspjgxq/zfsp/202607/t20260701_5341238.htm
福州市,2026年7月1日,"
		2026年7月1日福州市主副食品集超均价表_主副食品_
		福州市发展和改革委员会
	",香蕉,新鲜,元/500克,5.00,,,,,福州市主副食品集超均价表，集超均价,,,https://fgw.fuzhou.gov.cn/fgwzwgk/fzgggz/jgysf/msspjgxq/zfsp/202607/t20260701_5341238.htm
福州市,2026年7月1日,"
		2026年7月1日福州市主副食品集超均价表_主副食品_
		福州市发展和改革委员会
	",马胶鱼,冰鲜,元/500克,28.64,,,,,福州市主副食品集超均价表，集超均价,,,https://fgw.fuzhou.gov.cn/fgwzwgk/fzgggz/jgysf/msspjgxq/zfsp/202607/t20260701_5341238.htm
福州市,2026年7月1日,"
		2026年7月1日福州市主副食品集超均价表_主副食品_
		福州市发展和改革委员会
	",鱿鱼,冰鲜,元/500克,49.87,,,,,福州市主副食品集超均价表，集超均价,,,https://fgw.fuzhou.gov.cn/fgwzwgk/fzgggz/jgysf/msspjgxq/zfsp/202607/t20260701_5341238.htm
福州市,2026年7月1日,"
		2026年7月1日福州市主副食品集超均价表_主副食品_
		福州市发展和改革委员会
	",鸡肉,白条鸡,元/500克,14.90,,,,,福州市主副食品集超均价表，集超均价,,,https://fgw.fuzhou.gov.cn/fgwzwgk/fzgggz/jgysf/msspjgxq/zfsp/202607/t20260701_5341238.htm
福州市,2026年7月1日,"
		2026年7月1日福州市主副食品集超均价表_主副食品_
		福州市发展和改革委员会
	",鸭肉,白条鸭,元/500克,16.18,,,,,福州市主副食品集超均价表，集超均价,,,https://fgw.fuzhou.gov.cn/fgwzwgk/fzgggz/jgysf/msspjgxq/zfsp/202607/t20260701_5341238.htm
福州市,2026年7月1日,"
		2026年7月1日福州市主副食品集超均价表_主副食品_
		福州市发展和改革委员会
	",黄瓜,新鲜,元/500克,2.72,,,,,福州市主副食品集超均价表，集超均价,,,https://fgw.fuzhou.gov.cn/fgwzwgk/fzgggz/jgysf/msspjgxq/zfsp/202607/t20260701_5341238.htm
福州市,2026年7月1日,"
		2026年7月1日福州市主副食品集超均价表_主副食品_
		福州市发展和改革委员会
	",黄瓜鱼,冰鲜,元/500克,27.54,,,,,福州市主副食品集超均价表，集超均价,,,https://fgw.fuzhou.gov.cn/fgwzwgk/fzgggz/jgysf/msspjgxq/zfsp/202607/t20260701_5341238.htm
福州市,2026年7月20日,"
		2026年7月20日福州市主副食品集超均价表_主副食品_
		福州市发展和改革委员会
	",上海青,新鲜,元/500克,3.41,,,,,福州市主副食品集超均价表，集超均价,,,https://fgw.fuzhou.gov.cn/fgwzwgk/fzgggz/jgysf/msspjgxq/zfsp/202607/t20260720_5348269.htm
福州市,2026年7月20日,"
		2026年7月20日福州市主副食品集超均价表_主副食品_
		福州市发展和改革委员会
	",冻带鱼,冷冻,元/500克,22.17,,,,,福州市主副食品集超均价表，集超均价,,,https://fgw.fuzhou.gov.cn/fgwzwgk/fzgggz/jgysf/msspjgxq/zfsp/202607/t20260720_5348269.htm
福州市,2026年7月20日,"
		2026年7月20日福州市主副食品集超均价表_主副食品_
		福州市发展和改革委员会
	",圆白菜,新鲜,元/500克,1.94,,,,,福州市主副食品集超均价表，集超均价,,,https://fgw.fuzhou.gov.cn/fgwzwgk/fzgggz/jgysf/msspjgxq/zfsp/202607/t20260720_5348269.htm
福州市,2026年7月20日,"
		2026年7月20日福州市主副食品集超均价表_主副食品_
		福州市发展和改革委员会
	",土豆,新鲜,元/500克,2.24,,,,,福州市主副食品集超均价表，集超均价,,,https://fgw.fuzhou.gov.cn/fgwzwgk/fzgggz/jgysf/msspjgxq/zfsp/202607/t20260720_5348269.htm
福州市,2026年7月20日,"
		2026年7月20日福州市主副食品集超均价表_主副食品_
		福州市发展和改革委员会
	",大白菜,新鲜,元/500克,2.12,,,,,福州市主副食品集超均价表，集超均价,,,https://fgw.fuzhou.gov.cn/fgwzwgk/fzgggz/jgysf/msspjgxq/zfsp/202607/t20260720_5348269.htm
福州市,2026年7月20日,"
		2026年7月20日福州市主副食品集超均价表_主副食品_
		福州市发展和改革委员会
	",大豆油,桶装一级,元/5升,59.6,,,,,福州市主副食品集超均价表，集超均价,,,https://fgw.fuzhou.gov.cn/fgwzwgk/fzgggz/jgysf/msspjgxq/zfsp/202607/t20260720_5348269.htm
福州市,2026年7月20日,"
		2026年7月20日福州市主副食品集超均价表_主副食品_
		福州市发展和改革委员会
	",富强粉,,元/500克,3.57,,,,,福州市主副食品集超均价表，集超均价,,,https://fgw.fuzhou.gov.cn/fgwzwgk/fzgggz/jgysf/msspjgxq/zfsp/202607/t20260720_5348269.htm
福州市,2026年7月20日,"
		2026年7月20日福州市主副食品集超均价表_主副食品_
		福州市发展和改革委员会
	",尖椒,新鲜,元/500克,5.48,,,,,福州市主副食品集超均价表，集超均价,,,https://fgw.fuzhou.gov.cn/fgwzwgk/fzgggz/jgysf/msspjgxq/zfsp/202607/t20260720_5348269.htm
福州市,2026年7月20日,"
		2026年7月20日福州市主副食品集超均价表_主副食品_
		福州市发展和改革委员会
	",晚籼米,标一,元/500克,2.68,,,,,福州市主副食品集超均价表，集超均价,,,https://fgw.fuzhou.gov.cn/fgwzwgk/fzgggz/jgysf/msspjgxq/zfsp/202607/t20260720_5348269.htm
福州市,2026年7月20日,"
		2026年7月20日福州市主副食品集超均价表_主副食品_
		福州市发展和改革委员会
	",普通鸡蛋,新鲜完整,元/500克,6.53,,,,,福州市主副食品集超均价表，集超均价,,,https://fgw.fuzhou.gov.cn/fgwzwgk/fzgggz/jgysf/msspjgxq/zfsp/202607/t20260720_5348269.htm
福州市,2026年7月20日,"
		2026年7月20日福州市主副食品集超均价表_主副食品_
		福州市发展和改革委员会
	",普通鸭蛋,新鲜完整,元/500克,8.13,,,,,福州市主副食品集超均价表，集超均价,,,https://fgw.fuzhou.gov.cn/fgwzwgk/fzgggz/jgysf/msspjgxq/zfsp/202607/t20260720_5348269.htm
福州市,2026年7月20日,"
		2026年7月20日福州市主副食品集超均价表_主副食品_
		福州市发展和改革委员会
	",标准粉,,元/500克,2.46,,,,,福州市主副食品集超均价表，集超均价,,,https://fgw.fuzhou.gov.cn/fgwzwgk/fzgggz/jgysf/msspjgxq/zfsp/202607/t20260720_5348269.htm
福州市,2026年7月20日,"
		2026年7月20日福州市主副食品集超均价表_主副食品_
		福州市发展和改革委员会
	",梨,新鲜,元/500克,5.52,,,,,福州市主副食品集超均价表，集超均价,,,https://fgw.fuzhou.gov.cn/fgwzwgk/fzgggz/jgysf/msspjgxq/zfsp/202607/t20260720_5348269.htm
福州市,2026年7月20日,"
		2026年7月20日福州市主副食品集超均价表_主副食品_
		福州市发展和改革委员会
	",油菜(菜心),新鲜,元/500克,3.64,,,,,福州市主副食品集超均价表，集超均价,,,https://fgw.fuzhou.gov.cn/fgwzwgk/fzgggz/jgysf/msspjgxq/zfsp/202607/t20260720_5348269.htm
福州市,2026年7月20日,"
		2026年7月20日福州市主副食品集超均价表_主副食品_
		福州市发展和改革委员会
	",活明虾,鲜活,元/500克,29.24,,,,,福州市主副食品集超均价表，集超均价,,,https://fgw.fuzhou.gov.cn/fgwzwgk/fzgggz/jgysf/msspjgxq/zfsp/202607/t20260720_5348269.htm
福州市,2026年7月20日,"
		2026年7月20日福州市主副食品集超均价表_主副食品_
		福州市发展和改革委员会
	",活花蛤,鲜活,元/500克,10.29,,,,,福州市主副食品集超均价表，集超均价,,,https://fgw.fuzhou.gov.cn/fgwzwgk/fzgggz/jgysf/msspjgxq/zfsp/202607/t20260720_5348269.htm
福州市,2026年7月20日,"
		2026年7月20日福州市主副食品集超均价表_主副食品_
		福州市发展和改革委员会
	",活草鱼,鲜活,元/500克,10.96,,,,,福州市主副食品集超均价表，集超均价,,,https://fgw.fuzhou.gov.cn/fgwzwgk/fzgggz/jgysf/msspjgxq/zfsp/202607/t20260720_5348269.htm
福州市,2026年7月20日,"
		2026年7月20日福州市主副食品集超均价表_主副食品_
		福州市发展和改革委员会
	",活鳙鱼（大头鲢）,鲜活,元/500克,13.91,,,,,福州市主副食品集超均价表，集超均价,,,https://fgw.fuzhou.gov.cn/fgwzwgk/fzgggz/jgysf/msspjgxq/zfsp/202607/t20260720_5348269.htm
福州市,2026年7月20日,"
		2026年7月20日福州市主副食品集超均价表_主副食品_
		福州市发展和改革委员会
	",牛肉,去骨肉,元/500克,45.58,,,,,福州市主副食品集超均价表，集超均价,,,https://fgw.fuzhou.gov.cn/fgwzwgk/fzgggz/jgysf/msspjgxq/zfsp/202607/t20260720_5348269.htm
福州市,2026年7月20日,"
		2026年7月20日福州市主副食品集超均价表_主副食品_
		福州市发展和改革委员会
	",猪瘦肉,新鲜,元/500克,14.95,,,,,福州市主副食品集超均价表，集超均价,,,https://fgw.fuzhou.gov.cn/fgwzwgk/fzgggz/jgysf/msspjgxq/zfsp/202607/t20260720_5348269.htm
福州市,2026年7月20日,"
		2026年7月20日福州市主副食品集超均价表_主副食品_
		福州市发展和改革委员会
	",猪肋条肉,新鲜,元/500克,15.37,,,,,福州市主副食品集超均价表，集超均价,,,https://fgw.fuzhou.gov.cn/fgwzwgk/fzgggz/jgysf/msspjgxq/zfsp/202607/t20260720_5348269.htm
福州市,2026年7月20日,"
		2026年7月20日福州市主副食品集超均价表_主副食品_
		福州市发展和改革委员会
	",白萝卜,新鲜,元/500克,1.59,,,,,福州市主副食品集超均价表，集超均价,,,https://fgw.fuzhou.gov.cn/fgwzwgk/fzgggz/jgysf/msspjgxq/zfsp/202607/t20260720_5348269.htm
福州市,2026年7月20日,"
		2026年7月20日福州市主副食品集超均价表_主副食品_
		福州市发展和改革委员会
	",空心菜,新鲜,元/500克,2.96,,,,,福州市主副食品集超均价表，集超均价,,,https://fgw.fuzhou.gov.cn/fgwzwgk/fzgggz/jgysf/msspjgxq/zfsp/202607/t20260720_5348269.htm
福州市,2026年7月20日,"
		2026年7月20日福州市主副食品集超均价表_主副食品_
		福州市发展和改革委员会
	",粳米,标一,元/500克,2.97,,,,,福州市主副食品集超均价表，集超均价,,,https://fgw.fuzhou.gov.cn/fgwzwgk/fzgggz/jgysf/msspjgxq/zfsp/202607/t20260720_5348269.htm
福州市,2026年7月20日,"
		2026年7月20日福州市主副食品集超均价表_主副食品_
		福州市发展和改革委员会
	",红萝卜,新鲜,元/500克,2.25,,,,,福州市主副食品集超均价表，集超均价,,,https://fgw.fuzhou.gov.cn/fgwzwgk/fzgggz/jgysf/msspjgxq/zfsp/202607/t20260720_5348269.htm
福州市,2026年7月20日,"
		2026年7月20日福州市主副食品集超均价表_主副食品_
		福州市发展和改革委员会
	",纯牛奶,盒装,元/盒(250毫升),2.73,,,,,福州市主副食品集超均价表，集超均价,,,https://fgw.fuzhou.gov.cn/fgwzwgk/fzgggz/jgysf/msspjgxq/zfsp/202607/t20260720_5348269.htm
福州市,2026年7月20日,"
		2026年7月20日福州市主副食品集超均价表_主副食品_
		福州市发展和改革委员会
	",羊肉,带骨肉,元/500克,45.09,,,,,福州市主副食品集超均价表，集超均价,,,https://fgw.fuzhou.gov.cn/fgwzwgk/fzgggz/jgysf/msspjgxq/zfsp/202607/t20260720_5348269.htm
福州市,2026年7月20日,"
		2026年7月20日福州市主副食品集超均价表_主副食品_
		福州市发展和改革委员会
	",脐橙,新鲜,元/500克,4.86,,,,,福州市主副食品集超均价表，集超均价,,,https://fgw.fuzhou.gov.cn/fgwzwgk/fzgggz/jgysf/msspjgxq/zfsp/202607/t20260720_5348269.htm
福州市,2026年7月20日,"
		2026年7月20日福州市主副食品集超均价表_主副食品_
		福州市发展和改革委员会
	",花生油,桶装一级,元/5升,105.79,,,,,福州市主副食品集超均价表，集超均价,,,https://fgw.fuzhou.gov.cn/fgwzwgk/fzgggz/jgysf/msspjgxq/zfsp/202607/t20260720_5348269.htm
福州市,2026年7月20日,"
		2026年7月20日福州市主副食品集超均价表_主副食品_
		福州市发展和改革委员会
	",花菜,新鲜,元/500克,5.09,,,,,福州市主副食品集超均价表，集超均价,,,https://fgw.fuzhou.gov.cn/fgwzwgk/fzgggz/jgysf/msspjgxq/zfsp/202607/t20260720_5348269.htm
福州市,2026年7月20日,"
		2026年7月20日福州市主副食品集超均价表_主副食品_
		福州市发展和改革委员会
	",芹菜,新鲜,元/500克,6.62,,,,,福州市主副食品集超均价表，集超均价,,,https://fgw.fuzhou.gov.cn/fgwzwgk/fzgggz/jgysf/msspjgxq/zfsp/202607/t20260720_5348269.htm
福州市,2026年7月20日,"
		2026年7月20日福州市主副食品集超均价表_主副食品_
		福州市发展和改革委员会
	",苹果,新鲜,元/500克,8.3,,,,,福州市主副食品集超均价表，集超均价,,,https://fgw.fuzhou.gov.cn/fgwzwgk/fzgggz/jgysf/msspjgxq/zfsp/202607/t20260720_5348269.htm
福州市,2026年7月20日,"
		2026年7月20日福州市主副食品集超均价表_主副食品_
		福州市发展和改革委员会
	",茄子,新鲜,元/500克,3.62,,,,,福州市主副食品集超均价表，集超均价,,,https://fgw.fuzhou.gov.cn/fgwzwgk/fzgggz/jgysf/msspjgxq/zfsp/202607/t20260720_5348269.htm
福州市,2026年7月20日,"
		2026年7月20日福州市主副食品集超均价表_主副食品_
		福州市发展和改革委员会
	",菜籽油,桶装一级,元/5升,71.45,,,,,福州市主副食品集超均价表，集超均价,,,https://fgw.fuzhou.gov.cn/fgwzwgk/fzgggz/jgysf/msspjgxq/zfsp/202607/t20260720_5348269.htm
福州市,2026年7月20日,"
		2026年7月20日福州市主副食品集超均价表_主副食品_
		福州市发展和改革委员会
	",蒜苔,新鲜,元/500克,8.16,,,,,福州市主副食品集超均价表，集超均价,,,https://fgw.fuzhou.gov.cn/fgwzwgk/fzgggz/jgysf/msspjgxq/zfsp/202607/t20260720_5348269.htm
福州市,2026年7月20日,"
		2026年7月20日福州市主副食品集超均价表_主副食品_
		福州市发展和改革委员会
	",西红柿,新鲜,元/500克,3.96,,,,,福州市主副食品集超均价表，集超均价,,,https://fgw.fuzhou.gov.cn/fgwzwgk/fzgggz/jgysf/msspjgxq/zfsp/202607/t20260720_5348269.htm
福州市,2026年7月20日,"
		2026年7月20日福州市主副食品集超均价表_主副食品_
		福州市发展和改革委员会
	",调和油,桶装一级,元/5升,66.45,,,,,福州市主副食品集超均价表，集超均价,,,https://fgw.fuzhou.gov.cn/fgwzwgk/fzgggz/jgysf/msspjgxq/zfsp/202607/t20260720_5348269.htm
福州市,2026年7月20日,"
		2026年7月20日福州市主副食品集超均价表_主副食品_
		福州市发展和改革委员会
	",豆角,新鲜,元/500克,6.49,,,,,福州市主副食品集超均价表，集超均价,,,https://fgw.fuzhou.gov.cn/fgwzwgk/fzgggz/jgysf/msspjgxq/zfsp/202607/t20260720_5348269.htm
福州市,2026年7月20日,"
		2026年7月20日福州市主副食品集超均价表_主副食品_
		福州市发展和改革委员会
	",青椒,新鲜,元/500克,5.35,,,,,福州市主副食品集超均价表，集超均价,,,https://fgw.fuzhou.gov.cn/fgwzwgk/fzgggz/jgysf/msspjgxq/zfsp/202607/t20260720_5348269.htm
福州市,2026年7月20日,"
		2026年7月20日福州市主副食品集超均价表_主副食品_
		福州市发展和改革委员会
	",韭菜,新鲜,元/500克,5.92,,,,,福州市主副食品集超均价表，集超均价,,,https://fgw.fuzhou.gov.cn/fgwzwgk/fzgggz/jgysf/msspjgxq/zfsp/202607/t20260720_5348269.htm
福州市,2026年7月20日,"
		2026年7月20日福州市主副食品集超均价表_主副食品_
		福州市发展和改革委员会
	",香蕉,新鲜,元/500克,4.79,,,,,福州市主副食品集超均价表，集超均价,,,https://fgw.fuzhou.gov.cn/fgwzwgk/fzgggz/jgysf/msspjgxq/zfsp/202607/t20260720_5348269.htm
福州市,2026年7月20日,"
		2026年7月20日福州市主副食品集超均价表_主副食品_
		福州市发展和改革委员会
	",马胶鱼,冰鲜,元/500克,28.93,,,,,福州市主副食品集超均价表，集超均价,,,https://fgw.fuzhou.gov.cn/fgwzwgk/fzgggz/jgysf/msspjgxq/zfsp/202607/t20260720_5348269.htm
福州市,2026年7月20日,"
		2026年7月20日福州市主副食品集超均价表_主副食品_
		福州市发展和改革委员会
	",鱿鱼,冰鲜,元/500克,49.94,,,,,福州市主副食品集超均价表，集超均价,,,https://fgw.fuzhou.gov.cn/fgwzwgk/fzgggz/jgysf/msspjgxq/zfsp/202607/t20260720_5348269.htm
福州市,2026年7月20日,"
		2026年7月20日福州市主副食品集超均价表_主副食品_
		福州市发展和改革委员会
	",鸡肉,白条鸡,元/500克,15.6,,,,,福州市主副食品集超均价表，集超均价,,,https://fgw.fuzhou.gov.cn/fgwzwgk/fzgggz/jgysf/msspjgxq/zfsp/202607/t20260720_5348269.htm
福州市,2026年7月20日,"
		2026年7月20日福州市主副食品集超均价表_主副食品_
		福州市发展和改革委员会
	",鸭肉,白条鸭,元/500克,16.55,,,,,福州市主副食品集超均价表，集超均价,,,https://fgw.fuzhou.gov.cn/fgwzwgk/fzgggz/jgysf/msspjgxq/zfsp/202607/t20260720_5348269.htm
福州市,2026年7月20日,"
		2026年7月20日福州市主副食品集超均价表_主副食品_
		福州市发展和改革委员会
	",黄瓜,新鲜,元/500克,2.8,,,,,福州市主副食品集超均价表，集超均价,,,https://fgw.fuzhou.gov.cn/fgwzwgk/fzgggz/jgysf/msspjgxq/zfsp/202607/t20260720_5348269.htm
福州市,2026年7月20日,"
		2026年7月20日福州市主副食品集超均价表_主副食品_
		福州市发展和改革委员会
	",黄瓜鱼,冰鲜,元/500克,27.34,,,,,福州市主副食品集超均价表，集超均价,,,https://fgw.fuzhou.gov.cn/fgwzwgk/fzgggz/jgysf/msspjgxq/zfsp/202607/t20260720_5348269.htm
福州市,2026年7月21日,"
		2026年7月21日福州市主副食品集超均价表_主副食品_
		福州市发展和改革委员会
	",上海青,新鲜,元/500克,3.44,,,,,福州市主副食品集超均价表，集超均价,,,https://fgw.fuzhou.gov.cn/fgwzwgk/fzgggz/jgysf/msspjgxq/zfsp/202607/t20260721_5348732.htm
福州市,2026年7月21日,"
		2026年7月21日福州市主副食品集超均价表_主副食品_
		福州市发展和改革委员会
	",冻带鱼,冷冻,元/500克,22.25,,,,,福州市主副食品集超均价表，集超均价,,,https://fgw.fuzhou.gov.cn/fgwzwgk/fzgggz/jgysf/msspjgxq/zfsp/202607/t20260721_5348732.htm
福州市,2026年7月21日,"
		2026年7月21日福州市主副食品集超均价表_主副食品_
		福州市发展和改革委员会
	",圆白菜,新鲜,元/500克,1.97,,,,,福州市主副食品集超均价表，集超均价,,,https://fgw.fuzhou.gov.cn/fgwzwgk/fzgggz/jgysf/msspjgxq/zfsp/202607/t20260721_5348732.htm
福州市,2026年7月21日,"
		2026年7月21日福州市主副食品集超均价表_主副食品_
		福州市发展和改革委员会
	",土豆,新鲜,元/500克,2.25,,,,,福州市主副食品集超均价表，集超均价,,,https://fgw.fuzhou.gov.cn/fgwzwgk/fzgggz/jgysf/msspjgxq/zfsp/202607/t20260721_5348732.htm
福州市,2026年7月21日,"
		2026年7月21日福州市主副食品集超均价表_主副食品_
		福州市发展和改革委员会
	",大白菜,新鲜,元/500克,2.12,,,,,福州市主副食品集超均价表，集超均价,,,https://fgw.fuzhou.gov.cn/fgwzwgk/fzgggz/jgysf/msspjgxq/zfsp/202607/t20260721_5348732.htm
福州市,2026年7月21日,"
		2026年7月21日福州市主副食品集超均价表_主副食品_
		福州市发展和改革委员会
	",大豆油,桶装一级,元/5升,59.60,,,,,福州市主副食品集超均价表，集超均价,,,https://fgw.fuzhou.gov.cn/fgwzwgk/fzgggz/jgysf/msspjgxq/zfsp/202607/t20260721_5348732.htm
福州市,2026年7月21日,"
		2026年7月21日福州市主副食品集超均价表_主副食品_
		福州市发展和改革委员会
	",富强粉,,元/500克,3.57,,,,,福州市主副食品集超均价表，集超均价,,,https://fgw.fuzhou.gov.cn/fgwzwgk/fzgggz/jgysf/msspjgxq/zfsp/202607/t20260721_5348732.htm
福州市,2026年7月21日,"
		2026年7月21日福州市主副食品集超均价表_主副食品_
		福州市发展和改革委员会
	",尖椒,新鲜,元/500克,5.41,,,,,福州市主副食品集超均价表，集超均价,,,https://fgw.fuzhou.gov.cn/fgwzwgk/fzgggz/jgysf/msspjgxq/zfsp/202607/t20260721_5348732.htm
福州市,2026年7月21日,"
		2026年7月21日福州市主副食品集超均价表_主副食品_
		福州市发展和改革委员会
	",晚籼米,标一,元/500克,2.68,,,,,福州市主副食品集超均价表，集超均价,,,https://fgw.fuzhou.gov.cn/fgwzwgk/fzgggz/jgysf/msspjgxq/zfsp/202607/t20260721_5348732.htm
福州市,2026年7月21日,"
		2026年7月21日福州市主副食品集超均价表_主副食品_
		福州市发展和改革委员会
	",普通鸡蛋,新鲜完整,元/500克,6.60,,,,,福州市主副食品集超均价表，集超均价,,,https://fgw.fuzhou.gov.cn/fgwzwgk/fzgggz/jgysf/msspjgxq/zfsp/202607/t20260721_5348732.htm
福州市,2026年7月21日,"
		2026年7月21日福州市主副食品集超均价表_主副食品_
		福州市发展和改革委员会
	",普通鸭蛋,新鲜完整,元/500克,8.13,,,,,福州市主副食品集超均价表，集超均价,,,https://fgw.fuzhou.gov.cn/fgwzwgk/fzgggz/jgysf/msspjgxq/zfsp/202607/t20260721_5348732.htm
福州市,2026年7月21日,"
		2026年7月21日福州市主副食品集超均价表_主副食品_
		福州市发展和改革委员会
	",标准粉,,元/500克,2.46,,,,,福州市主副食品集超均价表，集超均价,,,https://fgw.fuzhou.gov.cn/fgwzwgk/fzgggz/jgysf/msspjgxq/zfsp/202607/t20260721_5348732.htm
福州市,2026年7月21日,"
		2026年7月21日福州市主副食品集超均价表_主副食品_
		福州市发展和改革委员会
	",梨,新鲜,元/500克,5.52,,,,,福州市主副食品集超均价表，集超均价,,,https://fgw.fuzhou.gov.cn/fgwzwgk/fzgggz/jgysf/msspjgxq/zfsp/202607/t20260721_5348732.htm
福州市,2026年7月21日,"
		2026年7月21日福州市主副食品集超均价表_主副食品_
		福州市发展和改革委员会
	",油菜(菜心),新鲜,元/500克,3.65,,,,,福州市主副食品集超均价表，集超均价,,,https://fgw.fuzhou.gov.cn/fgwzwgk/fzgggz/jgysf/msspjgxq/zfsp/202607/t20260721_5348732.htm
福州市,2026年7月21日,"
		2026年7月21日福州市主副食品集超均价表_主副食品_
		福州市发展和改革委员会
	",活明虾,鲜活,元/500克,29.31,,,,,福州市主副食品集超均价表，集超均价,,,https://fgw.fuzhou.gov.cn/fgwzwgk/fzgggz/jgysf/msspjgxq/zfsp/202607/t20260721_5348732.htm
福州市,2026年7月21日,"
		2026年7月21日福州市主副食品集超均价表_主副食品_
		福州市发展和改革委员会
	",活花蛤,鲜活,元/500克,10.22,,,,,福州市主副食品集超均价表，集超均价,,,https://fgw.fuzhou.gov.cn/fgwzwgk/fzgggz/jgysf/msspjgxq/zfsp/202607/t20260721_5348732.htm
福州市,2026年7月21日,"
		2026年7月21日福州市主副食品集超均价表_主副食品_
		福州市发展和改革委员会
	",活草鱼,鲜活,元/500克,10.81,,,,,福州市主副食品集超均价表，集超均价,,,https://fgw.fuzhou.gov.cn/fgwzwgk/fzgggz/jgysf/msspjgxq/zfsp/202607/t20260721_5348732.htm
福州市,2026年7月21日,"
		2026年7月21日福州市主副食品集超均价表_主副食品_
		福州市发展和改革委员会
	",活鳙鱼（大头鲢）,鲜活,元/500克,13.91,,,,,福州市主副食品集超均价表，集超均价,,,https://fgw.fuzhou.gov.cn/fgwzwgk/fzgggz/jgysf/msspjgxq/zfsp/202607/t20260721_5348732.htm
福州市,2026年7月21日,"
		2026年7月21日福州市主副食品集超均价表_主副食品_
		福州市发展和改革委员会
	",牛肉,去骨肉,元/500克,45.58,,,,,福州市主副食品集超均价表，集超均价,,,https://fgw.fuzhou.gov.cn/fgwzwgk/fzgggz/jgysf/msspjgxq/zfsp/202607/t20260721_5348732.htm
福州市,2026年7月21日,"
		2026年7月21日福州市主副食品集超均价表_主副食品_
		福州市发展和改革委员会
	",猪瘦肉,新鲜,元/500克,14.91,,,,,福州市主副食品集超均价表，集超均价,,,https://fgw.fuzhou.gov.cn/fgwzwgk/fzgggz/jgysf/msspjgxq/zfsp/202607/t20260721_5348732.htm
福州市,2026年7月21日,"
		2026年7月21日福州市主副食品集超均价表_主副食品_
		福州市发展和改革委员会
	",猪肋条肉,新鲜,元/500克,15.41,,,,,福州市主副食品集超均价表，集超均价,,,https://fgw.fuzhou.gov.cn/fgwzwgk/fzgggz/jgysf/msspjgxq/zfsp/202607/t20260721_5348732.htm
福州市,2026年7月21日,"
		2026年7月21日福州市主副食品集超均价表_主副食品_
		福州市发展和改革委员会
	",白萝卜,新鲜,元/500克,1.62,,,,,福州市主副食品集超均价表，集超均价,,,https://fgw.fuzhou.gov.cn/fgwzwgk/fzgggz/jgysf/msspjgxq/zfsp/202607/t20260721_5348732.htm
福州市,2026年7月21日,"
		2026年7月21日福州市主副食品集超均价表_主副食品_
		福州市发展和改革委员会
	",空心菜,新鲜,元/500克,2.83,,,,,福州市主副食品集超均价表，集超均价,,,https://fgw.fuzhou.gov.cn/fgwzwgk/fzgggz/jgysf/msspjgxq/zfsp/202607/t20260721_5348732.htm
福州市,2026年7月21日,"
		2026年7月21日福州市主副食品集超均价表_主副食品_
		福州市发展和改革委员会
	",粳米,标一,元/500克,2.97,,,,,福州市主副食品集超均价表，集超均价,,,https://fgw.fuzhou.gov.cn/fgwzwgk/fzgggz/jgysf/msspjgxq/zfsp/202607/t20260721_5348732.htm
福州市,2026年7月21日,"
		2026年7月21日福州市主副食品集超均价表_主副食品_
		福州市发展和改革委员会
	",红萝卜,新鲜,元/500克,2.28,,,,,福州市主副食品集超均价表，集超均价,,,https://fgw.fuzhou.gov.cn/fgwzwgk/fzgggz/jgysf/msspjgxq/zfsp/202607/t20260721_5348732.htm
福州市,2026年7月21日,"
		2026年7月21日福州市主副食品集超均价表_主副食品_
		福州市发展和改革委员会
	",纯牛奶,盒装,元/盒(250毫升),2.73,,,,,福州市主副食品集超均价表，集超均价,,,https://fgw.fuzhou.gov.cn/fgwzwgk/fzgggz/jgysf/msspjgxq/zfsp/202607/t20260721_5348732.htm
福州市,2026年7月21日,"
		2026年7月21日福州市主副食品集超均价表_主副食品_
		福州市发展和改革委员会
	",羊肉,带骨肉,元/500克,45.09,,,,,福州市主副食品集超均价表，集超均价,,,https://fgw.fuzhou.gov.cn/fgwzwgk/fzgggz/jgysf/msspjgxq/zfsp/202607/t20260721_5348732.htm
福州市,2026年7月21日,"
		2026年7月21日福州市主副食品集超均价表_主副食品_
		福州市发展和改革委员会
	",脐橙,新鲜,元/500克,4.86,,,,,福州市主副食品集超均价表，集超均价,,,https://fgw.fuzhou.gov.cn/fgwzwgk/fzgggz/jgysf/msspjgxq/zfsp/202607/t20260721_5348732.htm
福州市,2026年7月21日,"
		2026年7月21日福州市主副食品集超均价表_主副食品_
		福州市发展和改革委员会
	",花生油,桶装一级,元/5升,105.79,,,,,福州市主副食品集超均价表，集超均价,,,https://fgw.fuzhou.gov.cn/fgwzwgk/fzgggz/jgysf/msspjgxq/zfsp/202607/t20260721_5348732.htm
福州市,2026年7月21日,"
		2026年7月21日福州市主副食品集超均价表_主副食品_
		福州市发展和改革委员会
	",花菜,新鲜,元/500克,5.17,,,,,福州市主副食品集超均价表，集超均价,,,https://fgw.fuzhou.gov.cn/fgwzwgk/fzgggz/jgysf/msspjgxq/zfsp/202607/t20260721_5348732.htm
福州市,2026年7月21日,"
		2026年7月21日福州市主副食品集超均价表_主副食品_
		福州市发展和改革委员会
	",芹菜,新鲜,元/500克,6.65,,,,,福州市主副食品集超均价表，集超均价,,,https://fgw.fuzhou.gov.cn/fgwzwgk/fzgggz/jgysf/msspjgxq/zfsp/202607/t20260721_5348732.htm
福州市,2026年7月21日,"
		2026年7月21日福州市主副食品集超均价表_主副食品_
		福州市发展和改革委员会
	",苹果,新鲜,元/500克,8.34,,,,,福州市主副食品集超均价表，集超均价,,,https://fgw.fuzhou.gov.cn/fgwzwgk/fzgggz/jgysf/msspjgxq/zfsp/202607/t20260721_5348732.htm
福州市,2026年7月21日,"
		2026年7月21日福州市主副食品集超均价表_主副食品_
		福州市发展和改革委员会
	",茄子,新鲜,元/500克,3.56,,,,,福州市主副食品集超均价表，集超均价,,,https://fgw.fuzhou.gov.cn/fgwzwgk/fzgggz/jgysf/msspjgxq/zfsp/202607/t20260721_5348732.htm
福州市,2026年7月21日,"
		2026年7月21日福州市主副食品集超均价表_主副食品_
		福州市发展和改革委员会
	",菜籽油,桶装一级,元/5升,71.45,,,,,福州市主副食品集超均价表，集超均价,,,https://fgw.fuzhou.gov.cn/fgwzwgk/fzgggz/jgysf/msspjgxq/zfsp/202607/t20260721_5348732.htm
福州市,2026年7月21日,"
		2026年7月21日福州市主副食品集超均价表_主副食品_
		福州市发展和改革委员会
	",蒜苔,新鲜,元/500克,8.20,,,,,福州市主副食品集超均价表，集超均价,,,https://fgw.fuzhou.gov.cn/fgwzwgk/fzgggz/jgysf/msspjgxq/zfsp/202607/t20260721_5348732.htm
福州市,2026年7月21日,"
		2026年7月21日福州市主副食品集超均价表_主副食品_
		福州市发展和改革委员会
	",西红柿,新鲜,元/500克,3.94,,,,,福州市主副食品集超均价表，集超均价,,,https://fgw.fuzhou.gov.cn/fgwzwgk/fzgggz/jgysf/msspjgxq/zfsp/202607/t20260721_5348732.htm
福州市,2026年7月21日,"
		2026年7月21日福州市主副食品集超均价表_主副食品_
		福州市发展和改革委员会
	",调和油,桶装一级,元/5升,66.45,,,,,福州市主副食品集超均价表，集超均价,,,https://fgw.fuzhou.gov.cn/fgwzwgk/fzgggz/jgysf/msspjgxq/zfsp/202607/t20260721_5348732.htm
福州市,2026年7月21日,"
		2026年7月21日福州市主副食品集超均价表_主副食品_
		福州市发展和改革委员会
	",豆角,新鲜,元/500克,6.49,,,,,福州市主副食品集超均价表，集超均价,,,https://fgw.fuzhou.gov.cn/fgwzwgk/fzgggz/jgysf/msspjgxq/zfsp/202607/t20260721_5348732.htm
福州市,2026年7月21日,"
		2026年7月21日福州市主副食品集超均价表_主副食品_
		福州市发展和改革委员会
	",青椒,新鲜,元/500克,5.30,,,,,福州市主副食品集超均价表，集超均价,,,https://fgw.fuzhou.gov.cn/fgwzwgk/fzgggz/jgysf/msspjgxq/zfsp/202607/t20260721_5348732.htm
福州市,2026年7月21日,"
		2026年7月21日福州市主副食品集超均价表_主副食品_
		福州市发展和改革委员会
	",韭菜,新鲜,元/500克,5.92,,,,,福州市主副食品集超均价表，集超均价,,,https://fgw.fuzhou.gov.cn/fgwzwgk/fzgggz/jgysf/msspjgxq/zfsp/202607/t20260721_5348732.htm
福州市,2026年7月21日,"
		2026年7月21日福州市主副食品集超均价表_主副食品_
		福州市发展和改革委员会
	",香蕉,新鲜,元/500克,4.83,,,,,福州市主副食品集超均价表，集超均价,,,https://fgw.fuzhou.gov.cn/fgwzwgk/fzgggz/jgysf/msspjgxq/zfsp/202607/t20260721_5348732.htm
福州市,2026年7月21日,"
		2026年7月21日福州市主副食品集超均价表_主副食品_
		福州市发展和改革委员会
	",马胶鱼,冰鲜,元/500克,29.49,,,,,福州市主副食品集超均价表，集超均价,,,https://fgw.fuzhou.gov.cn/fgwzwgk/fzgggz/jgysf/msspjgxq/zfsp/202607/t20260721_5348732.htm
福州市,2026年7月21日,"
		2026年7月21日福州市主副食品集超均价表_主副食品_
		福州市发展和改革委员会
	",鱿鱼,冰鲜,元/500克,49.94,,,,,福州市主副食品集超均价表，集超均价,,,https://fgw.fuzhou.gov.cn/fgwzwgk/fzgggz/jgysf/msspjgxq/zfsp/202607/t20260721_5348732.htm
福州市,2026年7月21日,"
		2026年7月21日福州市主副食品集超均价表_主副食品_
		福州市发展和改革委员会
	",鸡肉,白条鸡,元/500克,15.82,,,,,福州市主副食品集超均价表，集超均价,,,https://fgw.fuzhou.gov.cn/fgwzwgk/fzgggz/jgysf/msspjgxq/zfsp/202607/t20260721_5348732.htm
福州市,2026年7月21日,"
		2026年7月21日福州市主副食品集超均价表_主副食品_
		福州市发展和改革委员会
	",鸭肉,白条鸭,元/500克,16.62,,,,,福州市主副食品集超均价表，集超均价,,,https://fgw.fuzhou.gov.cn/fgwzwgk/fzgggz/jgysf/msspjgxq/zfsp/202607/t20260721_5348732.htm
福州市,2026年7月21日,"
		2026年7月21日福州市主副食品集超均价表_主副食品_
		福州市发展和改革委员会
	",黄瓜,新鲜,元/500克,2.92,,,,,福州市主副食品集超均价表，集超均价,,,https://fgw.fuzhou.gov.cn/fgwzwgk/fzgggz/jgysf/msspjgxq/zfsp/202607/t20260721_5348732.htm
福州市,2026年7月21日,"
		2026年7月21日福州市主副食品集超均价表_主副食品_
		福州市发展和改革委员会
	",黄瓜鱼,冰鲜,元/500克,27.20,,,,,福州市主副食品集超均价表，集超均价,,,https://fgw.fuzhou.gov.cn/fgwzwgk/fzgggz/jgysf/msspjgxq/zfsp/202607/t20260721_5348732.htm
福州市,2026年7月22日,"
		2026年7月22日福州市主副食品集超均价表_主副食品_
		福州市发展和改革委员会
	",上海青,新鲜,元/500克,3.37,,,,,福州市主副食品集超均价表，集超均价,,,https://fgw.fuzhou.gov.cn/fgwzwgk/fzgggz/jgysf/msspjgxq/zfsp/202607/t20260722_5349215.htm
福州市,2026年7月22日,"
		2026年7月22日福州市主副食品集超均价表_主副食品_
		福州市发展和改革委员会
	",冻带鱼,冷冻,元/500克,22.25,,,,,福州市主副食品集超均价表，集超均价,,,https://fgw.fuzhou.gov.cn/fgwzwgk/fzgggz/jgysf/msspjgxq/zfsp/202607/t20260722_5349215.htm
福州市,2026年7月22日,"
		2026年7月22日福州市主副食品集超均价表_主副食品_
		福州市发展和改革委员会
	",圆白菜,新鲜,元/500克,2.07,,,,,福州市主副食品集超均价表，集超均价,,,https://fgw.fuzhou.gov.cn/fgwzwgk/fzgggz/jgysf/msspjgxq/zfsp/202607/t20260722_5349215.htm
福州市,2026年7月22日,"
		2026年7月22日福州市主副食品集超均价表_主副食品_
		福州市发展和改革委员会
	",土豆,新鲜,元/500克,2.31,,,,,福州市主副食品集超均价表，集超均价,,,https://fgw.fuzhou.gov.cn/fgwzwgk/fzgggz/jgysf/msspjgxq/zfsp/202607/t20260722_5349215.htm
福州市,2026年7月22日,"
		2026年7月22日福州市主副食品集超均价表_主副食品_
		福州市发展和改革委员会
	",大白菜,新鲜,元/500克,2.12,,,,,福州市主副食品集超均价表，集超均价,,,https://fgw.fuzhou.gov.cn/fgwzwgk/fzgggz/jgysf/msspjgxq/zfsp/202607/t20260722_5349215.htm
福州市,2026年7月22日,"
		2026年7月22日福州市主副食品集超均价表_主副食品_
		福州市发展和改革委员会
	",大豆油,桶装一级,元/5升,59.60,,,,,福州市主副食品集超均价表，集超均价,,,https://fgw.fuzhou.gov.cn/fgwzwgk/fzgggz/jgysf/msspjgxq/zfsp/202607/t20260722_5349215.htm
福州市,2026年7月22日,"
		2026年7月22日福州市主副食品集超均价表_主副食品_
		福州市发展和改革委员会
	",富强粉,,元/500克,3.57,,,,,福州市主副食品集超均价表，集超均价,,,https://fgw.fuzhou.gov.cn/fgwzwgk/fzgggz/jgysf/msspjgxq/zfsp/202607/t20260722_5349215.htm
福州市,2026年7月22日,"
		2026年7月22日福州市主副食品集超均价表_主副食品_
		福州市发展和改革委员会
	",尖椒,新鲜,元/500克,5.41,,,,,福州市主副食品集超均价表，集超均价,,,https://fgw.fuzhou.gov.cn/fgwzwgk/fzgggz/jgysf/msspjgxq/zfsp/202607/t20260722_5349215.htm
福州市,2026年7月22日,"
		2026年7月22日福州市主副食品集超均价表_主副食品_
		福州市发展和改革委员会
	",晚籼米,标一,元/500克,2.68,,,,,福州市主副食品集超均价表，集超均价,,,https://fgw.fuzhou.gov.cn/fgwzwgk/fzgggz/jgysf/msspjgxq/zfsp/202607/t20260722_5349215.htm
福州市,2026年7月22日,"
		2026年7月22日福州市主副食品集超均价表_主副食品_
		福州市发展和改革委员会
	",普通鸡蛋,新鲜完整,元/500克,6.59,,,,,福州市主副食品集超均价表，集超均价,,,https://fgw.fuzhou.gov.cn/fgwzwgk/fzgggz/jgysf/msspjgxq/zfsp/202607/t20260722_5349215.htm
福州市,2026年7月22日,"
		2026年7月22日福州市主副食品集超均价表_主副食品_
		福州市发展和改革委员会
	",普通鸭蛋,新鲜完整,元/500克,8.13,,,,,福州市主副食品集超均价表，集超均价,,,https://fgw.fuzhou.gov.cn/fgwzwgk/fzgggz/jgysf/msspjgxq/zfsp/202607/t20260722_5349215.htm
福州市,2026年7月22日,"
		2026年7月22日福州市主副食品集超均价表_主副食品_
		福州市发展和改革委员会
	",标准粉,,元/500克,2.47,,,,,福州市主副食品集超均价表，集超均价,,,https://fgw.fuzhou.gov.cn/fgwzwgk/fzgggz/jgysf/msspjgxq/zfsp/202607/t20260722_5349215.htm
福州市,2026年7月22日,"
		2026年7月22日福州市主副食品集超均价表_主副食品_
		福州市发展和改革委员会
	",梨,新鲜,元/500克,5.52,,,,,福州市主副食品集超均价表，集超均价,,,https://fgw.fuzhou.gov.cn/fgwzwgk/fzgggz/jgysf/msspjgxq/zfsp/202607/t20260722_5349215.htm
福州市,2026年7月22日,"
		2026年7月22日福州市主副食品集超均价表_主副食品_
		福州市发展和改革委员会
	",油菜(菜心),新鲜,元/500克,3.71,,,,,福州市主副食品集超均价表，集超均价,,,https://fgw.fuzhou.gov.cn/fgwzwgk/fzgggz/jgysf/msspjgxq/zfsp/202607/t20260722_5349215.htm
福州市,2026年7月22日,"
		2026年7月22日福州市主副食品集超均价表_主副食品_
		福州市发展和改革委员会
	",活明虾,鲜活,元/500克,28.95,,,,,福州市主副食品集超均价表，集超均价,,,https://fgw.fuzhou.gov.cn/fgwzwgk/fzgggz/jgysf/msspjgxq/zfsp/202607/t20260722_5349215.htm
福州市,2026年7月22日,"
		2026年7月22日福州市主副食品集超均价表_主副食品_
		福州市发展和改革委员会
	",活花蛤,鲜活,元/500克,10.08,,,,,福州市主副食品集超均价表，集超均价,,,https://fgw.fuzhou.gov.cn/fgwzwgk/fzgggz/jgysf/msspjgxq/zfsp/202607/t20260722_5349215.htm
福州市,2026年7月22日,"
		2026年7月22日福州市主副食品集超均价表_主副食品_
		福州市发展和改革委员会
	",活草鱼,鲜活,元/500克,11.17,,,,,福州市主副食品集超均价表，集超均价,,,https://fgw.fuzhou.gov.cn/fgwzwgk/fzgggz/jgysf/msspjgxq/zfsp/202607/t20260722_5349215.htm
福州市,2026年7月22日,"
		2026年7月22日福州市主副食品集超均价表_主副食品_
		福州市发展和改革委员会
	",活鳙鱼（大头鲢）,鲜活,元/500克,13.91,,,,,福州市主副食品集超均价表，集超均价,,,https://fgw.fuzhou.gov.cn/fgwzwgk/fzgggz/jgysf/msspjgxq/zfsp/202607/t20260722_5349215.htm
福州市,2026年7月22日,"
		2026年7月22日福州市主副食品集超均价表_主副食品_
		福州市发展和改革委员会
	",牛肉,去骨肉,元/500克,45.58,,,,,福州市主副食品集超均价表，集超均价,,,https://fgw.fuzhou.gov.cn/fgwzwgk/fzgggz/jgysf/msspjgxq/zfsp/202607/t20260722_5349215.htm
福州市,2026年7月22日,"
		2026年7月22日福州市主副食品集超均价表_主副食品_
		福州市发展和改革委员会
	",猪瘦肉,新鲜,元/500克,14.95,,,,,福州市主副食品集超均价表，集超均价,,,https://fgw.fuzhou.gov.cn/fgwzwgk/fzgggz/jgysf/msspjgxq/zfsp/202607/t20260722_5349215.htm
福州市,2026年7月22日,"
		2026年7月22日福州市主副食品集超均价表_主副食品_
		福州市发展和改革委员会
	",猪肋条肉,新鲜,元/500克,15.87,,,,,福州市主副食品集超均价表，集超均价,,,https://fgw.fuzhou.gov.cn/fgwzwgk/fzgggz/jgysf/msspjgxq/zfsp/202607/t20260722_5349215.htm
福州市,2026年7月22日,"
		2026年7月22日福州市主副食品集超均价表_主副食品_
		福州市发展和改革委员会
	",白萝卜,新鲜,元/500克,1.62,,,,,福州市主副食品集超均价表，集超均价,,,https://fgw.fuzhou.gov.cn/fgwzwgk/fzgggz/jgysf/msspjgxq/zfsp/202607/t20260722_5349215.htm
福州市,2026年7月22日,"
		2026年7月22日福州市主副食品集超均价表_主副食品_
		福州市发展和改革委员会
	",空心菜,新鲜,元/500克,2.77,,,,,福州市主副食品集超均价表，集超均价,,,https://fgw.fuzhou.gov.cn/fgwzwgk/fzgggz/jgysf/msspjgxq/zfsp/202607/t20260722_5349215.htm
福州市,2026年7月22日,"
		2026年7月22日福州市主副食品集超均价表_主副食品_
		福州市发展和改革委员会
	",粳米,标一,元/500克,2.97,,,,,福州市主副食品集超均价表，集超均价,,,https://fgw.fuzhou.gov.cn/fgwzwgk/fzgggz/jgysf/msspjgxq/zfsp/202607/t20260722_5349215.htm
福州市,2026年7月22日,"
		2026年7月22日福州市主副食品集超均价表_主副食品_
		福州市发展和改革委员会
	",红萝卜,新鲜,元/500克,2.26,,,,,福州市主副食品集超均价表，集超均价,,,https://fgw.fuzhou.gov.cn/fgwzwgk/fzgggz/jgysf/msspjgxq/zfsp/202607/t20260722_5349215.htm
福州市,2026年7月22日,"
		2026年7月22日福州市主副食品集超均价表_主副食品_
		福州市发展和改革委员会
	",纯牛奶,盒装,元/盒(250毫升),2.73,,,,,福州市主副食品集超均价表，集超均价,,,https://fgw.fuzhou.gov.cn/fgwzwgk/fzgggz/jgysf/msspjgxq/zfsp/202607/t20260722_5349215.htm
福州市,2026年7月22日,"
		2026年7月22日福州市主副食品集超均价表_主副食品_
		福州市发展和改革委员会
	",羊肉,带骨肉,元/500克,45.02,,,,,福州市主副食品集超均价表，集超均价,,,https://fgw.fuzhou.gov.cn/fgwzwgk/fzgggz/jgysf/msspjgxq/zfsp/202607/t20260722_5349215.htm
福州市,2026年7月22日,"
		2026年7月22日福州市主副食品集超均价表_主副食品_
		福州市发展和改革委员会
	",脐橙,新鲜,元/500克,4.86,,,,,福州市主副食品集超均价表，集超均价,,,https://fgw.fuzhou.gov.cn/fgwzwgk/fzgggz/jgysf/msspjgxq/zfsp/202607/t20260722_5349215.htm
福州市,2026年7月22日,"
		2026年7月22日福州市主副食品集超均价表_主副食品_
		福州市发展和改革委员会
	",花生油,桶装一级,元/5升,105.79,,,,,福州市主副食品集超均价表，集超均价,,,https://fgw.fuzhou.gov.cn/fgwzwgk/fzgggz/jgysf/msspjgxq/zfsp/202607/t20260722_5349215.htm
福州市,2026年7月22日,"
		2026年7月22日福州市主副食品集超均价表_主副食品_
		福州市发展和改革委员会
	",花菜,新鲜,元/500克,5.09,,,,,福州市主副食品集超均价表，集超均价,,,https://fgw.fuzhou.gov.cn/fgwzwgk/fzgggz/jgysf/msspjgxq/zfsp/202607/t20260722_5349215.htm
福州市,2026年7月22日,"
		2026年7月22日福州市主副食品集超均价表_主副食品_
		福州市发展和改革委员会
	",芹菜,新鲜,元/500克,6.62,,,,,福州市主副食品集超均价表，集超均价,,,https://fgw.fuzhou.gov.cn/fgwzwgk/fzgggz/jgysf/msspjgxq/zfsp/202607/t20260722_5349215.htm
福州市,2026年7月22日,"
		2026年7月22日福州市主副食品集超均价表_主副食品_
		福州市发展和改革委员会
	",苹果,新鲜,元/500克,8.34,,,,,福州市主副食品集超均价表，集超均价,,,https://fgw.fuzhou.gov.cn/fgwzwgk/fzgggz/jgysf/msspjgxq/zfsp/202607/t20260722_5349215.htm
福州市,2026年7月22日,"
		2026年7月22日福州市主副食品集超均价表_主副食品_
		福州市发展和改革委员会
	",茄子,新鲜,元/500克,3.53,,,,,福州市主副食品集超均价表，集超均价,,,https://fgw.fuzhou.gov.cn/fgwzwgk/fzgggz/jgysf/msspjgxq/zfsp/202607/t20260722_5349215.htm
福州市,2026年7月22日,"
		2026年7月22日福州市主副食品集超均价表_主副食品_
		福州市发展和改革委员会
	",菜籽油,桶装一级,元/5升,71.45,,,,,福州市主副食品集超均价表，集超均价,,,https://fgw.fuzhou.gov.cn/fgwzwgk/fzgggz/jgysf/msspjgxq/zfsp/202607/t20260722_5349215.htm
福州市,2026年7月22日,"
		2026年7月22日福州市主副食品集超均价表_主副食品_
		福州市发展和改革委员会
	",蒜苔,新鲜,元/500克,8.20,,,,,福州市主副食品集超均价表，集超均价,,,https://fgw.fuzhou.gov.cn/fgwzwgk/fzgggz/jgysf/msspjgxq/zfsp/202607/t20260722_5349215.htm
福州市,2026年7月22日,"
		2026年7月22日福州市主副食品集超均价表_主副食品_
		福州市发展和改革委员会
	",西红柿,新鲜,元/500克,3.96,,,,,福州市主副食品集超均价表，集超均价,,,https://fgw.fuzhou.gov.cn/fgwzwgk/fzgggz/jgysf/msspjgxq/zfsp/202607/t20260722_5349215.htm
福州市,2026年7月22日,"
		2026年7月22日福州市主副食品集超均价表_主副食品_
		福州市发展和改革委员会
	",调和油,桶装一级,元/5升,66.45,,,,,福州市主副食品集超均价表，集超均价,,,https://fgw.fuzhou.gov.cn/fgwzwgk/fzgggz/jgysf/msspjgxq/zfsp/202607/t20260722_5349215.htm
福州市,2026年7月22日,"
		2026年7月22日福州市主副食品集超均价表_主副食品_
		福州市发展和改革委员会
	",豆角,新鲜,元/500克,6.35,,,,,福州市主副食品集超均价表，集超均价,,,https://fgw.fuzhou.gov.cn/fgwzwgk/fzgggz/jgysf/msspjgxq/zfsp/202607/t20260722_5349215.htm
福州市,2026年7月22日,"
		2026年7月22日福州市主副食品集超均价表_主副食品_
		福州市发展和改革委员会
	",青椒,新鲜,元/500克,5.30,,,,,福州市主副食品集超均价表，集超均价,,,https://fgw.fuzhou.gov.cn/fgwzwgk/fzgggz/jgysf/msspjgxq/zfsp/202607/t20260722_5349215.htm
福州市,2026年7月22日,"
		2026年7月22日福州市主副食品集超均价表_主副食品_
		福州市发展和改革委员会
	",韭菜,新鲜,元/500克,5.92,,,,,福州市主副食品集超均价表，集超均价,,,https://fgw.fuzhou.gov.cn/fgwzwgk/fzgggz/jgysf/msspjgxq/zfsp/202607/t20260722_5349215.htm
福州市,2026年7月22日,"
		2026年7月22日福州市主副食品集超均价表_主副食品_
		福州市发展和改革委员会
	",香蕉,新鲜,元/500克,4.83,,,,,福州市主副食品集超均价表，集超均价,,,https://fgw.fuzhou.gov.cn/fgwzwgk/fzgggz/jgysf/msspjgxq/zfsp/202607/t20260722_5349215.htm
福州市,2026年7月22日,"
		2026年7月22日福州市主副食品集超均价表_主副食品_
		福州市发展和改革委员会
	",马胶鱼,冰鲜,元/500克,29.49,,,,,福州市主副食品集超均价表，集超均价,,,https://fgw.fuzhou.gov.cn/fgwzwgk/fzgggz/jgysf/msspjgxq/zfsp/202607/t20260722_5349215.htm
福州市,2026年7月22日,"
		2026年7月22日福州市主副食品集超均价表_主副食品_
		福州市发展和改革委员会
	",鱿鱼,冰鲜,元/500克,49.94,,,,,福州市主副食品集超均价表，集超均价,,,https://fgw.fuzhou.gov.cn/fgwzwgk/fzgggz/jgysf/msspjgxq/zfsp/202607/t20260722_5349215.htm
福州市,2026年7月22日,"
		2026年7月22日福州市主副食品集超均价表_主副食品_
		福州市发展和改革委员会
	",鸡肉,白条鸡,元/500克,15.82,,,,,福州市主副食品集超均价表，集超均价,,,https://fgw.fuzhou.gov.cn/fgwzwgk/fzgggz/jgysf/msspjgxq/zfsp/202607/t20260722_5349215.htm
福州市,2026年7月22日,"
		2026年7月22日福州市主副食品集超均价表_主副食品_
		福州市发展和改革委员会
	",鸭肉,白条鸭,元/500克,16.62,,,,,福州市主副食品集超均价表，集超均价,,,https://fgw.fuzhou.gov.cn/fgwzwgk/fzgggz/jgysf/msspjgxq/zfsp/202607/t20260722_5349215.htm
福州市,2026年7月22日,"
		2026年7月22日福州市主副食品集超均价表_主副食品_
		福州市发展和改革委员会
	",黄瓜,新鲜,元/500克,3.08,,,,,福州市主副食品集超均价表，集超均价,,,https://fgw.fuzhou.gov.cn/fgwzwgk/fzgggz/jgysf/msspjgxq/zfsp/202607/t20260722_5349215.htm
福州市,2026年7月22日,"
		2026年7月22日福州市主副食品集超均价表_主副食品_
		福州市发展和改革委员会
	",黄瓜鱼,冰鲜,元/500克,27.27,,,,,福州市主副食品集超均价表，集超均价,,,https://fgw.fuzhou.gov.cn/fgwzwgk/fzgggz/jgysf/msspjgxq/zfsp/202607/t20260722_5349215.htm
福州市,2026年7月23日,"
		2026年7月23日福州市主副食品集超均价表_主副食品_
		福州市发展和改革委员会
	",上海青,新鲜,元/500克,3.35,,,,,福州市主副食品集超均价表，集超均价,,,https://fgw.fuzhou.gov.cn/fgwzwgk/fzgggz/jgysf/msspjgxq/zfsp/202607/t20260723_5349641.htm
福州市,2026年7月23日,"
		2026年7月23日福州市主副食品集超均价表_主副食品_
		福州市发展和改革委员会
	",冻带鱼,冷冻,元/500克,22.33,,,,,福州市主副食品集超均价表，集超均价,,,https://fgw.fuzhou.gov.cn/fgwzwgk/fzgggz/jgysf/msspjgxq/zfsp/202607/t20260723_5349641.htm
福州市,2026年7月23日,"
		2026年7月23日福州市主副食品集超均价表_主副食品_
		福州市发展和改革委员会
	",圆白菜,新鲜,元/500克,2.07,,,,,福州市主副食品集超均价表，集超均价,,,https://fgw.fuzhou.gov.cn/fgwzwgk/fzgggz/jgysf/msspjgxq/zfsp/202607/t20260723_5349641.htm
福州市,2026年7月23日,"
		2026年7月23日福州市主副食品集超均价表_主副食品_
		福州市发展和改革委员会
	",土豆,新鲜,元/500克,2.31,,,,,福州市主副食品集超均价表，集超均价,,,https://fgw.fuzhou.gov.cn/fgwzwgk/fzgggz/jgysf/msspjgxq/zfsp/202607/t20260723_5349641.htm
福州市,2026年7月23日,"
		2026年7月23日福州市主副食品集超均价表_主副食品_
		福州市发展和改革委员会
	",大白菜,新鲜,元/500克,2.18,,,,,福州市主副食品集超均价表，集超均价,,,https://fgw.fuzhou.gov.cn/fgwzwgk/fzgggz/jgysf/msspjgxq/zfsp/202607/t20260723_5349641.htm
福州市,2026年7月23日,"
		2026年7月23日福州市主副食品集超均价表_主副食品_
		福州市发展和改革委员会
	",大豆油,桶装一级,元/5升,59.60,,,,,福州市主副食品集超均价表，集超均价,,,https://fgw.fuzhou.gov.cn/fgwzwgk/fzgggz/jgysf/msspjgxq/zfsp/202607/t20260723_5349641.htm
福州市,2026年7月23日,"
		2026年7月23日福州市主副食品集超均价表_主副食品_
		福州市发展和改革委员会
	",富强粉,,元/500克,3.57,,,,,福州市主副食品集超均价表，集超均价,,,https://fgw.fuzhou.gov.cn/fgwzwgk/fzgggz/jgysf/msspjgxq/zfsp/202607/t20260723_5349641.htm
福州市,2026年7月23日,"
		2026年7月23日福州市主副食品集超均价表_主副食品_
		福州市发展和改革委员会
	",尖椒,新鲜,元/500克,5.43,,,,,福州市主副食品集超均价表，集超均价,,,https://fgw.fuzhou.gov.cn/fgwzwgk/fzgggz/jgysf/msspjgxq/zfsp/202607/t20260723_5349641.htm
福州市,2026年7月23日,"
		2026年7月23日福州市主副食品集超均价表_主副食品_
		福州市发展和改革委员会
	",晚籼米,标一,元/500克,2.68,,,,,福州市主副食品集超均价表，集超均价,,,https://fgw.fuzhou.gov.cn/fgwzwgk/fzgggz/jgysf/msspjgxq/zfsp/202607/t20260723_5349641.htm
福州市,2026年7月23日,"
		2026年7月23日福州市主副食品集超均价表_主副食品_
		福州市发展和改革委员会
	",普通鸡蛋,新鲜完整,元/500克,6.58,,,,,福州市主副食品集超均价表，集超均价,,,https://fgw.fuzhou.gov.cn/fgwzwgk/fzgggz/jgysf/msspjgxq/zfsp/202607/t20260723_5349641.htm
福州市,2026年7月23日,"
		2026年7月23日福州市主副食品集超均价表_主副食品_
		福州市发展和改革委员会
	",普通鸭蛋,新鲜完整,元/500克,8.13,,,,,福州市主副食品集超均价表，集超均价,,,https://fgw.fuzhou.gov.cn/fgwzwgk/fzgggz/jgysf/msspjgxq/zfsp/202607/t20260723_5349641.htm
福州市,2026年7月23日,"
		2026年7月23日福州市主副食品集超均价表_主副食品_
		福州市发展和改革委员会
	",标准粉,,元/500克,2.49,,,,,福州市主副食品集超均价表，集超均价,,,https://fgw.fuzhou.gov.cn/fgwzwgk/fzgggz/jgysf/msspjgxq/zfsp/202607/t20260723_5349641.htm
福州市,2026年7月23日,"
		2026年7月23日福州市主副食品集超均价表_主副食品_
		福州市发展和改革委员会
	",梨,新鲜,元/500克,5.45,,,,,福州市主副食品集超均价表，集超均价,,,https://fgw.fuzhou.gov.cn/fgwzwgk/fzgggz/jgysf/msspjgxq/zfsp/202607/t20260723_5349641.htm
福州市,2026年7月23日,"
		2026年7月23日福州市主副食品集超均价表_主副食品_
		福州市发展和改革委员会
	",油菜(菜心),新鲜,元/500克,3.73,,,,,福州市主副食品集超均价表，集超均价,,,https://fgw.fuzhou.gov.cn/fgwzwgk/fzgggz/jgysf/msspjgxq/zfsp/202607/t20260723_5349641.htm
福州市,2026年7月23日,"
		2026年7月23日福州市主副食品集超均价表_主副食品_
		福州市发展和改革委员会
	",活明虾,鲜活,元/500克,29.31,,,,,福州市主副食品集超均价表，集超均价,,,https://fgw.fuzhou.gov.cn/fgwzwgk/fzgggz/jgysf/msspjgxq/zfsp/202607/t20260723_5349641.htm
福州市,2026年7月23日,"
		2026年7月23日福州市主副食品集超均价表_主副食品_
		福州市发展和改革委员会
	",活花蛤,鲜活,元/500克,10.15,,,,,福州市主副食品集超均价表，集超均价,,,https://fgw.fuzhou.gov.cn/fgwzwgk/fzgggz/jgysf/msspjgxq/zfsp/202607/t20260723_5349641.htm
福州市,2026年7月23日,"
		2026年7月23日福州市主副食品集超均价表_主副食品_
		福州市发展和改革委员会
	",活草鱼,鲜活,元/500克,11.31,,,,,福州市主副食品集超均价表，集超均价,,,https://fgw.fuzhou.gov.cn/fgwzwgk/fzgggz/jgysf/msspjgxq/zfsp/202607/t20260723_5349641.htm
福州市,2026年7月23日,"
		2026年7月23日福州市主副食品集超均价表_主副食品_
		福州市发展和改革委员会
	",活鳙鱼（大头鲢）,鲜活,元/500克,13.91,,,,,福州市主副食品集超均价表，集超均价,,,https://fgw.fuzhou.gov.cn/fgwzwgk/fzgggz/jgysf/msspjgxq/zfsp/202607/t20260723_5349641.htm
福州市,2026年7月23日,"
		2026年7月23日福州市主副食品集超均价表_主副食品_
		福州市发展和改革委员会
	",牛肉,去骨肉,元/500克,46.30,,,,,福州市主副食品集超均价表，集超均价,,,https://fgw.fuzhou.gov.cn/fgwzwgk/fzgggz/jgysf/msspjgxq/zfsp/202607/t20260723_5349641.htm
福州市,2026年7月23日,"
		2026年7月23日福州市主副食品集超均价表_主副食品_
		福州市发展和改革委员会
	",猪瘦肉,新鲜,元/500克,15.00,,,,,福州市主副食品集超均价表，集超均价,,,https://fgw.fuzhou.gov.cn/fgwzwgk/fzgggz/jgysf/msspjgxq/zfsp/202607/t20260723_5349641.htm
福州市,2026年7月23日,"
		2026年7月23日福州市主副食品集超均价表_主副食品_
		福州市发展和改革委员会
	",猪肋条肉,新鲜,元/500克,15.87,,,,,福州市主副食品集超均价表，集超均价,,,https://fgw.fuzhou.gov.cn/fgwzwgk/fzgggz/jgysf/msspjgxq/zfsp/202607/t20260723_5349641.htm
福州市,2026年7月23日,"
		2026年7月23日福州市主副食品集超均价表_主副食品_
		福州市发展和改革委员会
	",白萝卜,新鲜,元/500克,1.60,,,,,福州市主副食品集超均价表，集超均价,,,https://fgw.fuzhou.gov.cn/fgwzwgk/fzgggz/jgysf/msspjgxq/zfsp/202607/t20260723_5349641.htm
福州市,2026年7月23日,"
		2026年7月23日福州市主副食品集超均价表_主副食品_
		福州市发展和改革委员会
	",空心菜,新鲜,元/500克,2.79,,,,,福州市主副食品集超均价表，集超均价,,,https://fgw.fuzhou.gov.cn/fgwzwgk/fzgggz/jgysf/msspjgxq/zfsp/202607/t20260723_5349641.htm
福州市,2026年7月23日,"
		2026年7月23日福州市主副食品集超均价表_主副食品_
		福州市发展和改革委员会
	",粳米,标一,元/500克,2.97,,,,,福州市主副食品集超均价表，集超均价,,,https://fgw.fuzhou.gov.cn/fgwzwgk/fzgggz/jgysf/msspjgxq/zfsp/202607/t20260723_5349641.htm
福州市,2026年7月23日,"
		2026年7月23日福州市主副食品集超均价表_主副食品_
		福州市发展和改革委员会
	",红萝卜,新鲜,元/500克,2.26,,,,,福州市主副食品集超均价表，集超均价,,,https://fgw.fuzhou.gov.cn/fgwzwgk/fzgggz/jgysf/msspjgxq/zfsp/202607/t20260723_5349641.htm
福州市,2026年7月23日,"
		2026年7月23日福州市主副食品集超均价表_主副食品_
		福州市发展和改革委员会
	",纯牛奶,盒装,元/盒(250毫升),2.73,,,,,福州市主副食品集超均价表，集超均价,,,https://fgw.fuzhou.gov.cn/fgwzwgk/fzgggz/jgysf/msspjgxq/zfsp/202607/t20260723_5349641.htm
福州市,2026年7月23日,"
		2026年7月23日福州市主副食品集超均价表_主副食品_
		福州市发展和改革委员会
	",羊肉,带骨肉,元/500克,45.02,,,,,福州市主副食品集超均价表，集超均价,,,https://fgw.fuzhou.gov.cn/fgwzwgk/fzgggz/jgysf/msspjgxq/zfsp/202607/t20260723_5349641.htm
福州市,2026年7月23日,"
		2026年7月23日福州市主副食品集超均价表_主副食品_
		福州市发展和改革委员会
	",脐橙,新鲜,元/500克,4.86,,,,,福州市主副食品集超均价表，集超均价,,,https://fgw.fuzhou.gov.cn/fgwzwgk/fzgggz/jgysf/msspjgxq/zfsp/202607/t20260723_5349641.htm
福州市,2026年7月23日,"
		2026年7月23日福州市主副食品集超均价表_主副食品_
		福州市发展和改革委员会
	",花生油,桶装一级,元/5升,105.79,,,,,福州市主副食品集超均价表，集超均价,,,https://fgw.fuzhou.gov.cn/fgwzwgk/fzgggz/jgysf/msspjgxq/zfsp/202607/t20260723_5349641.htm
福州市,2026年7月23日,"
		2026年7月23日福州市主副食品集超均价表_主副食品_
		福州市发展和改革委员会
	",花菜,新鲜,元/500克,5.17,,,,,福州市主副食品集超均价表，集超均价,,,https://fgw.fuzhou.gov.cn/fgwzwgk/fzgggz/jgysf/msspjgxq/zfsp/202607/t20260723_5349641.htm
福州市,2026年7月23日,"
		2026年7月23日福州市主副食品集超均价表_主副食品_
		福州市发展和改革委员会
	",芹菜,新鲜,元/500克,6.58,,,,,福州市主副食品集超均价表，集超均价,,,https://fgw.fuzhou.gov.cn/fgwzwgk/fzgggz/jgysf/msspjgxq/zfsp/202607/t20260723_5349641.htm
福州市,2026年7月23日,"
		2026年7月23日福州市主副食品集超均价表_主副食品_
		福州市发展和改革委员会
	",苹果,新鲜,元/500克,8.38,,,,,福州市主副食品集超均价表，集超均价,,,https://fgw.fuzhou.gov.cn/fgwzwgk/fzgggz/jgysf/msspjgxq/zfsp/202607/t20260723_5349641.htm
福州市,2026年7月23日,"
		2026年7月23日福州市主副食品集超均价表_主副食品_
		福州市发展和改革委员会
	",茄子,新鲜,元/500克,3.60,,,,,福州市主副食品集超均价表，集超均价,,,https://fgw.fuzhou.gov.cn/fgwzwgk/fzgggz/jgysf/msspjgxq/zfsp/202607/t20260723_5349641.htm
福州市,2026年7月23日,"
		2026年7月23日福州市主副食品集超均价表_主副食品_
		福州市发展和改革委员会
	",菜籽油,桶装一级,元/5升,71.45,,,,,福州市主副食品集超均价表，集超均价,,,https://fgw.fuzhou.gov.cn/fgwzwgk/fzgggz/jgysf/msspjgxq/zfsp/202607/t20260723_5349641.htm
福州市,2026年7月23日,"
		2026年7月23日福州市主副食品集超均价表_主副食品_
		福州市发展和改革委员会
	",蒜苔,新鲜,元/500克,8.20,,,,,福州市主副食品集超均价表，集超均价,,,https://fgw.fuzhou.gov.cn/fgwzwgk/fzgggz/jgysf/msspjgxq/zfsp/202607/t20260723_5349641.htm
福州市,2026年7月23日,"
		2026年7月23日福州市主副食品集超均价表_主副食品_
		福州市发展和改革委员会
	",西红柿,新鲜,元/500克,4.00,,,,,福州市主副食品集超均价表，集超均价,,,https://fgw.fuzhou.gov.cn/fgwzwgk/fzgggz/jgysf/msspjgxq/zfsp/202607/t20260723_5349641.htm
福州市,2026年7月23日,"
		2026年7月23日福州市主副食品集超均价表_主副食品_
		福州市发展和改革委员会
	",调和油,桶装一级,元/5升,66.74,,,,,福州市主副食品集超均价表，集超均价,,,https://fgw.fuzhou.gov.cn/fgwzwgk/fzgggz/jgysf/msspjgxq/zfsp/202607/t20260723_5349641.htm
福州市,2026年7月23日,"
		2026年7月23日福州市主副食品集超均价表_主副食品_
		福州市发展和改革委员会
	",豆角,新鲜,元/500克,6.42,,,,,福州市主副食品集超均价表，集超均价,,,https://fgw.fuzhou.gov.cn/fgwzwgk/fzgggz/jgysf/msspjgxq/zfsp/202607/t20260723_5349641.htm
福州市,2026年7月23日,"
		2026年7月23日福州市主副食品集超均价表_主副食品_
		福州市发展和改革委员会
	",青椒,新鲜,元/500克,5.34,,,,,福州市主副食品集超均价表，集超均价,,,https://fgw.fuzhou.gov.cn/fgwzwgk/fzgggz/jgysf/msspjgxq/zfsp/202607/t20260723_5349641.htm
福州市,2026年7月23日,"
		2026年7月23日福州市主副食品集超均价表_主副食品_
		福州市发展和改革委员会
	",韭菜,新鲜,元/500克,5.92,,,,,福州市主副食品集超均价表，集超均价,,,https://fgw.fuzhou.gov.cn/fgwzwgk/fzgggz/jgysf/msspjgxq/zfsp/202607/t20260723_5349641.htm
福州市,2026年7月23日,"
		2026年7月23日福州市主副食品集超均价表_主副食品_
		福州市发展和改革委员会
	",香蕉,新鲜,元/500克,4.83,,,,,福州市主副食品集超均价表，集超均价,,,https://fgw.fuzhou.gov.cn/fgwzwgk/fzgggz/jgysf/msspjgxq/zfsp/202607/t20260723_5349641.htm
福州市,2026年7月23日,"
		2026年7月23日福州市主副食品集超均价表_主副食品_
		福州市发展和改革委员会
	",马胶鱼,冰鲜,元/500克,29.42,,,,,福州市主副食品集超均价表，集超均价,,,https://fgw.fuzhou.gov.cn/fgwzwgk/fzgggz/jgysf/msspjgxq/zfsp/202607/t20260723_5349641.htm
福州市,2026年7月23日,"
		2026年7月23日福州市主副食品集超均价表_主副食品_
		福州市发展和改革委员会
	",鱿鱼,冰鲜,元/500克,49.94,,,,,福州市主副食品集超均价表，集超均价,,,https://fgw.fuzhou.gov.cn/fgwzwgk/fzgggz/jgysf/msspjgxq/zfsp/202607/t20260723_5349641.htm
福州市,2026年7月23日,"
		2026年7月23日福州市主副食品集超均价表_主副食品_
		福州市发展和改革委员会
	",鸡肉,白条鸡,元/500克,15.96,,,,,福州市主副食品集超均价表，集超均价,,,https://fgw.fuzhou.gov.cn/fgwzwgk/fzgggz/jgysf/msspjgxq/zfsp/202607/t20260723_5349641.htm
福州市,2026年7月23日,"
		2026年7月23日福州市主副食品集超均价表_主副食品_
		福州市发展和改革委员会
	",鸭肉,白条鸭,元/500克,16.55,,,,,福州市主副食品集超均价表，集超均价,,,https://fgw.fuzhou.gov.cn/fgwzwgk/fzgggz/jgysf/msspjgxq/zfsp/202607/t20260723_5349641.htm
福州市,2026年7月23日,"
		2026年7月23日福州市主副食品集超均价表_主副食品_
		福州市发展和改革委员会
	",黄瓜,新鲜,元/500克,3.11,,,,,福州市主副食品集超均价表，集超均价,,,https://fgw.fuzhou.gov.cn/fgwzwgk/fzgggz/jgysf/msspjgxq/zfsp/202607/t20260723_5349641.htm
福州市,2026年7月23日,"
		2026年7月23日福州市主副食品集超均价表_主副食品_
		福州市发展和改革委员会
	",黄瓜鱼,冰鲜,元/500克,27.68,,,,,福州市主副食品集超均价表，集超均价,,,https://fgw.fuzhou.gov.cn/fgwzwgk/fzgggz/jgysf/msspjgxq/zfsp/202607/t20260723_5349641.htm
福州市,2026年7月24日,"
		2026年7月24日福州市主副食品集超均价表_主副食品_
		福州市发展和改革委员会
	",上海青,新鲜,元/500克,3.32,,,,,福州市主副食品集超均价表，集超均价,,,https://fgw.fuzhou.gov.cn/fgwzwgk/fzgggz/jgysf/msspjgxq/zfsp/202607/t20260724_5349996.htm
福州市,2026年7月24日,"
		2026年7月24日福州市主副食品集超均价表_主副食品_
		福州市发展和改革委员会
	",冻带鱼,冷冻,元/500克,22.21,,,,,福州市主副食品集超均价表，集超均价,,,https://fgw.fuzhou.gov.cn/fgwzwgk/fzgggz/jgysf/msspjgxq/zfsp/202607/t20260724_5349996.htm
福州市,2026年7月24日,"
		2026年7月24日福州市主副食品集超均价表_主副食品_
		福州市发展和改革委员会
	",圆白菜,新鲜,元/500克,2.14,,,,,福州市主副食品集超均价表，集超均价,,,https://fgw.fuzhou.gov.cn/fgwzwgk/fzgggz/jgysf/msspjgxq/zfsp/202607/t20260724_5349996.htm
福州市,2026年7月24日,"
		2026年7月24日福州市主副食品集超均价表_主副食品_
		福州市发展和改革委员会
	",土豆,新鲜,元/500克,2.35,,,,,福州市主副食品集超均价表，集超均价,,,https://fgw.fuzhou.gov.cn/fgwzwgk/fzgggz/jgysf/msspjgxq/zfsp/202607/t20260724_5349996.htm
福州市,2026年7月24日,"
		2026年7月24日福州市主副食品集超均价表_主副食品_
		福州市发展和改革委员会
	",大白菜,新鲜,元/500克,2.17,,,,,福州市主副食品集超均价表，集超均价,,,https://fgw.fuzhou.gov.cn/fgwzwgk/fzgggz/jgysf/msspjgxq/zfsp/202607/t20260724_5349996.htm
福州市,2026年7月24日,"
		2026年7月24日福州市主副食品集超均价表_主副食品_
		福州市发展和改革委员会
	",大豆油,桶装一级,元/5升,59.6,,,,,福州市主副食品集超均价表，集超均价,,,https://fgw.fuzhou.gov.cn/fgwzwgk/fzgggz/jgysf/msspjgxq/zfsp/202607/t20260724_5349996.htm
福州市,2026年7月24日,"
		2026年7月24日福州市主副食品集超均价表_主副食品_
		福州市发展和改革委员会
	",富强粉,,元/500克,3.57,,,,,福州市主副食品集超均价表，集超均价,,,https://fgw.fuzhou.gov.cn/fgwzwgk/fzgggz/jgysf/msspjgxq/zfsp/202607/t20260724_5349996.htm
福州市,2026年7月24日,"
		2026年7月24日福州市主副食品集超均价表_主副食品_
		福州市发展和改革委员会
	",尖椒,新鲜,元/500克,5.31,,,,,福州市主副食品集超均价表，集超均价,,,https://fgw.fuzhou.gov.cn/fgwzwgk/fzgggz/jgysf/msspjgxq/zfsp/202607/t20260724_5349996.htm
福州市,2026年7月24日,"
		2026年7月24日福州市主副食品集超均价表_主副食品_
		福州市发展和改革委员会
	",晚籼米,标一,元/500克,2.68,,,,,福州市主副食品集超均价表，集超均价,,,https://fgw.fuzhou.gov.cn/fgwzwgk/fzgggz/jgysf/msspjgxq/zfsp/202607/t20260724_5349996.htm
福州市,2026年7月24日,"
		2026年7月24日福州市主副食品集超均价表_主副食品_
		福州市发展和改革委员会
	",普通鸡蛋,新鲜完整,元/500克,6.58,,,,,福州市主副食品集超均价表，集超均价,,,https://fgw.fuzhou.gov.cn/fgwzwgk/fzgggz/jgysf/msspjgxq/zfsp/202607/t20260724_5349996.htm
福州市,2026年7月24日,"
		2026年7月24日福州市主副食品集超均价表_主副食品_
		福州市发展和改革委员会
	",普通鸭蛋,新鲜完整,元/500克,8.12,,,,,福州市主副食品集超均价表，集超均价,,,https://fgw.fuzhou.gov.cn/fgwzwgk/fzgggz/jgysf/msspjgxq/zfsp/202607/t20260724_5349996.htm
福州市,2026年7月24日,"
		2026年7月24日福州市主副食品集超均价表_主副食品_
		福州市发展和改革委员会
	",标准粉,,元/500克,2.49,,,,,福州市主副食品集超均价表，集超均价,,,https://fgw.fuzhou.gov.cn/fgwzwgk/fzgggz/jgysf/msspjgxq/zfsp/202607/t20260724_5349996.htm
福州市,2026年7月24日,"
		2026年7月24日福州市主副食品集超均价表_主副食品_
		福州市发展和改革委员会
	",梨,新鲜,元/500克,5.66,,,,,福州市主副食品集超均价表，集超均价,,,https://fgw.fuzhou.gov.cn/fgwzwgk/fzgggz/jgysf/msspjgxq/zfsp/202607/t20260724_5349996.htm
福州市,2026年7月24日,"
		2026年7月24日福州市主副食品集超均价表_主副食品_
		福州市发展和改革委员会
	",油菜(菜心),新鲜,元/500克,3.86,,,,,福州市主副食品集超均价表，集超均价,,,https://fgw.fuzhou.gov.cn/fgwzwgk/fzgggz/jgysf/msspjgxq/zfsp/202607/t20260724_5349996.htm
福州市,2026年7月24日,"
		2026年7月24日福州市主副食品集超均价表_主副食品_
		福州市发展和改革委员会
	",活明虾,鲜活,元/500克,28.88,,,,,福州市主副食品集超均价表，集超均价,,,https://fgw.fuzhou.gov.cn/fgwzwgk/fzgggz/jgysf/msspjgxq/zfsp/202607/t20260724_5349996.htm
福州市,2026年7月24日,"
		2026年7月24日福州市主副食品集超均价表_主副食品_
		福州市发展和改革委员会
	",活花蛤,鲜活,元/500克,10.29,,,,,福州市主副食品集超均价表，集超均价,,,https://fgw.fuzhou.gov.cn/fgwzwgk/fzgggz/jgysf/msspjgxq/zfsp/202607/t20260724_5349996.htm
福州市,2026年7月24日,"
		2026年7月24日福州市主副食品集超均价表_主副食品_
		福州市发展和改革委员会
	",活草鱼,鲜活,元/500克,11.53,,,,,福州市主副食品集超均价表，集超均价,,,https://fgw.fuzhou.gov.cn/fgwzwgk/fzgggz/jgysf/msspjgxq/zfsp/202607/t20260724_5349996.htm
福州市,2026年7月24日,"
		2026年7月24日福州市主副食品集超均价表_主副食品_
		福州市发展和改革委员会
	",活鳙鱼（大头鲢）,鲜活,元/500克,13.91,,,,,福州市主副食品集超均价表，集超均价,,,https://fgw.fuzhou.gov.cn/fgwzwgk/fzgggz/jgysf/msspjgxq/zfsp/202607/t20260724_5349996.htm
福州市,2026年7月24日,"
		2026年7月24日福州市主副食品集超均价表_主副食品_
		福州市发展和改革委员会
	",牛肉,去骨肉,元/500克,46.73,,,,,福州市主副食品集超均价表，集超均价,,,https://fgw.fuzhou.gov.cn/fgwzwgk/fzgggz/jgysf/msspjgxq/zfsp/202607/t20260724_5349996.htm
福州市,2026年7月24日,"
		2026年7月24日福州市主副食品集超均价表_主副食品_
		福州市发展和改革委员会
	",猪瘦肉,新鲜,元/500克,15.01,,,,,福州市主副食品集超均价表，集超均价,,,https://fgw.fuzhou.gov.cn/fgwzwgk/fzgggz/jgysf/msspjgxq/zfsp/202607/t20260724_5349996.htm
福州市,2026年7月24日,"
		2026年7月24日福州市主副食品集超均价表_主副食品_
		福州市发展和改革委员会
	",猪肋条肉,新鲜,元/500克,15.74,,,,,福州市主副食品集超均价表，集超均价,,,https://fgw.fuzhou.gov.cn/fgwzwgk/fzgggz/jgysf/msspjgxq/zfsp/202607/t20260724_5349996.htm
福州市,2026年7月24日,"
		2026年7月24日福州市主副食品集超均价表_主副食品_
		福州市发展和改革委员会
	",白萝卜,新鲜,元/500克,1.57,,,,,福州市主副食品集超均价表，集超均价,,,https://fgw.fuzhou.gov.cn/fgwzwgk/fzgggz/jgysf/msspjgxq/zfsp/202607/t20260724_5349996.htm
福州市,2026年7月24日,"
		2026年7月24日福州市主副食品集超均价表_主副食品_
		福州市发展和改革委员会
	",空心菜,新鲜,元/500克,2.72,,,,,福州市主副食品集超均价表，集超均价,,,https://fgw.fuzhou.gov.cn/fgwzwgk/fzgggz/jgysf/msspjgxq/zfsp/202607/t20260724_5349996.htm
福州市,2026年7月24日,"
		2026年7月24日福州市主副食品集超均价表_主副食品_
		福州市发展和改革委员会
	",粳米,标一,元/500克,2.97,,,,,福州市主副食品集超均价表，集超均价,,,https://fgw.fuzhou.gov.cn/fgwzwgk/fzgggz/jgysf/msspjgxq/zfsp/202607/t20260724_5349996.htm
福州市,2026年7月24日,"
		2026年7月24日福州市主副食品集超均价表_主副食品_
		福州市发展和改革委员会
	",红萝卜,新鲜,元/500克,2.28,,,,,福州市主副食品集超均价表，集超均价,,,https://fgw.fuzhou.gov.cn/fgwzwgk/fzgggz/jgysf/msspjgxq/zfsp/202607/t20260724_5349996.htm
福州市,2026年7月24日,"
		2026年7月24日福州市主副食品集超均价表_主副食品_
		福州市发展和改革委员会
	",纯牛奶,盒装,元/盒(250毫升),2.73,,,,,福州市主副食品集超均价表，集超均价,,,https://fgw.fuzhou.gov.cn/fgwzwgk/fzgggz/jgysf/msspjgxq/zfsp/202607/t20260724_5349996.htm
福州市,2026年7月24日,"
		2026年7月24日福州市主副食品集超均价表_主副食品_
		福州市发展和改革委员会
	",羊肉,带骨肉,元/500克,45.09,,,,,福州市主副食品集超均价表，集超均价,,,https://fgw.fuzhou.gov.cn/fgwzwgk/fzgggz/jgysf/msspjgxq/zfsp/202607/t20260724_5349996.htm
福州市,2026年7月24日,"
		2026年7月24日福州市主副食品集超均价表_主副食品_
		福州市发展和改革委员会
	",脐橙,新鲜,元/500克,4.89,,,,,福州市主副食品集超均价表，集超均价,,,https://fgw.fuzhou.gov.cn/fgwzwgk/fzgggz/jgysf/msspjgxq/zfsp/202607/t20260724_5349996.htm
福州市,2026年7月24日,"
		2026年7月24日福州市主副食品集超均价表_主副食品_
		福州市发展和改革委员会
	",花生油,桶装一级,元/5升,105.79,,,,,福州市主副食品集超均价表，集超均价,,,https://fgw.fuzhou.gov.cn/fgwzwgk/fzgggz/jgysf/msspjgxq/zfsp/202607/t20260724_5349996.htm
福州市,2026年7月24日,"
		2026年7月24日福州市主副食品集超均价表_主副食品_
		福州市发展和改革委员会
	",花菜,新鲜,元/500克,5.1,,,,,福州市主副食品集超均价表，集超均价,,,https://fgw.fuzhou.gov.cn/fgwzwgk/fzgggz/jgysf/msspjgxq/zfsp/202607/t20260724_5349996.htm
福州市,2026年7月24日,"
		2026年7月24日福州市主副食品集超均价表_主副食品_
		福州市发展和改革委员会
	",芹菜,新鲜,元/500克,6.55,,,,,福州市主副食品集超均价表，集超均价,,,https://fgw.fuzhou.gov.cn/fgwzwgk/fzgggz/jgysf/msspjgxq/zfsp/202607/t20260724_5349996.htm
福州市,2026年7月24日,"
		2026年7月24日福州市主副食品集超均价表_主副食品_
		福州市发展和改革委员会
	",苹果,新鲜,元/500克,8.38,,,,,福州市主副食品集超均价表，集超均价,,,https://fgw.fuzhou.gov.cn/fgwzwgk/fzgggz/jgysf/msspjgxq/zfsp/202607/t20260724_5349996.htm
福州市,2026年7月24日,"
		2026年7月24日福州市主副食品集超均价表_主副食品_
		福州市发展和改革委员会
	",茄子,新鲜,元/500克,3.44,,,,,福州市主副食品集超均价表，集超均价,,,https://fgw.fuzhou.gov.cn/fgwzwgk/fzgggz/jgysf/msspjgxq/zfsp/202607/t20260724_5349996.htm
福州市,2026年7月24日,"
		2026年7月24日福州市主副食品集超均价表_主副食品_
		福州市发展和改革委员会
	",菜籽油,桶装一级,元/5升,71.45,,,,,福州市主副食品集超均价表，集超均价,,,https://fgw.fuzhou.gov.cn/fgwzwgk/fzgggz/jgysf/msspjgxq/zfsp/202607/t20260724_5349996.htm
福州市,2026年7月24日,"
		2026年7月24日福州市主副食品集超均价表_主副食品_
		福州市发展和改革委员会
	",蒜苔,新鲜,元/500克,8.27,,,,,福州市主副食品集超均价表，集超均价,,,https://fgw.fuzhou.gov.cn/fgwzwgk/fzgggz/jgysf/msspjgxq/zfsp/202607/t20260724_5349996.htm
福州市,2026年7月24日,"
		2026年7月24日福州市主副食品集超均价表_主副食品_
		福州市发展和改革委员会
	",西红柿,新鲜,元/500克,3.86,,,,,福州市主副食品集超均价表，集超均价,,,https://fgw.fuzhou.gov.cn/fgwzwgk/fzgggz/jgysf/msspjgxq/zfsp/202607/t20260724_5349996.htm
福州市,2026年7月24日,"
		2026年7月24日福州市主副食品集超均价表_主副食品_
		福州市发展和改革委员会
	",调和油,桶装一级,元/5升,67.03,,,,,福州市主副食品集超均价表，集超均价,,,https://fgw.fuzhou.gov.cn/fgwzwgk/fzgggz/jgysf/msspjgxq/zfsp/202607/t20260724_5349996.htm
福州市,2026年7月24日,"
		2026年7月24日福州市主副食品集超均价表_主副食品_
		福州市发展和改革委员会
	",豆角,新鲜,元/500克,6.49,,,,,福州市主副食品集超均价表，集超均价,,,https://fgw.fuzhou.gov.cn/fgwzwgk/fzgggz/jgysf/msspjgxq/zfsp/202607/t20260724_5349996.htm
福州市,2026年7月24日,"
		2026年7月24日福州市主副食品集超均价表_主副食品_
		福州市发展和改革委员会
	",青椒,新鲜,元/500克,5.27,,,,,福州市主副食品集超均价表，集超均价,,,https://fgw.fuzhou.gov.cn/fgwzwgk/fzgggz/jgysf/msspjgxq/zfsp/202607/t20260724_5349996.htm
福州市,2026年7月24日,"
		2026年7月24日福州市主副食品集超均价表_主副食品_
		福州市发展和改革委员会
	",韭菜,新鲜,元/500克,5.96,,,,,福州市主副食品集超均价表，集超均价,,,https://fgw.fuzhou.gov.cn/fgwzwgk/fzgggz/jgysf/msspjgxq/zfsp/202607/t20260724_5349996.htm
福州市,2026年7月24日,"
		2026年7月24日福州市主副食品集超均价表_主副食品_
		福州市发展和改革委员会
	",香蕉,新鲜,元/500克,4.83,,,,,福州市主副食品集超均价表，集超均价,,,https://fgw.fuzhou.gov.cn/fgwzwgk/fzgggz/jgysf/msspjgxq/zfsp/202607/t20260724_5349996.htm
福州市,2026年7月24日,"
		2026年7月24日福州市主副食品集超均价表_主副食品_
		福州市发展和改革委员会
	",马胶鱼,冰鲜,元/500克,29.21,,,,,福州市主副食品集超均价表，集超均价,,,https://fgw.fuzhou.gov.cn/fgwzwgk/fzgggz/jgysf/msspjgxq/zfsp/202607/t20260724_5349996.htm
福州市,2026年7月24日,"
		2026年7月24日福州市主副食品集超均价表_主副食品_
		福州市发展和改革委员会
	",鱿鱼,冰鲜,元/500克,50.02,,,,,福州市主副食品集超均价表，集超均价,,,https://fgw.fuzhou.gov.cn/fgwzwgk/fzgggz/jgysf/msspjgxq/zfsp/202607/t20260724_5349996.htm
福州市,2026年7月24日,"
		2026年7月24日福州市主副食品集超均价表_主副食品_
		福州市发展和改革委员会
	",鸡肉,白条鸡,元/500克,16.03,,,,,福州市主副食品集超均价表，集超均价,,,https://fgw.fuzhou.gov.cn/fgwzwgk/fzgggz/jgysf/msspjgxq/zfsp/202607/t20260724_5349996.htm
福州市,2026年7月24日,"
		2026年7月24日福州市主副食品集超均价表_主副食品_
		福州市发展和改革委员会
	",鸭肉,白条鸭,元/500克,16.69,,,,,福州市主副食品集超均价表，集超均价,,,https://fgw.fuzhou.gov.cn/fgwzwgk/fzgggz/jgysf/msspjgxq/zfsp/202607/t20260724_5349996.htm
福州市,2026年7月24日,"
		2026年7月24日福州市主副食品集超均价表_主副食品_
		福州市发展和改革委员会
	",黄瓜,新鲜,元/500克,3.27,,,,,福州市主副食品集超均价表，集超均价,,,https://fgw.fuzhou.gov.cn/fgwzwgk/fzgggz/jgysf/msspjgxq/zfsp/202607/t20260724_5349996.htm
福州市,2026年7月24日,"
		2026年7月24日福州市主副食品集超均价表_主副食品_
		福州市发展和改革委员会
	",黄瓜鱼,冰鲜,元/500克,27.57,,,,,福州市主副食品集超均价表，集超均价,,,https://fgw.fuzhou.gov.cn/fgwzwgk/fzgggz/jgysf/msspjgxq/zfsp/202607/t20260724_5349996.htm
福州市,2026年7月25日,"
		2026年7月25日福州市主副食品集超均价表_主副食品_
		福州市发展和改革委员会
	",上海青,新鲜,元/500克,3.32,,,,,福州市主副食品集超均价表，集超均价,,,https://fgw.fuzhou.gov.cn/fgwzwgk/fzgggz/jgysf/msspjgxq/zfsp/202607/t20260725_5350281.htm
福州市,2026年7月25日,"
		2026年7月25日福州市主副食品集超均价表_主副食品_
		福州市发展和改革委员会
	",冻带鱼,冷冻,元/500克,22.21,,,,,福州市主副食品集超均价表，集超均价,,,https://fgw.fuzhou.gov.cn/fgwzwgk/fzgggz/jgysf/msspjgxq/zfsp/202607/t20260725_5350281.htm
福州市,2026年7月25日,"
		2026年7月25日福州市主副食品集超均价表_主副食品_
		福州市发展和改革委员会
	",圆白菜,新鲜,元/500克,2.14,,,,,福州市主副食品集超均价表，集超均价,,,https://fgw.fuzhou.gov.cn/fgwzwgk/fzgggz/jgysf/msspjgxq/zfsp/202607/t20260725_5350281.htm
福州市,2026年7月25日,"
		2026年7月25日福州市主副食品集超均价表_主副食品_
		福州市发展和改革委员会
	",土豆,新鲜,元/500克,2.37,,,,,福州市主副食品集超均价表，集超均价,,,https://fgw.fuzhou.gov.cn/fgwzwgk/fzgggz/jgysf/msspjgxq/zfsp/202607/t20260725_5350281.htm
福州市,2026年7月25日,"
		2026年7月25日福州市主副食品集超均价表_主副食品_
		福州市发展和改革委员会
	",大白菜,新鲜,元/500克,2.18,,,,,福州市主副食品集超均价表，集超均价,,,https://fgw.fuzhou.gov.cn/fgwzwgk/fzgggz/jgysf/msspjgxq/zfsp/202607/t20260725_5350281.htm
福州市,2026年7月25日,"
		2026年7月25日福州市主副食品集超均价表_主副食品_
		福州市发展和改革委员会
	",大豆油,桶装一级,元/5升,59.6,,,,,福州市主副食品集超均价表，集超均价,,,https://fgw.fuzhou.gov.cn/fgwzwgk/fzgggz/jgysf/msspjgxq/zfsp/202607/t20260725_5350281.htm
福州市,2026年7月25日,"
		2026年7月25日福州市主副食品集超均价表_主副食品_
		福州市发展和改革委员会
	",富强粉,,元/500克,3.57,,,,,福州市主副食品集超均价表，集超均价,,,https://fgw.fuzhou.gov.cn/fgwzwgk/fzgggz/jgysf/msspjgxq/zfsp/202607/t20260725_5350281.htm
福州市,2026年7月25日,"
		2026年7月25日福州市主副食品集超均价表_主副食品_
		福州市发展和改革委员会
	",尖椒,新鲜,元/500克,5.31,,,,,福州市主副食品集超均价表，集超均价,,,https://fgw.fuzhou.gov.cn/fgwzwgk/fzgggz/jgysf/msspjgxq/zfsp/202607/t20260725_5350281.htm
福州市,2026年7月25日,"
		2026年7月25日福州市主副食品集超均价表_主副食品_
		福州市发展和改革委员会
	",晚籼米,标一,元/500克,2.68,,,,,福州市主副食品集超均价表，集超均价,,,https://fgw.fuzhou.gov.cn/fgwzwgk/fzgggz/jgysf/msspjgxq/zfsp/202607/t20260725_5350281.htm
福州市,2026年7月25日,"
		2026年7月25日福州市主副食品集超均价表_主副食品_
		福州市发展和改革委员会
	",普通鸡蛋,新鲜完整,元/500克,6.57,,,,,福州市主副食品集超均价表，集超均价,,,https://fgw.fuzhou.gov.cn/fgwzwgk/fzgggz/jgysf/msspjgxq/zfsp/202607/t20260725_5350281.htm
福州市,2026年7月25日,"
		2026年7月25日福州市主副食品集超均价表_主副食品_
		福州市发展和改革委员会
	",普通鸭蛋,新鲜完整,元/500克,8.12,,,,,福州市主副食品集超均价表，集超均价,,,https://fgw.fuzhou.gov.cn/fgwzwgk/fzgggz/jgysf/msspjgxq/zfsp/202607/t20260725_5350281.htm
福州市,2026年7月25日,"
		2026年7月25日福州市主副食品集超均价表_主副食品_
		福州市发展和改革委员会
	",标准粉,,元/500克,2.49,,,,,福州市主副食品集超均价表，集超均价,,,https://fgw.fuzhou.gov.cn/fgwzwgk/fzgggz/jgysf/msspjgxq/zfsp/202607/t20260725_5350281.htm
福州市,2026年7月25日,"
		2026年7月25日福州市主副食品集超均价表_主副食品_
		福州市发展和改革委员会
	",梨,新鲜,元/500克,5.66,,,,,福州市主副食品集超均价表，集超均价,,,https://fgw.fuzhou.gov.cn/fgwzwgk/fzgggz/jgysf/msspjgxq/zfsp/202607/t20260725_5350281.htm
福州市,2026年7月25日,"
		2026年7月25日福州市主副食品集超均价表_主副食品_
		福州市发展和改革委员会
	",油菜(菜心),新鲜,元/500克,3.72,,,,,福州市主副食品集超均价表，集超均价,,,https://fgw.fuzhou.gov.cn/fgwzwgk/fzgggz/jgysf/msspjgxq/zfsp/202607/t20260725_5350281.htm
福州市,2026年7月25日,"
		2026年7月25日福州市主副食品集超均价表_主副食品_
		福州市发展和改革委员会
	",活明虾,鲜活,元/500克,28.74,,,,,福州市主副食品集超均价表，集超均价,,,https://fgw.fuzhou.gov.cn/fgwzwgk/fzgggz/jgysf/msspjgxq/zfsp/202607/t20260725_5350281.htm
福州市,2026年7月25日,"
		2026年7月25日福州市主副食品集超均价表_主副食品_
		福州市发展和改革委员会
	",活花蛤,鲜活,元/500克,10.29,,,,,福州市主副食品集超均价表，集超均价,,,https://fgw.fuzhou.gov.cn/fgwzwgk/fzgggz/jgysf/msspjgxq/zfsp/202607/t20260725_5350281.htm
福州市,2026年7月25日,"
		2026年7月25日福州市主副食品集超均价表_主副食品_
		福州市发展和改革委员会
	",活草鱼,鲜活,元/500克,11.6,,,,,福州市主副食品集超均价表，集超均价,,,https://fgw.fuzhou.gov.cn/fgwzwgk/fzgggz/jgysf/msspjgxq/zfsp/202607/t20260725_5350281.htm
福州市,2026年7月25日,"
		2026年7月25日福州市主副食品集超均价表_主副食品_
		福州市发展和改革委员会
	",活鳙鱼（大头鲢）,鲜活,元/500克,13.91,,,,,福州市主副食品集超均价表，集超均价,,,https://fgw.fuzhou.gov.cn/fgwzwgk/fzgggz/jgysf/msspjgxq/zfsp/202607/t20260725_5350281.htm
福州市,2026年7月25日,"
		2026年7月25日福州市主副食品集超均价表_主副食品_
		福州市发展和改革委员会
	",牛肉,去骨肉,元/500克,46.8,,,,,福州市主副食品集超均价表，集超均价,,,https://fgw.fuzhou.gov.cn/fgwzwgk/fzgggz/jgysf/msspjgxq/zfsp/202607/t20260725_5350281.htm
福州市,2026年7月25日,"
		2026年7月25日福州市主副食品集超均价表_主副食品_
		福州市发展和改革委员会
	",猪瘦肉,新鲜,元/500克,14.94,,,,,福州市主副食品集超均价表，集超均价,,,https://fgw.fuzhou.gov.cn/fgwzwgk/fzgggz/jgysf/msspjgxq/zfsp/202607/t20260725_5350281.htm
福州市,2026年7月25日,"
		2026年7月25日福州市主副食品集超均价表_主副食品_
		福州市发展和改革委员会
	",猪肋条肉,新鲜,元/500克,15.59,,,,,福州市主副食品集超均价表，集超均价,,,https://fgw.fuzhou.gov.cn/fgwzwgk/fzgggz/jgysf/msspjgxq/zfsp/202607/t20260725_5350281.htm
福州市,2026年7月25日,"
		2026年7月25日福州市主副食品集超均价表_主副食品_
		福州市发展和改革委员会
	",白萝卜,新鲜,元/500克,1.57,,,,,福州市主副食品集超均价表，集超均价,,,https://fgw.fuzhou.gov.cn/fgwzwgk/fzgggz/jgysf/msspjgxq/zfsp/202607/t20260725_5350281.htm
福州市,2026年7月25日,"
		2026年7月25日福州市主副食品集超均价表_主副食品_
		福州市发展和改革委员会
	",空心菜,新鲜,元/500克,2.86,,,,,福州市主副食品集超均价表，集超均价,,,https://fgw.fuzhou.gov.cn/fgwzwgk/fzgggz/jgysf/msspjgxq/zfsp/202607/t20260725_5350281.htm
福州市,2026年7月25日,"
		2026年7月25日福州市主副食品集超均价表_主副食品_
		福州市发展和改革委员会
	",粳米,标一,元/500克,2.97,,,,,福州市主副食品集超均价表，集超均价,,,https://fgw.fuzhou.gov.cn/fgwzwgk/fzgggz/jgysf/msspjgxq/zfsp/202607/t20260725_5350281.htm
福州市,2026年7月25日,"
		2026年7月25日福州市主副食品集超均价表_主副食品_
		福州市发展和改革委员会
	",红萝卜,新鲜,元/500克,2.27,,,,,福州市主副食品集超均价表，集超均价,,,https://fgw.fuzhou.gov.cn/fgwzwgk/fzgggz/jgysf/msspjgxq/zfsp/202607/t20260725_5350281.htm
福州市,2026年7月25日,"
		2026年7月25日福州市主副食品集超均价表_主副食品_
		福州市发展和改革委员会
	",纯牛奶,盒装,元/盒(250毫升),2.73,,,,,福州市主副食品集超均价表，集超均价,,,https://fgw.fuzhou.gov.cn/fgwzwgk/fzgggz/jgysf/msspjgxq/zfsp/202607/t20260725_5350281.htm
福州市,2026年7月25日,"
		2026年7月25日福州市主副食品集超均价表_主副食品_
		福州市发展和改革委员会
	",羊肉,带骨肉,元/500克,45.09,,,,,福州市主副食品集超均价表，集超均价,,,https://fgw.fuzhou.gov.cn/fgwzwgk/fzgggz/jgysf/msspjgxq/zfsp/202607/t20260725_5350281.htm
福州市,2026年7月25日,"
		2026年7月25日福州市主副食品集超均价表_主副食品_
		福州市发展和改革委员会
	",脐橙,新鲜,元/500克,4.89,,,,,福州市主副食品集超均价表，集超均价,,,https://fgw.fuzhou.gov.cn/fgwzwgk/fzgggz/jgysf/msspjgxq/zfsp/202607/t20260725_5350281.htm
福州市,2026年7月25日,"
		2026年7月25日福州市主副食品集超均价表_主副食品_
		福州市发展和改革委员会
	",花生油,桶装一级,元/5升,105.79,,,,,福州市主副食品集超均价表，集超均价,,,https://fgw.fuzhou.gov.cn/fgwzwgk/fzgggz/jgysf/msspjgxq/zfsp/202607/t20260725_5350281.htm
福州市,2026年7月25日,"
		2026年7月25日福州市主副食品集超均价表_主副食品_
		福州市发展和改革委员会
	",花菜,新鲜,元/500克,5.02,,,,,福州市主副食品集超均价表，集超均价,,,https://fgw.fuzhou.gov.cn/fgwzwgk/fzgggz/jgysf/msspjgxq/zfsp/202607/t20260725_5350281.htm
福州市,2026年7月25日,"
		2026年7月25日福州市主副食品集超均价表_主副食品_
		福州市发展和改革委员会
	",芹菜,新鲜,元/500克,6.55,,,,,福州市主副食品集超均价表，集超均价,,,https://fgw.fuzhou.gov.cn/fgwzwgk/fzgggz/jgysf/msspjgxq/zfsp/202607/t20260725_5350281.htm
福州市,2026年7月25日,"
		2026年7月25日福州市主副食品集超均价表_主副食品_
		福州市发展和改革委员会
	",苹果,新鲜,元/500克,8.38,,,,,福州市主副食品集超均价表，集超均价,,,https://fgw.fuzhou.gov.cn/fgwzwgk/fzgggz/jgysf/msspjgxq/zfsp/202607/t20260725_5350281.htm
福州市,2026年7月25日,"
		2026年7月25日福州市主副食品集超均价表_主副食品_
		福州市发展和改革委员会
	",茄子,新鲜,元/500克,3.36,,,,,福州市主副食品集超均价表，集超均价,,,https://fgw.fuzhou.gov.cn/fgwzwgk/fzgggz/jgysf/msspjgxq/zfsp/202607/t20260725_5350281.htm
福州市,2026年7月25日,"
		2026年7月25日福州市主副食品集超均价表_主副食品_
		福州市发展和改革委员会
	",菜籽油,桶装一级,元/5升,71.45,,,,,福州市主副食品集超均价表，集超均价,,,https://fgw.fuzhou.gov.cn/fgwzwgk/fzgggz/jgysf/msspjgxq/zfsp/202607/t20260725_5350281.htm
福州市,2026年7月25日,"
		2026年7月25日福州市主副食品集超均价表_主副食品_
		福州市发展和改革委员会
	",蒜苔,新鲜,元/500克,8.2,,,,,福州市主副食品集超均价表，集超均价,,,https://fgw.fuzhou.gov.cn/fgwzwgk/fzgggz/jgysf/msspjgxq/zfsp/202607/t20260725_5350281.htm
福州市,2026年7月25日,"
		2026年7月25日福州市主副食品集超均价表_主副食品_
		福州市发展和改革委员会
	",西红柿,新鲜,元/500克,3.84,,,,,福州市主副食品集超均价表，集超均价,,,https://fgw.fuzhou.gov.cn/fgwzwgk/fzgggz/jgysf/msspjgxq/zfsp/202607/t20260725_5350281.htm
福州市,2026年7月25日,"
		2026年7月25日福州市主副食品集超均价表_主副食品_
		福州市发展和改革委员会
	",调和油,桶装一级,元/5升,67.03,,,,,福州市主副食品集超均价表，集超均价,,,https://fgw.fuzhou.gov.cn/fgwzwgk/fzgggz/jgysf/msspjgxq/zfsp/202607/t20260725_5350281.htm
福州市,2026年7月25日,"
		2026年7月25日福州市主副食品集超均价表_主副食品_
		福州市发展和改革委员会
	",豆角,新鲜,元/500克,6.56,,,,,福州市主副食品集超均价表，集超均价,,,https://fgw.fuzhou.gov.cn/fgwzwgk/fzgggz/jgysf/msspjgxq/zfsp/202607/t20260725_5350281.htm
福州市,2026年7月25日,"
		2026年7月25日福州市主副食品集超均价表_主副食品_
		福州市发展和改革委员会
	",青椒,新鲜,元/500克,5.27,,,,,福州市主副食品集超均价表，集超均价,,,https://fgw.fuzhou.gov.cn/fgwzwgk/fzgggz/jgysf/msspjgxq/zfsp/202607/t20260725_5350281.htm
福州市,2026年7月25日,"
		2026年7月25日福州市主副食品集超均价表_主副食品_
		福州市发展和改革委员会
	",韭菜,新鲜,元/500克,5.96,,,,,福州市主副食品集超均价表，集超均价,,,https://fgw.fuzhou.gov.cn/fgwzwgk/fzgggz/jgysf/msspjgxq/zfsp/202607/t20260725_5350281.htm
福州市,2026年7月25日,"
		2026年7月25日福州市主副食品集超均价表_主副食品_
		福州市发展和改革委员会
	",香蕉,新鲜,元/500克,4.83,,,,,福州市主副食品集超均价表，集超均价,,,https://fgw.fuzhou.gov.cn/fgwzwgk/fzgggz/jgysf/msspjgxq/zfsp/202607/t20260725_5350281.htm
福州市,2026年7月25日,"
		2026年7月25日福州市主副食品集超均价表_主副食品_
		福州市发展和改革委员会
	",马胶鱼,冰鲜,元/500克,29.21,,,,,福州市主副食品集超均价表，集超均价,,,https://fgw.fuzhou.gov.cn/fgwzwgk/fzgggz/jgysf/msspjgxq/zfsp/202607/t20260725_5350281.htm
福州市,2026年7月25日,"
		2026年7月25日福州市主副食品集超均价表_主副食品_
		福州市发展和改革委员会
	",鱿鱼,冰鲜,元/500克,50.02,,,,,福州市主副食品集超均价表，集超均价,,,https://fgw.fuzhou.gov.cn/fgwzwgk/fzgggz/jgysf/msspjgxq/zfsp/202607/t20260725_5350281.htm
福州市,2026年7月25日,"
		2026年7月25日福州市主副食品集超均价表_主副食品_
		福州市发展和改革委员会
	",鸡肉,白条鸡,元/500克,16.03,,,,,福州市主副食品集超均价表，集超均价,,,https://fgw.fuzhou.gov.cn/fgwzwgk/fzgggz/jgysf/msspjgxq/zfsp/202607/t20260725_5350281.htm
福州市,2026年7月25日,"
		2026年7月25日福州市主副食品集超均价表_主副食品_
		福州市发展和改革委员会
	",鸭肉,白条鸭,元/500克,16.69,,,,,福州市主副食品集超均价表，集超均价,,,https://fgw.fuzhou.gov.cn/fgwzwgk/fzgggz/jgysf/msspjgxq/zfsp/202607/t20260725_5350281.htm
福州市,2026年7月25日,"
		2026年7月25日福州市主副食品集超均价表_主副食品_
		福州市发展和改革委员会
	",黄瓜,新鲜,元/500克,3.3,,,,,福州市主副食品集超均价表，集超均价,,,https://fgw.fuzhou.gov.cn/fgwzwgk/fzgggz/jgysf/msspjgxq/zfsp/202607/t20260725_5350281.htm
福州市,2026年7月25日,"
		2026年7月25日福州市主副食品集超均价表_主副食品_
		福州市发展和改革委员会
	",黄瓜鱼,冰鲜,元/500克,27.64,,,,,福州市主副食品集超均价表，集超均价,,,https://fgw.fuzhou.gov.cn/fgwzwgk/fzgggz/jgysf/msspjgxq/zfsp/202607/t20260725_5350281.htm
福州市,2026年7月26日,"
		2026年7月26日福州市主副食品集超均价表_主副食品_
		福州市发展和改革委员会
	",上海青,新鲜,元/500克,3.38,,,,,福州市主副食品集超均价表，集超均价,,,https://fgw.fuzhou.gov.cn/fgwzwgk/fzgggz/jgysf/msspjgxq/zfsp/202607/t20260726_5350346.htm
福州市,2026年7月26日,"
		2026年7月26日福州市主副食品集超均价表_主副食品_
		福州市发展和改革委员会
	",冻带鱼,冷冻,元/500克,22.21,,,,,福州市主副食品集超均价表，集超均价,,,https://fgw.fuzhou.gov.cn/fgwzwgk/fzgggz/jgysf/msspjgxq/zfsp/202607/t20260726_5350346.htm
福州市,2026年7月26日,"
		2026年7月26日福州市主副食品集超均价表_主副食品_
		福州市发展和改革委员会
	",圆白菜,新鲜,元/500克,2.17,,,,,福州市主副食品集超均价表，集超均价,,,https://fgw.fuzhou.gov.cn/fgwzwgk/fzgggz/jgysf/msspjgxq/zfsp/202607/t20260726_5350346.htm
福州市,2026年7月26日,"
		2026年7月26日福州市主副食品集超均价表_主副食品_
		福州市发展和改革委员会
	",土豆,新鲜,元/500克,2.30,,,,,福州市主副食品集超均价表，集超均价,,,https://fgw.fuzhou.gov.cn/fgwzwgk/fzgggz/jgysf/msspjgxq/zfsp/202607/t20260726_5350346.htm
福州市,2026年7月26日,"
		2026年7月26日福州市主副食品集超均价表_主副食品_
		福州市发展和改革委员会
	",大白菜,新鲜,元/500克,2.17,,,,,福州市主副食品集超均价表，集超均价,,,https://fgw.fuzhou.gov.cn/fgwzwgk/fzgggz/jgysf/msspjgxq/zfsp/202607/t20260726_5350346.htm
福州市,2026年7月26日,"
		2026年7月26日福州市主副食品集超均价表_主副食品_
		福州市发展和改革委员会
	",大豆油,桶装一级,元/5升,59.60,,,,,福州市主副食品集超均价表，集超均价,,,https://fgw.fuzhou.gov.cn/fgwzwgk/fzgggz/jgysf/msspjgxq/zfsp/202607/t20260726_5350346.htm
福州市,2026年7月26日,"
		2026年7月26日福州市主副食品集超均价表_主副食品_
		福州市发展和改革委员会
	",富强粉,,元/500克,3.57,,,,,福州市主副食品集超均价表，集超均价,,,https://fgw.fuzhou.gov.cn/fgwzwgk/fzgggz/jgysf/msspjgxq/zfsp/202607/t20260726_5350346.htm
福州市,2026年7月26日,"
		2026年7月26日福州市主副食品集超均价表_主副食品_
		福州市发展和改革委员会
	",尖椒,新鲜,元/500克,5.24,,,,,福州市主副食品集超均价表，集超均价,,,https://fgw.fuzhou.gov.cn/fgwzwgk/fzgggz/jgysf/msspjgxq/zfsp/202607/t20260726_5350346.htm
福州市,2026年7月26日,"
		2026年7月26日福州市主副食品集超均价表_主副食品_
		福州市发展和改革委员会
	",晚籼米,标一,元/500克,2.68,,,,,福州市主副食品集超均价表，集超均价,,,https://fgw.fuzhou.gov.cn/fgwzwgk/fzgggz/jgysf/msspjgxq/zfsp/202607/t20260726_5350346.htm
福州市,2026年7月26日,"
		2026年7月26日福州市主副食品集超均价表_主副食品_
		福州市发展和改革委员会
	",普通鸡蛋,新鲜完整,元/500克,6.58,,,,,福州市主副食品集超均价表，集超均价,,,https://fgw.fuzhou.gov.cn/fgwzwgk/fzgggz/jgysf/msspjgxq/zfsp/202607/t20260726_5350346.htm
福州市,2026年7月26日,"
		2026年7月26日福州市主副食品集超均价表_主副食品_
		福州市发展和改革委员会
	",普通鸭蛋,新鲜完整,元/500克,8.12,,,,,福州市主副食品集超均价表，集超均价,,,https://fgw.fuzhou.gov.cn/fgwzwgk/fzgggz/jgysf/msspjgxq/zfsp/202607/t20260726_5350346.htm
福州市,2026年7月26日,"
		2026年7月26日福州市主副食品集超均价表_主副食品_
		福州市发展和改革委员会
	",标准粉,,元/500克,2.47,,,,,福州市主副食品集超均价表，集超均价,,,https://fgw.fuzhou.gov.cn/fgwzwgk/fzgggz/jgysf/msspjgxq/zfsp/202607/t20260726_5350346.htm
福州市,2026年7月26日,"
		2026年7月26日福州市主副食品集超均价表_主副食品_
		福州市发展和改革委员会
	",梨,新鲜,元/500克,5.66,,,,,福州市主副食品集超均价表，集超均价,,,https://fgw.fuzhou.gov.cn/fgwzwgk/fzgggz/jgysf/msspjgxq/zfsp/202607/t20260726_5350346.htm
福州市,2026年7月26日,"
		2026年7月26日福州市主副食品集超均价表_主副食品_
		福州市发展和改革委员会
	",油菜(菜心),新鲜,元/500克,3.87,,,,,福州市主副食品集超均价表，集超均价,,,https://fgw.fuzhou.gov.cn/fgwzwgk/fzgggz/jgysf/msspjgxq/zfsp/202607/t20260726_5350346.htm
福州市,2026年7月26日,"
		2026年7月26日福州市主副食品集超均价表_主副食品_
		福州市发展和改革委员会
	",活明虾,鲜活,元/500克,28.74,,,,,福州市主副食品集超均价表，集超均价,,,https://fgw.fuzhou.gov.cn/fgwzwgk/fzgggz/jgysf/msspjgxq/zfsp/202607/t20260726_5350346.htm
福州市,2026年7月26日,"
		2026年7月26日福州市主副食品集超均价表_主副食品_
		福州市发展和改革委员会
	",活花蛤,鲜活,元/500克,10.22,,,,,福州市主副食品集超均价表，集超均价,,,https://fgw.fuzhou.gov.cn/fgwzwgk/fzgggz/jgysf/msspjgxq/zfsp/202607/t20260726_5350346.htm
福州市,2026年7月26日,"
		2026年7月26日福州市主副食品集超均价表_主副食品_
		福州市发展和改革委员会
	",活草鱼,鲜活,元/500克,11.67,,,,,福州市主副食品集超均价表，集超均价,,,https://fgw.fuzhou.gov.cn/fgwzwgk/fzgggz/jgysf/msspjgxq/zfsp/202607/t20260726_5350346.htm
福州市,2026年7月26日,"
		2026年7月26日福州市主副食品集超均价表_主副食品_
		福州市发展和改革委员会
	",活鳙鱼（大头鲢）,鲜活,元/500克,13.91,,,,,福州市主副食品集超均价表，集超均价,,,https://fgw.fuzhou.gov.cn/fgwzwgk/fzgggz/jgysf/msspjgxq/zfsp/202607/t20260726_5350346.htm
福州市,2026年7月26日,"
		2026年7月26日福州市主副食品集超均价表_主副食品_
		福州市发展和改革委员会
	",牛肉,去骨肉,元/500克,46.80,,,,,福州市主副食品集超均价表，集超均价,,,https://fgw.fuzhou.gov.cn/fgwzwgk/fzgggz/jgysf/msspjgxq/zfsp/202607/t20260726_5350346.htm
福州市,2026年7月26日,"
		2026年7月26日福州市主副食品集超均价表_主副食品_
		福州市发展和改革委员会
	",猪瘦肉,新鲜,元/500克,14.79,,,,,福州市主副食品集超均价表，集超均价,,,https://fgw.fuzhou.gov.cn/fgwzwgk/fzgggz/jgysf/msspjgxq/zfsp/202607/t20260726_5350346.htm
福州市,2026年7月26日,"
		2026年7月26日福州市主副食品集超均价表_主副食品_
		福州市发展和改革委员会
	",猪肋条肉,新鲜,元/500克,15.59,,,,,福州市主副食品集超均价表，集超均价,,,https://fgw.fuzhou.gov.cn/fgwzwgk/fzgggz/jgysf/msspjgxq/zfsp/202607/t20260726_5350346.htm
福州市,2026年7月26日,"
		2026年7月26日福州市主副食品集超均价表_主副食品_
		福州市发展和改革委员会
	",白萝卜,新鲜,元/500克,1.55,,,,,福州市主副食品集超均价表，集超均价,,,https://fgw.fuzhou.gov.cn/fgwzwgk/fzgggz/jgysf/msspjgxq/zfsp/202607/t20260726_5350346.htm
福州市,2026年7月26日,"
		2026年7月26日福州市主副食品集超均价表_主副食品_
		福州市发展和改革委员会
	",空心菜,新鲜,元/500克,2.86,,,,,福州市主副食品集超均价表，集超均价,,,https://fgw.fuzhou.gov.cn/fgwzwgk/fzgggz/jgysf/msspjgxq/zfsp/202607/t20260726_5350346.htm
福州市,2026年7月26日,"
		2026年7月26日福州市主副食品集超均价表_主副食品_
		福州市发展和改革委员会
	",粳米,标一,元/500克,2.97,,,,,福州市主副食品集超均价表，集超均价,,,https://fgw.fuzhou.gov.cn/fgwzwgk/fzgggz/jgysf/msspjgxq/zfsp/202607/t20260726_5350346.htm
福州市,2026年7月26日,"
		2026年7月26日福州市主副食品集超均价表_主副食品_
		福州市发展和改革委员会
	",红萝卜,新鲜,元/500克,2.26,,,,,福州市主副食品集超均价表，集超均价,,,https://fgw.fuzhou.gov.cn/fgwzwgk/fzgggz/jgysf/msspjgxq/zfsp/202607/t20260726_5350346.htm
福州市,2026年7月26日,"
		2026年7月26日福州市主副食品集超均价表_主副食品_
		福州市发展和改革委员会
	",纯牛奶,盒装,元/盒(250毫升),2.73,,,,,福州市主副食品集超均价表，集超均价,,,https://fgw.fuzhou.gov.cn/fgwzwgk/fzgggz/jgysf/msspjgxq/zfsp/202607/t20260726_5350346.htm
福州市,2026年7月26日,"
		2026年7月26日福州市主副食品集超均价表_主副食品_
		福州市发展和改革委员会
	",羊肉,带骨肉,元/500克,45.09,,,,,福州市主副食品集超均价表，集超均价,,,https://fgw.fuzhou.gov.cn/fgwzwgk/fzgggz/jgysf/msspjgxq/zfsp/202607/t20260726_5350346.htm
福州市,2026年7月26日,"
		2026年7月26日福州市主副食品集超均价表_主副食品_
		福州市发展和改革委员会
	",脐橙,新鲜,元/500克,4.89,,,,,福州市主副食品集超均价表，集超均价,,,https://fgw.fuzhou.gov.cn/fgwzwgk/fzgggz/jgysf/msspjgxq/zfsp/202607/t20260726_5350346.htm
福州市,2026年7月26日,"
		2026年7月26日福州市主副食品集超均价表_主副食品_
		福州市发展和改革委员会
	",花生油,桶装一级,元/5升,105.79,,,,,福州市主副食品集超均价表，集超均价,,,https://fgw.fuzhou.gov.cn/fgwzwgk/fzgggz/jgysf/msspjgxq/zfsp/202607/t20260726_5350346.htm
福州市,2026年7月26日,"
		2026年7月26日福州市主副食品集超均价表_主副食品_
		福州市发展和改革委员会
	",花菜,新鲜,元/500克,4.92,,,,,福州市主副食品集超均价表，集超均价,,,https://fgw.fuzhou.gov.cn/fgwzwgk/fzgggz/jgysf/msspjgxq/zfsp/202607/t20260726_5350346.htm
福州市,2026年7月26日,"
		2026年7月26日福州市主副食品集超均价表_主副食品_
		福州市发展和改革委员会
	",芹菜,新鲜,元/500克,6.55,,,,,福州市主副食品集超均价表，集超均价,,,https://fgw.fuzhou.gov.cn/fgwzwgk/fzgggz/jgysf/msspjgxq/zfsp/202607/t20260726_5350346.htm
福州市,2026年7月26日,"
		2026年7月26日福州市主副食品集超均价表_主副食品_
		福州市发展和改革委员会
	",苹果,新鲜,元/500克,8.34,,,,,福州市主副食品集超均价表，集超均价,,,https://fgw.fuzhou.gov.cn/fgwzwgk/fzgggz/jgysf/msspjgxq/zfsp/202607/t20260726_5350346.htm
福州市,2026年7月26日,"
		2026年7月26日福州市主副食品集超均价表_主副食品_
		福州市发展和改革委员会
	",茄子,新鲜,元/500克,3.45,,,,,福州市主副食品集超均价表，集超均价,,,https://fgw.fuzhou.gov.cn/fgwzwgk/fzgggz/jgysf/msspjgxq/zfsp/202607/t20260726_5350346.htm
福州市,2026年7月26日,"
		2026年7月26日福州市主副食品集超均价表_主副食品_
		福州市发展和改革委员会
	",菜籽油,桶装一级,元/5升,71.45,,,,,福州市主副食品集超均价表，集超均价,,,https://fgw.fuzhou.gov.cn/fgwzwgk/fzgggz/jgysf/msspjgxq/zfsp/202607/t20260726_5350346.htm
福州市,2026年7月26日,"
		2026年7月26日福州市主副食品集超均价表_主副食品_
		福州市发展和改革委员会
	",蒜苔,新鲜,元/500克,8.20,,,,,福州市主副食品集超均价表，集超均价,,,https://fgw.fuzhou.gov.cn/fgwzwgk/fzgggz/jgysf/msspjgxq/zfsp/202607/t20260726_5350346.htm
福州市,2026年7月26日,"
		2026年7月26日福州市主副食品集超均价表_主副食品_
		福州市发展和改革委员会
	",西红柿,新鲜,元/500克,3.88,,,,,福州市主副食品集超均价表，集超均价,,,https://fgw.fuzhou.gov.cn/fgwzwgk/fzgggz/jgysf/msspjgxq/zfsp/202607/t20260726_5350346.htm
福州市,2026年7月26日,"
		2026年7月26日福州市主副食品集超均价表_主副食品_
		福州市发展和改革委员会
	",调和油,桶装一级,元/5升,67.03,,,,,福州市主副食品集超均价表，集超均价,,,https://fgw.fuzhou.gov.cn/fgwzwgk/fzgggz/jgysf/msspjgxq/zfsp/202607/t20260726_5350346.htm
福州市,2026年7月26日,"
		2026年7月26日福州市主副食品集超均价表_主副食品_
		福州市发展和改革委员会
	",豆角,新鲜,元/500克,6.56,,,,,福州市主副食品集超均价表，集超均价,,,https://fgw.fuzhou.gov.cn/fgwzwgk/fzgggz/jgysf/msspjgxq/zfsp/202607/t20260726_5350346.htm
福州市,2026年7月26日,"
		2026年7月26日福州市主副食品集超均价表_主副食品_
		福州市发展和改革委员会
	",青椒,新鲜,元/500克,5.34,,,,,福州市主副食品集超均价表，集超均价,,,https://fgw.fuzhou.gov.cn/fgwzwgk/fzgggz/jgysf/msspjgxq/zfsp/202607/t20260726_5350346.htm
福州市,2026年7月26日,"
		2026年7月26日福州市主副食品集超均价表_主副食品_
		福州市发展和改革委员会
	",韭菜,新鲜,元/500克,5.96,,,,,福州市主副食品集超均价表，集超均价,,,https://fgw.fuzhou.gov.cn/fgwzwgk/fzgggz/jgysf/msspjgxq/zfsp/202607/t20260726_5350346.htm
福州市,2026年7月26日,"
		2026年7月26日福州市主副食品集超均价表_主副食品_
		福州市发展和改革委员会
	",香蕉,新鲜,元/500克,4.83,,,,,福州市主副食品集超均价表，集超均价,,,https://fgw.fuzhou.gov.cn/fgwzwgk/fzgggz/jgysf/msspjgxq/zfsp/202607/t20260726_5350346.htm
福州市,2026年7月26日,"
		2026年7月26日福州市主副食品集超均价表_主副食品_
		福州市发展和改革委员会
	",马胶鱼,冰鲜,元/500克,29.21,,,,,福州市主副食品集超均价表，集超均价,,,https://fgw.fuzhou.gov.cn/fgwzwgk/fzgggz/jgysf/msspjgxq/zfsp/202607/t20260726_5350346.htm
福州市,2026年7月26日,"
		2026年7月26日福州市主副食品集超均价表_主副食品_
		福州市发展和改革委员会
	",鱿鱼,冰鲜,元/500克,50.02,,,,,福州市主副食品集超均价表，集超均价,,,https://fgw.fuzhou.gov.cn/fgwzwgk/fzgggz/jgysf/msspjgxq/zfsp/202607/t20260726_5350346.htm
福州市,2026年7月26日,"
		2026年7月26日福州市主副食品集超均价表_主副食品_
		福州市发展和改革委员会
	",鸡肉,白条鸡,元/500克,15.96,,,,,福州市主副食品集超均价表，集超均价,,,https://fgw.fuzhou.gov.cn/fgwzwgk/fzgggz/jgysf/msspjgxq/zfsp/202607/t20260726_5350346.htm
福州市,2026年7月26日,"
		2026年7月26日福州市主副食品集超均价表_主副食品_
		福州市发展和改革委员会
	",鸭肉,白条鸭,元/500克,16.48,,,,,福州市主副食品集超均价表，集超均价,,,https://fgw.fuzhou.gov.cn/fgwzwgk/fzgggz/jgysf/msspjgxq/zfsp/202607/t20260726_5350346.htm
福州市,2026年7月26日,"
		2026年7月26日福州市主副食品集超均价表_主副食品_
		福州市发展和改革委员会
	",黄瓜,新鲜,元/500克,3.31,,,,,福州市主副食品集超均价表，集超均价,,,https://fgw.fuzhou.gov.cn/fgwzwgk/fzgggz/jgysf/msspjgxq/zfsp/202607/t20260726_5350346.htm
福州市,2026年7月26日,"
		2026年7月26日福州市主副食品集超均价表_主副食品_
		福州市发展和改革委员会
	",黄瓜鱼,冰鲜,元/500克,27.65,,,,,福州市主副食品集超均价表，集超均价,,,https://fgw.fuzhou.gov.cn/fgwzwgk/fzgggz/jgysf/msspjgxq/zfsp/202607/t20260726_5350346.htm
福州市,2026年7月27日,"
		2026年7月27日福州市主副食品集超均价表_主副食品_
		福州市发展和改革委员会
	",上海青,新鲜,元/500克,3.4,,,,,福州市主副食品集超均价表，集超均价,,,https://fgw.fuzhou.gov.cn/fgwzwgk/fzgggz/jgysf/msspjgxq/zfsp/202607/t20260727_5350564.htm
福州市,2026年7月27日,"
		2026年7月27日福州市主副食品集超均价表_主副食品_
		福州市发展和改革委员会
	",冻带鱼,冷冻,元/500克,22.21,,,,,福州市主副食品集超均价表，集超均价,,,https://fgw.fuzhou.gov.cn/fgwzwgk/fzgggz/jgysf/msspjgxq/zfsp/202607/t20260727_5350564.htm
福州市,2026年7月27日,"
		2026年7月27日福州市主副食品集超均价表_主副食品_
		福州市发展和改革委员会
	",圆白菜,新鲜,元/500克,2.2,,,,,福州市主副食品集超均价表，集超均价,,,https://fgw.fuzhou.gov.cn/fgwzwgk/fzgggz/jgysf/msspjgxq/zfsp/202607/t20260727_5350564.htm
福州市,2026年7月27日,"
		2026年7月27日福州市主副食品集超均价表_主副食品_
		福州市发展和改革委员会
	",土豆,新鲜,元/500克,2.3,,,,,福州市主副食品集超均价表，集超均价,,,https://fgw.fuzhou.gov.cn/fgwzwgk/fzgggz/jgysf/msspjgxq/zfsp/202607/t20260727_5350564.htm
福州市,2026年7月27日,"
		2026年7月27日福州市主副食品集超均价表_主副食品_
		福州市发展和改革委员会
	",大白菜,新鲜,元/500克,2.17,,,,,福州市主副食品集超均价表，集超均价,,,https://fgw.fuzhou.gov.cn/fgwzwgk/fzgggz/jgysf/msspjgxq/zfsp/202607/t20260727_5350564.htm
福州市,2026年7月27日,"
		2026年7月27日福州市主副食品集超均价表_主副食品_
		福州市发展和改革委员会
	",大豆油,桶装一级,元/5升,59.6,,,,,福州市主副食品集超均价表，集超均价,,,https://fgw.fuzhou.gov.cn/fgwzwgk/fzgggz/jgysf/msspjgxq/zfsp/202607/t20260727_5350564.htm
福州市,2026年7月27日,"
		2026年7月27日福州市主副食品集超均价表_主副食品_
		福州市发展和改革委员会
	",富强粉,,元/500克,3.57,,,,,福州市主副食品集超均价表，集超均价,,,https://fgw.fuzhou.gov.cn/fgwzwgk/fzgggz/jgysf/msspjgxq/zfsp/202607/t20260727_5350564.htm
福州市,2026年7月27日,"
		2026年7月27日福州市主副食品集超均价表_主副食品_
		福州市发展和改革委员会
	",尖椒,新鲜,元/500克,5.16,,,,,福州市主副食品集超均价表，集超均价,,,https://fgw.fuzhou.gov.cn/fgwzwgk/fzgggz/jgysf/msspjgxq/zfsp/202607/t20260727_5350564.htm
福州市,2026年7月27日,"
		2026年7月27日福州市主副食品集超均价表_主副食品_
		福州市发展和改革委员会
	",晚籼米,标一,元/500克,2.68,,,,,福州市主副食品集超均价表，集超均价,,,https://fgw.fuzhou.gov.cn/fgwzwgk/fzgggz/jgysf/msspjgxq/zfsp/202607/t20260727_5350564.htm
福州市,2026年7月27日,"
		2026年7月27日福州市主副食品集超均价表_主副食品_
		福州市发展和改革委员会
	",普通鸡蛋,新鲜完整,元/500克,6.58,,,,,福州市主副食品集超均价表，集超均价,,,https://fgw.fuzhou.gov.cn/fgwzwgk/fzgggz/jgysf/msspjgxq/zfsp/202607/t20260727_5350564.htm
福州市,2026年7月27日,"
		2026年7月27日福州市主副食品集超均价表_主副食品_
		福州市发展和改革委员会
	",普通鸭蛋,新鲜完整,元/500克,8.12,,,,,福州市主副食品集超均价表，集超均价,,,https://fgw.fuzhou.gov.cn/fgwzwgk/fzgggz/jgysf/msspjgxq/zfsp/202607/t20260727_5350564.htm
福州市,2026年7月27日,"
		2026年7月27日福州市主副食品集超均价表_主副食品_
		福州市发展和改革委员会
	",标准粉,,元/500克,2.47,,,,,福州市主副食品集超均价表，集超均价,,,https://fgw.fuzhou.gov.cn/fgwzwgk/fzgggz/jgysf/msspjgxq/zfsp/202607/t20260727_5350564.htm
福州市,2026年7月27日,"
		2026年7月27日福州市主副食品集超均价表_主副食品_
		福州市发展和改革委员会
	",梨,新鲜,元/500克,5.66,,,,,福州市主副食品集超均价表，集超均价,,,https://fgw.fuzhou.gov.cn/fgwzwgk/fzgggz/jgysf/msspjgxq/zfsp/202607/t20260727_5350564.htm
福州市,2026年7月27日,"
		2026年7月27日福州市主副食品集超均价表_主副食品_
		福州市发展和改革委员会
	",油菜(菜心),新鲜,元/500克,3.89,,,,,福州市主副食品集超均价表，集超均价,,,https://fgw.fuzhou.gov.cn/fgwzwgk/fzgggz/jgysf/msspjgxq/zfsp/202607/t20260727_5350564.htm
福州市,2026年7月27日,"
		2026年7月27日福州市主副食品集超均价表_主副食品_
		福州市发展和改革委员会
	",活明虾,鲜活,元/500克,29.03,,,,,福州市主副食品集超均价表，集超均价,,,https://fgw.fuzhou.gov.cn/fgwzwgk/fzgggz/jgysf/msspjgxq/zfsp/202607/t20260727_5350564.htm
福州市,2026年7月27日,"
		2026年7月27日福州市主副食品集超均价表_主副食品_
		福州市发展和改革委员会
	",活花蛤,鲜活,元/500克,10.29,,,,,福州市主副食品集超均价表，集超均价,,,https://fgw.fuzhou.gov.cn/fgwzwgk/fzgggz/jgysf/msspjgxq/zfsp/202607/t20260727_5350564.htm
福州市,2026年7月27日,"
		2026年7月27日福州市主副食品集超均价表_主副食品_
		福州市发展和改革委员会
	",活草鱼,鲜活,元/500克,11.6,,,,,福州市主副食品集超均价表，集超均价,,,https://fgw.fuzhou.gov.cn/fgwzwgk/fzgggz/jgysf/msspjgxq/zfsp/202607/t20260727_5350564.htm
福州市,2026年7月27日,"
		2026年7月27日福州市主副食品集超均价表_主副食品_
		福州市发展和改革委员会
	",活鳙鱼（大头鲢）,鲜活,元/500克,13.91,,,,,福州市主副食品集超均价表，集超均价,,,https://fgw.fuzhou.gov.cn/fgwzwgk/fzgggz/jgysf/msspjgxq/zfsp/202607/t20260727_5350564.htm
福州市,2026年7月27日,"
		2026年7月27日福州市主副食品集超均价表_主副食品_
		福州市发展和改革委员会
	",牛肉,去骨肉,元/500克,46.8,,,,,福州市主副食品集超均价表，集超均价,,,https://fgw.fuzhou.gov.cn/fgwzwgk/fzgggz/jgysf/msspjgxq/zfsp/202607/t20260727_5350564.htm
福州市,2026年7月27日,"
		2026年7月27日福州市主副食品集超均价表_主副食品_
		福州市发展和改革委员会
	",猪瘦肉,新鲜,元/500克,14.79,,,,,福州市主副食品集超均价表，集超均价,,,https://fgw.fuzhou.gov.cn/fgwzwgk/fzgggz/jgysf/msspjgxq/zfsp/202607/t20260727_5350564.htm
福州市,2026年7月27日,"
		2026年7月27日福州市主副食品集超均价表_主副食品_
		福州市发展和改革委员会
	",猪肋条肉,新鲜,元/500克,15.59,,,,,福州市主副食品集超均价表，集超均价,,,https://fgw.fuzhou.gov.cn/fgwzwgk/fzgggz/jgysf/msspjgxq/zfsp/202607/t20260727_5350564.htm
福州市,2026年7月27日,"
		2026年7月27日福州市主副食品集超均价表_主副食品_
		福州市发展和改革委员会
	",白萝卜,新鲜,元/500克,1.55,,,,,福州市主副食品集超均价表，集超均价,,,https://fgw.fuzhou.gov.cn/fgwzwgk/fzgggz/jgysf/msspjgxq/zfsp/202607/t20260727_5350564.htm
福州市,2026年7月27日,"
		2026年7月27日福州市主副食品集超均价表_主副食品_
		福州市发展和改革委员会
	",空心菜,新鲜,元/500克,2.98,,,,,福州市主副食品集超均价表，集超均价,,,https://fgw.fuzhou.gov.cn/fgwzwgk/fzgggz/jgysf/msspjgxq/zfsp/202607/t20260727_5350564.htm
福州市,2026年7月27日,"
		2026年7月27日福州市主副食品集超均价表_主副食品_
		福州市发展和改革委员会
	",粳米,标一,元/500克,2.97,,,,,福州市主副食品集超均价表，集超均价,,,https://fgw.fuzhou.gov.cn/fgwzwgk/fzgggz/jgysf/msspjgxq/zfsp/202607/t20260727_5350564.htm
福州市,2026年7月27日,"
		2026年7月27日福州市主副食品集超均价表_主副食品_
		福州市发展和改革委员会
	",红萝卜,新鲜,元/500克,2.26,,,,,福州市主副食品集超均价表，集超均价,,,https://fgw.fuzhou.gov.cn/fgwzwgk/fzgggz/jgysf/msspjgxq/zfsp/202607/t20260727_5350564.htm
福州市,2026年7月27日,"
		2026年7月27日福州市主副食品集超均价表_主副食品_
		福州市发展和改革委员会
	",纯牛奶,盒装,元/盒(250毫升),2.73,,,,,福州市主副食品集超均价表，集超均价,,,https://fgw.fuzhou.gov.cn/fgwzwgk/fzgggz/jgysf/msspjgxq/zfsp/202607/t20260727_5350564.htm
福州市,2026年7月27日,"
		2026年7月27日福州市主副食品集超均价表_主副食品_
		福州市发展和改革委员会
	",羊肉,带骨肉,元/500克,45.09,,,,,福州市主副食品集超均价表，集超均价,,,https://fgw.fuzhou.gov.cn/fgwzwgk/fzgggz/jgysf/msspjgxq/zfsp/202607/t20260727_5350564.htm
福州市,2026年7月27日,"
		2026年7月27日福州市主副食品集超均价表_主副食品_
		福州市发展和改革委员会
	",脐橙,新鲜,元/500克,4.89,,,,,福州市主副食品集超均价表，集超均价,,,https://fgw.fuzhou.gov.cn/fgwzwgk/fzgggz/jgysf/msspjgxq/zfsp/202607/t20260727_5350564.htm
福州市,2026年7月27日,"
		2026年7月27日福州市主副食品集超均价表_主副食品_
		福州市发展和改革委员会
	",花生油,桶装一级,元/5升,105.79,,,,,福州市主副食品集超均价表，集超均价,,,https://fgw.fuzhou.gov.cn/fgwzwgk/fzgggz/jgysf/msspjgxq/zfsp/202607/t20260727_5350564.htm
福州市,2026年7月27日,"
		2026年7月27日福州市主副食品集超均价表_主副食品_
		福州市发展和改革委员会
	",花菜,新鲜,元/500克,4.97,,,,,福州市主副食品集超均价表，集超均价,,,https://fgw.fuzhou.gov.cn/fgwzwgk/fzgggz/jgysf/msspjgxq/zfsp/202607/t20260727_5350564.htm
福州市,2026年7月27日,"
		2026年7月27日福州市主副食品集超均价表_主副食品_
		福州市发展和改革委员会
	",芹菜,新鲜,元/500克,6.55,,,,,福州市主副食品集超均价表，集超均价,,,https://fgw.fuzhou.gov.cn/fgwzwgk/fzgggz/jgysf/msspjgxq/zfsp/202607/t20260727_5350564.htm
福州市,2026年7月27日,"
		2026年7月27日福州市主副食品集超均价表_主副食品_
		福州市发展和改革委员会
	",苹果,新鲜,元/500克,8.41,,,,,福州市主副食品集超均价表，集超均价,,,https://fgw.fuzhou.gov.cn/fgwzwgk/fzgggz/jgysf/msspjgxq/zfsp/202607/t20260727_5350564.htm
福州市,2026年7月27日,"
		2026年7月27日福州市主副食品集超均价表_主副食品_
		福州市发展和改革委员会
	",茄子,新鲜,元/500克,3.34,,,,,福州市主副食品集超均价表，集超均价,,,https://fgw.fuzhou.gov.cn/fgwzwgk/fzgggz/jgysf/msspjgxq/zfsp/202607/t20260727_5350564.htm
福州市,2026年7月27日,"
		2026年7月27日福州市主副食品集超均价表_主副食品_
		福州市发展和改革委员会
	",菜籽油,桶装一级,元/5升,71.45,,,,,福州市主副食品集超均价表，集超均价,,,https://fgw.fuzhou.gov.cn/fgwzwgk/fzgggz/jgysf/msspjgxq/zfsp/202607/t20260727_5350564.htm
福州市,2026年7月27日,"
		2026年7月27日福州市主副食品集超均价表_主副食品_
		福州市发展和改革委员会
	",蒜苔,新鲜,元/500克,8.23,,,,,福州市主副食品集超均价表，集超均价,,,https://fgw.fuzhou.gov.cn/fgwzwgk/fzgggz/jgysf/msspjgxq/zfsp/202607/t20260727_5350564.htm
福州市,2026年7月27日,"
		2026年7月27日福州市主副食品集超均价表_主副食品_
		福州市发展和改革委员会
	",西红柿,新鲜,元/500克,3.87,,,,,福州市主副食品集超均价表，集超均价,,,https://fgw.fuzhou.gov.cn/fgwzwgk/fzgggz/jgysf/msspjgxq/zfsp/202607/t20260727_5350564.htm
福州市,2026年7月27日,"
		2026年7月27日福州市主副食品集超均价表_主副食品_
		福州市发展和改革委员会
	",调和油,桶装一级,元/5升,67.03,,,,,福州市主副食品集超均价表，集超均价,,,https://fgw.fuzhou.gov.cn/fgwzwgk/fzgggz/jgysf/msspjgxq/zfsp/202607/t20260727_5350564.htm
福州市,2026年7月27日,"
		2026年7月27日福州市主副食品集超均价表_主副食品_
		福州市发展和改革委员会
	",豆角,新鲜,元/500克,6.56,,,,,福州市主副食品集超均价表，集超均价,,,https://fgw.fuzhou.gov.cn/fgwzwgk/fzgggz/jgysf/msspjgxq/zfsp/202607/t20260727_5350564.htm
福州市,2026年7月27日,"
		2026年7月27日福州市主副食品集超均价表_主副食品_
		福州市发展和改革委员会
	",青椒,新鲜,元/500克,5.21,,,,,福州市主副食品集超均价表，集超均价,,,https://fgw.fuzhou.gov.cn/fgwzwgk/fzgggz/jgysf/msspjgxq/zfsp/202607/t20260727_5350564.htm
福州市,2026年7月27日,"
		2026年7月27日福州市主副食品集超均价表_主副食品_
		福州市发展和改革委员会
	",韭菜,新鲜,元/500克,5.99,,,,,福州市主副食品集超均价表，集超均价,,,https://fgw.fuzhou.gov.cn/fgwzwgk/fzgggz/jgysf/msspjgxq/zfsp/202607/t20260727_5350564.htm
福州市,2026年7月27日,"
		2026年7月27日福州市主副食品集超均价表_主副食品_
		福州市发展和改革委员会
	",香蕉,新鲜,元/500克,4.83,,,,,福州市主副食品集超均价表，集超均价,,,https://fgw.fuzhou.gov.cn/fgwzwgk/fzgggz/jgysf/msspjgxq/zfsp/202607/t20260727_5350564.htm
福州市,2026年7月27日,"
		2026年7月27日福州市主副食品集超均价表_主副食品_
		福州市发展和改革委员会
	",马胶鱼,冰鲜,元/500克,29.28,,,,,福州市主副食品集超均价表，集超均价,,,https://fgw.fuzhou.gov.cn/fgwzwgk/fzgggz/jgysf/msspjgxq/zfsp/202607/t20260727_5350564.htm
福州市,2026年7月27日,"
		2026年7月27日福州市主副食品集超均价表_主副食品_
		福州市发展和改革委员会
	",鱿鱼,冰鲜,元/500克,50.02,,,,,福州市主副食品集超均价表，集超均价,,,https://fgw.fuzhou.gov.cn/fgwzwgk/fzgggz/jgysf/msspjgxq/zfsp/202607/t20260727_5350564.htm
福州市,2026年7月27日,"
		2026年7月27日福州市主副食品集超均价表_主副食品_
		福州市发展和改革委员会
	",鸡肉,白条鸡,元/500克,15.96,,,,,福州市主副食品集超均价表，集超均价,,,https://fgw.fuzhou.gov.cn/fgwzwgk/fzgggz/jgysf/msspjgxq/zfsp/202607/t20260727_5350564.htm
福州市,2026年7月27日,"
		2026年7月27日福州市主副食品集超均价表_主副食品_
		福州市发展和改革委员会
	",鸭肉,白条鸭,元/500克,16.48,,,,,福州市主副食品集超均价表，集超均价,,,https://fgw.fuzhou.gov.cn/fgwzwgk/fzgggz/jgysf/msspjgxq/zfsp/202607/t20260727_5350564.htm
福州市,2026年7月27日,"
		2026年7月27日福州市主副食品集超均价表_主副食品_
		福州市发展和改革委员会
	",黄瓜,新鲜,元/500克,3.37,,,,,福州市主副食品集超均价表，集超均价,,,https://fgw.fuzhou.gov.cn/fgwzwgk/fzgggz/jgysf/msspjgxq/zfsp/202607/t20260727_5350564.htm
福州市,2026年7月27日,"
		2026年7月27日福州市主副食品集超均价表_主副食品_
		福州市发展和改革委员会
	",黄瓜鱼,冰鲜,元/500克,27.58,,,,,福州市主副食品集超均价表，集超均价,,,https://fgw.fuzhou.gov.cn/fgwzwgk/fzgggz/jgysf/msspjgxq/zfsp/202607/t20260727_5350564.htm
福州市,2026年7月28日,"
		2026年7月28日福州市主副食品集超均价表_主副食品_
		福州市发展和改革委员会
	",上海青,新鲜,元/500克,3.42,,,,,福州市主副食品集超均价表，集超均价,,,https://fgw.fuzhou.gov.cn/fgwzwgk/fzgggz/jgysf/msspjgxq/zfsp/202607/t20260728_5350990.htm
福州市,2026年7月28日,"
		2026年7月28日福州市主副食品集超均价表_主副食品_
		福州市发展和改革委员会
	",冻带鱼,冷冻,元/500克,22.21,,,,,福州市主副食品集超均价表，集超均价,,,https://fgw.fuzhou.gov.cn/fgwzwgk/fzgggz/jgysf/msspjgxq/zfsp/202607/t20260728_5350990.htm
福州市,2026年7月28日,"
		2026年7月28日福州市主副食品集超均价表_主副食品_
		福州市发展和改革委员会
	",圆白菜,新鲜,元/500克,2.12,,,,,福州市主副食品集超均价表，集超均价,,,https://fgw.fuzhou.gov.cn/fgwzwgk/fzgggz/jgysf/msspjgxq/zfsp/202607/t20260728_5350990.htm
福州市,2026年7月28日,"
		2026年7月28日福州市主副食品集超均价表_主副食品_
		福州市发展和改革委员会
	",土豆,新鲜,元/500克,2.35,,,,,福州市主副食品集超均价表，集超均价,,,https://fgw.fuzhou.gov.cn/fgwzwgk/fzgggz/jgysf/msspjgxq/zfsp/202607/t20260728_5350990.htm
福州市,2026年7月28日,"
		2026年7月28日福州市主副食品集超均价表_主副食品_
		福州市发展和改革委员会
	",大白菜,新鲜,元/500克,2.23,,,,,福州市主副食品集超均价表，集超均价,,,https://fgw.fuzhou.gov.cn/fgwzwgk/fzgggz/jgysf/msspjgxq/zfsp/202607/t20260728_5350990.htm
福州市,2026年7月28日,"
		2026年7月28日福州市主副食品集超均价表_主副食品_
		福州市发展和改革委员会
	",大豆油,桶装一级,元/5升,58.17,,,,,福州市主副食品集超均价表，集超均价,,,https://fgw.fuzhou.gov.cn/fgwzwgk/fzgggz/jgysf/msspjgxq/zfsp/202607/t20260728_5350990.htm
福州市,2026年7月28日,"
		2026年7月28日福州市主副食品集超均价表_主副食品_
		福州市发展和改革委员会
	",富强粉,,元/500克,3.57,,,,,福州市主副食品集超均价表，集超均价,,,https://fgw.fuzhou.gov.cn/fgwzwgk/fzgggz/jgysf/msspjgxq/zfsp/202607/t20260728_5350990.htm
福州市,2026年7月28日,"
		2026年7月28日福州市主副食品集超均价表_主副食品_
		福州市发展和改革委员会
	",尖椒,新鲜,元/500克,5.16,,,,,福州市主副食品集超均价表，集超均价,,,https://fgw.fuzhou.gov.cn/fgwzwgk/fzgggz/jgysf/msspjgxq/zfsp/202607/t20260728_5350990.htm
福州市,2026年7月28日,"
		2026年7月28日福州市主副食品集超均价表_主副食品_
		福州市发展和改革委员会
	",晚籼米,标一,元/500克,2.68,,,,,福州市主副食品集超均价表，集超均价,,,https://fgw.fuzhou.gov.cn/fgwzwgk/fzgggz/jgysf/msspjgxq/zfsp/202607/t20260728_5350990.htm
福州市,2026年7月28日,"
		2026年7月28日福州市主副食品集超均价表_主副食品_
		福州市发展和改革委员会
	",普通鸡蛋,新鲜完整,元/500克,6.56,,,,,福州市主副食品集超均价表，集超均价,,,https://fgw.fuzhou.gov.cn/fgwzwgk/fzgggz/jgysf/msspjgxq/zfsp/202607/t20260728_5350990.htm
福州市,2026年7月28日,"
		2026年7月28日福州市主副食品集超均价表_主副食品_
		福州市发展和改革委员会
	",普通鸭蛋,新鲜完整,元/500克,8.10,,,,,福州市主副食品集超均价表，集超均价,,,https://fgw.fuzhou.gov.cn/fgwzwgk/fzgggz/jgysf/msspjgxq/zfsp/202607/t20260728_5350990.htm
福州市,2026年7月28日,"
		2026年7月28日福州市主副食品集超均价表_主副食品_
		福州市发展和改革委员会
	",标准粉,,元/500克,2.47,,,,,福州市主副食品集超均价表，集超均价,,,https://fgw.fuzhou.gov.cn/fgwzwgk/fzgggz/jgysf/msspjgxq/zfsp/202607/t20260728_5350990.htm
福州市,2026年7月28日,"
		2026年7月28日福州市主副食品集超均价表_主副食品_
		福州市发展和改革委员会
	",梨,新鲜,元/500克,5.66,,,,,福州市主副食品集超均价表，集超均价,,,https://fgw.fuzhou.gov.cn/fgwzwgk/fzgggz/jgysf/msspjgxq/zfsp/202607/t20260728_5350990.htm
福州市,2026年7月28日,"
		2026年7月28日福州市主副食品集超均价表_主副食品_
		福州市发展和改革委员会
	",油菜(菜心),新鲜,元/500克,3.90,,,,,福州市主副食品集超均价表，集超均价,,,https://fgw.fuzhou.gov.cn/fgwzwgk/fzgggz/jgysf/msspjgxq/zfsp/202607/t20260728_5350990.htm
福州市,2026年7月28日,"
		2026年7月28日福州市主副食品集超均价表_主副食品_
		福州市发展和改革委员会
	",活明虾,鲜活,元/500克,28.96,,,,,福州市主副食品集超均价表，集超均价,,,https://fgw.fuzhou.gov.cn/fgwzwgk/fzgggz/jgysf/msspjgxq/zfsp/202607/t20260728_5350990.htm
福州市,2026年7月28日,"
		2026年7月28日福州市主副食品集超均价表_主副食品_
		福州市发展和改革委员会
	",活花蛤,鲜活,元/500克,10.29,,,,,福州市主副食品集超均价表，集超均价,,,https://fgw.fuzhou.gov.cn/fgwzwgk/fzgggz/jgysf/msspjgxq/zfsp/202607/t20260728_5350990.htm
福州市,2026年7月28日,"
		2026年7月28日福州市主副食品集超均价表_主副食品_
		福州市发展和改革委员会
	",活草鱼,鲜活,元/500克,11.53,,,,,福州市主副食品集超均价表，集超均价,,,https://fgw.fuzhou.gov.cn/fgwzwgk/fzgggz/jgysf/msspjgxq/zfsp/202607/t20260728_5350990.htm
福州市,2026年7月28日,"
		2026年7月28日福州市主副食品集超均价表_主副食品_
		福州市发展和改革委员会
	",活鳙鱼（大头鲢）,鲜活,元/500克,13.91,,,,,福州市主副食品集超均价表，集超均价,,,https://fgw.fuzhou.gov.cn/fgwzwgk/fzgggz/jgysf/msspjgxq/zfsp/202607/t20260728_5350990.htm
福州市,2026年7月28日,"
		2026年7月28日福州市主副食品集超均价表_主副食品_
		福州市发展和改革委员会
	",牛肉,去骨肉,元/500克,46.80,,,,,福州市主副食品集超均价表，集超均价,,,https://fgw.fuzhou.gov.cn/fgwzwgk/fzgggz/jgysf/msspjgxq/zfsp/202607/t20260728_5350990.htm
福州市,2026年7月28日,"
		2026年7月28日福州市主副食品集超均价表_主副食品_
		福州市发展和改革委员会
	",猪瘦肉,新鲜,元/500克,14.72,,,,,福州市主副食品集超均价表，集超均价,,,https://fgw.fuzhou.gov.cn/fgwzwgk/fzgggz/jgysf/msspjgxq/zfsp/202607/t20260728_5350990.htm
福州市,2026年7月28日,"
		2026年7月28日福州市主副食品集超均价表_主副食品_
		福州市发展和改革委员会
	",猪肋条肉,新鲜,元/500克,15.59,,,,,福州市主副食品集超均价表，集超均价,,,https://fgw.fuzhou.gov.cn/fgwzwgk/fzgggz/jgysf/msspjgxq/zfsp/202607/t20260728_5350990.htm
福州市,2026年7月28日,"
		2026年7月28日福州市主副食品集超均价表_主副食品_
		福州市发展和改革委员会
	",白萝卜,新鲜,元/500克,1.63,,,,,福州市主副食品集超均价表，集超均价,,,https://fgw.fuzhou.gov.cn/fgwzwgk/fzgggz/jgysf/msspjgxq/zfsp/202607/t20260728_5350990.htm
福州市,2026年7月28日,"
		2026年7月28日福州市主副食品集超均价表_主副食品_
		福州市发展和改革委员会
	",空心菜,新鲜,元/500克,2.91,,,,,福州市主副食品集超均价表，集超均价,,,https://fgw.fuzhou.gov.cn/fgwzwgk/fzgggz/jgysf/msspjgxq/zfsp/202607/t20260728_5350990.htm
福州市,2026年7月28日,"
		2026年7月28日福州市主副食品集超均价表_主副食品_
		福州市发展和改革委员会
	",粳米,标一,元/500克,2.97,,,,,福州市主副食品集超均价表，集超均价,,,https://fgw.fuzhou.gov.cn/fgwzwgk/fzgggz/jgysf/msspjgxq/zfsp/202607/t20260728_5350990.htm
福州市,2026年7月28日,"
		2026年7月28日福州市主副食品集超均价表_主副食品_
		福州市发展和改革委员会
	",红萝卜,新鲜,元/500克,2.27,,,,,福州市主副食品集超均价表，集超均价,,,https://fgw.fuzhou.gov.cn/fgwzwgk/fzgggz/jgysf/msspjgxq/zfsp/202607/t20260728_5350990.htm
福州市,2026年7月28日,"
		2026年7月28日福州市主副食品集超均价表_主副食品_
		福州市发展和改革委员会
	",纯牛奶,盒装,元/盒(250毫升),2.73,,,,,福州市主副食品集超均价表，集超均价,,,https://fgw.fuzhou.gov.cn/fgwzwgk/fzgggz/jgysf/msspjgxq/zfsp/202607/t20260728_5350990.htm
福州市,2026年7月28日,"
		2026年7月28日福州市主副食品集超均价表_主副食品_
		福州市发展和改革委员会
	",羊肉,带骨肉,元/500克,45.09,,,,,福州市主副食品集超均价表，集超均价,,,https://fgw.fuzhou.gov.cn/fgwzwgk/fzgggz/jgysf/msspjgxq/zfsp/202607/t20260728_5350990.htm
福州市,2026年7月28日,"
		2026年7月28日福州市主副食品集超均价表_主副食品_
		福州市发展和改革委员会
	",脐橙,新鲜,元/500克,4.89,,,,,福州市主副食品集超均价表，集超均价,,,https://fgw.fuzhou.gov.cn/fgwzwgk/fzgggz/jgysf/msspjgxq/zfsp/202607/t20260728_5350990.htm
福州市,2026年7月28日,"
		2026年7月28日福州市主副食品集超均价表_主副食品_
		福州市发展和改革委员会
	",花生油,桶装一级,元/5升,105.79,,,,,福州市主副食品集超均价表，集超均价,,,https://fgw.fuzhou.gov.cn/fgwzwgk/fzgggz/jgysf/msspjgxq/zfsp/202607/t20260728_5350990.htm
福州市,2026年7月28日,"
		2026年7月28日福州市主副食品集超均价表_主副食品_
		福州市发展和改革委员会
	",花菜,新鲜,元/500克,4.93,,,,,福州市主副食品集超均价表，集超均价,,,https://fgw.fuzhou.gov.cn/fgwzwgk/fzgggz/jgysf/msspjgxq/zfsp/202607/t20260728_5350990.htm
福州市,2026年7月28日,"
		2026年7月28日福州市主副食品集超均价表_主副食品_
		福州市发展和改革委员会
	",芹菜,新鲜,元/500克,6.55,,,,,福州市主副食品集超均价表，集超均价,,,https://fgw.fuzhou.gov.cn/fgwzwgk/fzgggz/jgysf/msspjgxq/zfsp/202607/t20260728_5350990.htm
福州市,2026年7月28日,"
		2026年7月28日福州市主副食品集超均价表_主副食品_
		福州市发展和改革委员会
	",苹果,新鲜,元/500克,8.45,,,,,福州市主副食品集超均价表，集超均价,,,https://fgw.fuzhou.gov.cn/fgwzwgk/fzgggz/jgysf/msspjgxq/zfsp/202607/t20260728_5350990.htm
福州市,2026年7月28日,"
		2026年7月28日福州市主副食品集超均价表_主副食品_
		福州市发展和改革委员会
	",茄子,新鲜,元/500克,3.34,,,,,福州市主副食品集超均价表，集超均价,,,https://fgw.fuzhou.gov.cn/fgwzwgk/fzgggz/jgysf/msspjgxq/zfsp/202607/t20260728_5350990.htm
福州市,2026年7月28日,"
		2026年7月28日福州市主副食品集超均价表_主副食品_
		福州市发展和改革委员会
	",菜籽油,桶装一级,元/5升,70.74,,,,,福州市主副食品集超均价表，集超均价,,,https://fgw.fuzhou.gov.cn/fgwzwgk/fzgggz/jgysf/msspjgxq/zfsp/202607/t20260728_5350990.htm
福州市,2026年7月28日,"
		2026年7月28日福州市主副食品集超均价表_主副食品_
		福州市发展和改革委员会
	",蒜苔,新鲜,元/500克,8.23,,,,,福州市主副食品集超均价表，集超均价,,,https://fgw.fuzhou.gov.cn/fgwzwgk/fzgggz/jgysf/msspjgxq/zfsp/202607/t20260728_5350990.htm
福州市,2026年7月28日,"
		2026年7月28日福州市主副食品集超均价表_主副食品_
		福州市发展和改革委员会
	",西红柿,新鲜,元/500克,3.88,,,,,福州市主副食品集超均价表，集超均价,,,https://fgw.fuzhou.gov.cn/fgwzwgk/fzgggz/jgysf/msspjgxq/zfsp/202607/t20260728_5350990.htm
福州市,2026年7月28日,"
		2026年7月28日福州市主副食品集超均价表_主副食品_
		福州市发展和改革委员会
	",调和油,桶装一级,元/5升,67.03,,,,,福州市主副食品集超均价表，集超均价,,,https://fgw.fuzhou.gov.cn/fgwzwgk/fzgggz/jgysf/msspjgxq/zfsp/202607/t20260728_5350990.htm
福州市,2026年7月28日,"
		2026年7月28日福州市主副食品集超均价表_主副食品_
		福州市发展和改革委员会
	",豆角,新鲜,元/500克,6.85,,,,,福州市主副食品集超均价表，集超均价,,,https://fgw.fuzhou.gov.cn/fgwzwgk/fzgggz/jgysf/msspjgxq/zfsp/202607/t20260728_5350990.htm
福州市,2026年7月28日,"
		2026年7月28日福州市主副食品集超均价表_主副食品_
		福州市发展和改革委员会
	",青椒,新鲜,元/500克,5.28,,,,,福州市主副食品集超均价表，集超均价,,,https://fgw.fuzhou.gov.cn/fgwzwgk/fzgggz/jgysf/msspjgxq/zfsp/202607/t20260728_5350990.htm
福州市,2026年7月28日,"
		2026年7月28日福州市主副食品集超均价表_主副食品_
		福州市发展和改革委员会
	",韭菜,新鲜,元/500克,5.99,,,,,福州市主副食品集超均价表，集超均价,,,https://fgw.fuzhou.gov.cn/fgwzwgk/fzgggz/jgysf/msspjgxq/zfsp/202607/t20260728_5350990.htm
福州市,2026年7月28日,"
		2026年7月28日福州市主副食品集超均价表_主副食品_
		福州市发展和改革委员会
	",香蕉,新鲜,元/500克,4.79,,,,,福州市主副食品集超均价表，集超均价,,,https://fgw.fuzhou.gov.cn/fgwzwgk/fzgggz/jgysf/msspjgxq/zfsp/202607/t20260728_5350990.htm
福州市,2026年7月28日,"
		2026年7月28日福州市主副食品集超均价表_主副食品_
		福州市发展和改革委员会
	",马胶鱼,冰鲜,元/500克,29.21,,,,,福州市主副食品集超均价表，集超均价,,,https://fgw.fuzhou.gov.cn/fgwzwgk/fzgggz/jgysf/msspjgxq/zfsp/202607/t20260728_5350990.htm
福州市,2026年7月28日,"
		2026年7月28日福州市主副食品集超均价表_主副食品_
		福州市发展和改革委员会
	",鱿鱼,冰鲜,元/500克,50.16,,,,,福州市主副食品集超均价表，集超均价,,,https://fgw.fuzhou.gov.cn/fgwzwgk/fzgggz/jgysf/msspjgxq/zfsp/202607/t20260728_5350990.htm
福州市,2026年7月28日,"
		2026年7月28日福州市主副食品集超均价表_主副食品_
		福州市发展和改革委员会
	",鸡肉,白条鸡,元/500克,15.96,,,,,福州市主副食品集超均价表，集超均价,,,https://fgw.fuzhou.gov.cn/fgwzwgk/fzgggz/jgysf/msspjgxq/zfsp/202607/t20260728_5350990.htm
福州市,2026年7月28日,"
		2026年7月28日福州市主副食品集超均价表_主副食品_
		福州市发展和改革委员会
	",鸭肉,白条鸭,元/500克,16.48,,,,,福州市主副食品集超均价表，集超均价,,,https://fgw.fuzhou.gov.cn/fgwzwgk/fzgggz/jgysf/msspjgxq/zfsp/202607/t20260728_5350990.htm
福州市,2026年7月28日,"
		2026年7月28日福州市主副食品集超均价表_主副食品_
		福州市发展和改革委员会
	",黄瓜,新鲜,元/500克,3.40,,,,,福州市主副食品集超均价表，集超均价,,,https://fgw.fuzhou.gov.cn/fgwzwgk/fzgggz/jgysf/msspjgxq/zfsp/202607/t20260728_5350990.htm
福州市,2026年7月28日,"
		2026年7月28日福州市主副食品集超均价表_主副食品_
		福州市发展和改革委员会
	",黄瓜鱼,冰鲜,元/500克,27.51,,,,,福州市主副食品集超均价表，集超均价,,,https://fgw.fuzhou.gov.cn/fgwzwgk/fzgggz/jgysf/msspjgxq/zfsp/202607/t20260728_5350990.htm
福州市,2026年7月29日,"
		2026年7月29日福州市主副食品集超均价表_主副食品_
		福州市发展和改革委员会
	",上海青,新鲜,元/500克,3.42,,,,,福州市主副食品集超均价表，集超均价,,,https://fgw.fuzhou.gov.cn/fgwzwgk/fzgggz/jgysf/msspjgxq/zfsp/202607/t20260729_5351584.htm
福州市,2026年7月29日,"
		2026年7月29日福州市主副食品集超均价表_主副食品_
		福州市发展和改革委员会
	",冻带鱼,冷冻,元/500克,22.21,,,,,福州市主副食品集超均价表，集超均价,,,https://fgw.fuzhou.gov.cn/fgwzwgk/fzgggz/jgysf/msspjgxq/zfsp/202607/t20260729_5351584.htm
福州市,2026年7月29日,"
		2026年7月29日福州市主副食品集超均价表_主副食品_
		福州市发展和改革委员会
	",圆白菜,新鲜,元/500克,2.14,,,,,福州市主副食品集超均价表，集超均价,,,https://fgw.fuzhou.gov.cn/fgwzwgk/fzgggz/jgysf/msspjgxq/zfsp/202607/t20260729_5351584.htm
福州市,2026年7月29日,"
		2026年7月29日福州市主副食品集超均价表_主副食品_
		福州市发展和改革委员会
	",土豆,新鲜,元/500克,2.34,,,,,福州市主副食品集超均价表，集超均价,,,https://fgw.fuzhou.gov.cn/fgwzwgk/fzgggz/jgysf/msspjgxq/zfsp/202607/t20260729_5351584.htm
福州市,2026年7月29日,"
		2026年7月29日福州市主副食品集超均价表_主副食品_
		福州市发展和改革委员会
	",大白菜,新鲜,元/500克,2.27,,,,,福州市主副食品集超均价表，集超均价,,,https://fgw.fuzhou.gov.cn/fgwzwgk/fzgggz/jgysf/msspjgxq/zfsp/202607/t20260729_5351584.htm
福州市,2026年7月29日,"
		2026年7月29日福州市主副食品集超均价表_主副食品_
		福州市发展和改革委员会
	",大豆油,桶装一级,元/5升,58.17,,,,,福州市主副食品集超均价表，集超均价,,,https://fgw.fuzhou.gov.cn/fgwzwgk/fzgggz/jgysf/msspjgxq/zfsp/202607/t20260729_5351584.htm
福州市,2026年7月29日,"
		2026年7月29日福州市主副食品集超均价表_主副食品_
		福州市发展和改革委员会
	",富强粉,,元/500克,3.57,,,,,福州市主副食品集超均价表，集超均价,,,https://fgw.fuzhou.gov.cn/fgwzwgk/fzgggz/jgysf/msspjgxq/zfsp/202607/t20260729_5351584.htm
福州市,2026年7月29日,"
		2026年7月29日福州市主副食品集超均价表_主副食品_
		福州市发展和改革委员会
	",尖椒,新鲜,元/500克,5.16,,,,,福州市主副食品集超均价表，集超均价,,,https://fgw.fuzhou.gov.cn/fgwzwgk/fzgggz/jgysf/msspjgxq/zfsp/202607/t20260729_5351584.htm
福州市,2026年7月29日,"
		2026年7月29日福州市主副食品集超均价表_主副食品_
		福州市发展和改革委员会
	",晚籼米,标一,元/500克,2.68,,,,,福州市主副食品集超均价表，集超均价,,,https://fgw.fuzhou.gov.cn/fgwzwgk/fzgggz/jgysf/msspjgxq/zfsp/202607/t20260729_5351584.htm
福州市,2026年7月29日,"
		2026年7月29日福州市主副食品集超均价表_主副食品_
		福州市发展和改革委员会
	",普通鸡蛋,新鲜完整,元/500克,6.55,,,,,福州市主副食品集超均价表，集超均价,,,https://fgw.fuzhou.gov.cn/fgwzwgk/fzgggz/jgysf/msspjgxq/zfsp/202607/t20260729_5351584.htm
福州市,2026年7月29日,"
		2026年7月29日福州市主副食品集超均价表_主副食品_
		福州市发展和改革委员会
	",普通鸭蛋,新鲜完整,元/500克,8.10,,,,,福州市主副食品集超均价表，集超均价,,,https://fgw.fuzhou.gov.cn/fgwzwgk/fzgggz/jgysf/msspjgxq/zfsp/202607/t20260729_5351584.htm
福州市,2026年7月29日,"
		2026年7月29日福州市主副食品集超均价表_主副食品_
		福州市发展和改革委员会
	",标准粉,,元/500克,2.40,,,,,福州市主副食品集超均价表，集超均价,,,https://fgw.fuzhou.gov.cn/fgwzwgk/fzgggz/jgysf/msspjgxq/zfsp/202607/t20260729_5351584.htm
福州市,2026年7月29日,"
		2026年7月29日福州市主副食品集超均价表_主副食品_
		福州市发展和改革委员会
	",梨,新鲜,元/500克,5.45,,,,,福州市主副食品集超均价表，集超均价,,,https://fgw.fuzhou.gov.cn/fgwzwgk/fzgggz/jgysf/msspjgxq/zfsp/202607/t20260729_5351584.htm
福州市,2026年7月29日,"
		2026年7月29日福州市主副食品集超均价表_主副食品_
		福州市发展和改革委员会
	",油菜(菜心),新鲜,元/500克,3.87,,,,,福州市主副食品集超均价表，集超均价,,,https://fgw.fuzhou.gov.cn/fgwzwgk/fzgggz/jgysf/msspjgxq/zfsp/202607/t20260729_5351584.htm
福州市,2026年7月29日,"
		2026年7月29日福州市主副食品集超均价表_主副食品_
		福州市发展和改革委员会
	",活明虾,鲜活,元/500克,28.89,,,,,福州市主副食品集超均价表，集超均价,,,https://fgw.fuzhou.gov.cn/fgwzwgk/fzgggz/jgysf/msspjgxq/zfsp/202607/t20260729_5351584.htm
福州市,2026年7月29日,"
		2026年7月29日福州市主副食品集超均价表_主副食品_
		福州市发展和改革委员会
	",活花蛤,鲜活,元/500克,10.29,,,,,福州市主副食品集超均价表，集超均价,,,https://fgw.fuzhou.gov.cn/fgwzwgk/fzgggz/jgysf/msspjgxq/zfsp/202607/t20260729_5351584.htm
福州市,2026年7月29日,"
		2026年7月29日福州市主副食品集超均价表_主副食品_
		福州市发展和改革委员会
	",活草鱼,鲜活,元/500克,11.60,,,,,福州市主副食品集超均价表，集超均价,,,https://fgw.fuzhou.gov.cn/fgwzwgk/fzgggz/jgysf/msspjgxq/zfsp/202607/t20260729_5351584.htm
福州市,2026年7月29日,"
		2026年7月29日福州市主副食品集超均价表_主副食品_
		福州市发展和改革委员会
	",活鳙鱼（大头鲢）,鲜活,元/500克,13.91,,,,,福州市主副食品集超均价表，集超均价,,,https://fgw.fuzhou.gov.cn/fgwzwgk/fzgggz/jgysf/msspjgxq/zfsp/202607/t20260729_5351584.htm
福州市,2026年7月29日,"
		2026年7月29日福州市主副食品集超均价表_主副食品_
		福州市发展和改革委员会
	",牛肉,去骨肉,元/500克,46.80,,,,,福州市主副食品集超均价表，集超均价,,,https://fgw.fuzhou.gov.cn/fgwzwgk/fzgggz/jgysf/msspjgxq/zfsp/202607/t20260729_5351584.htm
福州市,2026年7月29日,"
		2026年7月29日福州市主副食品集超均价表_主副食品_
		福州市发展和改革委员会
	",猪瘦肉,新鲜,元/500克,14.80,,,,,福州市主副食品集超均价表，集超均价,,,https://fgw.fuzhou.gov.cn/fgwzwgk/fzgggz/jgysf/msspjgxq/zfsp/202607/t20260729_5351584.htm
福州市,2026年7月29日,"
		2026年7月29日福州市主副食品集超均价表_主副食品_
		福州市发展和改革委员会
	",猪肋条肉,新鲜,元/500克,15.45,,,,,福州市主副食品集超均价表，集超均价,,,https://fgw.fuzhou.gov.cn/fgwzwgk/fzgggz/jgysf/msspjgxq/zfsp/202607/t20260729_5351584.htm
福州市,2026年7月29日,"
		2026年7月29日福州市主副食品集超均价表_主副食品_
		福州市发展和改革委员会
	",白萝卜,新鲜,元/500克,1.63,,,,,福州市主副食品集超均价表，集超均价,,,https://fgw.fuzhou.gov.cn/fgwzwgk/fzgggz/jgysf/msspjgxq/zfsp/202607/t20260729_5351584.htm
福州市,2026年7月29日,"
		2026年7月29日福州市主副食品集超均价表_主副食品_
		福州市发展和改革委员会
	",空心菜,新鲜,元/500克,2.71,,,,,福州市主副食品集超均价表，集超均价,,,https://fgw.fuzhou.gov.cn/fgwzwgk/fzgggz/jgysf/msspjgxq/zfsp/202607/t20260729_5351584.htm
福州市,2026年7月29日,"
		2026年7月29日福州市主副食品集超均价表_主副食品_
		福州市发展和改革委员会
	",粳米,标一,元/500克,2.97,,,,,福州市主副食品集超均价表，集超均价,,,https://fgw.fuzhou.gov.cn/fgwzwgk/fzgggz/jgysf/msspjgxq/zfsp/202607/t20260729_5351584.htm
福州市,2026年7月29日,"
		2026年7月29日福州市主副食品集超均价表_主副食品_
		福州市发展和改革委员会
	",红萝卜,新鲜,元/500克,2.23,,,,,福州市主副食品集超均价表，集超均价,,,https://fgw.fuzhou.gov.cn/fgwzwgk/fzgggz/jgysf/msspjgxq/zfsp/202607/t20260729_5351584.htm
福州市,2026年7月29日,"
		2026年7月29日福州市主副食品集超均价表_主副食品_
		福州市发展和改革委员会
	",纯牛奶,盒装,元/盒(250毫升),2.73,,,,,福州市主副食品集超均价表，集超均价,,,https://fgw.fuzhou.gov.cn/fgwzwgk/fzgggz/jgysf/msspjgxq/zfsp/202607/t20260729_5351584.htm
福州市,2026年7月29日,"
		2026年7月29日福州市主副食品集超均价表_主副食品_
		福州市发展和改革委员会
	",羊肉,带骨肉,元/500克,45.09,,,,,福州市主副食品集超均价表，集超均价,,,https://fgw.fuzhou.gov.cn/fgwzwgk/fzgggz/jgysf/msspjgxq/zfsp/202607/t20260729_5351584.htm
福州市,2026年7月29日,"
		2026年7月29日福州市主副食品集超均价表_主副食品_
		福州市发展和改革委员会
	",脐橙,新鲜,元/500克,4.89,,,,,福州市主副食品集超均价表，集超均价,,,https://fgw.fuzhou.gov.cn/fgwzwgk/fzgggz/jgysf/msspjgxq/zfsp/202607/t20260729_5351584.htm
福州市,2026年7月29日,"
		2026年7月29日福州市主副食品集超均价表_主副食品_
		福州市发展和改革委员会
	",花生油,桶装一级,元/5升,107.01,,,,,福州市主副食品集超均价表，集超均价,,,https://fgw.fuzhou.gov.cn/fgwzwgk/fzgggz/jgysf/msspjgxq/zfsp/202607/t20260729_5351584.htm
福州市,2026年7月29日,"
		2026年7月29日福州市主副食品集超均价表_主副食品_
		福州市发展和改革委员会
	",花菜,新鲜,元/500克,4.93,,,,,福州市主副食品集超均价表，集超均价,,,https://fgw.fuzhou.gov.cn/fgwzwgk/fzgggz/jgysf/msspjgxq/zfsp/202607/t20260729_5351584.htm
福州市,2026年7月29日,"
		2026年7月29日福州市主副食品集超均价表_主副食品_
		福州市发展和改革委员会
	",芹菜,新鲜,元/500克,6.58,,,,,福州市主副食品集超均价表，集超均价,,,https://fgw.fuzhou.gov.cn/fgwzwgk/fzgggz/jgysf/msspjgxq/zfsp/202607/t20260729_5351584.htm
福州市,2026年7月29日,"
		2026年7月29日福州市主副食品集超均价表_主副食品_
		福州市发展和改革委员会
	",苹果,新鲜,元/500克,8.18,,,,,福州市主副食品集超均价表，集超均价,,,https://fgw.fuzhou.gov.cn/fgwzwgk/fzgggz/jgysf/msspjgxq/zfsp/202607/t20260729_5351584.htm
福州市,2026年7月29日,"
		2026年7月29日福州市主副食品集超均价表_主副食品_
		福州市发展和改革委员会
	",茄子,新鲜,元/500克,3.31,,,,,福州市主副食品集超均价表，集超均价,,,https://fgw.fuzhou.gov.cn/fgwzwgk/fzgggz/jgysf/msspjgxq/zfsp/202607/t20260729_5351584.htm
福州市,2026年7月29日,"
		2026年7月29日福州市主副食品集超均价表_主副食品_
		福州市发展和改革委员会
	",菜籽油,桶装一级,元/5升,70.74,,,,,福州市主副食品集超均价表，集超均价,,,https://fgw.fuzhou.gov.cn/fgwzwgk/fzgggz/jgysf/msspjgxq/zfsp/202607/t20260729_5351584.htm
福州市,2026年7月29日,"
		2026年7月29日福州市主副食品集超均价表_主副食品_
		福州市发展和改革委员会
	",蒜苔,新鲜,元/500克,8.23,,,,,福州市主副食品集超均价表，集超均价,,,https://fgw.fuzhou.gov.cn/fgwzwgk/fzgggz/jgysf/msspjgxq/zfsp/202607/t20260729_5351584.htm
福州市,2026年7月29日,"
		2026年7月29日福州市主副食品集超均价表_主副食品_
		福州市发展和改革委员会
	",西红柿,新鲜,元/500克,3.99,,,,,福州市主副食品集超均价表，集超均价,,,https://fgw.fuzhou.gov.cn/fgwzwgk/fzgggz/jgysf/msspjgxq/zfsp/202607/t20260729_5351584.htm
福州市,2026年7月29日,"
		2026年7月29日福州市主副食品集超均价表_主副食品_
		福州市发展和改革委员会
	",调和油,桶装一级,元/5升,67.03,,,,,福州市主副食品集超均价表，集超均价,,,https://fgw.fuzhou.gov.cn/fgwzwgk/fzgggz/jgysf/msspjgxq/zfsp/202607/t20260729_5351584.htm
福州市,2026年7月29日,"
		2026年7月29日福州市主副食品集超均价表_主副食品_
		福州市发展和改革委员会
	",豆角,新鲜,元/500克,6.85,,,,,福州市主副食品集超均价表，集超均价,,,https://fgw.fuzhou.gov.cn/fgwzwgk/fzgggz/jgysf/msspjgxq/zfsp/202607/t20260729_5351584.htm
福州市,2026年7月29日,"
		2026年7月29日福州市主副食品集超均价表_主副食品_
		福州市发展和改革委员会
	",青椒,新鲜,元/500克,5.41,,,,,福州市主副食品集超均价表，集超均价,,,https://fgw.fuzhou.gov.cn/fgwzwgk/fzgggz/jgysf/msspjgxq/zfsp/202607/t20260729_5351584.htm
福州市,2026年7月29日,"
		2026年7月29日福州市主副食品集超均价表_主副食品_
		福州市发展和改革委员会
	",韭菜,新鲜,元/500克,5.82,,,,,福州市主副食品集超均价表，集超均价,,,https://fgw.fuzhou.gov.cn/fgwzwgk/fzgggz/jgysf/msspjgxq/zfsp/202607/t20260729_5351584.htm
福州市,2026年7月29日,"
		2026年7月29日福州市主副食品集超均价表_主副食品_
		福州市发展和改革委员会
	",香蕉,新鲜,元/500克,4.75,,,,,福州市主副食品集超均价表，集超均价,,,https://fgw.fuzhou.gov.cn/fgwzwgk/fzgggz/jgysf/msspjgxq/zfsp/202607/t20260729_5351584.htm
福州市,2026年7月29日,"
		2026年7月29日福州市主副食品集超均价表_主副食品_
		福州市发展和改革委员会
	",马胶鱼,冰鲜,元/500克,29.14,,,,,福州市主副食品集超均价表，集超均价,,,https://fgw.fuzhou.gov.cn/fgwzwgk/fzgggz/jgysf/msspjgxq/zfsp/202607/t20260729_5351584.htm
福州市,2026年7月29日,"
		2026年7月29日福州市主副食品集超均价表_主副食品_
		福州市发展和改革委员会
	",鱿鱼,冰鲜,元/500克,50.30,,,,,福州市主副食品集超均价表，集超均价,,,https://fgw.fuzhou.gov.cn/fgwzwgk/fzgggz/jgysf/msspjgxq/zfsp/202607/t20260729_5351584.htm
福州市,2026年7月29日,"
		2026年7月29日福州市主副食品集超均价表_主副食品_
		福州市发展和改革委员会
	",鸡肉,白条鸡,元/500克,16.03,,,,,福州市主副食品集超均价表，集超均价,,,https://fgw.fuzhou.gov.cn/fgwzwgk/fzgggz/jgysf/msspjgxq/zfsp/202607/t20260729_5351584.htm
福州市,2026年7月29日,"
		2026年7月29日福州市主副食品集超均价表_主副食品_
		福州市发展和改革委员会
	",鸭肉,白条鸭,元/500克,16.55,,,,,福州市主副食品集超均价表，集超均价,,,https://fgw.fuzhou.gov.cn/fgwzwgk/fzgggz/jgysf/msspjgxq/zfsp/202607/t20260729_5351584.htm
福州市,2026年7月29日,"
		2026年7月29日福州市主副食品集超均价表_主副食品_
		福州市发展和改革委员会
	",黄瓜,新鲜,元/500克,3.46,,,,,福州市主副食品集超均价表，集超均价,,,https://fgw.fuzhou.gov.cn/fgwzwgk/fzgggz/jgysf/msspjgxq/zfsp/202607/t20260729_5351584.htm
福州市,2026年7月29日,"
		2026年7月29日福州市主副食品集超均价表_主副食品_
		福州市发展和改革委员会
	",黄瓜鱼,冰鲜,元/500克,27.44,,,,,福州市主副食品集超均价表，集超均价,,,https://fgw.fuzhou.gov.cn/fgwzwgk/fzgggz/jgysf/msspjgxq/zfsp/202607/t20260729_5351584.htm
福州市,2026年7月2日,"
		2026年7月2日福州市主副食品集超均价表_主副食品_
		福州市发展和改革委员会
	",上海青,新鲜,元/500克,3.20,,,,,福州市主副食品集超均价表，集超均价,,,https://fgw.fuzhou.gov.cn/fgwzwgk/fzgggz/jgysf/msspjgxq/zfsp/202607/t20260702_5341815.htm
福州市,2026年7月2日,"
		2026年7月2日福州市主副食品集超均价表_主副食品_
		福州市发展和改革委员会
	",冻带鱼,冷冻,元/500克,22.33,,,,,福州市主副食品集超均价表，集超均价,,,https://fgw.fuzhou.gov.cn/fgwzwgk/fzgggz/jgysf/msspjgxq/zfsp/202607/t20260702_5341815.htm
福州市,2026年7月2日,"
		2026年7月2日福州市主副食品集超均价表_主副食品_
		福州市发展和改革委员会
	",圆白菜,新鲜,元/500克,2.02,,,,,福州市主副食品集超均价表，集超均价,,,https://fgw.fuzhou.gov.cn/fgwzwgk/fzgggz/jgysf/msspjgxq/zfsp/202607/t20260702_5341815.htm
福州市,2026年7月2日,"
		2026年7月2日福州市主副食品集超均价表_主副食品_
		福州市发展和改革委员会
	",土豆,新鲜,元/500克,2.25,,,,,福州市主副食品集超均价表，集超均价,,,https://fgw.fuzhou.gov.cn/fgwzwgk/fzgggz/jgysf/msspjgxq/zfsp/202607/t20260702_5341815.htm
福州市,2026年7月2日,"
		2026年7月2日福州市主副食品集超均价表_主副食品_
		福州市发展和改革委员会
	",大白菜,新鲜,元/500克,2.07,,,,,福州市主副食品集超均价表，集超均价,,,https://fgw.fuzhou.gov.cn/fgwzwgk/fzgggz/jgysf/msspjgxq/zfsp/202607/t20260702_5341815.htm
福州市,2026年7月2日,"
		2026年7月2日福州市主副食品集超均价表_主副食品_
		福州市发展和改革委员会
	",大豆油,桶装一级,元/5升,59.39,,,,,福州市主副食品集超均价表，集超均价,,,https://fgw.fuzhou.gov.cn/fgwzwgk/fzgggz/jgysf/msspjgxq/zfsp/202607/t20260702_5341815.htm
福州市,2026年7月2日,"
		2026年7月2日福州市主副食品集超均价表_主副食品_
		福州市发展和改革委员会
	",富强粉,,元/500克,3.57,,,,,福州市主副食品集超均价表，集超均价,,,https://fgw.fuzhou.gov.cn/fgwzwgk/fzgggz/jgysf/msspjgxq/zfsp/202607/t20260702_5341815.htm
福州市,2026年7月2日,"
		2026年7月2日福州市主副食品集超均价表_主副食品_
		福州市发展和改革委员会
	",尖椒,新鲜,元/500克,5.26,,,,,福州市主副食品集超均价表，集超均价,,,https://fgw.fuzhou.gov.cn/fgwzwgk/fzgggz/jgysf/msspjgxq/zfsp/202607/t20260702_5341815.htm
福州市,2026年7月2日,"
		2026年7月2日福州市主副食品集超均价表_主副食品_
		福州市发展和改革委员会
	",晚籼米,标一,元/500克,2.68,,,,,福州市主副食品集超均价表，集超均价,,,https://fgw.fuzhou.gov.cn/fgwzwgk/fzgggz/jgysf/msspjgxq/zfsp/202607/t20260702_5341815.htm
福州市,2026年7月2日,"
		2026年7月2日福州市主副食品集超均价表_主副食品_
		福州市发展和改革委员会
	",普通鸡蛋,新鲜完整,元/500克,6.36,,,,,福州市主副食品集超均价表，集超均价,,,https://fgw.fuzhou.gov.cn/fgwzwgk/fzgggz/jgysf/msspjgxq/zfsp/202607/t20260702_5341815.htm
福州市,2026年7月2日,"
		2026年7月2日福州市主副食品集超均价表_主副食品_
		福州市发展和改革委员会
	",普通鸭蛋,新鲜完整,元/500克,8.02,,,,,福州市主副食品集超均价表，集超均价,,,https://fgw.fuzhou.gov.cn/fgwzwgk/fzgggz/jgysf/msspjgxq/zfsp/202607/t20260702_5341815.htm
福州市,2026年7月2日,"
		2026年7月2日福州市主副食品集超均价表_主副食品_
		福州市发展和改革委员会
	",标准粉,,元/500克,2.44,,,,,福州市主副食品集超均价表，集超均价,,,https://fgw.fuzhou.gov.cn/fgwzwgk/fzgggz/jgysf/msspjgxq/zfsp/202607/t20260702_5341815.htm
福州市,2026年7月2日,"
		2026年7月2日福州市主副食品集超均价表_主副食品_
		福州市发展和改革委员会
	",梨,新鲜,元/500克,5.54,,,,,福州市主副食品集超均价表，集超均价,,,https://fgw.fuzhou.gov.cn/fgwzwgk/fzgggz/jgysf/msspjgxq/zfsp/202607/t20260702_5341815.htm
福州市,2026年7月2日,"
		2026年7月2日福州市主副食品集超均价表_主副食品_
		福州市发展和改革委员会
	",油菜(菜心),新鲜,元/500克,3.78,,,,,福州市主副食品集超均价表，集超均价,,,https://fgw.fuzhou.gov.cn/fgwzwgk/fzgggz/jgysf/msspjgxq/zfsp/202607/t20260702_5341815.htm
福州市,2026年7月2日,"
		2026年7月2日福州市主副食品集超均价表_主副食品_
		福州市发展和改革委员会
	",活明虾,鲜活,元/500克,28.88,,,,,福州市主副食品集超均价表，集超均价,,,https://fgw.fuzhou.gov.cn/fgwzwgk/fzgggz/jgysf/msspjgxq/zfsp/202607/t20260702_5341815.htm
福州市,2026年7月2日,"
		2026年7月2日福州市主副食品集超均价表_主副食品_
		福州市发展和改革委员会
	",活花蛤,鲜活,元/500克,10.22,,,,,福州市主副食品集超均价表，集超均价,,,https://fgw.fuzhou.gov.cn/fgwzwgk/fzgggz/jgysf/msspjgxq/zfsp/202607/t20260702_5341815.htm
福州市,2026年7月2日,"
		2026年7月2日福州市主副食品集超均价表_主副食品_
		福州市发展和改革委员会
	",活草鱼,鲜活,元/500克,11.95,,,,,福州市主副食品集超均价表，集超均价,,,https://fgw.fuzhou.gov.cn/fgwzwgk/fzgggz/jgysf/msspjgxq/zfsp/202607/t20260702_5341815.htm
福州市,2026年7月2日,"
		2026年7月2日福州市主副食品集超均价表_主副食品_
		福州市发展和改革委员会
	",活鳙鱼（大头鲢）,鲜活,元/500克,13.90,,,,,福州市主副食品集超均价表，集超均价,,,https://fgw.fuzhou.gov.cn/fgwzwgk/fzgggz/jgysf/msspjgxq/zfsp/202607/t20260702_5341815.htm
福州市,2026年7月2日,"
		2026年7月2日福州市主副食品集超均价表_主副食品_
		福州市发展和改革委员会
	",牛肉,去骨肉,元/500克,45.50,,,,,福州市主副食品集超均价表，集超均价,,,https://fgw.fuzhou.gov.cn/fgwzwgk/fzgggz/jgysf/msspjgxq/zfsp/202607/t20260702_5341815.htm
福州市,2026年7月2日,"
		2026年7月2日福州市主副食品集超均价表_主副食品_
		福州市发展和改革委员会
	",猪瘦肉,新鲜,元/500克,14.01,,,,,福州市主副食品集超均价表，集超均价,,,https://fgw.fuzhou.gov.cn/fgwzwgk/fzgggz/jgysf/msspjgxq/zfsp/202607/t20260702_5341815.htm
福州市,2026年7月2日,"
		2026年7月2日福州市主副食品集超均价表_主副食品_
		福州市发展和改革委员会
	",猪肋条肉,新鲜,元/500克,14.83,,,,,福州市主副食品集超均价表，集超均价,,,https://fgw.fuzhou.gov.cn/fgwzwgk/fzgggz/jgysf/msspjgxq/zfsp/202607/t20260702_5341815.htm
福州市,2026年7月2日,"
		2026年7月2日福州市主副食品集超均价表_主副食品_
		福州市发展和改革委员会
	",白萝卜,新鲜,元/500克,1.86,,,,,福州市主副食品集超均价表，集超均价,,,https://fgw.fuzhou.gov.cn/fgwzwgk/fzgggz/jgysf/msspjgxq/zfsp/202607/t20260702_5341815.htm
福州市,2026年7月2日,"
		2026年7月2日福州市主副食品集超均价表_主副食品_
		福州市发展和改革委员会
	",空心菜,新鲜,元/500克,3.56,,,,,福州市主副食品集超均价表，集超均价,,,https://fgw.fuzhou.gov.cn/fgwzwgk/fzgggz/jgysf/msspjgxq/zfsp/202607/t20260702_5341815.htm
福州市,2026年7月2日,"
		2026年7月2日福州市主副食品集超均价表_主副食品_
		福州市发展和改革委员会
	",粳米,标一,元/500克,2.97,,,,,福州市主副食品集超均价表，集超均价,,,https://fgw.fuzhou.gov.cn/fgwzwgk/fzgggz/jgysf/msspjgxq/zfsp/202607/t20260702_5341815.htm
福州市,2026年7月2日,"
		2026年7月2日福州市主副食品集超均价表_主副食品_
		福州市发展和改革委员会
	",红萝卜,新鲜,元/500克,2.39,,,,,福州市主副食品集超均价表，集超均价,,,https://fgw.fuzhou.gov.cn/fgwzwgk/fzgggz/jgysf/msspjgxq/zfsp/202607/t20260702_5341815.htm
福州市,2026年7月2日,"
		2026年7月2日福州市主副食品集超均价表_主副食品_
		福州市发展和改革委员会
	",纯牛奶,盒装,元/盒(250毫升),2.69,,,,,福州市主副食品集超均价表，集超均价,,,https://fgw.fuzhou.gov.cn/fgwzwgk/fzgggz/jgysf/msspjgxq/zfsp/202607/t20260702_5341815.htm
福州市,2026年7月2日,"
		2026年7月2日福州市主副食品集超均价表_主副食品_
		福州市发展和改革委员会
	",羊肉,带骨肉,元/500克,43.77,,,,,福州市主副食品集超均价表，集超均价,,,https://fgw.fuzhou.gov.cn/fgwzwgk/fzgggz/jgysf/msspjgxq/zfsp/202607/t20260702_5341815.htm
福州市,2026年7月2日,"
		2026年7月2日福州市主副食品集超均价表_主副食品_
		福州市发展和改革委员会
	",脐橙,新鲜,元/500克,4.83,,,,,福州市主副食品集超均价表，集超均价,,,https://fgw.fuzhou.gov.cn/fgwzwgk/fzgggz/jgysf/msspjgxq/zfsp/202607/t20260702_5341815.htm
福州市,2026年7月2日,"
		2026年7月2日福州市主副食品集超均价表_主副食品_
		福州市发展和改革委员会
	",花生油,桶装一级,元/5升,107.01,,,,,福州市主副食品集超均价表，集超均价,,,https://fgw.fuzhou.gov.cn/fgwzwgk/fzgggz/jgysf/msspjgxq/zfsp/202607/t20260702_5341815.htm
福州市,2026年7月2日,"
		2026年7月2日福州市主副食品集超均价表_主副食品_
		福州市发展和改革委员会
	",花菜,新鲜,元/500克,4.42,,,,,福州市主副食品集超均价表，集超均价,,,https://fgw.fuzhou.gov.cn/fgwzwgk/fzgggz/jgysf/msspjgxq/zfsp/202607/t20260702_5341815.htm
福州市,2026年7月2日,"
		2026年7月2日福州市主副食品集超均价表_主副食品_
		福州市发展和改革委员会
	",芹菜,新鲜,元/500克,6.27,,,,,福州市主副食品集超均价表，集超均价,,,https://fgw.fuzhou.gov.cn/fgwzwgk/fzgggz/jgysf/msspjgxq/zfsp/202607/t20260702_5341815.htm
福州市,2026年7月2日,"
		2026年7月2日福州市主副食品集超均价表_主副食品_
		福州市发展和改革委员会
	",苹果,新鲜,元/500克,8.35,,,,,福州市主副食品集超均价表，集超均价,,,https://fgw.fuzhou.gov.cn/fgwzwgk/fzgggz/jgysf/msspjgxq/zfsp/202607/t20260702_5341815.htm
福州市,2026年7月2日,"
		2026年7月2日福州市主副食品集超均价表_主副食品_
		福州市发展和改革委员会
	",茄子,新鲜,元/500克,4.27,,,,,福州市主副食品集超均价表，集超均价,,,https://fgw.fuzhou.gov.cn/fgwzwgk/fzgggz/jgysf/msspjgxq/zfsp/202607/t20260702_5341815.htm
福州市,2026年7月2日,"
		2026年7月2日福州市主副食品集超均价表_主副食品_
		福州市发展和改革委员会
	",菜籽油,桶装一级,元/5升,70.10,,,,,福州市主副食品集超均价表，集超均价,,,https://fgw.fuzhou.gov.cn/fgwzwgk/fzgggz/jgysf/msspjgxq/zfsp/202607/t20260702_5341815.htm
福州市,2026年7月2日,"
		2026年7月2日福州市主副食品集超均价表_主副食品_
		福州市发展和改革委员会
	",蒜苔,新鲜,元/500克,7.81,,,,,福州市主副食品集超均价表，集超均价,,,https://fgw.fuzhou.gov.cn/fgwzwgk/fzgggz/jgysf/msspjgxq/zfsp/202607/t20260702_5341815.htm
福州市,2026年7月2日,"
		2026年7月2日福州市主副食品集超均价表_主副食品_
		福州市发展和改革委员会
	",西红柿,新鲜,元/500克,3.86,,,,,福州市主副食品集超均价表，集超均价,,,https://fgw.fuzhou.gov.cn/fgwzwgk/fzgggz/jgysf/msspjgxq/zfsp/202607/t20260702_5341815.htm
福州市,2026年7月2日,"
		2026年7月2日福州市主副食品集超均价表_主副食品_
		福州市发展和改革委员会
	",调和油,桶装一级,元/5升,66.17,,,,,福州市主副食品集超均价表，集超均价,,,https://fgw.fuzhou.gov.cn/fgwzwgk/fzgggz/jgysf/msspjgxq/zfsp/202607/t20260702_5341815.htm
福州市,2026年7月2日,"
		2026年7月2日福州市主副食品集超均价表_主副食品_
		福州市发展和改革委员会
	",豆角,新鲜,元/500克,6.07,,,,,福州市主副食品集超均价表，集超均价,,,https://fgw.fuzhou.gov.cn/fgwzwgk/fzgggz/jgysf/msspjgxq/zfsp/202607/t20260702_5341815.htm
福州市,2026年7月2日,"
		2026年7月2日福州市主副食品集超均价表_主副食品_
		福州市发展和改革委员会
	",青椒,新鲜,元/500克,5.72,,,,,福州市主副食品集超均价表，集超均价,,,https://fgw.fuzhou.gov.cn/fgwzwgk/fzgggz/jgysf/msspjgxq/zfsp/202607/t20260702_5341815.htm
福州市,2026年7月2日,"
		2026年7月2日福州市主副食品集超均价表_主副食品_
		福州市发展和改革委员会
	",韭菜,新鲜,元/500克,5.68,,,,,福州市主副食品集超均价表，集超均价,,,https://fgw.fuzhou.gov.cn/fgwzwgk/fzgggz/jgysf/msspjgxq/zfsp/202607/t20260702_5341815.htm
福州市,2026年7月2日,"
		2026年7月2日福州市主副食品集超均价表_主副食品_
		福州市发展和改革委员会
	",香蕉,新鲜,元/500克,4.97,,,,,福州市主副食品集超均价表，集超均价,,,https://fgw.fuzhou.gov.cn/fgwzwgk/fzgggz/jgysf/msspjgxq/zfsp/202607/t20260702_5341815.htm
福州市,2026年7月2日,"
		2026年7月2日福州市主副食品集超均价表_主副食品_
		福州市发展和改革委员会
	",马胶鱼,冰鲜,元/500克,28.64,,,,,福州市主副食品集超均价表，集超均价,,,https://fgw.fuzhou.gov.cn/fgwzwgk/fzgggz/jgysf/msspjgxq/zfsp/202607/t20260702_5341815.htm
福州市,2026年7月2日,"
		2026年7月2日福州市主副食品集超均价表_主副食品_
		福州市发展和改革委员会
	",鱿鱼,冰鲜,元/500克,49.87,,,,,福州市主副食品集超均价表，集超均价,,,https://fgw.fuzhou.gov.cn/fgwzwgk/fzgggz/jgysf/msspjgxq/zfsp/202607/t20260702_5341815.htm
福州市,2026年7月2日,"
		2026年7月2日福州市主副食品集超均价表_主副食品_
		福州市发展和改革委员会
	",鸡肉,白条鸡,元/500克,14.90,,,,,福州市主副食品集超均价表，集超均价,,,https://fgw.fuzhou.gov.cn/fgwzwgk/fzgggz/jgysf/msspjgxq/zfsp/202607/t20260702_5341815.htm
福州市,2026年7月2日,"
		2026年7月2日福州市主副食品集超均价表_主副食品_
		福州市发展和改革委员会
	",鸭肉,白条鸭,元/500克,16.18,,,,,福州市主副食品集超均价表，集超均价,,,https://fgw.fuzhou.gov.cn/fgwzwgk/fzgggz/jgysf/msspjgxq/zfsp/202607/t20260702_5341815.htm
福州市,2026年7月2日,"
		2026年7月2日福州市主副食品集超均价表_主副食品_
		福州市发展和改革委员会
	",黄瓜,新鲜,元/500克,2.73,,,,,福州市主副食品集超均价表，集超均价,,,https://fgw.fuzhou.gov.cn/fgwzwgk/fzgggz/jgysf/msspjgxq/zfsp/202607/t20260702_5341815.htm
福州市,2026年7月2日,"
		2026年7月2日福州市主副食品集超均价表_主副食品_
		福州市发展和改革委员会
	",黄瓜鱼,冰鲜,元/500克,27.64,,,,,福州市主副食品集超均价表，集超均价,,,https://fgw.fuzhou.gov.cn/fgwzwgk/fzgggz/jgysf/msspjgxq/zfsp/202607/t20260702_5341815.htm
福州市,2026年7月30日,"
		2026年7月30日福州市主副食品集超均价表_主副食品_
		福州市发展和改革委员会
	",上海青,新鲜,元/500克,3.41,,,,,福州市主副食品集超均价表，集超均价,,,https://fgw.fuzhou.gov.cn/fgwzwgk/fzgggz/jgysf/msspjgxq/zfsp/202607/t20260730_5351955.htm
福州市,2026年7月30日,"
		2026年7月30日福州市主副食品集超均价表_主副食品_
		福州市发展和改革委员会
	",冻带鱼,冷冻,元/500克,22.21,,,,,福州市主副食品集超均价表，集超均价,,,https://fgw.fuzhou.gov.cn/fgwzwgk/fzgggz/jgysf/msspjgxq/zfsp/202607/t20260730_5351955.htm
福州市,2026年7月30日,"
		2026年7月30日福州市主副食品集超均价表_主副食品_
		福州市发展和改革委员会
	",圆白菜,新鲜,元/500克,2.15,,,,,福州市主副食品集超均价表，集超均价,,,https://fgw.fuzhou.gov.cn/fgwzwgk/fzgggz/jgysf/msspjgxq/zfsp/202607/t20260730_5351955.htm
福州市,2026年7月30日,"
		2026年7月30日福州市主副食品集超均价表_主副食品_
		福州市发展和改革委员会
	",土豆,新鲜,元/500克,2.35,,,,,福州市主副食品集超均价表，集超均价,,,https://fgw.fuzhou.gov.cn/fgwzwgk/fzgggz/jgysf/msspjgxq/zfsp/202607/t20260730_5351955.htm
福州市,2026年7月30日,"
		2026年7月30日福州市主副食品集超均价表_主副食品_
		福州市发展和改革委员会
	",大白菜,新鲜,元/500克,2.26,,,,,福州市主副食品集超均价表，集超均价,,,https://fgw.fuzhou.gov.cn/fgwzwgk/fzgggz/jgysf/msspjgxq/zfsp/202607/t20260730_5351955.htm
福州市,2026年7月30日,"
		2026年7月30日福州市主副食品集超均价表_主副食品_
		福州市发展和改革委员会
	",大豆油,桶装一级,元/5升,58.17,,,,,福州市主副食品集超均价表，集超均价,,,https://fgw.fuzhou.gov.cn/fgwzwgk/fzgggz/jgysf/msspjgxq/zfsp/202607/t20260730_5351955.htm
福州市,2026年7月30日,"
		2026年7月30日福州市主副食品集超均价表_主副食品_
		福州市发展和改革委员会
	",富强粉,,元/500克,3.57,,,,,福州市主副食品集超均价表，集超均价,,,https://fgw.fuzhou.gov.cn/fgwzwgk/fzgggz/jgysf/msspjgxq/zfsp/202607/t20260730_5351955.htm
福州市,2026年7月30日,"
		2026年7月30日福州市主副食品集超均价表_主副食品_
		福州市发展和改革委员会
	",尖椒,新鲜,元/500克,5.16,,,,,福州市主副食品集超均价表，集超均价,,,https://fgw.fuzhou.gov.cn/fgwzwgk/fzgggz/jgysf/msspjgxq/zfsp/202607/t20260730_5351955.htm
福州市,2026年7月30日,"
		2026年7月30日福州市主副食品集超均价表_主副食品_
		福州市发展和改革委员会
	",晚籼米,标一,元/500克,2.68,,,,,福州市主副食品集超均价表，集超均价,,,https://fgw.fuzhou.gov.cn/fgwzwgk/fzgggz/jgysf/msspjgxq/zfsp/202607/t20260730_5351955.htm
福州市,2026年7月30日,"
		2026年7月30日福州市主副食品集超均价表_主副食品_
		福州市发展和改革委员会
	",普通鸡蛋,新鲜完整,元/500克,6.56,,,,,福州市主副食品集超均价表，集超均价,,,https://fgw.fuzhou.gov.cn/fgwzwgk/fzgggz/jgysf/msspjgxq/zfsp/202607/t20260730_5351955.htm
福州市,2026年7月30日,"
		2026年7月30日福州市主副食品集超均价表_主副食品_
		福州市发展和改革委员会
	",普通鸭蛋,新鲜完整,元/500克,8.12,,,,,福州市主副食品集超均价表，集超均价,,,https://fgw.fuzhou.gov.cn/fgwzwgk/fzgggz/jgysf/msspjgxq/zfsp/202607/t20260730_5351955.htm
福州市,2026年7月30日,"
		2026年7月30日福州市主副食品集超均价表_主副食品_
		福州市发展和改革委员会
	",标准粉,,元/500克,2.40,,,,,福州市主副食品集超均价表，集超均价,,,https://fgw.fuzhou.gov.cn/fgwzwgk/fzgggz/jgysf/msspjgxq/zfsp/202607/t20260730_5351955.htm
福州市,2026年7月30日,"
		2026年7月30日福州市主副食品集超均价表_主副食品_
		福州市发展和改革委员会
	",梨,新鲜,元/500克,5.45,,,,,福州市主副食品集超均价表，集超均价,,,https://fgw.fuzhou.gov.cn/fgwzwgk/fzgggz/jgysf/msspjgxq/zfsp/202607/t20260730_5351955.htm
福州市,2026年7月30日,"
		2026年7月30日福州市主副食品集超均价表_主副食品_
		福州市发展和改革委员会
	",油菜(菜心),新鲜,元/500克,3.85,,,,,福州市主副食品集超均价表，集超均价,,,https://fgw.fuzhou.gov.cn/fgwzwgk/fzgggz/jgysf/msspjgxq/zfsp/202607/t20260730_5351955.htm
福州市,2026年7月30日,"
		2026年7月30日福州市主副食品集超均价表_主副食品_
		福州市发展和改革委员会
	",活明虾,鲜活,元/500克,28.96,,,,,福州市主副食品集超均价表，集超均价,,,https://fgw.fuzhou.gov.cn/fgwzwgk/fzgggz/jgysf/msspjgxq/zfsp/202607/t20260730_5351955.htm
福州市,2026年7月30日,"
		2026年7月30日福州市主副食品集超均价表_主副食品_
		福州市发展和改革委员会
	",活花蛤,鲜活,元/500克,10.22,,,,,福州市主副食品集超均价表，集超均价,,,https://fgw.fuzhou.gov.cn/fgwzwgk/fzgggz/jgysf/msspjgxq/zfsp/202607/t20260730_5351955.htm
福州市,2026年7月30日,"
		2026年7月30日福州市主副食品集超均价表_主副食品_
		福州市发展和改革委员会
	",活草鱼,鲜活,元/500克,11.60,,,,,福州市主副食品集超均价表，集超均价,,,https://fgw.fuzhou.gov.cn/fgwzwgk/fzgggz/jgysf/msspjgxq/zfsp/202607/t20260730_5351955.htm
福州市,2026年7月30日,"
		2026年7月30日福州市主副食品集超均价表_主副食品_
		福州市发展和改革委员会
	",活鳙鱼（大头鲢）,鲜活,元/500克,13.91,,,,,福州市主副食品集超均价表，集超均价,,,https://fgw.fuzhou.gov.cn/fgwzwgk/fzgggz/jgysf/msspjgxq/zfsp/202607/t20260730_5351955.htm
福州市,2026年7月30日,"
		2026年7月30日福州市主副食品集超均价表_主副食品_
		福州市发展和改革委员会
	",牛肉,去骨肉,元/500克,46.87,,,,,福州市主副食品集超均价表，集超均价,,,https://fgw.fuzhou.gov.cn/fgwzwgk/fzgggz/jgysf/msspjgxq/zfsp/202607/t20260730_5351955.htm
福州市,2026年7月30日,"
		2026年7月30日福州市主副食品集超均价表_主副食品_
		福州市发展和改革委员会
	",猪瘦肉,新鲜,元/500克,14.73,,,,,福州市主副食品集超均价表，集超均价,,,https://fgw.fuzhou.gov.cn/fgwzwgk/fzgggz/jgysf/msspjgxq/zfsp/202607/t20260730_5351955.htm
福州市,2026年7月30日,"
		2026年7月30日福州市主副食品集超均价表_主副食品_
		福州市发展和改革委员会
	",猪肋条肉,新鲜,元/500克,15.38,,,,,福州市主副食品集超均价表，集超均价,,,https://fgw.fuzhou.gov.cn/fgwzwgk/fzgggz/jgysf/msspjgxq/zfsp/202607/t20260730_5351955.htm
福州市,2026年7月30日,"
		2026年7月30日福州市主副食品集超均价表_主副食品_
		福州市发展和改革委员会
	",白萝卜,新鲜,元/500克,1.63,,,,,福州市主副食品集超均价表，集超均价,,,https://fgw.fuzhou.gov.cn/fgwzwgk/fzgggz/jgysf/msspjgxq/zfsp/202607/t20260730_5351955.htm
福州市,2026年7月30日,"
		2026年7月30日福州市主副食品集超均价表_主副食品_
		福州市发展和改革委员会
	",空心菜,新鲜,元/500克,2.71,,,,,福州市主副食品集超均价表，集超均价,,,https://fgw.fuzhou.gov.cn/fgwzwgk/fzgggz/jgysf/msspjgxq/zfsp/202607/t20260730_5351955.htm
福州市,2026年7月30日,"
		2026年7月30日福州市主副食品集超均价表_主副食品_
		福州市发展和改革委员会
	",粳米,标一,元/500克,2.97,,,,,福州市主副食品集超均价表，集超均价,,,https://fgw.fuzhou.gov.cn/fgwzwgk/fzgggz/jgysf/msspjgxq/zfsp/202607/t20260730_5351955.htm
福州市,2026年7月30日,"
		2026年7月30日福州市主副食品集超均价表_主副食品_
		福州市发展和改革委员会
	",红萝卜,新鲜,元/500克,2.24,,,,,福州市主副食品集超均价表，集超均价,,,https://fgw.fuzhou.gov.cn/fgwzwgk/fzgggz/jgysf/msspjgxq/zfsp/202607/t20260730_5351955.htm
福州市,2026年7月30日,"
		2026年7月30日福州市主副食品集超均价表_主副食品_
		福州市发展和改革委员会
	",纯牛奶,盒装,元/盒(250毫升),2.73,,,,,福州市主副食品集超均价表，集超均价,,,https://fgw.fuzhou.gov.cn/fgwzwgk/fzgggz/jgysf/msspjgxq/zfsp/202607/t20260730_5351955.htm
福州市,2026年7月30日,"
		2026年7月30日福州市主副食品集超均价表_主副食品_
		福州市发展和改革委员会
	",羊肉,带骨肉,元/500克,45.09,,,,,福州市主副食品集超均价表，集超均价,,,https://fgw.fuzhou.gov.cn/fgwzwgk/fzgggz/jgysf/msspjgxq/zfsp/202607/t20260730_5351955.htm
福州市,2026年7月30日,"
		2026年7月30日福州市主副食品集超均价表_主副食品_
		福州市发展和改革委员会
	",脐橙,新鲜,元/500克,4.89,,,,,福州市主副食品集超均价表，集超均价,,,https://fgw.fuzhou.gov.cn/fgwzwgk/fzgggz/jgysf/msspjgxq/zfsp/202607/t20260730_5351955.htm
福州市,2026年7月30日,"
		2026年7月30日福州市主副食品集超均价表_主副食品_
		福州市发展和改革委员会
	",花生油,桶装一级,元/5升,107.01,,,,,福州市主副食品集超均价表，集超均价,,,https://fgw.fuzhou.gov.cn/fgwzwgk/fzgggz/jgysf/msspjgxq/zfsp/202607/t20260730_5351955.htm
福州市,2026年7月30日,"
		2026年7月30日福州市主副食品集超均价表_主副食品_
		福州市发展和改革委员会
	",花菜,新鲜,元/500克,4.90,,,,,福州市主副食品集超均价表，集超均价,,,https://fgw.fuzhou.gov.cn/fgwzwgk/fzgggz/jgysf/msspjgxq/zfsp/202607/t20260730_5351955.htm
福州市,2026年7月30日,"
		2026年7月30日福州市主副食品集超均价表_主副食品_
		福州市发展和改革委员会
	",芹菜,新鲜,元/500克,6.58,,,,,福州市主副食品集超均价表，集超均价,,,https://fgw.fuzhou.gov.cn/fgwzwgk/fzgggz/jgysf/msspjgxq/zfsp/202607/t20260730_5351955.htm
福州市,2026年7月30日,"
		2026年7月30日福州市主副食品集超均价表_主副食品_
		福州市发展和改革委员会
	",苹果,新鲜,元/500克,8.18,,,,,福州市主副食品集超均价表，集超均价,,,https://fgw.fuzhou.gov.cn/fgwzwgk/fzgggz/jgysf/msspjgxq/zfsp/202607/t20260730_5351955.htm
福州市,2026年7月30日,"
		2026年7月30日福州市主副食品集超均价表_主副食品_
		福州市发展和改革委员会
	",茄子,新鲜,元/500克,3.14,,,,,福州市主副食品集超均价表，集超均价,,,https://fgw.fuzhou.gov.cn/fgwzwgk/fzgggz/jgysf/msspjgxq/zfsp/202607/t20260730_5351955.htm
福州市,2026年7月30日,"
		2026年7月30日福州市主副食品集超均价表_主副食品_
		福州市发展和改革委员会
	",菜籽油,桶装一级,元/5升,70.74,,,,,福州市主副食品集超均价表，集超均价,,,https://fgw.fuzhou.gov.cn/fgwzwgk/fzgggz/jgysf/msspjgxq/zfsp/202607/t20260730_5351955.htm
福州市,2026年7月30日,"
		2026年7月30日福州市主副食品集超均价表_主副食品_
		福州市发展和改革委员会
	",蒜苔,新鲜,元/500克,8.23,,,,,福州市主副食品集超均价表，集超均价,,,https://fgw.fuzhou.gov.cn/fgwzwgk/fzgggz/jgysf/msspjgxq/zfsp/202607/t20260730_5351955.htm
福州市,2026年7月30日,"
		2026年7月30日福州市主副食品集超均价表_主副食品_
		福州市发展和改革委员会
	",西红柿,新鲜,元/500克,3.93,,,,,福州市主副食品集超均价表，集超均价,,,https://fgw.fuzhou.gov.cn/fgwzwgk/fzgggz/jgysf/msspjgxq/zfsp/202607/t20260730_5351955.htm
福州市,2026年7月30日,"
		2026年7月30日福州市主副食品集超均价表_主副食品_
		福州市发展和改革委员会
	",调和油,桶装一级,元/5升,67.03,,,,,福州市主副食品集超均价表，集超均价,,,https://fgw.fuzhou.gov.cn/fgwzwgk/fzgggz/jgysf/msspjgxq/zfsp/202607/t20260730_5351955.htm
福州市,2026年7月30日,"
		2026年7月30日福州市主副食品集超均价表_主副食品_
		福州市发展和改革委员会
	",豆角,新鲜,元/500克,6.78,,,,,福州市主副食品集超均价表，集超均价,,,https://fgw.fuzhou.gov.cn/fgwzwgk/fzgggz/jgysf/msspjgxq/zfsp/202607/t20260730_5351955.htm
福州市,2026年7月30日,"
		2026年7月30日福州市主副食品集超均价表_主副食品_
		福州市发展和改革委员会
	",青椒,新鲜,元/500克,5.48,,,,,福州市主副食品集超均价表，集超均价,,,https://fgw.fuzhou.gov.cn/fgwzwgk/fzgggz/jgysf/msspjgxq/zfsp/202607/t20260730_5351955.htm
福州市,2026年7月30日,"
		2026年7月30日福州市主副食品集超均价表_主副食品_
		福州市发展和改革委员会
	",韭菜,新鲜,元/500克,5.82,,,,,福州市主副食品集超均价表，集超均价,,,https://fgw.fuzhou.gov.cn/fgwzwgk/fzgggz/jgysf/msspjgxq/zfsp/202607/t20260730_5351955.htm
福州市,2026年7月30日,"
		2026年7月30日福州市主副食品集超均价表_主副食品_
		福州市发展和改革委员会
	",香蕉,新鲜,元/500克,4.75,,,,,福州市主副食品集超均价表，集超均价,,,https://fgw.fuzhou.gov.cn/fgwzwgk/fzgggz/jgysf/msspjgxq/zfsp/202607/t20260730_5351955.htm
福州市,2026年7月30日,"
		2026年7月30日福州市主副食品集超均价表_主副食品_
		福州市发展和改革委员会
	",马胶鱼,冰鲜,元/500克,29.14,,,,,福州市主副食品集超均价表，集超均价,,,https://fgw.fuzhou.gov.cn/fgwzwgk/fzgggz/jgysf/msspjgxq/zfsp/202607/t20260730_5351955.htm
福州市,2026年7月30日,"
		2026年7月30日福州市主副食品集超均价表_主副食品_
		福州市发展和改革委员会
	",鱿鱼,冰鲜,元/500克,50.38,,,,,福州市主副食品集超均价表，集超均价,,,https://fgw.fuzhou.gov.cn/fgwzwgk/fzgggz/jgysf/msspjgxq/zfsp/202607/t20260730_5351955.htm
福州市,2026年7月30日,"
		2026年7月30日福州市主副食品集超均价表_主副食品_
		福州市发展和改革委员会
	",鸡肉,白条鸡,元/500克,16.03,,,,,福州市主副食品集超均价表，集超均价,,,https://fgw.fuzhou.gov.cn/fgwzwgk/fzgggz/jgysf/msspjgxq/zfsp/202607/t20260730_5351955.htm
福州市,2026年7月30日,"
		2026年7月30日福州市主副食品集超均价表_主副食品_
		福州市发展和改革委员会
	",鸭肉,白条鸭,元/500克,16.55,,,,,福州市主副食品集超均价表，集超均价,,,https://fgw.fuzhou.gov.cn/fgwzwgk/fzgggz/jgysf/msspjgxq/zfsp/202607/t20260730_5351955.htm
福州市,2026年7月30日,"
		2026年7月30日福州市主副食品集超均价表_主副食品_
		福州市发展和改革委员会
	",黄瓜,新鲜,元/500克,3.44,,,,,福州市主副食品集超均价表，集超均价,,,https://fgw.fuzhou.gov.cn/fgwzwgk/fzgggz/jgysf/msspjgxq/zfsp/202607/t20260730_5351955.htm
福州市,2026年7月30日,"
		2026年7月30日福州市主副食品集超均价表_主副食品_
		福州市发展和改革委员会
	",黄瓜鱼,冰鲜,元/500克,27.58,,,,,福州市主副食品集超均价表，集超均价,,,https://fgw.fuzhou.gov.cn/fgwzwgk/fzgggz/jgysf/msspjgxq/zfsp/202607/t20260730_5351955.htm
福州市,2026年7月31日,"
		2026年7月31日福州市主副食品集超均价表_主副食品_
		福州市发展和改革委员会
	",上海青,新鲜,元/500克,3.37,,,,,福州市主副食品集超均价表，集超均价,,,https://fgw.fuzhou.gov.cn/fgwzwgk/fzgggz/jgysf/msspjgxq/zfsp/202607/t20260731_5352398.htm
福州市,2026年7月31日,"
		2026年7月31日福州市主副食品集超均价表_主副食品_
		福州市发展和改革委员会
	",冻带鱼,冷冻,元/500克,21.87,,,,,福州市主副食品集超均价表，集超均价,,,https://fgw.fuzhou.gov.cn/fgwzwgk/fzgggz/jgysf/msspjgxq/zfsp/202607/t20260731_5352398.htm
福州市,2026年7月31日,"
		2026年7月31日福州市主副食品集超均价表_主副食品_
		福州市发展和改革委员会
	",圆白菜,新鲜,元/500克,2.18,,,,,福州市主副食品集超均价表，集超均价,,,https://fgw.fuzhou.gov.cn/fgwzwgk/fzgggz/jgysf/msspjgxq/zfsp/202607/t20260731_5352398.htm
福州市,2026年7月31日,"
		2026年7月31日福州市主副食品集超均价表_主副食品_
		福州市发展和改革委员会
	",土豆,新鲜,元/500克,2.24,,,,,福州市主副食品集超均价表，集超均价,,,https://fgw.fuzhou.gov.cn/fgwzwgk/fzgggz/jgysf/msspjgxq/zfsp/202607/t20260731_5352398.htm
福州市,2026年7月31日,"
		2026年7月31日福州市主副食品集超均价表_主副食品_
		福州市发展和改革委员会
	",大白菜,新鲜,元/500克,2.27,,,,,福州市主副食品集超均价表，集超均价,,,https://fgw.fuzhou.gov.cn/fgwzwgk/fzgggz/jgysf/msspjgxq/zfsp/202607/t20260731_5352398.htm
福州市,2026年7月31日,"
		2026年7月31日福州市主副食品集超均价表_主副食品_
		福州市发展和改革委员会
	",大豆油,桶装一级,元/5升,58.17,,,,,福州市主副食品集超均价表，集超均价,,,https://fgw.fuzhou.gov.cn/fgwzwgk/fzgggz/jgysf/msspjgxq/zfsp/202607/t20260731_5352398.htm
福州市,2026年7月31日,"
		2026年7月31日福州市主副食品集超均价表_主副食品_
		福州市发展和改革委员会
	",富强粉,,元/500克,3.57,,,,,福州市主副食品集超均价表，集超均价,,,https://fgw.fuzhou.gov.cn/fgwzwgk/fzgggz/jgysf/msspjgxq/zfsp/202607/t20260731_5352398.htm
福州市,2026年7月31日,"
		2026年7月31日福州市主副食品集超均价表_主副食品_
		福州市发展和改革委员会
	",尖椒,新鲜,元/500克,5.16,,,,,福州市主副食品集超均价表，集超均价,,,https://fgw.fuzhou.gov.cn/fgwzwgk/fzgggz/jgysf/msspjgxq/zfsp/202607/t20260731_5352398.htm
福州市,2026年7月31日,"
		2026年7月31日福州市主副食品集超均价表_主副食品_
		福州市发展和改革委员会
	",晚籼米,标一,元/500克,2.68,,,,,福州市主副食品集超均价表，集超均价,,,https://fgw.fuzhou.gov.cn/fgwzwgk/fzgggz/jgysf/msspjgxq/zfsp/202607/t20260731_5352398.htm
福州市,2026年7月31日,"
		2026年7月31日福州市主副食品集超均价表_主副食品_
		福州市发展和改革委员会
	",普通鸡蛋,新鲜完整,元/500克,6.56,,,,,福州市主副食品集超均价表，集超均价,,,https://fgw.fuzhou.gov.cn/fgwzwgk/fzgggz/jgysf/msspjgxq/zfsp/202607/t20260731_5352398.htm
福州市,2026年7月31日,"
		2026年7月31日福州市主副食品集超均价表_主副食品_
		福州市发展和改革委员会
	",普通鸭蛋,新鲜完整,元/500克,8.19,,,,,福州市主副食品集超均价表，集超均价,,,https://fgw.fuzhou.gov.cn/fgwzwgk/fzgggz/jgysf/msspjgxq/zfsp/202607/t20260731_5352398.htm
福州市,2026年7月31日,"
		2026年7月31日福州市主副食品集超均价表_主副食品_
		福州市发展和改革委员会
	",标准粉,,元/500克,2.4,,,,,福州市主副食品集超均价表，集超均价,,,https://fgw.fuzhou.gov.cn/fgwzwgk/fzgggz/jgysf/msspjgxq/zfsp/202607/t20260731_5352398.htm
福州市,2026年7月31日,"
		2026年7月31日福州市主副食品集超均价表_主副食品_
		福州市发展和改革委员会
	",梨,新鲜,元/500克,5.45,,,,,福州市主副食品集超均价表，集超均价,,,https://fgw.fuzhou.gov.cn/fgwzwgk/fzgggz/jgysf/msspjgxq/zfsp/202607/t20260731_5352398.htm
福州市,2026年7月31日,"
		2026年7月31日福州市主副食品集超均价表_主副食品_
		福州市发展和改革委员会
	",油菜(菜心),新鲜,元/500克,3.75,,,,,福州市主副食品集超均价表，集超均价,,,https://fgw.fuzhou.gov.cn/fgwzwgk/fzgggz/jgysf/msspjgxq/zfsp/202607/t20260731_5352398.htm
福州市,2026年7月31日,"
		2026年7月31日福州市主副食品集超均价表_主副食品_
		福州市发展和改革委员会
	",活明虾,鲜活,元/500克,28.96,,,,,福州市主副食品集超均价表，集超均价,,,https://fgw.fuzhou.gov.cn/fgwzwgk/fzgggz/jgysf/msspjgxq/zfsp/202607/t20260731_5352398.htm
福州市,2026年7月31日,"
		2026年7月31日福州市主副食品集超均价表_主副食品_
		福州市发展和改革委员会
	",活花蛤,鲜活,元/500克,10.01,,,,,福州市主副食品集超均价表，集超均价,,,https://fgw.fuzhou.gov.cn/fgwzwgk/fzgggz/jgysf/msspjgxq/zfsp/202607/t20260731_5352398.htm
福州市,2026年7月31日,"
		2026年7月31日福州市主副食品集超均价表_主副食品_
		福州市发展和改革委员会
	",活草鱼,鲜活,元/500克,11.31,,,,,福州市主副食品集超均价表，集超均价,,,https://fgw.fuzhou.gov.cn/fgwzwgk/fzgggz/jgysf/msspjgxq/zfsp/202607/t20260731_5352398.htm
福州市,2026年7月31日,"
		2026年7月31日福州市主副食品集超均价表_主副食品_
		福州市发展和改革委员会
	",活鳙鱼（大头鲢）,鲜活,元/500克,13.91,,,,,福州市主副食品集超均价表，集超均价,,,https://fgw.fuzhou.gov.cn/fgwzwgk/fzgggz/jgysf/msspjgxq/zfsp/202607/t20260731_5352398.htm
福州市,2026年7月31日,"
		2026年7月31日福州市主副食品集超均价表_主副食品_
		福州市发展和改革委员会
	",牛肉,去骨肉,元/500克,46.87,,,,,福州市主副食品集超均价表，集超均价,,,https://fgw.fuzhou.gov.cn/fgwzwgk/fzgggz/jgysf/msspjgxq/zfsp/202607/t20260731_5352398.htm
福州市,2026年7月31日,"
		2026年7月31日福州市主副食品集超均价表_主副食品_
		福州市发展和改革委员会
	",猪瘦肉,新鲜,元/500克,14.58,,,,,福州市主副食品集超均价表，集超均价,,,https://fgw.fuzhou.gov.cn/fgwzwgk/fzgggz/jgysf/msspjgxq/zfsp/202607/t20260731_5352398.htm
福州市,2026年7月31日,"
		2026年7月31日福州市主副食品集超均价表_主副食品_
		福州市发展和改革委员会
	",猪肋条肉,新鲜,元/500克,15.59,,,,,福州市主副食品集超均价表，集超均价,,,https://fgw.fuzhou.gov.cn/fgwzwgk/fzgggz/jgysf/msspjgxq/zfsp/202607/t20260731_5352398.htm
福州市,2026年7月31日,"
		2026年7月31日福州市主副食品集超均价表_主副食品_
		福州市发展和改革委员会
	",白萝卜,新鲜,元/500克,1.59,,,,,福州市主副食品集超均价表，集超均价,,,https://fgw.fuzhou.gov.cn/fgwzwgk/fzgggz/jgysf/msspjgxq/zfsp/202607/t20260731_5352398.htm
福州市,2026年7月31日,"
		2026年7月31日福州市主副食品集超均价表_主副食品_
		福州市发展和改革委员会
	",空心菜,新鲜,元/500克,2.69,,,,,福州市主副食品集超均价表，集超均价,,,https://fgw.fuzhou.gov.cn/fgwzwgk/fzgggz/jgysf/msspjgxq/zfsp/202607/t20260731_5352398.htm
福州市,2026年7月31日,"
		2026年7月31日福州市主副食品集超均价表_主副食品_
		福州市发展和改革委员会
	",粳米,标一,元/500克,2.97,,,,,福州市主副食品集超均价表，集超均价,,,https://fgw.fuzhou.gov.cn/fgwzwgk/fzgggz/jgysf/msspjgxq/zfsp/202607/t20260731_5352398.htm
福州市,2026年7月31日,"
		2026年7月31日福州市主副食品集超均价表_主副食品_
		福州市发展和改革委员会
	",红萝卜,新鲜,元/500克,2.27,,,,,福州市主副食品集超均价表，集超均价,,,https://fgw.fuzhou.gov.cn/fgwzwgk/fzgggz/jgysf/msspjgxq/zfsp/202607/t20260731_5352398.htm
福州市,2026年7月31日,"
		2026年7月31日福州市主副食品集超均价表_主副食品_
		福州市发展和改革委员会
	",纯牛奶,盒装,元/盒(250毫升),2.73,,,,,福州市主副食品集超均价表，集超均价,,,https://fgw.fuzhou.gov.cn/fgwzwgk/fzgggz/jgysf/msspjgxq/zfsp/202607/t20260731_5352398.htm
福州市,2026年7月31日,"
		2026年7月31日福州市主副食品集超均价表_主副食品_
		福州市发展和改革委员会
	",羊肉,带骨肉,元/500克,45.09,,,,,福州市主副食品集超均价表，集超均价,,,https://fgw.fuzhou.gov.cn/fgwzwgk/fzgggz/jgysf/msspjgxq/zfsp/202607/t20260731_5352398.htm
福州市,2026年7月31日,"
		2026年7月31日福州市主副食品集超均价表_主副食品_
		福州市发展和改革委员会
	",脐橙,新鲜,元/500克,4.89,,,,,福州市主副食品集超均价表，集超均价,,,https://fgw.fuzhou.gov.cn/fgwzwgk/fzgggz/jgysf/msspjgxq/zfsp/202607/t20260731_5352398.htm
福州市,2026年7月31日,"
		2026年7月31日福州市主副食品集超均价表_主副食品_
		福州市发展和改革委员会
	",花生油,桶装一级,元/5升,107.01,,,,,福州市主副食品集超均价表，集超均价,,,https://fgw.fuzhou.gov.cn/fgwzwgk/fzgggz/jgysf/msspjgxq/zfsp/202607/t20260731_5352398.htm
福州市,2026年7月31日,"
		2026年7月31日福州市主副食品集超均价表_主副食品_
		福州市发展和改革委员会
	",花菜,新鲜,元/500克,4.98,,,,,福州市主副食品集超均价表，集超均价,,,https://fgw.fuzhou.gov.cn/fgwzwgk/fzgggz/jgysf/msspjgxq/zfsp/202607/t20260731_5352398.htm
福州市,2026年7月31日,"
		2026年7月31日福州市主副食品集超均价表_主副食品_
		福州市发展和改革委员会
	",芹菜,新鲜,元/500克,6.58,,,,,福州市主副食品集超均价表，集超均价,,,https://fgw.fuzhou.gov.cn/fgwzwgk/fzgggz/jgysf/msspjgxq/zfsp/202607/t20260731_5352398.htm
福州市,2026年7月31日,"
		2026年7月31日福州市主副食品集超均价表_主副食品_
		福州市发展和改革委员会
	",苹果,新鲜,元/500克,8.25,,,,,福州市主副食品集超均价表，集超均价,,,https://fgw.fuzhou.gov.cn/fgwzwgk/fzgggz/jgysf/msspjgxq/zfsp/202607/t20260731_5352398.htm
福州市,2026年7月31日,"
		2026年7月31日福州市主副食品集超均价表_主副食品_
		福州市发展和改革委员会
	",茄子,新鲜,元/500克,3.08,,,,,福州市主副食品集超均价表，集超均价,,,https://fgw.fuzhou.gov.cn/fgwzwgk/fzgggz/jgysf/msspjgxq/zfsp/202607/t20260731_5352398.htm
福州市,2026年7月31日,"
		2026年7月31日福州市主副食品集超均价表_主副食品_
		福州市发展和改革委员会
	",菜籽油,桶装一级,元/5升,70.74,,,,,福州市主副食品集超均价表，集超均价,,,https://fgw.fuzhou.gov.cn/fgwzwgk/fzgggz/jgysf/msspjgxq/zfsp/202607/t20260731_5352398.htm
福州市,2026年7月31日,"
		2026年7月31日福州市主副食品集超均价表_主副食品_
		福州市发展和改革委员会
	",蒜苔,新鲜,元/500克,8.27,,,,,福州市主副食品集超均价表，集超均价,,,https://fgw.fuzhou.gov.cn/fgwzwgk/fzgggz/jgysf/msspjgxq/zfsp/202607/t20260731_5352398.htm
福州市,2026年7月31日,"
		2026年7月31日福州市主副食品集超均价表_主副食品_
		福州市发展和改革委员会
	",西红柿,新鲜,元/500克,3.98,,,,,福州市主副食品集超均价表，集超均价,,,https://fgw.fuzhou.gov.cn/fgwzwgk/fzgggz/jgysf/msspjgxq/zfsp/202607/t20260731_5352398.htm
福州市,2026年7月31日,"
		2026年7月31日福州市主副食品集超均价表_主副食品_
		福州市发展和改革委员会
	",调和油,桶装一级,元/5升,67.03,,,,,福州市主副食品集超均价表，集超均价,,,https://fgw.fuzhou.gov.cn/fgwzwgk/fzgggz/jgysf/msspjgxq/zfsp/202607/t20260731_5352398.htm
福州市,2026年7月31日,"
		2026年7月31日福州市主副食品集超均价表_主副食品_
		福州市发展和改革委员会
	",豆角,新鲜,元/500克,6.78,,,,,福州市主副食品集超均价表，集超均价,,,https://fgw.fuzhou.gov.cn/fgwzwgk/fzgggz/jgysf/msspjgxq/zfsp/202607/t20260731_5352398.htm
福州市,2026年7月31日,"
		2026年7月31日福州市主副食品集超均价表_主副食品_
		福州市发展和改革委员会
	",青椒,新鲜,元/500克,5.42,,,,,福州市主副食品集超均价表，集超均价,,,https://fgw.fuzhou.gov.cn/fgwzwgk/fzgggz/jgysf/msspjgxq/zfsp/202607/t20260731_5352398.htm
福州市,2026年7月31日,"
		2026年7月31日福州市主副食品集超均价表_主副食品_
		福州市发展和改革委员会
	",韭菜,新鲜,元/500克,5.79,,,,,福州市主副食品集超均价表，集超均价,,,https://fgw.fuzhou.gov.cn/fgwzwgk/fzgggz/jgysf/msspjgxq/zfsp/202607/t20260731_5352398.htm
福州市,2026年7月31日,"
		2026年7月31日福州市主副食品集超均价表_主副食品_
		福州市发展和改革委员会
	",香蕉,新鲜,元/500克,4.71,,,,,福州市主副食品集超均价表，集超均价,,,https://fgw.fuzhou.gov.cn/fgwzwgk/fzgggz/jgysf/msspjgxq/zfsp/202607/t20260731_5352398.htm
福州市,2026年7月31日,"
		2026年7月31日福州市主副食品集超均价表_主副食品_
		福州市发展和改革委员会
	",马胶鱼,冰鲜,元/500克,28.92,,,,,福州市主副食品集超均价表，集超均价,,,https://fgw.fuzhou.gov.cn/fgwzwgk/fzgggz/jgysf/msspjgxq/zfsp/202607/t20260731_5352398.htm
福州市,2026年7月31日,"
		2026年7月31日福州市主副食品集超均价表_主副食品_
		福州市发展和改革委员会
	",鱿鱼,冰鲜,元/500克,50.52,,,,,福州市主副食品集超均价表，集超均价,,,https://fgw.fuzhou.gov.cn/fgwzwgk/fzgggz/jgysf/msspjgxq/zfsp/202607/t20260731_5352398.htm
福州市,2026年7月31日,"
		2026年7月31日福州市主副食品集超均价表_主副食品_
		福州市发展和改革委员会
	",鸡肉,白条鸡,元/500克,16.03,,,,,福州市主副食品集超均价表，集超均价,,,https://fgw.fuzhou.gov.cn/fgwzwgk/fzgggz/jgysf/msspjgxq/zfsp/202607/t20260731_5352398.htm
福州市,2026年7月31日,"
		2026年7月31日福州市主副食品集超均价表_主副食品_
		福州市发展和改革委员会
	",鸭肉,白条鸭,元/500克,16.55,,,,,福州市主副食品集超均价表，集超均价,,,https://fgw.fuzhou.gov.cn/fgwzwgk/fzgggz/jgysf/msspjgxq/zfsp/202607/t20260731_5352398.htm
福州市,2026年7月31日,"
		2026年7月31日福州市主副食品集超均价表_主副食品_
		福州市发展和改革委员会
	",黄瓜,新鲜,元/500克,3.38,,,,,福州市主副食品集超均价表，集超均价,,,https://fgw.fuzhou.gov.cn/fgwzwgk/fzgggz/jgysf/msspjgxq/zfsp/202607/t20260731_5352398.htm
福州市,2026年7月31日,"
		2026年7月31日福州市主副食品集超均价表_主副食品_
		福州市发展和改革委员会
	",黄瓜鱼,冰鲜,元/500克,27.5,,,,,福州市主副食品集超均价表，集超均价,,,https://fgw.fuzhou.gov.cn/fgwzwgk/fzgggz/jgysf/msspjgxq/zfsp/202607/t20260731_5352398.htm
福州市,2026年7月3日,"
		2026年7月3日福州市主副食品集超均价表_主副食品_
		福州市发展和改革委员会
	",上海青,新鲜,元/500克,3.21,,,,,福州市主副食品集超均价表，集超均价,,,https://fgw.fuzhou.gov.cn/fgwzwgk/fzgggz/jgysf/msspjgxq/zfsp/202607/t20260703_5342289.htm
福州市,2026年7月3日,"
		2026年7月3日福州市主副食品集超均价表_主副食品_
		福州市发展和改革委员会
	",冻带鱼,冷冻,元/500克,22.25,,,,,福州市主副食品集超均价表，集超均价,,,https://fgw.fuzhou.gov.cn/fgwzwgk/fzgggz/jgysf/msspjgxq/zfsp/202607/t20260703_5342289.htm
福州市,2026年7月3日,"
		2026年7月3日福州市主副食品集超均价表_主副食品_
		福州市发展和改革委员会
	",圆白菜,新鲜,元/500克,2.02,,,,,福州市主副食品集超均价表，集超均价,,,https://fgw.fuzhou.gov.cn/fgwzwgk/fzgggz/jgysf/msspjgxq/zfsp/202607/t20260703_5342289.htm
福州市,2026年7月3日,"
		2026年7月3日福州市主副食品集超均价表_主副食品_
		福州市发展和改革委员会
	",土豆,新鲜,元/500克,2.25,,,,,福州市主副食品集超均价表，集超均价,,,https://fgw.fuzhou.gov.cn/fgwzwgk/fzgggz/jgysf/msspjgxq/zfsp/202607/t20260703_5342289.htm
福州市,2026年7月3日,"
		2026年7月3日福州市主副食品集超均价表_主副食品_
		福州市发展和改革委员会
	",大白菜,新鲜,元/500克,2.07,,,,,福州市主副食品集超均价表，集超均价,,,https://fgw.fuzhou.gov.cn/fgwzwgk/fzgggz/jgysf/msspjgxq/zfsp/202607/t20260703_5342289.htm
福州市,2026年7月3日,"
		2026年7月3日福州市主副食品集超均价表_主副食品_
		福州市发展和改革委员会
	",大豆油,桶装一级,元/5升,59.39,,,,,福州市主副食品集超均价表，集超均价,,,https://fgw.fuzhou.gov.cn/fgwzwgk/fzgggz/jgysf/msspjgxq/zfsp/202607/t20260703_5342289.htm
福州市,2026年7月3日,"
		2026年7月3日福州市主副食品集超均价表_主副食品_
		福州市发展和改革委员会
	",富强粉,,元/500克,3.57,,,,,福州市主副食品集超均价表，集超均价,,,https://fgw.fuzhou.gov.cn/fgwzwgk/fzgggz/jgysf/msspjgxq/zfsp/202607/t20260703_5342289.htm
福州市,2026年7月3日,"
		2026年7月3日福州市主副食品集超均价表_主副食品_
		福州市发展和改革委员会
	",尖椒,新鲜,元/500克,5.22,,,,,福州市主副食品集超均价表，集超均价,,,https://fgw.fuzhou.gov.cn/fgwzwgk/fzgggz/jgysf/msspjgxq/zfsp/202607/t20260703_5342289.htm
福州市,2026年7月3日,"
		2026年7月3日福州市主副食品集超均价表_主副食品_
		福州市发展和改革委员会
	",晚籼米,标一,元/500克,2.68,,,,,福州市主副食品集超均价表，集超均价,,,https://fgw.fuzhou.gov.cn/fgwzwgk/fzgggz/jgysf/msspjgxq/zfsp/202607/t20260703_5342289.htm
福州市,2026年7月3日,"
		2026年7月3日福州市主副食品集超均价表_主副食品_
		福州市发展和改革委员会
	",普通鸡蛋,新鲜完整,元/500克,6.36,,,,,福州市主副食品集超均价表，集超均价,,,https://fgw.fuzhou.gov.cn/fgwzwgk/fzgggz/jgysf/msspjgxq/zfsp/202607/t20260703_5342289.htm
福州市,2026年7月3日,"
		2026年7月3日福州市主副食品集超均价表_主副食品_
		福州市发展和改革委员会
	",普通鸭蛋,新鲜完整,元/500克,8.02,,,,,福州市主副食品集超均价表，集超均价,,,https://fgw.fuzhou.gov.cn/fgwzwgk/fzgggz/jgysf/msspjgxq/zfsp/202607/t20260703_5342289.htm
福州市,2026年7月3日,"
		2026年7月3日福州市主副食品集超均价表_主副食品_
		福州市发展和改革委员会
	",标准粉,,元/500克,2.44,,,,,福州市主副食品集超均价表，集超均价,,,https://fgw.fuzhou.gov.cn/fgwzwgk/fzgggz/jgysf/msspjgxq/zfsp/202607/t20260703_5342289.htm
福州市,2026年7月3日,"
		2026年7月3日福州市主副食品集超均价表_主副食品_
		福州市发展和改革委员会
	",梨,新鲜,元/500克,5.54,,,,,福州市主副食品集超均价表，集超均价,,,https://fgw.fuzhou.gov.cn/fgwzwgk/fzgggz/jgysf/msspjgxq/zfsp/202607/t20260703_5342289.htm
福州市,2026年7月3日,"
		2026年7月3日福州市主副食品集超均价表_主副食品_
		福州市发展和改革委员会
	",油菜(菜心),新鲜,元/500克,3.67,,,,,福州市主副食品集超均价表，集超均价,,,https://fgw.fuzhou.gov.cn/fgwzwgk/fzgggz/jgysf/msspjgxq/zfsp/202607/t20260703_5342289.htm
福州市,2026年7月3日,"
		2026年7月3日福州市主副食品集超均价表_主副食品_
		福州市发展和改革委员会
	",活明虾,鲜活,元/500克,28.59,,,,,福州市主副食品集超均价表，集超均价,,,https://fgw.fuzhou.gov.cn/fgwzwgk/fzgggz/jgysf/msspjgxq/zfsp/202607/t20260703_5342289.htm
福州市,2026年7月3日,"
		2026年7月3日福州市主副食品集超均价表_主副食品_
		福州市发展和改革委员会
	",活花蛤,鲜活,元/500克,10.22,,,,,福州市主副食品集超均价表，集超均价,,,https://fgw.fuzhou.gov.cn/fgwzwgk/fzgggz/jgysf/msspjgxq/zfsp/202607/t20260703_5342289.htm
福州市,2026年7月3日,"
		2026年7月3日福州市主副食品集超均价表_主副食品_
		福州市发展和改革委员会
	",活草鱼,鲜活,元/500克,11.95,,,,,福州市主副食品集超均价表，集超均价,,,https://fgw.fuzhou.gov.cn/fgwzwgk/fzgggz/jgysf/msspjgxq/zfsp/202607/t20260703_5342289.htm
福州市,2026年7月3日,"
		2026年7月3日福州市主副食品集超均价表_主副食品_
		福州市发展和改革委员会
	",活鳙鱼（大头鲢）,鲜活,元/500克,13.98,,,,,福州市主副食品集超均价表，集超均价,,,https://fgw.fuzhou.gov.cn/fgwzwgk/fzgggz/jgysf/msspjgxq/zfsp/202607/t20260703_5342289.htm
福州市,2026年7月3日,"
		2026年7月3日福州市主副食品集超均价表_主副食品_
		福州市发展和改革委员会
	",牛肉,去骨肉,元/500克,45.29,,,,,福州市主副食品集超均价表，集超均价,,,https://fgw.fuzhou.gov.cn/fgwzwgk/fzgggz/jgysf/msspjgxq/zfsp/202607/t20260703_5342289.htm
福州市,2026年7月3日,"
		2026年7月3日福州市主副食品集超均价表_主副食品_
		福州市发展和改革委员会
	",猪瘦肉,新鲜,元/500克,14.51,,,,,福州市主副食品集超均价表，集超均价,,,https://fgw.fuzhou.gov.cn/fgwzwgk/fzgggz/jgysf/msspjgxq/zfsp/202607/t20260703_5342289.htm
福州市,2026年7月3日,"
		2026年7月3日福州市主副食品集超均价表_主副食品_
		福州市发展和改革委员会
	",猪肋条肉,新鲜,元/500克,15.19,,,,,福州市主副食品集超均价表，集超均价,,,https://fgw.fuzhou.gov.cn/fgwzwgk/fzgggz/jgysf/msspjgxq/zfsp/202607/t20260703_5342289.htm
福州市,2026年7月3日,"
		2026年7月3日福州市主副食品集超均价表_主副食品_
		福州市发展和改革委员会
	",白萝卜,新鲜,元/500克,1.85,,,,,福州市主副食品集超均价表，集超均价,,,https://fgw.fuzhou.gov.cn/fgwzwgk/fzgggz/jgysf/msspjgxq/zfsp/202607/t20260703_5342289.htm
福州市,2026年7月3日,"
		2026年7月3日福州市主副食品集超均价表_主副食品_
		福州市发展和改革委员会
	",空心菜,新鲜,元/500克,3.58,,,,,福州市主副食品集超均价表，集超均价,,,https://fgw.fuzhou.gov.cn/fgwzwgk/fzgggz/jgysf/msspjgxq/zfsp/202607/t20260703_5342289.htm
福州市,2026年7月3日,"
		2026年7月3日福州市主副食品集超均价表_主副食品_
		福州市发展和改革委员会
	",粳米,标一,元/500克,2.97,,,,,福州市主副食品集超均价表，集超均价,,,https://fgw.fuzhou.gov.cn/fgwzwgk/fzgggz/jgysf/msspjgxq/zfsp/202607/t20260703_5342289.htm
福州市,2026年7月3日,"
		2026年7月3日福州市主副食品集超均价表_主副食品_
		福州市发展和改革委员会
	",红萝卜,新鲜,元/500克,2.37,,,,,福州市主副食品集超均价表，集超均价,,,https://fgw.fuzhou.gov.cn/fgwzwgk/fzgggz/jgysf/msspjgxq/zfsp/202607/t20260703_5342289.htm
福州市,2026年7月3日,"
		2026年7月3日福州市主副食品集超均价表_主副食品_
		福州市发展和改革委员会
	",纯牛奶,盒装,元/盒(250毫升),2.70,,,,,福州市主副食品集超均价表，集超均价,,,https://fgw.fuzhou.gov.cn/fgwzwgk/fzgggz/jgysf/msspjgxq/zfsp/202607/t20260703_5342289.htm
福州市,2026年7月3日,"
		2026年7月3日福州市主副食品集超均价表_主副食品_
		福州市发展和改革委员会
	",羊肉,带骨肉,元/500克,44.76,,,,,福州市主副食品集超均价表，集超均价,,,https://fgw.fuzhou.gov.cn/fgwzwgk/fzgggz/jgysf/msspjgxq/zfsp/202607/t20260703_5342289.htm
福州市,2026年7月3日,"
		2026年7月3日福州市主副食品集超均价表_主副食品_
		福州市发展和改革委员会
	",脐橙,新鲜,元/500克,4.75,,,,,福州市主副食品集超均价表，集超均价,,,https://fgw.fuzhou.gov.cn/fgwzwgk/fzgggz/jgysf/msspjgxq/zfsp/202607/t20260703_5342289.htm
福州市,2026年7月3日,"
		2026年7月3日福州市主副食品集超均价表_主副食品_
		福州市发展和改革委员会
	",花生油,桶装一级,元/5升,107.01,,,,,福州市主副食品集超均价表，集超均价,,,https://fgw.fuzhou.gov.cn/fgwzwgk/fzgggz/jgysf/msspjgxq/zfsp/202607/t20260703_5342289.htm
福州市,2026年7月3日,"
		2026年7月3日福州市主副食品集超均价表_主副食品_
		福州市发展和改革委员会
	",花菜,新鲜,元/500克,4.61,,,,,福州市主副食品集超均价表，集超均价,,,https://fgw.fuzhou.gov.cn/fgwzwgk/fzgggz/jgysf/msspjgxq/zfsp/202607/t20260703_5342289.htm
福州市,2026年7月3日,"
		2026年7月3日福州市主副食品集超均价表_主副食品_
		福州市发展和改革委员会
	",芹菜,新鲜,元/500克,6.27,,,,,福州市主副食品集超均价表，集超均价,,,https://fgw.fuzhou.gov.cn/fgwzwgk/fzgggz/jgysf/msspjgxq/zfsp/202607/t20260703_5342289.htm
福州市,2026年7月3日,"
		2026年7月3日福州市主副食品集超均价表_主副食品_
		福州市发展和改革委员会
	",苹果,新鲜,元/500克,8.35,,,,,福州市主副食品集超均价表，集超均价,,,https://fgw.fuzhou.gov.cn/fgwzwgk/fzgggz/jgysf/msspjgxq/zfsp/202607/t20260703_5342289.htm
福州市,2026年7月3日,"
		2026年7月3日福州市主副食品集超均价表_主副食品_
		福州市发展和改革委员会
	",茄子,新鲜,元/500克,4.21,,,,,福州市主副食品集超均价表，集超均价,,,https://fgw.fuzhou.gov.cn/fgwzwgk/fzgggz/jgysf/msspjgxq/zfsp/202607/t20260703_5342289.htm
福州市,2026年7月3日,"
		2026年7月3日福州市主副食品集超均价表_主副食品_
		福州市发展和改革委员会
	",菜籽油,桶装一级,元/5升,70.10,,,,,福州市主副食品集超均价表，集超均价,,,https://fgw.fuzhou.gov.cn/fgwzwgk/fzgggz/jgysf/msspjgxq/zfsp/202607/t20260703_5342289.htm
福州市,2026年7月3日,"
		2026年7月3日福州市主副食品集超均价表_主副食品_
		福州市发展和改革委员会
	",蒜苔,新鲜,元/500克,7.74,,,,,福州市主副食品集超均价表，集超均价,,,https://fgw.fuzhou.gov.cn/fgwzwgk/fzgggz/jgysf/msspjgxq/zfsp/202607/t20260703_5342289.htm
福州市,2026年7月3日,"
		2026年7月3日福州市主副食品集超均价表_主副食品_
		福州市发展和改革委员会
	",西红柿,新鲜,元/500克,3.83,,,,,福州市主副食品集超均价表，集超均价,,,https://fgw.fuzhou.gov.cn/fgwzwgk/fzgggz/jgysf/msspjgxq/zfsp/202607/t20260703_5342289.htm
福州市,2026年7月3日,"
		2026年7月3日福州市主副食品集超均价表_主副食品_
		福州市发展和改革委员会
	",调和油,桶装一级,元/5升,66.17,,,,,福州市主副食品集超均价表，集超均价,,,https://fgw.fuzhou.gov.cn/fgwzwgk/fzgggz/jgysf/msspjgxq/zfsp/202607/t20260703_5342289.htm
福州市,2026年7月3日,"
		2026年7月3日福州市主副食品集超均价表_主副食品_
		福州市发展和改革委员会
	",豆角,新鲜,元/500克,6.04,,,,,福州市主副食品集超均价表，集超均价,,,https://fgw.fuzhou.gov.cn/fgwzwgk/fzgggz/jgysf/msspjgxq/zfsp/202607/t20260703_5342289.htm
福州市,2026年7月3日,"
		2026年7月3日福州市主副食品集超均价表_主副食品_
		福州市发展和改革委员会
	",青椒,新鲜,元/500克,5.72,,,,,福州市主副食品集超均价表，集超均价,,,https://fgw.fuzhou.gov.cn/fgwzwgk/fzgggz/jgysf/msspjgxq/zfsp/202607/t20260703_5342289.htm
福州市,2026年7月3日,"
		2026年7月3日福州市主副食品集超均价表_主副食品_
		福州市发展和改革委员会
	",韭菜,新鲜,元/500克,5.68,,,,,福州市主副食品集超均价表，集超均价,,,https://fgw.fuzhou.gov.cn/fgwzwgk/fzgggz/jgysf/msspjgxq/zfsp/202607/t20260703_5342289.htm
福州市,2026年7月3日,"
		2026年7月3日福州市主副食品集超均价表_主副食品_
		福州市发展和改革委员会
	",香蕉,新鲜,元/500克,4.97,,,,,福州市主副食品集超均价表，集超均价,,,https://fgw.fuzhou.gov.cn/fgwzwgk/fzgggz/jgysf/msspjgxq/zfsp/202607/t20260703_5342289.htm
福州市,2026年7月3日,"
		2026年7月3日福州市主副食品集超均价表_主副食品_
		福州市发展和改革委员会
	",马胶鱼,冰鲜,元/500克,28.78,,,,,福州市主副食品集超均价表，集超均价,,,https://fgw.fuzhou.gov.cn/fgwzwgk/fzgggz/jgysf/msspjgxq/zfsp/202607/t20260703_5342289.htm
福州市,2026年7月3日,"
		2026年7月3日福州市主副食品集超均价表_主副食品_
		福州市发展和改革委员会
	",鱿鱼,冰鲜,元/500克,49.87,,,,,福州市主副食品集超均价表，集超均价,,,https://fgw.fuzhou.gov.cn/fgwzwgk/fzgggz/jgysf/msspjgxq/zfsp/202607/t20260703_5342289.htm
福州市,2026年7月3日,"
		2026年7月3日福州市主副食品集超均价表_主副食品_
		福州市发展和改革委员会
	",鸡肉,白条鸡,元/500克,14.90,,,,,福州市主副食品集超均价表，集超均价,,,https://fgw.fuzhou.gov.cn/fgwzwgk/fzgggz/jgysf/msspjgxq/zfsp/202607/t20260703_5342289.htm
福州市,2026年7月3日,"
		2026年7月3日福州市主副食品集超均价表_主副食品_
		福州市发展和改革委员会
	",鸭肉,白条鸭,元/500克,16.18,,,,,福州市主副食品集超均价表，集超均价,,,https://fgw.fuzhou.gov.cn/fgwzwgk/fzgggz/jgysf/msspjgxq/zfsp/202607/t20260703_5342289.htm
福州市,2026年7月3日,"
		2026年7月3日福州市主副食品集超均价表_主副食品_
		福州市发展和改革委员会
	",黄瓜,新鲜,元/500克,2.71,,,,,福州市主副食品集超均价表，集超均价,,,https://fgw.fuzhou.gov.cn/fgwzwgk/fzgggz/jgysf/msspjgxq/zfsp/202607/t20260703_5342289.htm
福州市,2026年7月3日,"
		2026年7月3日福州市主副食品集超均价表_主副食品_
		福州市发展和改革委员会
	",黄瓜鱼,冰鲜,元/500克,27.71,,,,,福州市主副食品集超均价表，集超均价,,,https://fgw.fuzhou.gov.cn/fgwzwgk/fzgggz/jgysf/msspjgxq/zfsp/202607/t20260703_5342289.htm
福州市,2026年7月6日,"
		2026年7月6日福州市主副食品集超均价表_主副食品_
		福州市发展和改革委员会
	",上海青,新鲜,元/500克,3.13,,,,,福州市主副食品集超均价表，集超均价,,,https://fgw.fuzhou.gov.cn/fgwzwgk/fzgggz/jgysf/msspjgxq/zfsp/202607/t20260706_5343122.htm
福州市,2026年7月6日,"
		2026年7月6日福州市主副食品集超均价表_主副食品_
		福州市发展和改革委员会
	",冻带鱼,冷冻,元/500克,22.25,,,,,福州市主副食品集超均价表，集超均价,,,https://fgw.fuzhou.gov.cn/fgwzwgk/fzgggz/jgysf/msspjgxq/zfsp/202607/t20260706_5343122.htm
福州市,2026年7月6日,"
		2026年7月6日福州市主副食品集超均价表_主副食品_
		福州市发展和改革委员会
	",圆白菜,新鲜,元/500克,2.05,,,,,福州市主副食品集超均价表，集超均价,,,https://fgw.fuzhou.gov.cn/fgwzwgk/fzgggz/jgysf/msspjgxq/zfsp/202607/t20260706_5343122.htm
福州市,2026年7月6日,"
		2026年7月6日福州市主副食品集超均价表_主副食品_
		福州市发展和改革委员会
	",土豆,新鲜,元/500克,2.29,,,,,福州市主副食品集超均价表，集超均价,,,https://fgw.fuzhou.gov.cn/fgwzwgk/fzgggz/jgysf/msspjgxq/zfsp/202607/t20260706_5343122.htm
福州市,2026年7月6日,"
		2026年7月6日福州市主副食品集超均价表_主副食品_
		福州市发展和改革委员会
	",大白菜,新鲜,元/500克,2.05,,,,,福州市主副食品集超均价表，集超均价,,,https://fgw.fuzhou.gov.cn/fgwzwgk/fzgggz/jgysf/msspjgxq/zfsp/202607/t20260706_5343122.htm
福州市,2026年7月6日,"
		2026年7月6日福州市主副食品集超均价表_主副食品_
		福州市发展和改革委员会
	",大豆油,桶装一级,元/5升,59.39,,,,,福州市主副食品集超均价表，集超均价,,,https://fgw.fuzhou.gov.cn/fgwzwgk/fzgggz/jgysf/msspjgxq/zfsp/202607/t20260706_5343122.htm
福州市,2026年7月6日,"
		2026年7月6日福州市主副食品集超均价表_主副食品_
		福州市发展和改革委员会
	",富强粉,,元/500克,3.57,,,,,福州市主副食品集超均价表，集超均价,,,https://fgw.fuzhou.gov.cn/fgwzwgk/fzgggz/jgysf/msspjgxq/zfsp/202607/t20260706_5343122.htm
福州市,2026年7月6日,"
		2026年7月6日福州市主副食品集超均价表_主副食品_
		福州市发展和改革委员会
	",尖椒,新鲜,元/500克,5.19,,,,,福州市主副食品集超均价表，集超均价,,,https://fgw.fuzhou.gov.cn/fgwzwgk/fzgggz/jgysf/msspjgxq/zfsp/202607/t20260706_5343122.htm
福州市,2026年7月6日,"
		2026年7月6日福州市主副食品集超均价表_主副食品_
		福州市发展和改革委员会
	",晚籼米,标一,元/500克,2.68,,,,,福州市主副食品集超均价表，集超均价,,,https://fgw.fuzhou.gov.cn/fgwzwgk/fzgggz/jgysf/msspjgxq/zfsp/202607/t20260706_5343122.htm
福州市,2026年7月6日,"
		2026年7月6日福州市主副食品集超均价表_主副食品_
		福州市发展和改革委员会
	",普通鸡蛋,新鲜完整,元/500克,6.33,,,,,福州市主副食品集超均价表，集超均价,,,https://fgw.fuzhou.gov.cn/fgwzwgk/fzgggz/jgysf/msspjgxq/zfsp/202607/t20260706_5343122.htm
福州市,2026年7月6日,"
		2026年7月6日福州市主副食品集超均价表_主副食品_
		福州市发展和改革委员会
	",普通鸭蛋,新鲜完整,元/500克,8.02,,,,,福州市主副食品集超均价表，集超均价,,,https://fgw.fuzhou.gov.cn/fgwzwgk/fzgggz/jgysf/msspjgxq/zfsp/202607/t20260706_5343122.htm
福州市,2026年7月6日,"
		2026年7月6日福州市主副食品集超均价表_主副食品_
		福州市发展和改革委员会
	",标准粉,,元/500克,2.51,,,,,福州市主副食品集超均价表，集超均价,,,https://fgw.fuzhou.gov.cn/fgwzwgk/fzgggz/jgysf/msspjgxq/zfsp/202607/t20260706_5343122.htm
福州市,2026年7月6日,"
		2026年7月6日福州市主副食品集超均价表_主副食品_
		福州市发展和改革委员会
	",梨,新鲜,元/500克,5.54,,,,,福州市主副食品集超均价表，集超均价,,,https://fgw.fuzhou.gov.cn/fgwzwgk/fzgggz/jgysf/msspjgxq/zfsp/202607/t20260706_5343122.htm
福州市,2026年7月6日,"
		2026年7月6日福州市主副食品集超均价表_主副食品_
		福州市发展和改革委员会
	",油菜(菜心),新鲜,元/500克,3.70,,,,,福州市主副食品集超均价表，集超均价,,,https://fgw.fuzhou.gov.cn/fgwzwgk/fzgggz/jgysf/msspjgxq/zfsp/202607/t20260706_5343122.htm
福州市,2026年7月6日,"
		2026年7月6日福州市主副食品集超均价表_主副食品_
		福州市发展和改革委员会
	",活明虾,鲜活,元/500克,29.10,,,,,福州市主副食品集超均价表，集超均价,,,https://fgw.fuzhou.gov.cn/fgwzwgk/fzgggz/jgysf/msspjgxq/zfsp/202607/t20260706_5343122.htm
福州市,2026年7月6日,"
		2026年7月6日福州市主副食品集超均价表_主副食品_
		福州市发展和改革委员会
	",活花蛤,鲜活,元/500克,10.22,,,,,福州市主副食品集超均价表，集超均价,,,https://fgw.fuzhou.gov.cn/fgwzwgk/fzgggz/jgysf/msspjgxq/zfsp/202607/t20260706_5343122.htm
福州市,2026年7月6日,"
		2026年7月6日福州市主副食品集超均价表_主副食品_
		福州市发展和改革委员会
	",活草鱼,鲜活,元/500克,12.25,,,,,福州市主副食品集超均价表，集超均价,,,https://fgw.fuzhou.gov.cn/fgwzwgk/fzgggz/jgysf/msspjgxq/zfsp/202607/t20260706_5343122.htm
福州市,2026年7月6日,"
		2026年7月6日福州市主副食品集超均价表_主副食品_
		福州市发展和改革委员会
	",活鳙鱼（大头鲢）,鲜活,元/500克,13.98,,,,,福州市主副食品集超均价表，集超均价,,,https://fgw.fuzhou.gov.cn/fgwzwgk/fzgggz/jgysf/msspjgxq/zfsp/202607/t20260706_5343122.htm
福州市,2026年7月6日,"
		2026年7月6日福州市主副食品集超均价表_主副食品_
		福州市发展和改革委员会
	",牛肉,去骨肉,元/500克,45.51,,,,,福州市主副食品集超均价表，集超均价,,,https://fgw.fuzhou.gov.cn/fgwzwgk/fzgggz/jgysf/msspjgxq/zfsp/202607/t20260706_5343122.htm
福州市,2026年7月6日,"
		2026年7月6日福州市主副食品集超均价表_主副食品_
		福州市发展和改革委员会
	",猪瘦肉,新鲜,元/500克,14.58,,,,,福州市主副食品集超均价表，集超均价,,,https://fgw.fuzhou.gov.cn/fgwzwgk/fzgggz/jgysf/msspjgxq/zfsp/202607/t20260706_5343122.htm
福州市,2026年7月6日,"
		2026年7月6日福州市主副食品集超均价表_主副食品_
		福州市发展和改革委员会
	",猪肋条肉,新鲜,元/500克,15.40,,,,,福州市主副食品集超均价表，集超均价,,,https://fgw.fuzhou.gov.cn/fgwzwgk/fzgggz/jgysf/msspjgxq/zfsp/202607/t20260706_5343122.htm
福州市,2026年7月6日,"
		2026年7月6日福州市主副食品集超均价表_主副食品_
		福州市发展和改革委员会
	",白萝卜,新鲜,元/500克,1.82,,,,,福州市主副食品集超均价表，集超均价,,,https://fgw.fuzhou.gov.cn/fgwzwgk/fzgggz/jgysf/msspjgxq/zfsp/202607/t20260706_5343122.htm
福州市,2026年7月6日,"
		2026年7月6日福州市主副食品集超均价表_主副食品_
		福州市发展和改革委员会
	",空心菜,新鲜,元/500克,3.62,,,,,福州市主副食品集超均价表，集超均价,,,https://fgw.fuzhou.gov.cn/fgwzwgk/fzgggz/jgysf/msspjgxq/zfsp/202607/t20260706_5343122.htm
福州市,2026年7月6日,"
		2026年7月6日福州市主副食品集超均价表_主副食品_
		福州市发展和改革委员会
	",粳米,标一,元/500克,2.97,,,,,福州市主副食品集超均价表，集超均价,,,https://fgw.fuzhou.gov.cn/fgwzwgk/fzgggz/jgysf/msspjgxq/zfsp/202607/t20260706_5343122.htm
福州市,2026年7月6日,"
		2026年7月6日福州市主副食品集超均价表_主副食品_
		福州市发展和改革委员会
	",红萝卜,新鲜,元/500克,2.36,,,,,福州市主副食品集超均价表，集超均价,,,https://fgw.fuzhou.gov.cn/fgwzwgk/fzgggz/jgysf/msspjgxq/zfsp/202607/t20260706_5343122.htm
福州市,2026年7月6日,"
		2026年7月6日福州市主副食品集超均价表_主副食品_
		福州市发展和改革委员会
	",纯牛奶,盒装,元/盒(250毫升),2.70,,,,,福州市主副食品集超均价表，集超均价,,,https://fgw.fuzhou.gov.cn/fgwzwgk/fzgggz/jgysf/msspjgxq/zfsp/202607/t20260706_5343122.htm
福州市,2026年7月6日,"
		2026年7月6日福州市主副食品集超均价表_主副食品_
		福州市发展和改革委员会
	",羊肉,带骨肉,元/500克,44.76,,,,,福州市主副食品集超均价表，集超均价,,,https://fgw.fuzhou.gov.cn/fgwzwgk/fzgggz/jgysf/msspjgxq/zfsp/202607/t20260706_5343122.htm
福州市,2026年7月6日,"
		2026年7月6日福州市主副食品集超均价表_主副食品_
		福州市发展和改革委员会
	",脐橙,新鲜,元/500克,4.75,,,,,福州市主副食品集超均价表，集超均价,,,https://fgw.fuzhou.gov.cn/fgwzwgk/fzgggz/jgysf/msspjgxq/zfsp/202607/t20260706_5343122.htm
福州市,2026年7月6日,"
		2026年7月6日福州市主副食品集超均价表_主副食品_
		福州市发展和改革委员会
	",花生油,桶装一级,元/5升,107.01,,,,,福州市主副食品集超均价表，集超均价,,,https://fgw.fuzhou.gov.cn/fgwzwgk/fzgggz/jgysf/msspjgxq/zfsp/202607/t20260706_5343122.htm
福州市,2026年7月6日,"
		2026年7月6日福州市主副食品集超均价表_主副食品_
		福州市发展和改革委员会
	",花菜,新鲜,元/500克,4.65,,,,,福州市主副食品集超均价表，集超均价,,,https://fgw.fuzhou.gov.cn/fgwzwgk/fzgggz/jgysf/msspjgxq/zfsp/202607/t20260706_5343122.htm
福州市,2026年7月6日,"
		2026年7月6日福州市主副食品集超均价表_主副食品_
		福州市发展和改革委员会
	",芹菜,新鲜,元/500克,6.35,,,,,福州市主副食品集超均价表，集超均价,,,https://fgw.fuzhou.gov.cn/fgwzwgk/fzgggz/jgysf/msspjgxq/zfsp/202607/t20260706_5343122.htm
福州市,2026年7月6日,"
		2026年7月6日福州市主副食品集超均价表_主副食品_
		福州市发展和改革委员会
	",苹果,新鲜,元/500克,8.35,,,,,福州市主副食品集超均价表，集超均价,,,https://fgw.fuzhou.gov.cn/fgwzwgk/fzgggz/jgysf/msspjgxq/zfsp/202607/t20260706_5343122.htm
福州市,2026年7月6日,"
		2026年7月6日福州市主副食品集超均价表_主副食品_
		福州市发展和改革委员会
	",茄子,新鲜,元/500克,4.19,,,,,福州市主副食品集超均价表，集超均价,,,https://fgw.fuzhou.gov.cn/fgwzwgk/fzgggz/jgysf/msspjgxq/zfsp/202607/t20260706_5343122.htm
福州市,2026年7月6日,"
		2026年7月6日福州市主副食品集超均价表_主副食品_
		福州市发展和改革委员会
	",菜籽油,桶装一级,元/5升,70.31,,,,,福州市主副食品集超均价表，集超均价,,,https://fgw.fuzhou.gov.cn/fgwzwgk/fzgggz/jgysf/msspjgxq/zfsp/202607/t20260706_5343122.htm
福州市,2026年7月6日,"
		2026年7月6日福州市主副食品集超均价表_主副食品_
		福州市发展和改革委员会
	",蒜苔,新鲜,元/500克,7.78,,,,,福州市主副食品集超均价表，集超均价,,,https://fgw.fuzhou.gov.cn/fgwzwgk/fzgggz/jgysf/msspjgxq/zfsp/202607/t20260706_5343122.htm
福州市,2026年7月6日,"
		2026年7月6日福州市主副食品集超均价表_主副食品_
		福州市发展和改革委员会
	",西红柿,新鲜,元/500克,3.80,,,,,福州市主副食品集超均价表，集超均价,,,https://fgw.fuzhou.gov.cn/fgwzwgk/fzgggz/jgysf/msspjgxq/zfsp/202607/t20260706_5343122.htm
福州市,2026年7月6日,"
		2026年7月6日福州市主副食品集超均价表_主副食品_
		福州市发展和改革委员会
	",调和油,桶装一级,元/5升,66.17,,,,,福州市主副食品集超均价表，集超均价,,,https://fgw.fuzhou.gov.cn/fgwzwgk/fzgggz/jgysf/msspjgxq/zfsp/202607/t20260706_5343122.htm
福州市,2026年7月6日,"
		2026年7月6日福州市主副食品集超均价表_主副食品_
		福州市发展和改革委员会
	",豆角,新鲜,元/500克,5.93,,,,,福州市主副食品集超均价表，集超均价,,,https://fgw.fuzhou.gov.cn/fgwzwgk/fzgggz/jgysf/msspjgxq/zfsp/202607/t20260706_5343122.htm
福州市,2026年7月6日,"
		2026年7月6日福州市主副食品集超均价表_主副食品_
		福州市发展和改革委员会
	",青椒,新鲜,元/500克,5.54,,,,,福州市主副食品集超均价表，集超均价,,,https://fgw.fuzhou.gov.cn/fgwzwgk/fzgggz/jgysf/msspjgxq/zfsp/202607/t20260706_5343122.htm
福州市,2026年7月6日,"
		2026年7月6日福州市主副食品集超均价表_主副食品_
		福州市发展和改革委员会
	",韭菜,新鲜,元/500克,5.64,,,,,福州市主副食品集超均价表，集超均价,,,https://fgw.fuzhou.gov.cn/fgwzwgk/fzgggz/jgysf/msspjgxq/zfsp/202607/t20260706_5343122.htm
福州市,2026年7月6日,"
		2026年7月6日福州市主副食品集超均价表_主副食品_
		福州市发展和改革委员会
	",香蕉,新鲜,元/500克,4.94,,,,,福州市主副食品集超均价表，集超均价,,,https://fgw.fuzhou.gov.cn/fgwzwgk/fzgggz/jgysf/msspjgxq/zfsp/202607/t20260706_5343122.htm
福州市,2026年7月6日,"
		2026年7月6日福州市主副食品集超均价表_主副食品_
		福州市发展和改革委员会
	",马胶鱼,冰鲜,元/500克,28.85,,,,,福州市主副食品集超均价表，集超均价,,,https://fgw.fuzhou.gov.cn/fgwzwgk/fzgggz/jgysf/msspjgxq/zfsp/202607/t20260706_5343122.htm
福州市,2026年7月6日,"
		2026年7月6日福州市主副食品集超均价表_主副食品_
		福州市发展和改革委员会
	",鱿鱼,冰鲜,元/500克,49.87,,,,,福州市主副食品集超均价表，集超均价,,,https://fgw.fuzhou.gov.cn/fgwzwgk/fzgggz/jgysf/msspjgxq/zfsp/202607/t20260706_5343122.htm
福州市,2026年7月6日,"
		2026年7月6日福州市主副食品集超均价表_主副食品_
		福州市发展和改革委员会
	",鸡肉,白条鸡,元/500克,15.03,,,,,福州市主副食品集超均价表，集超均价,,,https://fgw.fuzhou.gov.cn/fgwzwgk/fzgggz/jgysf/msspjgxq/zfsp/202607/t20260706_5343122.htm
福州市,2026年7月6日,"
		2026年7月6日福州市主副食品集超均价表_主副食品_
		福州市发展和改革委员会
	",鸭肉,白条鸭,元/500克,16.39,,,,,福州市主副食品集超均价表，集超均价,,,https://fgw.fuzhou.gov.cn/fgwzwgk/fzgggz/jgysf/msspjgxq/zfsp/202607/t20260706_5343122.htm
福州市,2026年7月6日,"
		2026年7月6日福州市主副食品集超均价表_主副食品_
		福州市发展和改革委员会
	",黄瓜,新鲜,元/500克,2.59,,,,,福州市主副食品集超均价表，集超均价,,,https://fgw.fuzhou.gov.cn/fgwzwgk/fzgggz/jgysf/msspjgxq/zfsp/202607/t20260706_5343122.htm
福州市,2026年7月6日,"
		2026年7月6日福州市主副食品集超均价表_主副食品_
		福州市发展和改革委员会
	",黄瓜鱼,冰鲜,元/500克,27.91,,,,,福州市主副食品集超均价表，集超均价,,,https://fgw.fuzhou.gov.cn/fgwzwgk/fzgggz/jgysf/msspjgxq/zfsp/202607/t20260706_5343122.htm
福州市,2026年7月7日,"
		2026年7月7日福州市主副食品集超均价表_主副食品_
		福州市发展和改革委员会
	",上海青,新鲜,元/500克,3.09,,,,,福州市主副食品集超均价表，集超均价,,,https://fgw.fuzhou.gov.cn/fgwzwgk/fzgggz/jgysf/msspjgxq/zfsp/202607/t20260707_5343603.htm
福州市,2026年7月7日,"
		2026年7月7日福州市主副食品集超均价表_主副食品_
		福州市发展和改革委员会
	",冻带鱼,冷冻,元/500克,22.25,,,,,福州市主副食品集超均价表，集超均价,,,https://fgw.fuzhou.gov.cn/fgwzwgk/fzgggz/jgysf/msspjgxq/zfsp/202607/t20260707_5343603.htm
福州市,2026年7月7日,"
		2026年7月7日福州市主副食品集超均价表_主副食品_
		福州市发展和改革委员会
	",圆白菜,新鲜,元/500克,2.07,,,,,福州市主副食品集超均价表，集超均价,,,https://fgw.fuzhou.gov.cn/fgwzwgk/fzgggz/jgysf/msspjgxq/zfsp/202607/t20260707_5343603.htm
福州市,2026年7月7日,"
		2026年7月7日福州市主副食品集超均价表_主副食品_
		福州市发展和改革委员会
	",土豆,新鲜,元/500克,2.30,,,,,福州市主副食品集超均价表，集超均价,,,https://fgw.fuzhou.gov.cn/fgwzwgk/fzgggz/jgysf/msspjgxq/zfsp/202607/t20260707_5343603.htm
福州市,2026年7月7日,"
		2026年7月7日福州市主副食品集超均价表_主副食品_
		福州市发展和改革委员会
	",大白菜,新鲜,元/500克,2.07,,,,,福州市主副食品集超均价表，集超均价,,,https://fgw.fuzhou.gov.cn/fgwzwgk/fzgggz/jgysf/msspjgxq/zfsp/202607/t20260707_5343603.htm
福州市,2026年7月7日,"
		2026年7月7日福州市主副食品集超均价表_主副食品_
		福州市发展和改革委员会
	",大豆油,桶装一级,元/5升,59.39,,,,,福州市主副食品集超均价表，集超均价,,,https://fgw.fuzhou.gov.cn/fgwzwgk/fzgggz/jgysf/msspjgxq/zfsp/202607/t20260707_5343603.htm
福州市,2026年7月7日,"
		2026年7月7日福州市主副食品集超均价表_主副食品_
		福州市发展和改革委员会
	",富强粉,,元/500克,3.57,,,,,福州市主副食品集超均价表，集超均价,,,https://fgw.fuzhou.gov.cn/fgwzwgk/fzgggz/jgysf/msspjgxq/zfsp/202607/t20260707_5343603.htm
福州市,2026年7月7日,"
		2026年7月7日福州市主副食品集超均价表_主副食品_
		福州市发展和改革委员会
	",尖椒,新鲜,元/500克,5.21,,,,,福州市主副食品集超均价表，集超均价,,,https://fgw.fuzhou.gov.cn/fgwzwgk/fzgggz/jgysf/msspjgxq/zfsp/202607/t20260707_5343603.htm
福州市,2026年7月7日,"
		2026年7月7日福州市主副食品集超均价表_主副食品_
		福州市发展和改革委员会
	",晚籼米,标一,元/500克,2.68,,,,,福州市主副食品集超均价表，集超均价,,,https://fgw.fuzhou.gov.cn/fgwzwgk/fzgggz/jgysf/msspjgxq/zfsp/202607/t20260707_5343603.htm
福州市,2026年7月7日,"
		2026年7月7日福州市主副食品集超均价表_主副食品_
		福州市发展和改革委员会
	",普通鸡蛋,新鲜完整,元/500克,6.30,,,,,福州市主副食品集超均价表，集超均价,,,https://fgw.fuzhou.gov.cn/fgwzwgk/fzgggz/jgysf/msspjgxq/zfsp/202607/t20260707_5343603.htm
福州市,2026年7月7日,"
		2026年7月7日福州市主副食品集超均价表_主副食品_
		福州市发展和改革委员会
	",普通鸭蛋,新鲜完整,元/500克,8.02,,,,,福州市主副食品集超均价表，集超均价,,,https://fgw.fuzhou.gov.cn/fgwzwgk/fzgggz/jgysf/msspjgxq/zfsp/202607/t20260707_5343603.htm
福州市,2026年7月7日,"
		2026年7月7日福州市主副食品集超均价表_主副食品_
		福州市发展和改革委员会
	",标准粉,,元/500克,2.51,,,,,福州市主副食品集超均价表，集超均价,,,https://fgw.fuzhou.gov.cn/fgwzwgk/fzgggz/jgysf/msspjgxq/zfsp/202607/t20260707_5343603.htm
福州市,2026年7月7日,"
		2026年7月7日福州市主副食品集超均价表_主副食品_
		福州市发展和改革委员会
	",梨,新鲜,元/500克,5.62,,,,,福州市主副食品集超均价表，集超均价,,,https://fgw.fuzhou.gov.cn/fgwzwgk/fzgggz/jgysf/msspjgxq/zfsp/202607/t20260707_5343603.htm
福州市,2026年7月7日,"
		2026年7月7日福州市主副食品集超均价表_主副食品_
		福州市发展和改革委员会
	",油菜(菜心),新鲜,元/500克,3.68,,,,,福州市主副食品集超均价表，集超均价,,,https://fgw.fuzhou.gov.cn/fgwzwgk/fzgggz/jgysf/msspjgxq/zfsp/202607/t20260707_5343603.htm
福州市,2026年7月7日,"
		2026年7月7日福州市主副食品集超均价表_主副食品_
		福州市发展和改革委员会
	",活明虾,鲜活,元/500克,29.17,,,,,福州市主副食品集超均价表，集超均价,,,https://fgw.fuzhou.gov.cn/fgwzwgk/fzgggz/jgysf/msspjgxq/zfsp/202607/t20260707_5343603.htm
福州市,2026年7月7日,"
		2026年7月7日福州市主副食品集超均价表_主副食品_
		福州市发展和改革委员会
	",活花蛤,鲜活,元/500克,10.22,,,,,福州市主副食品集超均价表，集超均价,,,https://fgw.fuzhou.gov.cn/fgwzwgk/fzgggz/jgysf/msspjgxq/zfsp/202607/t20260707_5343603.htm
福州市,2026年7月7日,"
		2026年7月7日福州市主副食品集超均价表_主副食品_
		福州市发展和改革委员会
	",活草鱼,鲜活,元/500克,12.25,,,,,福州市主副食品集超均价表，集超均价,,,https://fgw.fuzhou.gov.cn/fgwzwgk/fzgggz/jgysf/msspjgxq/zfsp/202607/t20260707_5343603.htm
福州市,2026年7月7日,"
		2026年7月7日福州市主副食品集超均价表_主副食品_
		福州市发展和改革委员会
	",活鳙鱼（大头鲢）,鲜活,元/500克,13.98,,,,,福州市主副食品集超均价表，集超均价,,,https://fgw.fuzhou.gov.cn/fgwzwgk/fzgggz/jgysf/msspjgxq/zfsp/202607/t20260707_5343603.htm
福州市,2026年7月7日,"
		2026年7月7日福州市主副食品集超均价表_主副食品_
		福州市发展和改革委员会
	",牛肉,去骨肉,元/500克,45.79,,,,,福州市主副食品集超均价表，集超均价,,,https://fgw.fuzhou.gov.cn/fgwzwgk/fzgggz/jgysf/msspjgxq/zfsp/202607/t20260707_5343603.htm
福州市,2026年7月7日,"
		2026年7月7日福州市主副食品集超均价表_主副食品_
		福州市发展和改革委员会
	",猪瘦肉,新鲜,元/500克,14.55,,,,,福州市主副食品集超均价表，集超均价,,,https://fgw.fuzhou.gov.cn/fgwzwgk/fzgggz/jgysf/msspjgxq/zfsp/202607/t20260707_5343603.htm
福州市,2026年7月7日,"
		2026年7月7日福州市主副食品集超均价表_主副食品_
		福州市发展和改革委员会
	",猪肋条肉,新鲜,元/500克,15.37,,,,,福州市主副食品集超均价表，集超均价,,,https://fgw.fuzhou.gov.cn/fgwzwgk/fzgggz/jgysf/msspjgxq/zfsp/202607/t20260707_5343603.htm
福州市,2026年7月7日,"
		2026年7月7日福州市主副食品集超均价表_主副食品_
		福州市发展和改革委员会
	",白萝卜,新鲜,元/500克,1.75,,,,,福州市主副食品集超均价表，集超均价,,,https://fgw.fuzhou.gov.cn/fgwzwgk/fzgggz/jgysf/msspjgxq/zfsp/202607/t20260707_5343603.htm
福州市,2026年7月7日,"
		2026年7月7日福州市主副食品集超均价表_主副食品_
		福州市发展和改革委员会
	",空心菜,新鲜,元/500克,3.38,,,,,福州市主副食品集超均价表，集超均价,,,https://fgw.fuzhou.gov.cn/fgwzwgk/fzgggz/jgysf/msspjgxq/zfsp/202607/t20260707_5343603.htm
福州市,2026年7月7日,"
		2026年7月7日福州市主副食品集超均价表_主副食品_
		福州市发展和改革委员会
	",粳米,标一,元/500克,2.97,,,,,福州市主副食品集超均价表，集超均价,,,https://fgw.fuzhou.gov.cn/fgwzwgk/fzgggz/jgysf/msspjgxq/zfsp/202607/t20260707_5343603.htm
福州市,2026年7月7日,"
		2026年7月7日福州市主副食品集超均价表_主副食品_
		福州市发展和改革委员会
	",红萝卜,新鲜,元/500克,2.30,,,,,福州市主副食品集超均价表，集超均价,,,https://fgw.fuzhou.gov.cn/fgwzwgk/fzgggz/jgysf/msspjgxq/zfsp/202607/t20260707_5343603.htm
福州市,2026年7月7日,"
		2026年7月7日福州市主副食品集超均价表_主副食品_
		福州市发展和改革委员会
	",纯牛奶,盒装,元/盒(250毫升),2.70,,,,,福州市主副食品集超均价表，集超均价,,,https://fgw.fuzhou.gov.cn/fgwzwgk/fzgggz/jgysf/msspjgxq/zfsp/202607/t20260707_5343603.htm
福州市,2026年7月7日,"
		2026年7月7日福州市主副食品集超均价表_主副食品_
		福州市发展和改革委员会
	",羊肉,带骨肉,元/500克,44.76,,,,,福州市主副食品集超均价表，集超均价,,,https://fgw.fuzhou.gov.cn/fgwzwgk/fzgggz/jgysf/msspjgxq/zfsp/202607/t20260707_5343603.htm
福州市,2026年7月7日,"
		2026年7月7日福州市主副食品集超均价表_主副食品_
		福州市发展和改革委员会
	",脐橙,新鲜,元/500克,4.75,,,,,福州市主副食品集超均价表，集超均价,,,https://fgw.fuzhou.gov.cn/fgwzwgk/fzgggz/jgysf/msspjgxq/zfsp/202607/t20260707_5343603.htm
福州市,2026年7月7日,"
		2026年7月7日福州市主副食品集超均价表_主副食品_
		福州市发展和改革委员会
	",花生油,桶装一级,元/5升,105.79,,,,,福州市主副食品集超均价表，集超均价,,,https://fgw.fuzhou.gov.cn/fgwzwgk/fzgggz/jgysf/msspjgxq/zfsp/202607/t20260707_5343603.htm
福州市,2026年7月7日,"
		2026年7月7日福州市主副食品集超均价表_主副食品_
		福州市发展和改革委员会
	",花菜,新鲜,元/500克,4.74,,,,,福州市主副食品集超均价表，集超均价,,,https://fgw.fuzhou.gov.cn/fgwzwgk/fzgggz/jgysf/msspjgxq/zfsp/202607/t20260707_5343603.htm
福州市,2026年7月7日,"
		2026年7月7日福州市主副食品集超均价表_主副食品_
		福州市发展和改革委员会
	",芹菜,新鲜,元/500克,6.30,,,,,福州市主副食品集超均价表，集超均价,,,https://fgw.fuzhou.gov.cn/fgwzwgk/fzgggz/jgysf/msspjgxq/zfsp/202607/t20260707_5343603.htm
福州市,2026年7月7日,"
		2026年7月7日福州市主副食品集超均价表_主副食品_
		福州市发展和改革委员会
	",苹果,新鲜,元/500克,8.29,,,,,福州市主副食品集超均价表，集超均价,,,https://fgw.fuzhou.gov.cn/fgwzwgk/fzgggz/jgysf/msspjgxq/zfsp/202607/t20260707_5343603.htm
福州市,2026年7月7日,"
		2026年7月7日福州市主副食品集超均价表_主副食品_
		福州市发展和改革委员会
	",茄子,新鲜,元/500克,4.11,,,,,福州市主副食品集超均价表，集超均价,,,https://fgw.fuzhou.gov.cn/fgwzwgk/fzgggz/jgysf/msspjgxq/zfsp/202607/t20260707_5343603.htm
福州市,2026年7月7日,"
		2026年7月7日福州市主副食品集超均价表_主副食品_
		福州市发展和改革委员会
	",菜籽油,桶装一级,元/5升,70.31,,,,,福州市主副食品集超均价表，集超均价,,,https://fgw.fuzhou.gov.cn/fgwzwgk/fzgggz/jgysf/msspjgxq/zfsp/202607/t20260707_5343603.htm
福州市,2026年7月7日,"
		2026年7月7日福州市主副食品集超均价表_主副食品_
		福州市发展和改革委员会
	",蒜苔,新鲜,元/500克,7.81,,,,,福州市主副食品集超均价表，集超均价,,,https://fgw.fuzhou.gov.cn/fgwzwgk/fzgggz/jgysf/msspjgxq/zfsp/202607/t20260707_5343603.htm
福州市,2026年7月7日,"
		2026年7月7日福州市主副食品集超均价表_主副食品_
		福州市发展和改革委员会
	",西红柿,新鲜,元/500克,3.88,,,,,福州市主副食品集超均价表，集超均价,,,https://fgw.fuzhou.gov.cn/fgwzwgk/fzgggz/jgysf/msspjgxq/zfsp/202607/t20260707_5343603.htm
福州市,2026年7月7日,"
		2026年7月7日福州市主副食品集超均价表_主副食品_
		福州市发展和改革委员会
	",调和油,桶装一级,元/5升,66.17,,,,,福州市主副食品集超均价表，集超均价,,,https://fgw.fuzhou.gov.cn/fgwzwgk/fzgggz/jgysf/msspjgxq/zfsp/202607/t20260707_5343603.htm
福州市,2026年7月7日,"
		2026年7月7日福州市主副食品集超均价表_主副食品_
		福州市发展和改革委员会
	",豆角,新鲜,元/500克,6.10,,,,,福州市主副食品集超均价表，集超均价,,,https://fgw.fuzhou.gov.cn/fgwzwgk/fzgggz/jgysf/msspjgxq/zfsp/202607/t20260707_5343603.htm
福州市,2026年7月7日,"
		2026年7月7日福州市主副食品集超均价表_主副食品_
		福州市发展和改革委员会
	",青椒,新鲜,元/500克,5.57,,,,,福州市主副食品集超均价表，集超均价,,,https://fgw.fuzhou.gov.cn/fgwzwgk/fzgggz/jgysf/msspjgxq/zfsp/202607/t20260707_5343603.htm
福州市,2026年7月7日,"
		2026年7月7日福州市主副食品集超均价表_主副食品_
		福州市发展和改革委员会
	",韭菜,新鲜,元/500克,5.64,,,,,福州市主副食品集超均价表，集超均价,,,https://fgw.fuzhou.gov.cn/fgwzwgk/fzgggz/jgysf/msspjgxq/zfsp/202607/t20260707_5343603.htm
福州市,2026年7月7日,"
		2026年7月7日福州市主副食品集超均价表_主副食品_
		福州市发展和改革委员会
	",香蕉,新鲜,元/500克,4.94,,,,,福州市主副食品集超均价表，集超均价,,,https://fgw.fuzhou.gov.cn/fgwzwgk/fzgggz/jgysf/msspjgxq/zfsp/202607/t20260707_5343603.htm
福州市,2026年7月7日,"
		2026年7月7日福州市主副食品集超均价表_主副食品_
		福州市发展和改革委员会
	",马胶鱼,冰鲜,元/500克,28.85,,,,,福州市主副食品集超均价表，集超均价,,,https://fgw.fuzhou.gov.cn/fgwzwgk/fzgggz/jgysf/msspjgxq/zfsp/202607/t20260707_5343603.htm
福州市,2026年7月7日,"
		2026年7月7日福州市主副食品集超均价表_主副食品_
		福州市发展和改革委员会
	",鱿鱼,冰鲜,元/500克,49.87,,,,,福州市主副食品集超均价表，集超均价,,,https://fgw.fuzhou.gov.cn/fgwzwgk/fzgggz/jgysf/msspjgxq/zfsp/202607/t20260707_5343603.htm
福州市,2026年7月7日,"
		2026年7月7日福州市主副食品集超均价表_主副食品_
		福州市发展和改革委员会
	",鸡肉,白条鸡,元/500克,15.03,,,,,福州市主副食品集超均价表，集超均价,,,https://fgw.fuzhou.gov.cn/fgwzwgk/fzgggz/jgysf/msspjgxq/zfsp/202607/t20260707_5343603.htm
福州市,2026年7月7日,"
		2026年7月7日福州市主副食品集超均价表_主副食品_
		福州市发展和改革委员会
	",鸭肉,白条鸭,元/500克,16.39,,,,,福州市主副食品集超均价表，集超均价,,,https://fgw.fuzhou.gov.cn/fgwzwgk/fzgggz/jgysf/msspjgxq/zfsp/202607/t20260707_5343603.htm
福州市,2026年7月7日,"
		2026年7月7日福州市主副食品集超均价表_主副食品_
		福州市发展和改革委员会
	",黄瓜,新鲜,元/500克,2.57,,,,,福州市主副食品集超均价表，集超均价,,,https://fgw.fuzhou.gov.cn/fgwzwgk/fzgggz/jgysf/msspjgxq/zfsp/202607/t20260707_5343603.htm
福州市,2026年7月7日,"
		2026年7月7日福州市主副食品集超均价表_主副食品_
		福州市发展和改革委员会
	",黄瓜鱼,冰鲜,元/500克,28.05,,,,,福州市主副食品集超均价表，集超均价,,,https://fgw.fuzhou.gov.cn/fgwzwgk/fzgggz/jgysf/msspjgxq/zfsp/202607/t20260707_5343603.htm
福州市,2026年7月8日,"
		2026年7月8日福州市主副食品集超均价表_主副食品_
		福州市发展和改革委员会
	",上海青,新鲜,元/500克,3.22,,,,,福州市主副食品集超均价表，集超均价,,,https://fgw.fuzhou.gov.cn/fgwzwgk/fzgggz/jgysf/msspjgxq/zfsp/202607/t20260708_5344152.htm
福州市,2026年7月8日,"
		2026年7月8日福州市主副食品集超均价表_主副食品_
		福州市发展和改革委员会
	",冻带鱼,冷冻,元/500克,22.17,,,,,福州市主副食品集超均价表，集超均价,,,https://fgw.fuzhou.gov.cn/fgwzwgk/fzgggz/jgysf/msspjgxq/zfsp/202607/t20260708_5344152.htm
福州市,2026年7月8日,"
		2026年7月8日福州市主副食品集超均价表_主副食品_
		福州市发展和改革委员会
	",圆白菜,新鲜,元/500克,2.05,,,,,福州市主副食品集超均价表，集超均价,,,https://fgw.fuzhou.gov.cn/fgwzwgk/fzgggz/jgysf/msspjgxq/zfsp/202607/t20260708_5344152.htm
福州市,2026年7月8日,"
		2026年7月8日福州市主副食品集超均价表_主副食品_
		福州市发展和改革委员会
	",土豆,新鲜,元/500克,2.27,,,,,福州市主副食品集超均价表，集超均价,,,https://fgw.fuzhou.gov.cn/fgwzwgk/fzgggz/jgysf/msspjgxq/zfsp/202607/t20260708_5344152.htm
福州市,2026年7月8日,"
		2026年7月8日福州市主副食品集超均价表_主副食品_
		福州市发展和改革委员会
	",大白菜,新鲜,元/500克,2.07,,,,,福州市主副食品集超均价表，集超均价,,,https://fgw.fuzhou.gov.cn/fgwzwgk/fzgggz/jgysf/msspjgxq/zfsp/202607/t20260708_5344152.htm
福州市,2026年7月8日,"
		2026年7月8日福州市主副食品集超均价表_主副食品_
		福州市发展和改革委员会
	",大豆油,桶装一级,元/5升,60.10,,,,,福州市主副食品集超均价表，集超均价,,,https://fgw.fuzhou.gov.cn/fgwzwgk/fzgggz/jgysf/msspjgxq/zfsp/202607/t20260708_5344152.htm
福州市,2026年7月8日,"
		2026年7月8日福州市主副食品集超均价表_主副食品_
		福州市发展和改革委员会
	",富强粉,,元/500克,3.57,,,,,福州市主副食品集超均价表，集超均价,,,https://fgw.fuzhou.gov.cn/fgwzwgk/fzgggz/jgysf/msspjgxq/zfsp/202607/t20260708_5344152.htm
福州市,2026年7月8日,"
		2026年7月8日福州市主副食品集超均价表_主副食品_
		福州市发展和改革委员会
	",尖椒,新鲜,元/500克,5.21,,,,,福州市主副食品集超均价表，集超均价,,,https://fgw.fuzhou.gov.cn/fgwzwgk/fzgggz/jgysf/msspjgxq/zfsp/202607/t20260708_5344152.htm
福州市,2026年7月8日,"
		2026年7月8日福州市主副食品集超均价表_主副食品_
		福州市发展和改革委员会
	",晚籼米,标一,元/500克,2.68,,,,,福州市主副食品集超均价表，集超均价,,,https://fgw.fuzhou.gov.cn/fgwzwgk/fzgggz/jgysf/msspjgxq/zfsp/202607/t20260708_5344152.htm
福州市,2026年7月8日,"
		2026年7月8日福州市主副食品集超均价表_主副食品_
		福州市发展和改革委员会
	",普通鸡蛋,新鲜完整,元/500克,6.32,,,,,福州市主副食品集超均价表，集超均价,,,https://fgw.fuzhou.gov.cn/fgwzwgk/fzgggz/jgysf/msspjgxq/zfsp/202607/t20260708_5344152.htm
福州市,2026年7月8日,"
		2026年7月8日福州市主副食品集超均价表_主副食品_
		福州市发展和改革委员会
	",普通鸭蛋,新鲜完整,元/500克,8.03,,,,,福州市主副食品集超均价表，集超均价,,,https://fgw.fuzhou.gov.cn/fgwzwgk/fzgggz/jgysf/msspjgxq/zfsp/202607/t20260708_5344152.htm
福州市,2026年7月8日,"
		2026年7月8日福州市主副食品集超均价表_主副食品_
		福州市发展和改革委员会
	",标准粉,,元/500克,2.51,,,,,福州市主副食品集超均价表，集超均价,,,https://fgw.fuzhou.gov.cn/fgwzwgk/fzgggz/jgysf/msspjgxq/zfsp/202607/t20260708_5344152.htm
福州市,2026年7月8日,"
		2026年7月8日福州市主副食品集超均价表_主副食品_
		福州市发展和改革委员会
	",梨,新鲜,元/500克,5.62,,,,,福州市主副食品集超均价表，集超均价,,,https://fgw.fuzhou.gov.cn/fgwzwgk/fzgggz/jgysf/msspjgxq/zfsp/202607/t20260708_5344152.htm
福州市,2026年7月8日,"
		2026年7月8日福州市主副食品集超均价表_主副食品_
		福州市发展和改革委员会
	",油菜(菜心),新鲜,元/500克,3.68,,,,,福州市主副食品集超均价表，集超均价,,,https://fgw.fuzhou.gov.cn/fgwzwgk/fzgggz/jgysf/msspjgxq/zfsp/202607/t20260708_5344152.htm
福州市,2026年7月8日,"
		2026年7月8日福州市主副食品集超均价表_主副食品_
		福州市发展和改革委员会
	",活明虾,鲜活,元/500克,29.10,,,,,福州市主副食品集超均价表，集超均价,,,https://fgw.fuzhou.gov.cn/fgwzwgk/fzgggz/jgysf/msspjgxq/zfsp/202607/t20260708_5344152.htm
福州市,2026年7月8日,"
		2026年7月8日福州市主副食品集超均价表_主副食品_
		福州市发展和改革委员会
	",活花蛤,鲜活,元/500克,10.08,,,,,福州市主副食品集超均价表，集超均价,,,https://fgw.fuzhou.gov.cn/fgwzwgk/fzgggz/jgysf/msspjgxq/zfsp/202607/t20260708_5344152.htm
福州市,2026年7月8日,"
		2026年7月8日福州市主副食品集超均价表_主副食品_
		福州市发展和改革委员会
	",活草鱼,鲜活,元/500克,12.25,,,,,福州市主副食品集超均价表，集超均价,,,https://fgw.fuzhou.gov.cn/fgwzwgk/fzgggz/jgysf/msspjgxq/zfsp/202607/t20260708_5344152.htm
福州市,2026年7月8日,"
		2026年7月8日福州市主副食品集超均价表_主副食品_
		福州市发展和改革委员会
	",活鳙鱼（大头鲢）,鲜活,元/500克,13.98,,,,,福州市主副食品集超均价表，集超均价,,,https://fgw.fuzhou.gov.cn/fgwzwgk/fzgggz/jgysf/msspjgxq/zfsp/202607/t20260708_5344152.htm
福州市,2026年7月8日,"
		2026年7月8日福州市主副食品集超均价表_主副食品_
		福州市发展和改革委员会
	",牛肉,去骨肉,元/500克,45.79,,,,,福州市主副食品集超均价表，集超均价,,,https://fgw.fuzhou.gov.cn/fgwzwgk/fzgggz/jgysf/msspjgxq/zfsp/202607/t20260708_5344152.htm
福州市,2026年7月8日,"
		2026年7月8日福州市主副食品集超均价表_主副食品_
		福州市发展和改革委员会
	",猪瘦肉,新鲜,元/500克,14.62,,,,,福州市主副食品集超均价表，集超均价,,,https://fgw.fuzhou.gov.cn/fgwzwgk/fzgggz/jgysf/msspjgxq/zfsp/202607/t20260708_5344152.htm
福州市,2026年7月8日,"
		2026年7月8日福州市主副食品集超均价表_主副食品_
		福州市发展和改革委员会
	",猪肋条肉,新鲜,元/500克,15.44,,,,,福州市主副食品集超均价表，集超均价,,,https://fgw.fuzhou.gov.cn/fgwzwgk/fzgggz/jgysf/msspjgxq/zfsp/202607/t20260708_5344152.htm
福州市,2026年7月8日,"
		2026年7月8日福州市主副食品集超均价表_主副食品_
		福州市发展和改革委员会
	",白萝卜,新鲜,元/500克,1.74,,,,,福州市主副食品集超均价表，集超均价,,,https://fgw.fuzhou.gov.cn/fgwzwgk/fzgggz/jgysf/msspjgxq/zfsp/202607/t20260708_5344152.htm
福州市,2026年7月8日,"
		2026年7月8日福州市主副食品集超均价表_主副食品_
		福州市发展和改革委员会
	",空心菜,新鲜,元/500克,3.27,,,,,福州市主副食品集超均价表，集超均价,,,https://fgw.fuzhou.gov.cn/fgwzwgk/fzgggz/jgysf/msspjgxq/zfsp/202607/t20260708_5344152.htm
福州市,2026年7月8日,"
		2026年7月8日福州市主副食品集超均价表_主副食品_
		福州市发展和改革委员会
	",粳米,标一,元/500克,2.97,,,,,福州市主副食品集超均价表，集超均价,,,https://fgw.fuzhou.gov.cn/fgwzwgk/fzgggz/jgysf/msspjgxq/zfsp/202607/t20260708_5344152.htm
福州市,2026年7月8日,"
		2026年7月8日福州市主副食品集超均价表_主副食品_
		福州市发展和改革委员会
	",红萝卜,新鲜,元/500克,2.28,,,,,福州市主副食品集超均价表，集超均价,,,https://fgw.fuzhou.gov.cn/fgwzwgk/fzgggz/jgysf/msspjgxq/zfsp/202607/t20260708_5344152.htm
福州市,2026年7月8日,"
		2026年7月8日福州市主副食品集超均价表_主副食品_
		福州市发展和改革委员会
	",纯牛奶,盒装,元/盒(250毫升),2.70,,,,,福州市主副食品集超均价表，集超均价,,,https://fgw.fuzhou.gov.cn/fgwzwgk/fzgggz/jgysf/msspjgxq/zfsp/202607/t20260708_5344152.htm
福州市,2026年7月8日,"
		2026年7月8日福州市主副食品集超均价表_主副食品_
		福州市发展和改革委员会
	",羊肉,带骨肉,元/500克,44.76,,,,,福州市主副食品集超均价表，集超均价,,,https://fgw.fuzhou.gov.cn/fgwzwgk/fzgggz/jgysf/msspjgxq/zfsp/202607/t20260708_5344152.htm
福州市,2026年7月8日,"
		2026年7月8日福州市主副食品集超均价表_主副食品_
		福州市发展和改革委员会
	",脐橙,新鲜,元/500克,4.75,,,,,福州市主副食品集超均价表，集超均价,,,https://fgw.fuzhou.gov.cn/fgwzwgk/fzgggz/jgysf/msspjgxq/zfsp/202607/t20260708_5344152.htm
福州市,2026年7月8日,"
		2026年7月8日福州市主副食品集超均价表_主副食品_
		福州市发展和改革委员会
	",花生油,桶装一级,元/5升,105.79,,,,,福州市主副食品集超均价表，集超均价,,,https://fgw.fuzhou.gov.cn/fgwzwgk/fzgggz/jgysf/msspjgxq/zfsp/202607/t20260708_5344152.htm
福州市,2026年7月8日,"
		2026年7月8日福州市主副食品集超均价表_主副食品_
		福州市发展和改革委员会
	",花菜,新鲜,元/500克,4.76,,,,,福州市主副食品集超均价表，集超均价,,,https://fgw.fuzhou.gov.cn/fgwzwgk/fzgggz/jgysf/msspjgxq/zfsp/202607/t20260708_5344152.htm
福州市,2026年7月8日,"
		2026年7月8日福州市主副食品集超均价表_主副食品_
		福州市发展和改革委员会
	",芹菜,新鲜,元/500克,6.30,,,,,福州市主副食品集超均价表，集超均价,,,https://fgw.fuzhou.gov.cn/fgwzwgk/fzgggz/jgysf/msspjgxq/zfsp/202607/t20260708_5344152.htm
福州市,2026年7月8日,"
		2026年7月8日福州市主副食品集超均价表_主副食品_
		福州市发展和改革委员会
	",苹果,新鲜,元/500克,8.29,,,,,福州市主副食品集超均价表，集超均价,,,https://fgw.fuzhou.gov.cn/fgwzwgk/fzgggz/jgysf/msspjgxq/zfsp/202607/t20260708_5344152.htm
福州市,2026年7月8日,"
		2026年7月8日福州市主副食品集超均价表_主副食品_
		福州市发展和改革委员会
	",茄子,新鲜,元/500克,4.01,,,,,福州市主副食品集超均价表，集超均价,,,https://fgw.fuzhou.gov.cn/fgwzwgk/fzgggz/jgysf/msspjgxq/zfsp/202607/t20260708_5344152.htm
福州市,2026年7月8日,"
		2026年7月8日福州市主副食品集超均价表_主副食品_
		福州市发展和改革委员会
	",菜籽油,桶装一级,元/5升,71.03,,,,,福州市主副食品集超均价表，集超均价,,,https://fgw.fuzhou.gov.cn/fgwzwgk/fzgggz/jgysf/msspjgxq/zfsp/202607/t20260708_5344152.htm
福州市,2026年7月8日,"
		2026年7月8日福州市主副食品集超均价表_主副食品_
		福州市发展和改革委员会
	",蒜苔,新鲜,元/500克,7.81,,,,,福州市主副食品集超均价表，集超均价,,,https://fgw.fuzhou.gov.cn/fgwzwgk/fzgggz/jgysf/msspjgxq/zfsp/202607/t20260708_5344152.htm
福州市,2026年7月8日,"
		2026年7月8日福州市主副食品集超均价表_主副食品_
		福州市发展和改革委员会
	",西红柿,新鲜,元/500克,3.87,,,,,福州市主副食品集超均价表，集超均价,,,https://fgw.fuzhou.gov.cn/fgwzwgk/fzgggz/jgysf/msspjgxq/zfsp/202607/t20260708_5344152.htm
福州市,2026年7月8日,"
		2026年7月8日福州市主副食品集超均价表_主副食品_
		福州市发展和改革委员会
	",调和油,桶装一级,元/5升,66.17,,,,,福州市主副食品集超均价表，集超均价,,,https://fgw.fuzhou.gov.cn/fgwzwgk/fzgggz/jgysf/msspjgxq/zfsp/202607/t20260708_5344152.htm
福州市,2026年7月8日,"
		2026年7月8日福州市主副食品集超均价表_主副食品_
		福州市发展和改革委员会
	",豆角,新鲜,元/500克,6.00,,,,,福州市主副食品集超均价表，集超均价,,,https://fgw.fuzhou.gov.cn/fgwzwgk/fzgggz/jgysf/msspjgxq/zfsp/202607/t20260708_5344152.htm
福州市,2026年7月8日,"
		2026年7月8日福州市主副食品集超均价表_主副食品_
		福州市发展和改革委员会
	",青椒,新鲜,元/500克,5.75,,,,,福州市主副食品集超均价表，集超均价,,,https://fgw.fuzhou.gov.cn/fgwzwgk/fzgggz/jgysf/msspjgxq/zfsp/202607/t20260708_5344152.htm
福州市,2026年7月8日,"
		2026年7月8日福州市主副食品集超均价表_主副食品_
		福州市发展和改革委员会
	",韭菜,新鲜,元/500克,5.68,,,,,福州市主副食品集超均价表，集超均价,,,https://fgw.fuzhou.gov.cn/fgwzwgk/fzgggz/jgysf/msspjgxq/zfsp/202607/t20260708_5344152.htm
福州市,2026年7月8日,"
		2026年7月8日福州市主副食品集超均价表_主副食品_
		福州市发展和改革委员会
	",香蕉,新鲜,元/500克,4.87,,,,,福州市主副食品集超均价表，集超均价,,,https://fgw.fuzhou.gov.cn/fgwzwgk/fzgggz/jgysf/msspjgxq/zfsp/202607/t20260708_5344152.htm
福州市,2026年7月8日,"
		2026年7月8日福州市主副食品集超均价表_主副食品_
		福州市发展和改革委员会
	",马胶鱼,冰鲜,元/500克,28.85,,,,,福州市主副食品集超均价表，集超均价,,,https://fgw.fuzhou.gov.cn/fgwzwgk/fzgggz/jgysf/msspjgxq/zfsp/202607/t20260708_5344152.htm
福州市,2026年7月8日,"
		2026年7月8日福州市主副食品集超均价表_主副食品_
		福州市发展和改革委员会
	",鱿鱼,冰鲜,元/500克,49.87,,,,,福州市主副食品集超均价表，集超均价,,,https://fgw.fuzhou.gov.cn/fgwzwgk/fzgggz/jgysf/msspjgxq/zfsp/202607/t20260708_5344152.htm
福州市,2026年7月8日,"
		2026年7月8日福州市主副食品集超均价表_主副食品_
		福州市发展和改革委员会
	",鸡肉,白条鸡,元/500克,15.10,,,,,福州市主副食品集超均价表，集超均价,,,https://fgw.fuzhou.gov.cn/fgwzwgk/fzgggz/jgysf/msspjgxq/zfsp/202607/t20260708_5344152.htm
福州市,2026年7月8日,"
		2026年7月8日福州市主副食品集超均价表_主副食品_
		福州市发展和改革委员会
	",鸭肉,白条鸭,元/500克,16.54,,,,,福州市主副食品集超均价表，集超均价,,,https://fgw.fuzhou.gov.cn/fgwzwgk/fzgggz/jgysf/msspjgxq/zfsp/202607/t20260708_5344152.htm
福州市,2026年7月8日,"
		2026年7月8日福州市主副食品集超均价表_主副食品_
		福州市发展和改革委员会
	",黄瓜,新鲜,元/500克,2.59,,,,,福州市主副食品集超均价表，集超均价,,,https://fgw.fuzhou.gov.cn/fgwzwgk/fzgggz/jgysf/msspjgxq/zfsp/202607/t20260708_5344152.htm
福州市,2026年7月8日,"
		2026年7月8日福州市主副食品集超均价表_主副食品_
		福州市发展和改革委员会
	",黄瓜鱼,冰鲜,元/500克,28.02,,,,,福州市主副食品集超均价表，集超均价,,,https://fgw.fuzhou.gov.cn/fgwzwgk/fzgggz/jgysf/msspjgxq/zfsp/202607/t20260708_5344152.htm
福州市,2026年7月9日,"
		2026年7月9日福州市主副食品集超均价表_主副食品_
		福州市发展和改革委员会
	",上海青,新鲜,元/500克,3.24,,,,,福州市主副食品集超均价表，集超均价,,,https://fgw.fuzhou.gov.cn/fgwzwgk/fzgggz/jgysf/msspjgxq/zfsp/202607/t20260709_5344563.htm
福州市,2026年7月9日,"
		2026年7月9日福州市主副食品集超均价表_主副食品_
		福州市发展和改革委员会
	",冻带鱼,冷冻,元/500克,22.17,,,,,福州市主副食品集超均价表，集超均价,,,https://fgw.fuzhou.gov.cn/fgwzwgk/fzgggz/jgysf/msspjgxq/zfsp/202607/t20260709_5344563.htm
福州市,2026年7月9日,"
		2026年7月9日福州市主副食品集超均价表_主副食品_
		福州市发展和改革委员会
	",圆白菜,新鲜,元/500克,2.02,,,,,福州市主副食品集超均价表，集超均价,,,https://fgw.fuzhou.gov.cn/fgwzwgk/fzgggz/jgysf/msspjgxq/zfsp/202607/t20260709_5344563.htm
福州市,2026年7月9日,"
		2026年7月9日福州市主副食品集超均价表_主副食品_
		福州市发展和改革委员会
	",土豆,新鲜,元/500克,2.25,,,,,福州市主副食品集超均价表，集超均价,,,https://fgw.fuzhou.gov.cn/fgwzwgk/fzgggz/jgysf/msspjgxq/zfsp/202607/t20260709_5344563.htm
福州市,2026年7月9日,"
		2026年7月9日福州市主副食品集超均价表_主副食品_
		福州市发展和改革委员会
	",大白菜,新鲜,元/500克,2.08,,,,,福州市主副食品集超均价表，集超均价,,,https://fgw.fuzhou.gov.cn/fgwzwgk/fzgggz/jgysf/msspjgxq/zfsp/202607/t20260709_5344563.htm
福州市,2026年7月9日,"
		2026年7月9日福州市主副食品集超均价表_主副食品_
		福州市发展和改革委员会
	",大豆油,桶装一级,元/5升,60.10,,,,,福州市主副食品集超均价表，集超均价,,,https://fgw.fuzhou.gov.cn/fgwzwgk/fzgggz/jgysf/msspjgxq/zfsp/202607/t20260709_5344563.htm
福州市,2026年7月9日,"
		2026年7月9日福州市主副食品集超均价表_主副食品_
		福州市发展和改革委员会
	",富强粉,,元/500克,3.57,,,,,福州市主副食品集超均价表，集超均价,,,https://fgw.fuzhou.gov.cn/fgwzwgk/fzgggz/jgysf/msspjgxq/zfsp/202607/t20260709_5344563.htm
福州市,2026年7月9日,"
		2026年7月9日福州市主副食品集超均价表_主副食品_
		福州市发展和改革委员会
	",尖椒,新鲜,元/500克,5.21,,,,,福州市主副食品集超均价表，集超均价,,,https://fgw.fuzhou.gov.cn/fgwzwgk/fzgggz/jgysf/msspjgxq/zfsp/202607/t20260709_5344563.htm
福州市,2026年7月9日,"
		2026年7月9日福州市主副食品集超均价表_主副食品_
		福州市发展和改革委员会
	",晚籼米,标一,元/500克,2.68,,,,,福州市主副食品集超均价表，集超均价,,,https://fgw.fuzhou.gov.cn/fgwzwgk/fzgggz/jgysf/msspjgxq/zfsp/202607/t20260709_5344563.htm
福州市,2026年7月9日,"
		2026年7月9日福州市主副食品集超均价表_主副食品_
		福州市发展和改革委员会
	",普通鸡蛋,新鲜完整,元/500克,6.30,,,,,福州市主副食品集超均价表，集超均价,,,https://fgw.fuzhou.gov.cn/fgwzwgk/fzgggz/jgysf/msspjgxq/zfsp/202607/t20260709_5344563.htm
福州市,2026年7月9日,"
		2026年7月9日福州市主副食品集超均价表_主副食品_
		福州市发展和改革委员会
	",普通鸭蛋,新鲜完整,元/500克,8.07,,,,,福州市主副食品集超均价表，集超均价,,,https://fgw.fuzhou.gov.cn/fgwzwgk/fzgggz/jgysf/msspjgxq/zfsp/202607/t20260709_5344563.htm
福州市,2026年7月9日,"
		2026年7月9日福州市主副食品集超均价表_主副食品_
		福州市发展和改革委员会
	",标准粉,,元/500克,2.43,,,,,福州市主副食品集超均价表，集超均价,,,https://fgw.fuzhou.gov.cn/fgwzwgk/fzgggz/jgysf/msspjgxq/zfsp/202607/t20260709_5344563.htm
福州市,2026年7月9日,"
		2026年7月9日福州市主副食品集超均价表_主副食品_
		福州市发展和改革委员会
	",梨,新鲜,元/500克,5.62,,,,,福州市主副食品集超均价表，集超均价,,,https://fgw.fuzhou.gov.cn/fgwzwgk/fzgggz/jgysf/msspjgxq/zfsp/202607/t20260709_5344563.htm
福州市,2026年7月9日,"
		2026年7月9日福州市主副食品集超均价表_主副食品_
		福州市发展和改革委员会
	",油菜(菜心),新鲜,元/500克,3.68,,,,,福州市主副食品集超均价表，集超均价,,,https://fgw.fuzhou.gov.cn/fgwzwgk/fzgggz/jgysf/msspjgxq/zfsp/202607/t20260709_5344563.htm
福州市,2026年7月9日,"
		2026年7月9日福州市主副食品集超均价表_主副食品_
		福州市发展和改革委员会
	",活明虾,鲜活,元/500克,29.24,,,,,福州市主副食品集超均价表，集超均价,,,https://fgw.fuzhou.gov.cn/fgwzwgk/fzgggz/jgysf/msspjgxq/zfsp/202607/t20260709_5344563.htm
福州市,2026年7月9日,"
		2026年7月9日福州市主副食品集超均价表_主副食品_
		福州市发展和改革委员会
	",活花蛤,鲜活,元/500克,10.22,,,,,福州市主副食品集超均价表，集超均价,,,https://fgw.fuzhou.gov.cn/fgwzwgk/fzgggz/jgysf/msspjgxq/zfsp/202607/t20260709_5344563.htm
福州市,2026年7月9日,"
		2026年7月9日福州市主副食品集超均价表_主副食品_
		福州市发展和改革委员会
	",活草鱼,鲜活,元/500克,12.03,,,,,福州市主副食品集超均价表，集超均价,,,https://fgw.fuzhou.gov.cn/fgwzwgk/fzgggz/jgysf/msspjgxq/zfsp/202607/t20260709_5344563.htm
福州市,2026年7月9日,"
		2026年7月9日福州市主副食品集超均价表_主副食品_
		福州市发展和改革委员会
	",活鳙鱼（大头鲢）,鲜活,元/500克,13.98,,,,,福州市主副食品集超均价表，集超均价,,,https://fgw.fuzhou.gov.cn/fgwzwgk/fzgggz/jgysf/msspjgxq/zfsp/202607/t20260709_5344563.htm
福州市,2026年7月9日,"
		2026年7月9日福州市主副食品集超均价表_主副食品_
		福州市发展和改革委员会
	",牛肉,去骨肉,元/500克,45.79,,,,,福州市主副食品集超均价表，集超均价,,,https://fgw.fuzhou.gov.cn/fgwzwgk/fzgggz/jgysf/msspjgxq/zfsp/202607/t20260709_5344563.htm
福州市,2026年7月9日,"
		2026年7月9日福州市主副食品集超均价表_主副食品_
		福州市发展和改革委员会
	",猪瘦肉,新鲜,元/500克,14.93,,,,,福州市主副食品集超均价表，集超均价,,,https://fgw.fuzhou.gov.cn/fgwzwgk/fzgggz/jgysf/msspjgxq/zfsp/202607/t20260709_5344563.htm
福州市,2026年7月9日,"
		2026年7月9日福州市主副食品集超均价表_主副食品_
		福州市发展和改革委员会
	",猪肋条肉,新鲜,元/500克,15.65,,,,,福州市主副食品集超均价表，集超均价,,,https://fgw.fuzhou.gov.cn/fgwzwgk/fzgggz/jgysf/msspjgxq/zfsp/202607/t20260709_5344563.htm
福州市,2026年7月9日,"
		2026年7月9日福州市主副食品集超均价表_主副食品_
		福州市发展和改革委员会
	",白萝卜,新鲜,元/500克,1.71,,,,,福州市主副食品集超均价表，集超均价,,,https://fgw.fuzhou.gov.cn/fgwzwgk/fzgggz/jgysf/msspjgxq/zfsp/202607/t20260709_5344563.htm
福州市,2026年7月9日,"
		2026年7月9日福州市主副食品集超均价表_主副食品_
		福州市发展和改革委员会
	",空心菜,新鲜,元/500克,3.34,,,,,福州市主副食品集超均价表，集超均价,,,https://fgw.fuzhou.gov.cn/fgwzwgk/fzgggz/jgysf/msspjgxq/zfsp/202607/t20260709_5344563.htm
福州市,2026年7月9日,"
		2026年7月9日福州市主副食品集超均价表_主副食品_
		福州市发展和改革委员会
	",粳米,标一,元/500克,2.97,,,,,福州市主副食品集超均价表，集超均价,,,https://fgw.fuzhou.gov.cn/fgwzwgk/fzgggz/jgysf/msspjgxq/zfsp/202607/t20260709_5344563.htm
福州市,2026年7月9日,"
		2026年7月9日福州市主副食品集超均价表_主副食品_
		福州市发展和改革委员会
	",红萝卜,新鲜,元/500克,2.28,,,,,福州市主副食品集超均价表，集超均价,,,https://fgw.fuzhou.gov.cn/fgwzwgk/fzgggz/jgysf/msspjgxq/zfsp/202607/t20260709_5344563.htm
福州市,2026年7月9日,"
		2026年7月9日福州市主副食品集超均价表_主副食品_
		福州市发展和改革委员会
	",纯牛奶,盒装,元/盒(250毫升),2.70,,,,,福州市主副食品集超均价表，集超均价,,,https://fgw.fuzhou.gov.cn/fgwzwgk/fzgggz/jgysf/msspjgxq/zfsp/202607/t20260709_5344563.htm
福州市,2026年7月9日,"
		2026年7月9日福州市主副食品集超均价表_主副食品_
		福州市发展和改革委员会
	",羊肉,带骨肉,元/500克,44.76,,,,,福州市主副食品集超均价表，集超均价,,,https://fgw.fuzhou.gov.cn/fgwzwgk/fzgggz/jgysf/msspjgxq/zfsp/202607/t20260709_5344563.htm
福州市,2026年7月9日,"
		2026年7月9日福州市主副食品集超均价表_主副食品_
		福州市发展和改革委员会
	",脐橙,新鲜,元/500克,4.75,,,,,福州市主副食品集超均价表，集超均价,,,https://fgw.fuzhou.gov.cn/fgwzwgk/fzgggz/jgysf/msspjgxq/zfsp/202607/t20260709_5344563.htm
福州市,2026年7月9日,"
		2026年7月9日福州市主副食品集超均价表_主副食品_
		福州市发展和改革委员会
	",花生油,桶装一级,元/5升,105.79,,,,,福州市主副食品集超均价表，集超均价,,,https://fgw.fuzhou.gov.cn/fgwzwgk/fzgggz/jgysf/msspjgxq/zfsp/202607/t20260709_5344563.htm
福州市,2026年7月9日,"
		2026年7月9日福州市主副食品集超均价表_主副食品_
		福州市发展和改革委员会
	",花菜,新鲜,元/500克,4.87,,,,,福州市主副食品集超均价表，集超均价,,,https://fgw.fuzhou.gov.cn/fgwzwgk/fzgggz/jgysf/msspjgxq/zfsp/202607/t20260709_5344563.htm
福州市,2026年7月9日,"
		2026年7月9日福州市主副食品集超均价表_主副食品_
		福州市发展和改革委员会
	",芹菜,新鲜,元/500克,6.30,,,,,福州市主副食品集超均价表，集超均价,,,https://fgw.fuzhou.gov.cn/fgwzwgk/fzgggz/jgysf/msspjgxq/zfsp/202607/t20260709_5344563.htm
福州市,2026年7月9日,"
		2026年7月9日福州市主副食品集超均价表_主副食品_
		福州市发展和改革委员会
	",苹果,新鲜,元/500克,8.33,,,,,福州市主副食品集超均价表，集超均价,,,https://fgw.fuzhou.gov.cn/fgwzwgk/fzgggz/jgysf/msspjgxq/zfsp/202607/t20260709_5344563.htm
福州市,2026年7月9日,"
		2026年7月9日福州市主副食品集超均价表_主副食品_
		福州市发展和改革委员会
	",茄子,新鲜,元/500克,4.07,,,,,福州市主副食品集超均价表，集超均价,,,https://fgw.fuzhou.gov.cn/fgwzwgk/fzgggz/jgysf/msspjgxq/zfsp/202607/t20260709_5344563.htm
福州市,2026年7月9日,"
		2026年7月9日福州市主副食品集超均价表_主副食品_
		福州市发展和改革委员会
	",菜籽油,桶装一级,元/5升,71.03,,,,,福州市主副食品集超均价表，集超均价,,,https://fgw.fuzhou.gov.cn/fgwzwgk/fzgggz/jgysf/msspjgxq/zfsp/202607/t20260709_5344563.htm
福州市,2026年7月9日,"
		2026年7月9日福州市主副食品集超均价表_主副食品_
		福州市发展和改革委员会
	",蒜苔,新鲜,元/500克,7.89,,,,,福州市主副食品集超均价表，集超均价,,,https://fgw.fuzhou.gov.cn/fgwzwgk/fzgggz/jgysf/msspjgxq/zfsp/202607/t20260709_5344563.htm
福州市,2026年7月9日,"
		2026年7月9日福州市主副食品集超均价表_主副食品_
		福州市发展和改革委员会
	",西红柿,新鲜,元/500克,3.97,,,,,福州市主副食品集超均价表，集超均价,,,https://fgw.fuzhou.gov.cn/fgwzwgk/fzgggz/jgysf/msspjgxq/zfsp/202607/t20260709_5344563.htm
福州市,2026年7月9日,"
		2026年7月9日福州市主副食品集超均价表_主副食品_
		福州市发展和改革委员会
	",调和油,桶装一级,元/5升,66.17,,,,,福州市主副食品集超均价表，集超均价,,,https://fgw.fuzhou.gov.cn/fgwzwgk/fzgggz/jgysf/msspjgxq/zfsp/202607/t20260709_5344563.htm
福州市,2026年7月9日,"
		2026年7月9日福州市主副食品集超均价表_主副食品_
		福州市发展和改革委员会
	",豆角,新鲜,元/500克,6.00,,,,,福州市主副食品集超均价表，集超均价,,,https://fgw.fuzhou.gov.cn/fgwzwgk/fzgggz/jgysf/msspjgxq/zfsp/202607/t20260709_5344563.htm
福州市,2026年7月9日,"
		2026年7月9日福州市主副食品集超均价表_主副食品_
		福州市发展和改革委员会
	",青椒,新鲜,元/500克,5.78,,,,,福州市主副食品集超均价表，集超均价,,,https://fgw.fuzhou.gov.cn/fgwzwgk/fzgggz/jgysf/msspjgxq/zfsp/202607/t20260709_5344563.htm
福州市,2026年7月9日,"
		2026年7月9日福州市主副食品集超均价表_主副食品_
		福州市发展和改革委员会
	",韭菜,新鲜,元/500克,5.71,,,,,福州市主副食品集超均价表，集超均价,,,https://fgw.fuzhou.gov.cn/fgwzwgk/fzgggz/jgysf/msspjgxq/zfsp/202607/t20260709_5344563.htm
福州市,2026年7月9日,"
		2026年7月9日福州市主副食品集超均价表_主副食品_
		福州市发展和改革委员会
	",香蕉,新鲜,元/500克,4.87,,,,,福州市主副食品集超均价表，集超均价,,,https://fgw.fuzhou.gov.cn/fgwzwgk/fzgggz/jgysf/msspjgxq/zfsp/202607/t20260709_5344563.htm
福州市,2026年7月9日,"
		2026年7月9日福州市主副食品集超均价表_主副食品_
		福州市发展和改革委员会
	",马胶鱼,冰鲜,元/500克,28.92,,,,,福州市主副食品集超均价表，集超均价,,,https://fgw.fuzhou.gov.cn/fgwzwgk/fzgggz/jgysf/msspjgxq/zfsp/202607/t20260709_5344563.htm
福州市,2026年7月9日,"
		2026年7月9日福州市主副食品集超均价表_主副食品_
		福州市发展和改革委员会
	",鱿鱼,冰鲜,元/500克,49.87,,,,,福州市主副食品集超均价表，集超均价,,,https://fgw.fuzhou.gov.cn/fgwzwgk/fzgggz/jgysf/msspjgxq/zfsp/202607/t20260709_5344563.htm
福州市,2026年7月9日,"
		2026年7月9日福州市主副食品集超均价表_主副食品_
		福州市发展和改革委员会
	",鸡肉,白条鸡,元/500克,15.24,,,,,福州市主副食品集超均价表，集超均价,,,https://fgw.fuzhou.gov.cn/fgwzwgk/fzgggz/jgysf/msspjgxq/zfsp/202607/t20260709_5344563.htm
福州市,2026年7月9日,"
		2026年7月9日福州市主副食品集超均价表_主副食品_
		福州市发展和改革委员会
	",鸭肉,白条鸭,元/500克,16.69,,,,,福州市主副食品集超均价表，集超均价,,,https://fgw.fuzhou.gov.cn/fgwzwgk/fzgggz/jgysf/msspjgxq/zfsp/202607/t20260709_5344563.htm
福州市,2026年7月9日,"
		2026年7月9日福州市主副食品集超均价表_主副食品_
		福州市发展和改革委员会
	",黄瓜,新鲜,元/500克,2.67,,,,,福州市主副食品集超均价表，集超均价,,,https://fgw.fuzhou.gov.cn/fgwzwgk/fzgggz/jgysf/msspjgxq/zfsp/202607/t20260709_5344563.htm
福州市,2026年7月9日,"
		2026年7月9日福州市主副食品集超均价表_主副食品_
		福州市发展和改革委员会
	",黄瓜鱼,冰鲜,元/500克,28.02,,,,,福州市主副食品集超均价表，集超均价,,,https://fgw.fuzhou.gov.cn/fgwzwgk/fzgggz/jgysf/msspjgxq/zfsp/202607/t20260709_5344563.htm
福州市,2026年8月10日,"
		2026年8月10日福州市主副食品集超均价表_主副食品_
		福州市发展和改革委员会
	",上海青,新鲜,元/500克,3.33,,,,,福州市主副食品集超均价表，集超均价,,,https://fgw.fuzhou.gov.cn/fgwzwgk/fzgggz/jgysf/msspjgxq/zfsp/202608/t20260810_5356345.htm
福州市,2026年8月10日,"
		2026年8月10日福州市主副食品集超均价表_主副食品_
		福州市发展和改革委员会
	",冻带鱼,冷冻,元/500克,22.21,,,,,福州市主副食品集超均价表，集超均价,,,https://fgw.fuzhou.gov.cn/fgwzwgk/fzgggz/jgysf/msspjgxq/zfsp/202608/t20260810_5356345.htm
福州市,2026年8月10日,"
		2026年8月10日福州市主副食品集超均价表_主副食品_
		福州市发展和改革委员会
	",圆白菜,新鲜,元/500克,2.14,,,,,福州市主副食品集超均价表，集超均价,,,https://fgw.fuzhou.gov.cn/fgwzwgk/fzgggz/jgysf/msspjgxq/zfsp/202608/t20260810_5356345.htm
福州市,2026年8月10日,"
		2026年8月10日福州市主副食品集超均价表_主副食品_
		福州市发展和改革委员会
	",土豆,新鲜,元/500克,2.25,,,,,福州市主副食品集超均价表，集超均价,,,https://fgw.fuzhou.gov.cn/fgwzwgk/fzgggz/jgysf/msspjgxq/zfsp/202608/t20260810_5356345.htm
福州市,2026年8月10日,"
		2026年8月10日福州市主副食品集超均价表_主副食品_
		福州市发展和改革委员会
	",大白菜,新鲜,元/500克,2.27,,,,,福州市主副食品集超均价表，集超均价,,,https://fgw.fuzhou.gov.cn/fgwzwgk/fzgggz/jgysf/msspjgxq/zfsp/202608/t20260810_5356345.htm
福州市,2026年8月10日,"
		2026年8月10日福州市主副食品集超均价表_主副食品_
		福州市发展和改革委员会
	",大豆油,桶装一级,元/5升,58.03,,,,,福州市主副食品集超均价表，集超均价,,,https://fgw.fuzhou.gov.cn/fgwzwgk/fzgggz/jgysf/msspjgxq/zfsp/202608/t20260810_5356345.htm
福州市,2026年8月10日,"
		2026年8月10日福州市主副食品集超均价表_主副食品_
		福州市发展和改革委员会
	",富强粉,,元/500克,3.57,,,,,福州市主副食品集超均价表，集超均价,,,https://fgw.fuzhou.gov.cn/fgwzwgk/fzgggz/jgysf/msspjgxq/zfsp/202608/t20260810_5356345.htm
福州市,2026年8月10日,"
		2026年8月10日福州市主副食品集超均价表_主副食品_
		福州市发展和改革委员会
	",尖椒,新鲜,元/500克,5.09,,,,,福州市主副食品集超均价表，集超均价,,,https://fgw.fuzhou.gov.cn/fgwzwgk/fzgggz/jgysf/msspjgxq/zfsp/202608/t20260810_5356345.htm
福州市,2026年8月10日,"
		2026年8月10日福州市主副食品集超均价表_主副食品_
		福州市发展和改革委员会
	",晚籼米,标一,元/500克,2.68,,,,,福州市主副食品集超均价表，集超均价,,,https://fgw.fuzhou.gov.cn/fgwzwgk/fzgggz/jgysf/msspjgxq/zfsp/202608/t20260810_5356345.htm
福州市,2026年8月10日,"
		2026年8月10日福州市主副食品集超均价表_主副食品_
		福州市发展和改革委员会
	",普通鸡蛋,新鲜完整,元/500克,6.57,,,,,福州市主副食品集超均价表，集超均价,,,https://fgw.fuzhou.gov.cn/fgwzwgk/fzgggz/jgysf/msspjgxq/zfsp/202608/t20260810_5356345.htm
福州市,2026年8月10日,"
		2026年8月10日福州市主副食品集超均价表_主副食品_
		福州市发展和改革委员会
	",普通鸭蛋,新鲜完整,元/500克,8.2,,,,,福州市主副食品集超均价表，集超均价,,,https://fgw.fuzhou.gov.cn/fgwzwgk/fzgggz/jgysf/msspjgxq/zfsp/202608/t20260810_5356345.htm
福州市,2026年8月10日,"
		2026年8月10日福州市主副食品集超均价表_主副食品_
		福州市发展和改革委员会
	",标准粉,,元/500克,2.49,,,,,福州市主副食品集超均价表，集超均价,,,https://fgw.fuzhou.gov.cn/fgwzwgk/fzgggz/jgysf/msspjgxq/zfsp/202608/t20260810_5356345.htm
福州市,2026年8月10日,"
		2026年8月10日福州市主副食品集超均价表_主副食品_
		福州市发展和改革委员会
	",梨,新鲜,元/500克,5.06,,,,,福州市主副食品集超均价表，集超均价,,,https://fgw.fuzhou.gov.cn/fgwzwgk/fzgggz/jgysf/msspjgxq/zfsp/202608/t20260810_5356345.htm
福州市,2026年8月10日,"
		2026年8月10日福州市主副食品集超均价表_主副食品_
		福州市发展和改革委员会
	",油菜(菜心),新鲜,元/500克,4.13,,,,,福州市主副食品集超均价表，集超均价,,,https://fgw.fuzhou.gov.cn/fgwzwgk/fzgggz/jgysf/msspjgxq/zfsp/202608/t20260810_5356345.htm
福州市,2026年8月10日,"
		2026年8月10日福州市主副食品集超均价表_主副食品_
		福州市发展和改革委员会
	",活明虾,鲜活,元/500克,28.53,,,,,福州市主副食品集超均价表，集超均价,,,https://fgw.fuzhou.gov.cn/fgwzwgk/fzgggz/jgysf/msspjgxq/zfsp/202608/t20260810_5356345.htm
福州市,2026年8月10日,"
		2026年8月10日福州市主副食品集超均价表_主副食品_
		福州市发展和改革委员会
	",活花蛤,鲜活,元/500克,10.15,,,,,福州市主副食品集超均价表，集超均价,,,https://fgw.fuzhou.gov.cn/fgwzwgk/fzgggz/jgysf/msspjgxq/zfsp/202608/t20260810_5356345.htm
福州市,2026年8月10日,"
		2026年8月10日福州市主副食品集超均价表_主副食品_
		福州市发展和改革委员会
	",活草鱼,鲜活,元/500克,11.52,,,,,福州市主副食品集超均价表，集超均价,,,https://fgw.fuzhou.gov.cn/fgwzwgk/fzgggz/jgysf/msspjgxq/zfsp/202608/t20260810_5356345.htm
福州市,2026年8月10日,"
		2026年8月10日福州市主副食品集超均价表_主副食品_
		福州市发展和改革委员会
	",活鳙鱼（大头鲢）,鲜活,元/500克,14.08,,,,,福州市主副食品集超均价表，集超均价,,,https://fgw.fuzhou.gov.cn/fgwzwgk/fzgggz/jgysf/msspjgxq/zfsp/202608/t20260810_5356345.htm
福州市,2026年8月10日,"
		2026年8月10日福州市主副食品集超均价表_主副食品_
		福州市发展和改革委员会
	",牛肉,去骨肉,元/500克,47.22,,,,,福州市主副食品集超均价表，集超均价,,,https://fgw.fuzhou.gov.cn/fgwzwgk/fzgggz/jgysf/msspjgxq/zfsp/202608/t20260810_5356345.htm
福州市,2026年8月10日,"
		2026年8月10日福州市主副食品集超均价表_主副食品_
		福州市发展和改革委员会
	",猪瘦肉,新鲜,元/500克,14.51,,,,,福州市主副食品集超均价表，集超均价,,,https://fgw.fuzhou.gov.cn/fgwzwgk/fzgggz/jgysf/msspjgxq/zfsp/202608/t20260810_5356345.htm
福州市,2026年8月10日,"
		2026年8月10日福州市主副食品集超均价表_主副食品_
		福州市发展和改革委员会
	",猪肋条肉,新鲜,元/500克,14.87,,,,,福州市主副食品集超均价表，集超均价,,,https://fgw.fuzhou.gov.cn/fgwzwgk/fzgggz/jgysf/msspjgxq/zfsp/202608/t20260810_5356345.htm
福州市,2026年8月10日,"
		2026年8月10日福州市主副食品集超均价表_主副食品_
		福州市发展和改革委员会
	",白萝卜,新鲜,元/500克,1.65,,,,,福州市主副食品集超均价表，集超均价,,,https://fgw.fuzhou.gov.cn/fgwzwgk/fzgggz/jgysf/msspjgxq/zfsp/202608/t20260810_5356345.htm
福州市,2026年8月10日,"
		2026年8月10日福州市主副食品集超均价表_主副食品_
		福州市发展和改革委员会
	",空心菜,新鲜,元/500克,2.99,,,,,福州市主副食品集超均价表，集超均价,,,https://fgw.fuzhou.gov.cn/fgwzwgk/fzgggz/jgysf/msspjgxq/zfsp/202608/t20260810_5356345.htm
福州市,2026年8月10日,"
		2026年8月10日福州市主副食品集超均价表_主副食品_
		福州市发展和改革委员会
	",粳米,标一,元/500克,2.97,,,,,福州市主副食品集超均价表，集超均价,,,https://fgw.fuzhou.gov.cn/fgwzwgk/fzgggz/jgysf/msspjgxq/zfsp/202608/t20260810_5356345.htm
福州市,2026年8月10日,"
		2026年8月10日福州市主副食品集超均价表_主副食品_
		福州市发展和改革委员会
	",红萝卜,新鲜,元/500克,2.23,,,,,福州市主副食品集超均价表，集超均价,,,https://fgw.fuzhou.gov.cn/fgwzwgk/fzgggz/jgysf/msspjgxq/zfsp/202608/t20260810_5356345.htm
福州市,2026年8月10日,"
		2026年8月10日福州市主副食品集超均价表_主副食品_
		福州市发展和改革委员会
	",纯牛奶,盒装,元/盒(250毫升),2.71,,,,,福州市主副食品集超均价表，集超均价,,,https://fgw.fuzhou.gov.cn/fgwzwgk/fzgggz/jgysf/msspjgxq/zfsp/202608/t20260810_5356345.htm
福州市,2026年8月10日,"
		2026年8月10日福州市主副食品集超均价表_主副食品_
		福州市发展和改革委员会
	",羊肉,带骨肉,元/500克,44.87,,,,,福州市主副食品集超均价表，集超均价,,,https://fgw.fuzhou.gov.cn/fgwzwgk/fzgggz/jgysf/msspjgxq/zfsp/202608/t20260810_5356345.htm
福州市,2026年8月10日,"
		2026年8月10日福州市主副食品集超均价表_主副食品_
		福州市发展和改革委员会
	",脐橙,新鲜,元/500克,4.85,,,,,福州市主副食品集超均价表，集超均价,,,https://fgw.fuzhou.gov.cn/fgwzwgk/fzgggz/jgysf/msspjgxq/zfsp/202608/t20260810_5356345.htm
福州市,2026年8月10日,"
		2026年8月10日福州市主副食品集超均价表_主副食品_
		福州市发展和改革委员会
	",花生油,桶装一级,元/5升,107.01,,,,,福州市主副食品集超均价表，集超均价,,,https://fgw.fuzhou.gov.cn/fgwzwgk/fzgggz/jgysf/msspjgxq/zfsp/202608/t20260810_5356345.htm
福州市,2026年8月10日,"
		2026年8月10日福州市主副食品集超均价表_主副食品_
		福州市发展和改革委员会
	",花菜,新鲜,元/500克,4.88,,,,,福州市主副食品集超均价表，集超均价,,,https://fgw.fuzhou.gov.cn/fgwzwgk/fzgggz/jgysf/msspjgxq/zfsp/202608/t20260810_5356345.htm
福州市,2026年8月10日,"
		2026年8月10日福州市主副食品集超均价表_主副食品_
		福州市发展和改革委员会
	",芹菜,新鲜,元/500克,6.87,,,,,福州市主副食品集超均价表，集超均价,,,https://fgw.fuzhou.gov.cn/fgwzwgk/fzgggz/jgysf/msspjgxq/zfsp/202608/t20260810_5356345.htm
福州市,2026年8月10日,"
		2026年8月10日福州市主副食品集超均价表_主副食品_
		福州市发展和改革委员会
	",苹果,新鲜,元/500克,8.28,,,,,福州市主副食品集超均价表，集超均价,,,https://fgw.fuzhou.gov.cn/fgwzwgk/fzgggz/jgysf/msspjgxq/zfsp/202608/t20260810_5356345.htm
福州市,2026年8月10日,"
		2026年8月10日福州市主副食品集超均价表_主副食品_
		福州市发展和改革委员会
	",茄子,新鲜,元/500克,3.13,,,,,福州市主副食品集超均价表，集超均价,,,https://fgw.fuzhou.gov.cn/fgwzwgk/fzgggz/jgysf/msspjgxq/zfsp/202608/t20260810_5356345.htm
福州市,2026年8月10日,"
		2026年8月10日福州市主副食品集超均价表_主副食品_
		福州市发展和改革委员会
	",菜籽油,桶装一级,元/5升,70.74,,,,,福州市主副食品集超均价表，集超均价,,,https://fgw.fuzhou.gov.cn/fgwzwgk/fzgggz/jgysf/msspjgxq/zfsp/202608/t20260810_5356345.htm
福州市,2026年8月10日,"
		2026年8月10日福州市主副食品集超均价表_主副食品_
		福州市发展和改革委员会
	",蒜苔,新鲜,元/500克,8.31,,,,,福州市主副食品集超均价表，集超均价,,,https://fgw.fuzhou.gov.cn/fgwzwgk/fzgggz/jgysf/msspjgxq/zfsp/202608/t20260810_5356345.htm
福州市,2026年8月10日,"
		2026年8月10日福州市主副食品集超均价表_主副食品_
		福州市发展和改革委员会
	",西红柿,新鲜,元/500克,4.04,,,,,福州市主副食品集超均价表，集超均价,,,https://fgw.fuzhou.gov.cn/fgwzwgk/fzgggz/jgysf/msspjgxq/zfsp/202608/t20260810_5356345.htm
福州市,2026年8月10日,"
		2026年8月10日福州市主副食品集超均价表_主副食品_
		福州市发展和改革委员会
	",调和油,桶装一级,元/5升,67.31,,,,,福州市主副食品集超均价表，集超均价,,,https://fgw.fuzhou.gov.cn/fgwzwgk/fzgggz/jgysf/msspjgxq/zfsp/202608/t20260810_5356345.htm
福州市,2026年8月10日,"
		2026年8月10日福州市主副食品集超均价表_主副食品_
		福州市发展和改革委员会
	",豆角,新鲜,元/500克,6.67,,,,,福州市主副食品集超均价表，集超均价,,,https://fgw.fuzhou.gov.cn/fgwzwgk/fzgggz/jgysf/msspjgxq/zfsp/202608/t20260810_5356345.htm
福州市,2026年8月10日,"
		2026年8月10日福州市主副食品集超均价表_主副食品_
		福州市发展和改革委员会
	",青椒,新鲜,元/500克,5.48,,,,,福州市主副食品集超均价表，集超均价,,,https://fgw.fuzhou.gov.cn/fgwzwgk/fzgggz/jgysf/msspjgxq/zfsp/202608/t20260810_5356345.htm
福州市,2026年8月10日,"
		2026年8月10日福州市主副食品集超均价表_主副食品_
		福州市发展和改革委员会
	",韭菜,新鲜,元/500克,5.79,,,,,福州市主副食品集超均价表，集超均价,,,https://fgw.fuzhou.gov.cn/fgwzwgk/fzgggz/jgysf/msspjgxq/zfsp/202608/t20260810_5356345.htm
福州市,2026年8月10日,"
		2026年8月10日福州市主副食品集超均价表_主副食品_
		福州市发展和改革委员会
	",香蕉,新鲜,元/500克,4.66,,,,,福州市主副食品集超均价表，集超均价,,,https://fgw.fuzhou.gov.cn/fgwzwgk/fzgggz/jgysf/msspjgxq/zfsp/202608/t20260810_5356345.htm
福州市,2026年8月10日,"
		2026年8月10日福州市主副食品集超均价表_主副食品_
		福州市发展和改革委员会
	",马胶鱼,冰鲜,元/500克,28.99,,,,,福州市主副食品集超均价表，集超均价,,,https://fgw.fuzhou.gov.cn/fgwzwgk/fzgggz/jgysf/msspjgxq/zfsp/202608/t20260810_5356345.htm
福州市,2026年8月10日,"
		2026年8月10日福州市主副食品集超均价表_主副食品_
		福州市发展和改革委员会
	",鱿鱼,冰鲜,元/500克,50.16,,,,,福州市主副食品集超均价表，集超均价,,,https://fgw.fuzhou.gov.cn/fgwzwgk/fzgggz/jgysf/msspjgxq/zfsp/202608/t20260810_5356345.htm
福州市,2026年8月10日,"
		2026年8月10日福州市主副食品集超均价表_主副食品_
		福州市发展和改革委员会
	",鸡肉,白条鸡,元/500克,16.17,,,,,福州市主副食品集超均价表，集超均价,,,https://fgw.fuzhou.gov.cn/fgwzwgk/fzgggz/jgysf/msspjgxq/zfsp/202608/t20260810_5356345.htm
福州市,2026年8月10日,"
		2026年8月10日福州市主副食品集超均价表_主副食品_
		福州市发展和改革委员会
	",鸭肉,白条鸭,元/500克,16.63,,,,,福州市主副食品集超均价表，集超均价,,,https://fgw.fuzhou.gov.cn/fgwzwgk/fzgggz/jgysf/msspjgxq/zfsp/202608/t20260810_5356345.htm
福州市,2026年8月10日,"
		2026年8月10日福州市主副食品集超均价表_主副食品_
		福州市发展和改革委员会
	",黄瓜,新鲜,元/500克,3.11,,,,,福州市主副食品集超均价表，集超均价,,,https://fgw.fuzhou.gov.cn/fgwzwgk/fzgggz/jgysf/msspjgxq/zfsp/202608/t20260810_5356345.htm
福州市,2026年8月10日,"
		2026年8月10日福州市主副食品集超均价表_主副食品_
		福州市发展和改革委员会
	",黄瓜鱼,冰鲜,元/500克,27.37,,,,,福州市主副食品集超均价表，集超均价,,,https://fgw.fuzhou.gov.cn/fgwzwgk/fzgggz/jgysf/msspjgxq/zfsp/202608/t20260810_5356345.htm
福州市,2026年8月11日,"
		2026年8月11日福州市主副食品集超均价表_主副食品_
		福州市发展和改革委员会
	",上海青,新鲜,元/500克,3.39,,,,,福州市主副食品集超均价表，集超均价,,,https://fgw.fuzhou.gov.cn/fgwzwgk/fzgggz/jgysf/msspjgxq/zfsp/202608/t20260811_5356976.htm
福州市,2026年8月11日,"
		2026年8月11日福州市主副食品集超均价表_主副食品_
		福州市发展和改革委员会
	",冻带鱼,冷冻,元/500克,22.21,,,,,福州市主副食品集超均价表，集超均价,,,https://fgw.fuzhou.gov.cn/fgwzwgk/fzgggz/jgysf/msspjgxq/zfsp/202608/t20260811_5356976.htm
福州市,2026年8月11日,"
		2026年8月11日福州市主副食品集超均价表_主副食品_
		福州市发展和改革委员会
	",圆白菜,新鲜,元/500克,2.15,,,,,福州市主副食品集超均价表，集超均价,,,https://fgw.fuzhou.gov.cn/fgwzwgk/fzgggz/jgysf/msspjgxq/zfsp/202608/t20260811_5356976.htm
福州市,2026年8月11日,"
		2026年8月11日福州市主副食品集超均价表_主副食品_
		福州市发展和改革委员会
	",土豆,新鲜,元/500克,2.27,,,,,福州市主副食品集超均价表，集超均价,,,https://fgw.fuzhou.gov.cn/fgwzwgk/fzgggz/jgysf/msspjgxq/zfsp/202608/t20260811_5356976.htm
福州市,2026年8月11日,"
		2026年8月11日福州市主副食品集超均价表_主副食品_
		福州市发展和改革委员会
	",大白菜,新鲜,元/500克,2.24,,,,,福州市主副食品集超均价表，集超均价,,,https://fgw.fuzhou.gov.cn/fgwzwgk/fzgggz/jgysf/msspjgxq/zfsp/202608/t20260811_5356976.htm
福州市,2026年8月11日,"
		2026年8月11日福州市主副食品集超均价表_主副食品_
		福州市发展和改革委员会
	",大豆油,桶装一级,元/5升,58.03,,,,,福州市主副食品集超均价表，集超均价,,,https://fgw.fuzhou.gov.cn/fgwzwgk/fzgggz/jgysf/msspjgxq/zfsp/202608/t20260811_5356976.htm
福州市,2026年8月11日,"
		2026年8月11日福州市主副食品集超均价表_主副食品_
		福州市发展和改革委员会
	",富强粉,,元/500克,3.57,,,,,福州市主副食品集超均价表，集超均价,,,https://fgw.fuzhou.gov.cn/fgwzwgk/fzgggz/jgysf/msspjgxq/zfsp/202608/t20260811_5356976.htm
福州市,2026年8月11日,"
		2026年8月11日福州市主副食品集超均价表_主副食品_
		福州市发展和改革委员会
	",尖椒,新鲜,元/500克,5.19,,,,,福州市主副食品集超均价表，集超均价,,,https://fgw.fuzhou.gov.cn/fgwzwgk/fzgggz/jgysf/msspjgxq/zfsp/202608/t20260811_5356976.htm
福州市,2026年8月11日,"
		2026年8月11日福州市主副食品集超均价表_主副食品_
		福州市发展和改革委员会
	",晚籼米,标一,元/500克,2.68,,,,,福州市主副食品集超均价表，集超均价,,,https://fgw.fuzhou.gov.cn/fgwzwgk/fzgggz/jgysf/msspjgxq/zfsp/202608/t20260811_5356976.htm
福州市,2026年8月11日,"
		2026年8月11日福州市主副食品集超均价表_主副食品_
		福州市发展和改革委员会
	",普通鸡蛋,新鲜完整,元/500克,6.54,,,,,福州市主副食品集超均价表，集超均价,,,https://fgw.fuzhou.gov.cn/fgwzwgk/fzgggz/jgysf/msspjgxq/zfsp/202608/t20260811_5356976.htm
福州市,2026年8月11日,"
		2026年8月11日福州市主副食品集超均价表_主副食品_
		福州市发展和改革委员会
	",普通鸭蛋,新鲜完整,元/500克,8.24,,,,,福州市主副食品集超均价表，集超均价,,,https://fgw.fuzhou.gov.cn/fgwzwgk/fzgggz/jgysf/msspjgxq/zfsp/202608/t20260811_5356976.htm
福州市,2026年8月11日,"
		2026年8月11日福州市主副食品集超均价表_主副食品_
		福州市发展和改革委员会
	",标准粉,,元/500克,2.49,,,,,福州市主副食品集超均价表，集超均价,,,https://fgw.fuzhou.gov.cn/fgwzwgk/fzgggz/jgysf/msspjgxq/zfsp/202608/t20260811_5356976.htm
福州市,2026年8月11日,"
		2026年8月11日福州市主副食品集超均价表_主副食品_
		福州市发展和改革委员会
	",梨,新鲜,元/500克,5.06,,,,,福州市主副食品集超均价表，集超均价,,,https://fgw.fuzhou.gov.cn/fgwzwgk/fzgggz/jgysf/msspjgxq/zfsp/202608/t20260811_5356976.htm
福州市,2026年8月11日,"
		2026年8月11日福州市主副食品集超均价表_主副食品_
		福州市发展和改革委员会
	",油菜(菜心),新鲜,元/500克,4.11,,,,,福州市主副食品集超均价表，集超均价,,,https://fgw.fuzhou.gov.cn/fgwzwgk/fzgggz/jgysf/msspjgxq/zfsp/202608/t20260811_5356976.htm
福州市,2026年8月11日,"
		2026年8月11日福州市主副食品集超均价表_主副食品_
		福州市发展和改革委员会
	",活明虾,鲜活,元/500克,28.82,,,,,福州市主副食品集超均价表，集超均价,,,https://fgw.fuzhou.gov.cn/fgwzwgk/fzgggz/jgysf/msspjgxq/zfsp/202608/t20260811_5356976.htm
福州市,2026年8月11日,"
		2026年8月11日福州市主副食品集超均价表_主副食品_
		福州市发展和改革委员会
	",活花蛤,鲜活,元/500克,10.15,,,,,福州市主副食品集超均价表，集超均价,,,https://fgw.fuzhou.gov.cn/fgwzwgk/fzgggz/jgysf/msspjgxq/zfsp/202608/t20260811_5356976.htm
福州市,2026年8月11日,"
		2026年8月11日福州市主副食品集超均价表_主副食品_
		福州市发展和改革委员会
	",活草鱼,鲜活,元/500克,11.88,,,,,福州市主副食品集超均价表，集超均价,,,https://fgw.fuzhou.gov.cn/fgwzwgk/fzgggz/jgysf/msspjgxq/zfsp/202608/t20260811_5356976.htm
福州市,2026年8月11日,"
		2026年8月11日福州市主副食品集超均价表_主副食品_
		福州市发展和改革委员会
	",活鳙鱼（大头鲢）,鲜活,元/500克,14.08,,,,,福州市主副食品集超均价表，集超均价,,,https://fgw.fuzhou.gov.cn/fgwzwgk/fzgggz/jgysf/msspjgxq/zfsp/202608/t20260811_5356976.htm
福州市,2026年8月11日,"
		2026年8月11日福州市主副食品集超均价表_主副食品_
		福州市发展和改革委员会
	",牛肉,去骨肉,元/500克,47.22,,,,,福州市主副食品集超均价表，集超均价,,,https://fgw.fuzhou.gov.cn/fgwzwgk/fzgggz/jgysf/msspjgxq/zfsp/202608/t20260811_5356976.htm
福州市,2026年8月11日,"
		2026年8月11日福州市主副食品集超均价表_主副食品_
		福州市发展和改革委员会
	",猪瘦肉,新鲜,元/500克,14.44,,,,,福州市主副食品集超均价表，集超均价,,,https://fgw.fuzhou.gov.cn/fgwzwgk/fzgggz/jgysf/msspjgxq/zfsp/202608/t20260811_5356976.htm
福州市,2026年8月11日,"
		2026年8月11日福州市主副食品集超均价表_主副食品_
		福州市发展和改革委员会
	",猪肋条肉,新鲜,元/500克,14.87,,,,,福州市主副食品集超均价表，集超均价,,,https://fgw.fuzhou.gov.cn/fgwzwgk/fzgggz/jgysf/msspjgxq/zfsp/202608/t20260811_5356976.htm
福州市,2026年8月11日,"
		2026年8月11日福州市主副食品集超均价表_主副食品_
		福州市发展和改革委员会
	",白萝卜,新鲜,元/500克,1.65,,,,,福州市主副食品集超均价表，集超均价,,,https://fgw.fuzhou.gov.cn/fgwzwgk/fzgggz/jgysf/msspjgxq/zfsp/202608/t20260811_5356976.htm
福州市,2026年8月11日,"
		2026年8月11日福州市主副食品集超均价表_主副食品_
		福州市发展和改革委员会
	",空心菜,新鲜,元/500克,2.82,,,,,福州市主副食品集超均价表，集超均价,,,https://fgw.fuzhou.gov.cn/fgwzwgk/fzgggz/jgysf/msspjgxq/zfsp/202608/t20260811_5356976.htm
福州市,2026年8月11日,"
		2026年8月11日福州市主副食品集超均价表_主副食品_
		福州市发展和改革委员会
	",粳米,标一,元/500克,2.97,,,,,福州市主副食品集超均价表，集超均价,,,https://fgw.fuzhou.gov.cn/fgwzwgk/fzgggz/jgysf/msspjgxq/zfsp/202608/t20260811_5356976.htm
福州市,2026年8月11日,"
		2026年8月11日福州市主副食品集超均价表_主副食品_
		福州市发展和改革委员会
	",红萝卜,新鲜,元/500克,2.23,,,,,福州市主副食品集超均价表，集超均价,,,https://fgw.fuzhou.gov.cn/fgwzwgk/fzgggz/jgysf/msspjgxq/zfsp/202608/t20260811_5356976.htm
福州市,2026年8月11日,"
		2026年8月11日福州市主副食品集超均价表_主副食品_
		福州市发展和改革委员会
	",纯牛奶,盒装,元/盒(250毫升),2.71,,,,,福州市主副食品集超均价表，集超均价,,,https://fgw.fuzhou.gov.cn/fgwzwgk/fzgggz/jgysf/msspjgxq/zfsp/202608/t20260811_5356976.htm
福州市,2026年8月11日,"
		2026年8月11日福州市主副食品集超均价表_主副食品_
		福州市发展和改革委员会
	",羊肉,带骨肉,元/500克,44.87,,,,,福州市主副食品集超均价表，集超均价,,,https://fgw.fuzhou.gov.cn/fgwzwgk/fzgggz/jgysf/msspjgxq/zfsp/202608/t20260811_5356976.htm
福州市,2026年8月11日,"
		2026年8月11日福州市主副食品集超均价表_主副食品_
		福州市发展和改革委员会
	",脐橙,新鲜,元/500克,4.85,,,,,福州市主副食品集超均价表，集超均价,,,https://fgw.fuzhou.gov.cn/fgwzwgk/fzgggz/jgysf/msspjgxq/zfsp/202608/t20260811_5356976.htm
福州市,2026年8月11日,"
		2026年8月11日福州市主副食品集超均价表_主副食品_
		福州市发展和改革委员会
	",花生油,桶装一级,元/5升,107.01,,,,,福州市主副食品集超均价表，集超均价,,,https://fgw.fuzhou.gov.cn/fgwzwgk/fzgggz/jgysf/msspjgxq/zfsp/202608/t20260811_5356976.htm
福州市,2026年8月11日,"
		2026年8月11日福州市主副食品集超均价表_主副食品_
		福州市发展和改革委员会
	",花菜,新鲜,元/500克,4.88,,,,,福州市主副食品集超均价表，集超均价,,,https://fgw.fuzhou.gov.cn/fgwzwgk/fzgggz/jgysf/msspjgxq/zfsp/202608/t20260811_5356976.htm
福州市,2026年8月11日,"
		2026年8月11日福州市主副食品集超均价表_主副食品_
		福州市发展和改革委员会
	",芹菜,新鲜,元/500克,6.87,,,,,福州市主副食品集超均价表，集超均价,,,https://fgw.fuzhou.gov.cn/fgwzwgk/fzgggz/jgysf/msspjgxq/zfsp/202608/t20260811_5356976.htm
福州市,2026年8月11日,"
		2026年8月11日福州市主副食品集超均价表_主副食品_
		福州市发展和改革委员会
	",苹果,新鲜,元/500克,8.28,,,,,福州市主副食品集超均价表，集超均价,,,https://fgw.fuzhou.gov.cn/fgwzwgk/fzgggz/jgysf/msspjgxq/zfsp/202608/t20260811_5356976.htm
福州市,2026年8月11日,"
		2026年8月11日福州市主副食品集超均价表_主副食品_
		福州市发展和改革委员会
	",茄子,新鲜,元/500克,3.17,,,,,福州市主副食品集超均价表，集超均价,,,https://fgw.fuzhou.gov.cn/fgwzwgk/fzgggz/jgysf/msspjgxq/zfsp/202608/t20260811_5356976.htm
福州市,2026年8月11日,"
		2026年8月11日福州市主副食品集超均价表_主副食品_
		福州市发展和改革委员会
	",菜籽油,桶装一级,元/5升,70.74,,,,,福州市主副食品集超均价表，集超均价,,,https://fgw.fuzhou.gov.cn/fgwzwgk/fzgggz/jgysf/msspjgxq/zfsp/202608/t20260811_5356976.htm
福州市,2026年8月11日,"
		2026年8月11日福州市主副食品集超均价表_主副食品_
		福州市发展和改革委员会
	",蒜苔,新鲜,元/500克,8.31,,,,,福州市主副食品集超均价表，集超均价,,,https://fgw.fuzhou.gov.cn/fgwzwgk/fzgggz/jgysf/msspjgxq/zfsp/202608/t20260811_5356976.htm
福州市,2026年8月11日,"
		2026年8月11日福州市主副食品集超均价表_主副食品_
		福州市发展和改革委员会
	",西红柿,新鲜,元/500克,4.06,,,,,福州市主副食品集超均价表，集超均价,,,https://fgw.fuzhou.gov.cn/fgwzwgk/fzgggz/jgysf/msspjgxq/zfsp/202608/t20260811_5356976.htm
福州市,2026年8月11日,"
		2026年8月11日福州市主副食品集超均价表_主副食品_
		福州市发展和改革委员会
	",调和油,桶装一级,元/5升,67.31,,,,,福州市主副食品集超均价表，集超均价,,,https://fgw.fuzhou.gov.cn/fgwzwgk/fzgggz/jgysf/msspjgxq/zfsp/202608/t20260811_5356976.htm
福州市,2026年8月11日,"
		2026年8月11日福州市主副食品集超均价表_主副食品_
		福州市发展和改革委员会
	",豆角,新鲜,元/500克,6.78,,,,,福州市主副食品集超均价表，集超均价,,,https://fgw.fuzhou.gov.cn/fgwzwgk/fzgggz/jgysf/msspjgxq/zfsp/202608/t20260811_5356976.htm
福州市,2026年8月11日,"
		2026年8月11日福州市主副食品集超均价表_主副食品_
		福州市发展和改革委员会
	",青椒,新鲜,元/500克,5.45,,,,,福州市主副食品集超均价表，集超均价,,,https://fgw.fuzhou.gov.cn/fgwzwgk/fzgggz/jgysf/msspjgxq/zfsp/202608/t20260811_5356976.htm
福州市,2026年8月11日,"
		2026年8月11日福州市主副食品集超均价表_主副食品_
		福州市发展和改革委员会
	",韭菜,新鲜,元/500克,5.79,,,,,福州市主副食品集超均价表，集超均价,,,https://fgw.fuzhou.gov.cn/fgwzwgk/fzgggz/jgysf/msspjgxq/zfsp/202608/t20260811_5356976.htm
福州市,2026年8月11日,"
		2026年8月11日福州市主副食品集超均价表_主副食品_
		福州市发展和改革委员会
	",香蕉,新鲜,元/500克,4.66,,,,,福州市主副食品集超均价表，集超均价,,,https://fgw.fuzhou.gov.cn/fgwzwgk/fzgggz/jgysf/msspjgxq/zfsp/202608/t20260811_5356976.htm
福州市,2026年8月11日,"
		2026年8月11日福州市主副食品集超均价表_主副食品_
		福州市发展和改革委员会
	",马胶鱼,冰鲜,元/500克,28.99,,,,,福州市主副食品集超均价表，集超均价,,,https://fgw.fuzhou.gov.cn/fgwzwgk/fzgggz/jgysf/msspjgxq/zfsp/202608/t20260811_5356976.htm
福州市,2026年8月11日,"
		2026年8月11日福州市主副食品集超均价表_主副食品_
		福州市发展和改革委员会
	",鱿鱼,冰鲜,元/500克,50.16,,,,,福州市主副食品集超均价表，集超均价,,,https://fgw.fuzhou.gov.cn/fgwzwgk/fzgggz/jgysf/msspjgxq/zfsp/202608/t20260811_5356976.htm
福州市,2026年8月11日,"
		2026年8月11日福州市主副食品集超均价表_主副食品_
		福州市发展和改革委员会
	",鸡肉,白条鸡,元/500克,16.17,,,,,福州市主副食品集超均价表，集超均价,,,https://fgw.fuzhou.gov.cn/fgwzwgk/fzgggz/jgysf/msspjgxq/zfsp/202608/t20260811_5356976.htm
福州市,2026年8月11日,"
		2026年8月11日福州市主副食品集超均价表_主副食品_
		福州市发展和改革委员会
	",鸭肉,白条鸭,元/500克,16.63,,,,,福州市主副食品集超均价表，集超均价,,,https://fgw.fuzhou.gov.cn/fgwzwgk/fzgggz/jgysf/msspjgxq/zfsp/202608/t20260811_5356976.htm
福州市,2026年8月11日,"
		2026年8月11日福州市主副食品集超均价表_主副食品_
		福州市发展和改革委员会
	",黄瓜,新鲜,元/500克,3.22,,,,,福州市主副食品集超均价表，集超均价,,,https://fgw.fuzhou.gov.cn/fgwzwgk/fzgggz/jgysf/msspjgxq/zfsp/202608/t20260811_5356976.htm
福州市,2026年8月11日,"
		2026年8月11日福州市主副食品集超均价表_主副食品_
		福州市发展和改革委员会
	",黄瓜鱼,冰鲜,元/500克,27.44,,,,,福州市主副食品集超均价表，集超均价,,,https://fgw.fuzhou.gov.cn/fgwzwgk/fzgggz/jgysf/msspjgxq/zfsp/202608/t20260811_5356976.htm
福州市,2026年8月12日,"
		2026年8月12日福州市主副食品集超均价表_主副食品_
		福州市发展和改革委员会
	",上海青,新鲜,元/500克,3.42,,,,,福州市主副食品集超均价表，集超均价,,,https://fgw.fuzhou.gov.cn/fgwzwgk/fzgggz/jgysf/msspjgxq/zfsp/202608/t20260812_5357672.htm
福州市,2026年8月12日,"
		2026年8月12日福州市主副食品集超均价表_主副食品_
		福州市发展和改革委员会
	",冻带鱼,冷冻,元/500克,21.86,,,,,福州市主副食品集超均价表，集超均价,,,https://fgw.fuzhou.gov.cn/fgwzwgk/fzgggz/jgysf/msspjgxq/zfsp/202608/t20260812_5357672.htm
福州市,2026年8月12日,"
		2026年8月12日福州市主副食品集超均价表_主副食品_
		福州市发展和改革委员会
	",圆白菜,新鲜,元/500克,2.14,,,,,福州市主副食品集超均价表，集超均价,,,https://fgw.fuzhou.gov.cn/fgwzwgk/fzgggz/jgysf/msspjgxq/zfsp/202608/t20260812_5357672.htm
福州市,2026年8月12日,"
		2026年8月12日福州市主副食品集超均价表_主副食品_
		福州市发展和改革委员会
	",土豆,新鲜,元/500克,2.29,,,,,福州市主副食品集超均价表，集超均价,,,https://fgw.fuzhou.gov.cn/fgwzwgk/fzgggz/jgysf/msspjgxq/zfsp/202608/t20260812_5357672.htm
福州市,2026年8月12日,"
		2026年8月12日福州市主副食品集超均价表_主副食品_
		福州市发展和改革委员会
	",大白菜,新鲜,元/500克,2.2,,,,,福州市主副食品集超均价表，集超均价,,,https://fgw.fuzhou.gov.cn/fgwzwgk/fzgggz/jgysf/msspjgxq/zfsp/202608/t20260812_5357672.htm
福州市,2026年8月12日,"
		2026年8月12日福州市主副食品集超均价表_主副食品_
		福州市发展和改革委员会
	",大豆油,桶装一级,元/5升,58.03,,,,,福州市主副食品集超均价表，集超均价,,,https://fgw.fuzhou.gov.cn/fgwzwgk/fzgggz/jgysf/msspjgxq/zfsp/202608/t20260812_5357672.htm
福州市,2026年8月12日,"
		2026年8月12日福州市主副食品集超均价表_主副食品_
		福州市发展和改革委员会
	",富强粉,,元/500克,3.57,,,,,福州市主副食品集超均价表，集超均价,,,https://fgw.fuzhou.gov.cn/fgwzwgk/fzgggz/jgysf/msspjgxq/zfsp/202608/t20260812_5357672.htm
福州市,2026年8月12日,"
		2026年8月12日福州市主副食品集超均价表_主副食品_
		福州市发展和改革委员会
	",尖椒,新鲜,元/500克,5.24,,,,,福州市主副食品集超均价表，集超均价,,,https://fgw.fuzhou.gov.cn/fgwzwgk/fzgggz/jgysf/msspjgxq/zfsp/202608/t20260812_5357672.htm
福州市,2026年8月12日,"
		2026年8月12日福州市主副食品集超均价表_主副食品_
		福州市发展和改革委员会
	",晚籼米,标一,元/500克,2.68,,,,,福州市主副食品集超均价表，集超均价,,,https://fgw.fuzhou.gov.cn/fgwzwgk/fzgggz/jgysf/msspjgxq/zfsp/202608/t20260812_5357672.htm
福州市,2026年8月12日,"
		2026年8月12日福州市主副食品集超均价表_主副食品_
		福州市发展和改革委员会
	",普通鸡蛋,新鲜完整,元/500克,6.56,,,,,福州市主副食品集超均价表，集超均价,,,https://fgw.fuzhou.gov.cn/fgwzwgk/fzgggz/jgysf/msspjgxq/zfsp/202608/t20260812_5357672.htm
福州市,2026年8月12日,"
		2026年8月12日福州市主副食品集超均价表_主副食品_
		福州市发展和改革委员会
	",普通鸭蛋,新鲜完整,元/500克,8.26,,,,,福州市主副食品集超均价表，集超均价,,,https://fgw.fuzhou.gov.cn/fgwzwgk/fzgggz/jgysf/msspjgxq/zfsp/202608/t20260812_5357672.htm
福州市,2026年8月12日,"
		2026年8月12日福州市主副食品集超均价表_主副食品_
		福州市发展和改革委员会
	",标准粉,,元/500克,2.42,,,,,福州市主副食品集超均价表，集超均价,,,https://fgw.fuzhou.gov.cn/fgwzwgk/fzgggz/jgysf/msspjgxq/zfsp/202608/t20260812_5357672.htm
福州市,2026年8月12日,"
		2026年8月12日福州市主副食品集超均价表_主副食品_
		福州市发展和改革委员会
	",梨,新鲜,元/500克,5.06,,,,,福州市主副食品集超均价表，集超均价,,,https://fgw.fuzhou.gov.cn/fgwzwgk/fzgggz/jgysf/msspjgxq/zfsp/202608/t20260812_5357672.htm
福州市,2026年8月12日,"
		2026年8月12日福州市主副食品集超均价表_主副食品_
		福州市发展和改革委员会
	",油菜(菜心),新鲜,元/500克,4.04,,,,,福州市主副食品集超均价表，集超均价,,,https://fgw.fuzhou.gov.cn/fgwzwgk/fzgggz/jgysf/msspjgxq/zfsp/202608/t20260812_5357672.htm
福州市,2026年8月12日,"
		2026年8月12日福州市主副食品集超均价表_主副食品_
		福州市发展和改革委员会
	",活明虾,鲜活,元/500克,28.53,,,,,福州市主副食品集超均价表，集超均价,,,https://fgw.fuzhou.gov.cn/fgwzwgk/fzgggz/jgysf/msspjgxq/zfsp/202608/t20260812_5357672.htm
福州市,2026年8月12日,"
		2026年8月12日福州市主副食品集超均价表_主副食品_
		福州市发展和改革委员会
	",活花蛤,鲜活,元/500克,9.94,,,,,福州市主副食品集超均价表，集超均价,,,https://fgw.fuzhou.gov.cn/fgwzwgk/fzgggz/jgysf/msspjgxq/zfsp/202608/t20260812_5357672.htm
福州市,2026年8月12日,"
		2026年8月12日福州市主副食品集超均价表_主副食品_
		福州市发展和改革委员会
	",活草鱼,鲜活,元/500克,11.88,,,,,福州市主副食品集超均价表，集超均价,,,https://fgw.fuzhou.gov.cn/fgwzwgk/fzgggz/jgysf/msspjgxq/zfsp/202608/t20260812_5357672.htm
福州市,2026年8月12日,"
		2026年8月12日福州市主副食品集超均价表_主副食品_
		福州市发展和改革委员会
	",活鳙鱼（大头鲢）,鲜活,元/500克,14.08,,,,,福州市主副食品集超均价表，集超均价,,,https://fgw.fuzhou.gov.cn/fgwzwgk/fzgggz/jgysf/msspjgxq/zfsp/202608/t20260812_5357672.htm
福州市,2026年8月12日,"
		2026年8月12日福州市主副食品集超均价表_主副食品_
		福州市发展和改革委员会
	",牛肉,去骨肉,元/500克,47.22,,,,,福州市主副食品集超均价表，集超均价,,,https://fgw.fuzhou.gov.cn/fgwzwgk/fzgggz/jgysf/msspjgxq/zfsp/202608/t20260812_5357672.htm
福州市,2026年8月12日,"
		2026年8月12日福州市主副食品集超均价表_主副食品_
		福州市发展和改革委员会
	",猪瘦肉,新鲜,元/500克,14.55,,,,,福州市主副食品集超均价表，集超均价,,,https://fgw.fuzhou.gov.cn/fgwzwgk/fzgggz/jgysf/msspjgxq/zfsp/202608/t20260812_5357672.htm
福州市,2026年8月12日,"
		2026年8月12日福州市主副食品集超均价表_主副食品_
		福州市发展和改革委员会
	",猪肋条肉,新鲜,元/500克,15.19,,,,,福州市主副食品集超均价表，集超均价,,,https://fgw.fuzhou.gov.cn/fgwzwgk/fzgggz/jgysf/msspjgxq/zfsp/202608/t20260812_5357672.htm
福州市,2026年8月12日,"
		2026年8月12日福州市主副食品集超均价表_主副食品_
		福州市发展和改革委员会
	",白萝卜,新鲜,元/500克,1.62,,,,,福州市主副食品集超均价表，集超均价,,,https://fgw.fuzhou.gov.cn/fgwzwgk/fzgggz/jgysf/msspjgxq/zfsp/202608/t20260812_5357672.htm
福州市,2026年8月12日,"
		2026年8月12日福州市主副食品集超均价表_主副食品_
		福州市发展和改革委员会
	",空心菜,新鲜,元/500克,2.66,,,,,福州市主副食品集超均价表，集超均价,,,https://fgw.fuzhou.gov.cn/fgwzwgk/fzgggz/jgysf/msspjgxq/zfsp/202608/t20260812_5357672.htm
福州市,2026年8月12日,"
		2026年8月12日福州市主副食品集超均价表_主副食品_
		福州市发展和改革委员会
	",粳米,标一,元/500克,2.97,,,,,福州市主副食品集超均价表，集超均价,,,https://fgw.fuzhou.gov.cn/fgwzwgk/fzgggz/jgysf/msspjgxq/zfsp/202608/t20260812_5357672.htm
福州市,2026年8月12日,"
		2026年8月12日福州市主副食品集超均价表_主副食品_
		福州市发展和改革委员会
	",红萝卜,新鲜,元/500克,2.21,,,,,福州市主副食品集超均价表，集超均价,,,https://fgw.fuzhou.gov.cn/fgwzwgk/fzgggz/jgysf/msspjgxq/zfsp/202608/t20260812_5357672.htm
福州市,2026年8月12日,"
		2026年8月12日福州市主副食品集超均价表_主副食品_
		福州市发展和改革委员会
	",纯牛奶,盒装,元/盒(250毫升),2.73,,,,,福州市主副食品集超均价表，集超均价,,,https://fgw.fuzhou.gov.cn/fgwzwgk/fzgggz/jgysf/msspjgxq/zfsp/202608/t20260812_5357672.htm
福州市,2026年8月12日,"
		2026年8月12日福州市主副食品集超均价表_主副食品_
		福州市发展和改革委员会
	",羊肉,带骨肉,元/500克,44.87,,,,,福州市主副食品集超均价表，集超均价,,,https://fgw.fuzhou.gov.cn/fgwzwgk/fzgggz/jgysf/msspjgxq/zfsp/202608/t20260812_5357672.htm
福州市,2026年8月12日,"
		2026年8月12日福州市主副食品集超均价表_主副食品_
		福州市发展和改革委员会
	",脐橙,新鲜,元/500克,4.85,,,,,福州市主副食品集超均价表，集超均价,,,https://fgw.fuzhou.gov.cn/fgwzwgk/fzgggz/jgysf/msspjgxq/zfsp/202608/t20260812_5357672.htm
福州市,2026年8月12日,"
		2026年8月12日福州市主副食品集超均价表_主副食品_
		福州市发展和改革委员会
	",花生油,桶装一级,元/5升,107.01,,,,,福州市主副食品集超均价表，集超均价,,,https://fgw.fuzhou.gov.cn/fgwzwgk/fzgggz/jgysf/msspjgxq/zfsp/202608/t20260812_5357672.htm
福州市,2026年8月12日,"
		2026年8月12日福州市主副食品集超均价表_主副食品_
		福州市发展和改革委员会
	",花菜,新鲜,元/500克,4.98,,,,,福州市主副食品集超均价表，集超均价,,,https://fgw.fuzhou.gov.cn/fgwzwgk/fzgggz/jgysf/msspjgxq/zfsp/202608/t20260812_5357672.htm
福州市,2026年8月12日,"
		2026年8月12日福州市主副食品集超均价表_主副食品_
		福州市发展和改革委员会
	",芹菜,新鲜,元/500克,6.82,,,,,福州市主副食品集超均价表，集超均价,,,https://fgw.fuzhou.gov.cn/fgwzwgk/fzgggz/jgysf/msspjgxq/zfsp/202608/t20260812_5357672.htm
福州市,2026年8月12日,"
		2026年8月12日福州市主副食品集超均价表_主副食品_
		福州市发展和改革委员会
	",苹果,新鲜,元/500克,8.32,,,,,福州市主副食品集超均价表，集超均价,,,https://fgw.fuzhou.gov.cn/fgwzwgk/fzgggz/jgysf/msspjgxq/zfsp/202608/t20260812_5357672.htm
福州市,2026年8月12日,"
		2026年8月12日福州市主副食品集超均价表_主副食品_
		福州市发展和改革委员会
	",茄子,新鲜,元/500克,3.23,,,,,福州市主副食品集超均价表，集超均价,,,https://fgw.fuzhou.gov.cn/fgwzwgk/fzgggz/jgysf/msspjgxq/zfsp/202608/t20260812_5357672.htm
福州市,2026年8月12日,"
		2026年8月12日福州市主副食品集超均价表_主副食品_
		福州市发展和改革委员会
	",菜籽油,桶装一级,元/5升,70.74,,,,,福州市主副食品集超均价表，集超均价,,,https://fgw.fuzhou.gov.cn/fgwzwgk/fzgggz/jgysf/msspjgxq/zfsp/202608/t20260812_5357672.htm
福州市,2026年8月12日,"
		2026年8月12日福州市主副食品集超均价表_主副食品_
		福州市发展和改革委员会
	",蒜苔,新鲜,元/500克,8.27,,,,,福州市主副食品集超均价表，集超均价,,,https://fgw.fuzhou.gov.cn/fgwzwgk/fzgggz/jgysf/msspjgxq/zfsp/202608/t20260812_5357672.htm
福州市,2026年8月12日,"
		2026年8月12日福州市主副食品集超均价表_主副食品_
		福州市发展和改革委员会
	",西红柿,新鲜,元/500克,4.09,,,,,福州市主副食品集超均价表，集超均价,,,https://fgw.fuzhou.gov.cn/fgwzwgk/fzgggz/jgysf/msspjgxq/zfsp/202608/t20260812_5357672.htm
福州市,2026年8月12日,"
		2026年8月12日福州市主副食品集超均价表_主副食品_
		福州市发展和改革委员会
	",调和油,桶装一级,元/5升,67.31,,,,,福州市主副食品集超均价表，集超均价,,,https://fgw.fuzhou.gov.cn/fgwzwgk/fzgggz/jgysf/msspjgxq/zfsp/202608/t20260812_5357672.htm
福州市,2026年8月12日,"
		2026年8月12日福州市主副食品集超均价表_主副食品_
		福州市发展和改革委员会
	",豆角,新鲜,元/500克,6.86,,,,,福州市主副食品集超均价表，集超均价,,,https://fgw.fuzhou.gov.cn/fgwzwgk/fzgggz/jgysf/msspjgxq/zfsp/202608/t20260812_5357672.htm
福州市,2026年8月12日,"
		2026年8月12日福州市主副食品集超均价表_主副食品_
		福州市发展和改革委员会
	",青椒,新鲜,元/500克,5.36,,,,,福州市主副食品集超均价表，集超均价,,,https://fgw.fuzhou.gov.cn/fgwzwgk/fzgggz/jgysf/msspjgxq/zfsp/202608/t20260812_5357672.htm
福州市,2026年8月12日,"
		2026年8月12日福州市主副食品集超均价表_主副食品_
		福州市发展和改革委员会
	",韭菜,新鲜,元/500克,5.79,,,,,福州市主副食品集超均价表，集超均价,,,https://fgw.fuzhou.gov.cn/fgwzwgk/fzgggz/jgysf/msspjgxq/zfsp/202608/t20260812_5357672.htm
福州市,2026年8月12日,"
		2026年8月12日福州市主副食品集超均价表_主副食品_
		福州市发展和改革委员会
	",香蕉,新鲜,元/500克,4.66,,,,,福州市主副食品集超均价表，集超均价,,,https://fgw.fuzhou.gov.cn/fgwzwgk/fzgggz/jgysf/msspjgxq/zfsp/202608/t20260812_5357672.htm
福州市,2026年8月12日,"
		2026年8月12日福州市主副食品集超均价表_主副食品_
		福州市发展和改革委员会
	",马胶鱼,冰鲜,元/500克,28.99,,,,,福州市主副食品集超均价表，集超均价,,,https://fgw.fuzhou.gov.cn/fgwzwgk/fzgggz/jgysf/msspjgxq/zfsp/202608/t20260812_5357672.htm
福州市,2026年8月12日,"
		2026年8月12日福州市主副食品集超均价表_主副食品_
		福州市发展和改革委员会
	",鱿鱼,冰鲜,元/500克,50.16,,,,,福州市主副食品集超均价表，集超均价,,,https://fgw.fuzhou.gov.cn/fgwzwgk/fzgggz/jgysf/msspjgxq/zfsp/202608/t20260812_5357672.htm
福州市,2026年8月12日,"
		2026年8月12日福州市主副食品集超均价表_主副食品_
		福州市发展和改革委员会
	",鸡肉,白条鸡,元/500克,16.17,,,,,福州市主副食品集超均价表，集超均价,,,https://fgw.fuzhou.gov.cn/fgwzwgk/fzgggz/jgysf/msspjgxq/zfsp/202608/t20260812_5357672.htm
福州市,2026年8月12日,"
		2026年8月12日福州市主副食品集超均价表_主副食品_
		福州市发展和改革委员会
	",鸭肉,白条鸭,元/500克,16.63,,,,,福州市主副食品集超均价表，集超均价,,,https://fgw.fuzhou.gov.cn/fgwzwgk/fzgggz/jgysf/msspjgxq/zfsp/202608/t20260812_5357672.htm
福州市,2026年8月12日,"
		2026年8月12日福州市主副食品集超均价表_主副食品_
		福州市发展和改革委员会
	",黄瓜,新鲜,元/500克,3.2,,,,,福州市主副食品集超均价表，集超均价,,,https://fgw.fuzhou.gov.cn/fgwzwgk/fzgggz/jgysf/msspjgxq/zfsp/202608/t20260812_5357672.htm
福州市,2026年8月12日,"
		2026年8月12日福州市主副食品集超均价表_主副食品_
		福州市发展和改革委员会
	",黄瓜鱼,冰鲜,元/500克,27.3,,,,,福州市主副食品集超均价表，集超均价,,,https://fgw.fuzhou.gov.cn/fgwzwgk/fzgggz/jgysf/msspjgxq/zfsp/202608/t20260812_5357672.htm
福州市,2026年8月13日,"
		2026年8月13日福州市主副食品集超均价表_主副食品_
		福州市发展和改革委员会
	",上海青,新鲜,元/500克,3.41,,,,,福州市主副食品集超均价表，集超均价,,,https://fgw.fuzhou.gov.cn/fgwzwgk/fzgggz/jgysf/msspjgxq/zfsp/202608/t20260813_5358290.htm
福州市,2026年8月13日,"
		2026年8月13日福州市主副食品集超均价表_主副食品_
		福州市发展和改革委员会
	",冻带鱼,冷冻,元/500克,22.21,,,,,福州市主副食品集超均价表，集超均价,,,https://fgw.fuzhou.gov.cn/fgwzwgk/fzgggz/jgysf/msspjgxq/zfsp/202608/t20260813_5358290.htm
福州市,2026年8月13日,"
		2026年8月13日福州市主副食品集超均价表_主副食品_
		福州市发展和改革委员会
	",圆白菜,新鲜,元/500克,2.15,,,,,福州市主副食品集超均价表，集超均价,,,https://fgw.fuzhou.gov.cn/fgwzwgk/fzgggz/jgysf/msspjgxq/zfsp/202608/t20260813_5358290.htm
福州市,2026年8月13日,"
		2026年8月13日福州市主副食品集超均价表_主副食品_
		福州市发展和改革委员会
	",土豆,新鲜,元/500克,2.23,,,,,福州市主副食品集超均价表，集超均价,,,https://fgw.fuzhou.gov.cn/fgwzwgk/fzgggz/jgysf/msspjgxq/zfsp/202608/t20260813_5358290.htm
福州市,2026年8月13日,"
		2026年8月13日福州市主副食品集超均价表_主副食品_
		福州市发展和改革委员会
	",大白菜,新鲜,元/500克,2.27,,,,,福州市主副食品集超均价表，集超均价,,,https://fgw.fuzhou.gov.cn/fgwzwgk/fzgggz/jgysf/msspjgxq/zfsp/202608/t20260813_5358290.htm
福州市,2026年8月13日,"
		2026年8月13日福州市主副食品集超均价表_主副食品_
		福州市发展和改革委员会
	",大豆油,桶装一级,元/5升,58.03,,,,,福州市主副食品集超均价表，集超均价,,,https://fgw.fuzhou.gov.cn/fgwzwgk/fzgggz/jgysf/msspjgxq/zfsp/202608/t20260813_5358290.htm
福州市,2026年8月13日,"
		2026年8月13日福州市主副食品集超均价表_主副食品_
		福州市发展和改革委员会
	",富强粉,,元/500克,3.57,,,,,福州市主副食品集超均价表，集超均价,,,https://fgw.fuzhou.gov.cn/fgwzwgk/fzgggz/jgysf/msspjgxq/zfsp/202608/t20260813_5358290.htm
福州市,2026年8月13日,"
		2026年8月13日福州市主副食品集超均价表_主副食品_
		福州市发展和改革委员会
	",尖椒,新鲜,元/500克,5.13,,,,,福州市主副食品集超均价表，集超均价,,,https://fgw.fuzhou.gov.cn/fgwzwgk/fzgggz/jgysf/msspjgxq/zfsp/202608/t20260813_5358290.htm
福州市,2026年8月13日,"
		2026年8月13日福州市主副食品集超均价表_主副食品_
		福州市发展和改革委员会
	",晚籼米,标一,元/500克,2.68,,,,,福州市主副食品集超均价表，集超均价,,,https://fgw.fuzhou.gov.cn/fgwzwgk/fzgggz/jgysf/msspjgxq/zfsp/202608/t20260813_5358290.htm
福州市,2026年8月13日,"
		2026年8月13日福州市主副食品集超均价表_主副食品_
		福州市发展和改革委员会
	",普通鸡蛋,新鲜完整,元/500克,6.57,,,,,福州市主副食品集超均价表，集超均价,,,https://fgw.fuzhou.gov.cn/fgwzwgk/fzgggz/jgysf/msspjgxq/zfsp/202608/t20260813_5358290.htm
福州市,2026年8月13日,"
		2026年8月13日福州市主副食品集超均价表_主副食品_
		福州市发展和改革委员会
	",普通鸭蛋,新鲜完整,元/500克,8.28,,,,,福州市主副食品集超均价表，集超均价,,,https://fgw.fuzhou.gov.cn/fgwzwgk/fzgggz/jgysf/msspjgxq/zfsp/202608/t20260813_5358290.htm
福州市,2026年8月13日,"
		2026年8月13日福州市主副食品集超均价表_主副食品_
		福州市发展和改革委员会
	",标准粉,,元/500克,2.49,,,,,福州市主副食品集超均价表，集超均价,,,https://fgw.fuzhou.gov.cn/fgwzwgk/fzgggz/jgysf/msspjgxq/zfsp/202608/t20260813_5358290.htm
福州市,2026年8月13日,"
		2026年8月13日福州市主副食品集超均价表_主副食品_
		福州市发展和改革委员会
	",梨,新鲜,元/500克,4.97,,,,,福州市主副食品集超均价表，集超均价,,,https://fgw.fuzhou.gov.cn/fgwzwgk/fzgggz/jgysf/msspjgxq/zfsp/202608/t20260813_5358290.htm
福州市,2026年8月13日,"
		2026年8月13日福州市主副食品集超均价表_主副食品_
		福州市发展和改革委员会
	",油菜(菜心),新鲜,元/500克,4.06,,,,,福州市主副食品集超均价表，集超均价,,,https://fgw.fuzhou.gov.cn/fgwzwgk/fzgggz/jgysf/msspjgxq/zfsp/202608/t20260813_5358290.htm
福州市,2026年8月13日,"
		2026年8月13日福州市主副食品集超均价表_主副食品_
		福州市发展和改革委员会
	",活明虾,鲜活,元/500克,28.46,,,,,福州市主副食品集超均价表，集超均价,,,https://fgw.fuzhou.gov.cn/fgwzwgk/fzgggz/jgysf/msspjgxq/zfsp/202608/t20260813_5358290.htm
福州市,2026年8月13日,"
		2026年8月13日福州市主副食品集超均价表_主副食品_
		福州市发展和改革委员会
	",活花蛤,鲜活,元/500克,10.01,,,,,福州市主副食品集超均价表，集超均价,,,https://fgw.fuzhou.gov.cn/fgwzwgk/fzgggz/jgysf/msspjgxq/zfsp/202608/t20260813_5358290.htm
福州市,2026年8月13日,"
		2026年8月13日福州市主副食品集超均价表_主副食品_
		福州市发展和改革委员会
	",活草鱼,鲜活,元/500克,11.88,,,,,福州市主副食品集超均价表，集超均价,,,https://fgw.fuzhou.gov.cn/fgwzwgk/fzgggz/jgysf/msspjgxq/zfsp/202608/t20260813_5358290.htm
福州市,2026年8月13日,"
		2026年8月13日福州市主副食品集超均价表_主副食品_
		福州市发展和改革委员会
	",活鳙鱼（大头鲢）,鲜活,元/500克,14.08,,,,,福州市主副食品集超均价表，集超均价,,,https://fgw.fuzhou.gov.cn/fgwzwgk/fzgggz/jgysf/msspjgxq/zfsp/202608/t20260813_5358290.htm
福州市,2026年8月13日,"
		2026年8月13日福州市主副食品集超均价表_主副食品_
		福州市发展和改革委员会
	",牛肉,去骨肉,元/500克,47.01,,,,,福州市主副食品集超均价表，集超均价,,,https://fgw.fuzhou.gov.cn/fgwzwgk/fzgggz/jgysf/msspjgxq/zfsp/202608/t20260813_5358290.htm
福州市,2026年8月13日,"
		2026年8月13日福州市主副食品集超均价表_主副食品_
		福州市发展和改革委员会
	",猪瘦肉,新鲜,元/500克,14.58,,,,,福州市主副食品集超均价表，集超均价,,,https://fgw.fuzhou.gov.cn/fgwzwgk/fzgggz/jgysf/msspjgxq/zfsp/202608/t20260813_5358290.htm
福州市,2026年8月13日,"
		2026年8月13日福州市主副食品集超均价表_主副食品_
		福州市发展和改革委员会
	",猪肋条肉,新鲜,元/500克,15.37,,,,,福州市主副食品集超均价表，集超均价,,,https://fgw.fuzhou.gov.cn/fgwzwgk/fzgggz/jgysf/msspjgxq/zfsp/202608/t20260813_5358290.htm
福州市,2026年8月13日,"
		2026年8月13日福州市主副食品集超均价表_主副食品_
		福州市发展和改革委员会
	",白萝卜,新鲜,元/500克,1.66,,,,,福州市主副食品集超均价表，集超均价,,,https://fgw.fuzhou.gov.cn/fgwzwgk/fzgggz/jgysf/msspjgxq/zfsp/202608/t20260813_5358290.htm
福州市,2026年8月13日,"
		2026年8月13日福州市主副食品集超均价表_主副食品_
		福州市发展和改革委员会
	",空心菜,新鲜,元/500克,2.73,,,,,福州市主副食品集超均价表，集超均价,,,https://fgw.fuzhou.gov.cn/fgwzwgk/fzgggz/jgysf/msspjgxq/zfsp/202608/t20260813_5358290.htm
福州市,2026年8月13日,"
		2026年8月13日福州市主副食品集超均价表_主副食品_
		福州市发展和改革委员会
	",粳米,标一,元/500克,2.97,,,,,福州市主副食品集超均价表，集超均价,,,https://fgw.fuzhou.gov.cn/fgwzwgk/fzgggz/jgysf/msspjgxq/zfsp/202608/t20260813_5358290.htm
福州市,2026年8月13日,"
		2026年8月13日福州市主副食品集超均价表_主副食品_
		福州市发展和改革委员会
	",红萝卜,新鲜,元/500克,2.23,,,,,福州市主副食品集超均价表，集超均价,,,https://fgw.fuzhou.gov.cn/fgwzwgk/fzgggz/jgysf/msspjgxq/zfsp/202608/t20260813_5358290.htm
福州市,2026年8月13日,"
		2026年8月13日福州市主副食品集超均价表_主副食品_
		福州市发展和改革委员会
	",纯牛奶,盒装,元/盒(250毫升),2.71,,,,,福州市主副食品集超均价表，集超均价,,,https://fgw.fuzhou.gov.cn/fgwzwgk/fzgggz/jgysf/msspjgxq/zfsp/202608/t20260813_5358290.htm
福州市,2026年8月13日,"
		2026年8月13日福州市主副食品集超均价表_主副食品_
		福州市发展和改革委员会
	",羊肉,带骨肉,元/500克,44.87,,,,,福州市主副食品集超均价表，集超均价,,,https://fgw.fuzhou.gov.cn/fgwzwgk/fzgggz/jgysf/msspjgxq/zfsp/202608/t20260813_5358290.htm
福州市,2026年8月13日,"
		2026年8月13日福州市主副食品集超均价表_主副食品_
		福州市发展和改革委员会
	",脐橙,新鲜,元/500克,4.85,,,,,福州市主副食品集超均价表，集超均价,,,https://fgw.fuzhou.gov.cn/fgwzwgk/fzgggz/jgysf/msspjgxq/zfsp/202608/t20260813_5358290.htm
福州市,2026年8月13日,"
		2026年8月13日福州市主副食品集超均价表_主副食品_
		福州市发展和改革委员会
	",花生油,桶装一级,元/5升,107.01,,,,,福州市主副食品集超均价表，集超均价,,,https://fgw.fuzhou.gov.cn/fgwzwgk/fzgggz/jgysf/msspjgxq/zfsp/202608/t20260813_5358290.htm
福州市,2026年8月13日,"
		2026年8月13日福州市主副食品集超均价表_主副食品_
		福州市发展和改革委员会
	",花菜,新鲜,元/500克,5.01,,,,,福州市主副食品集超均价表，集超均价,,,https://fgw.fuzhou.gov.cn/fgwzwgk/fzgggz/jgysf/msspjgxq/zfsp/202608/t20260813_5358290.htm
福州市,2026年8月13日,"
		2026年8月13日福州市主副食品集超均价表_主副食品_
		福州市发展和改革委员会
	",芹菜,新鲜,元/500克,6.87,,,,,福州市主副食品集超均价表，集超均价,,,https://fgw.fuzhou.gov.cn/fgwzwgk/fzgggz/jgysf/msspjgxq/zfsp/202608/t20260813_5358290.htm
福州市,2026年8月13日,"
		2026年8月13日福州市主副食品集超均价表_主副食品_
		福州市发展和改革委员会
	",苹果,新鲜,元/500克,8.20,,,,,福州市主副食品集超均价表，集超均价,,,https://fgw.fuzhou.gov.cn/fgwzwgk/fzgggz/jgysf/msspjgxq/zfsp/202608/t20260813_5358290.htm
福州市,2026年8月13日,"
		2026年8月13日福州市主副食品集超均价表_主副食品_
		福州市发展和改革委员会
	",茄子,新鲜,元/500克,3.21,,,,,福州市主副食品集超均价表，集超均价,,,https://fgw.fuzhou.gov.cn/fgwzwgk/fzgggz/jgysf/msspjgxq/zfsp/202608/t20260813_5358290.htm
福州市,2026年8月13日,"
		2026年8月13日福州市主副食品集超均价表_主副食品_
		福州市发展和改革委员会
	",菜籽油,桶装一级,元/5升,70.60,,,,,福州市主副食品集超均价表，集超均价,,,https://fgw.fuzhou.gov.cn/fgwzwgk/fzgggz/jgysf/msspjgxq/zfsp/202608/t20260813_5358290.htm
福州市,2026年8月13日,"
		2026年8月13日福州市主副食品集超均价表_主副食品_
		福州市发展和改革委员会
	",蒜苔,新鲜,元/500克,8.31,,,,,福州市主副食品集超均价表，集超均价,,,https://fgw.fuzhou.gov.cn/fgwzwgk/fzgggz/jgysf/msspjgxq/zfsp/202608/t20260813_5358290.htm
福州市,2026年8月13日,"
		2026年8月13日福州市主副食品集超均价表_主副食品_
		福州市发展和改革委员会
	",西红柿,新鲜,元/500克,4.09,,,,,福州市主副食品集超均价表，集超均价,,,https://fgw.fuzhou.gov.cn/fgwzwgk/fzgggz/jgysf/msspjgxq/zfsp/202608/t20260813_5358290.htm
福州市,2026年8月13日,"
		2026年8月13日福州市主副食品集超均价表_主副食品_
		福州市发展和改革委员会
	",调和油,桶装一级,元/5升,67.31,,,,,福州市主副食品集超均价表，集超均价,,,https://fgw.fuzhou.gov.cn/fgwzwgk/fzgggz/jgysf/msspjgxq/zfsp/202608/t20260813_5358290.htm
福州市,2026年8月13日,"
		2026年8月13日福州市主副食品集超均价表_主副食品_
		福州市发展和改革委员会
	",豆角,新鲜,元/500克,6.82,,,,,福州市主副食品集超均价表，集超均价,,,https://fgw.fuzhou.gov.cn/fgwzwgk/fzgggz/jgysf/msspjgxq/zfsp/202608/t20260813_5358290.htm
福州市,2026年8月13日,"
		2026年8月13日福州市主副食品集超均价表_主副食品_
		福州市发展和改革委员会
	",青椒,新鲜,元/500克,5.43,,,,,福州市主副食品集超均价表，集超均价,,,https://fgw.fuzhou.gov.cn/fgwzwgk/fzgggz/jgysf/msspjgxq/zfsp/202608/t20260813_5358290.htm
福州市,2026年8月13日,"
		2026年8月13日福州市主副食品集超均价表_主副食品_
		福州市发展和改革委员会
	",韭菜,新鲜,元/500克,5.79,,,,,福州市主副食品集超均价表，集超均价,,,https://fgw.fuzhou.gov.cn/fgwzwgk/fzgggz/jgysf/msspjgxq/zfsp/202608/t20260813_5358290.htm
福州市,2026年8月13日,"
		2026年8月13日福州市主副食品集超均价表_主副食品_
		福州市发展和改革委员会
	",香蕉,新鲜,元/500克,4.66,,,,,福州市主副食品集超均价表，集超均价,,,https://fgw.fuzhou.gov.cn/fgwzwgk/fzgggz/jgysf/msspjgxq/zfsp/202608/t20260813_5358290.htm
福州市,2026年8月13日,"
		2026年8月13日福州市主副食品集超均价表_主副食品_
		福州市发展和改革委员会
	",马胶鱼,冰鲜,元/500克,28.62,,,,,福州市主副食品集超均价表，集超均价,,,https://fgw.fuzhou.gov.cn/fgwzwgk/fzgggz/jgysf/msspjgxq/zfsp/202608/t20260813_5358290.htm
福州市,2026年8月13日,"
		2026年8月13日福州市主副食品集超均价表_主副食品_
		福州市发展和改革委员会
	",鱿鱼,冰鲜,元/500克,50.16,,,,,福州市主副食品集超均价表，集超均价,,,https://fgw.fuzhou.gov.cn/fgwzwgk/fzgggz/jgysf/msspjgxq/zfsp/202608/t20260813_5358290.htm
福州市,2026年8月13日,"
		2026年8月13日福州市主副食品集超均价表_主副食品_
		福州市发展和改革委员会
	",鸡肉,白条鸡,元/500克,16.17,,,,,福州市主副食品集超均价表，集超均价,,,https://fgw.fuzhou.gov.cn/fgwzwgk/fzgggz/jgysf/msspjgxq/zfsp/202608/t20260813_5358290.htm
福州市,2026年8月13日,"
		2026年8月13日福州市主副食品集超均价表_主副食品_
		福州市发展和改革委员会
	",鸭肉,白条鸭,元/500克,16.56,,,,,福州市主副食品集超均价表，集超均价,,,https://fgw.fuzhou.gov.cn/fgwzwgk/fzgggz/jgysf/msspjgxq/zfsp/202608/t20260813_5358290.htm
福州市,2026年8月13日,"
		2026年8月13日福州市主副食品集超均价表_主副食品_
		福州市发展和改革委员会
	",黄瓜,新鲜,元/500克,3.25,,,,,福州市主副食品集超均价表，集超均价,,,https://fgw.fuzhou.gov.cn/fgwzwgk/fzgggz/jgysf/msspjgxq/zfsp/202608/t20260813_5358290.htm
福州市,2026年8月13日,"
		2026年8月13日福州市主副食品集超均价表_主副食品_
		福州市发展和改革委员会
	",黄瓜鱼,冰鲜,元/500克,26.90,,,,,福州市主副食品集超均价表，集超均价,,,https://fgw.fuzhou.gov.cn/fgwzwgk/fzgggz/jgysf/msspjgxq/zfsp/202608/t20260813_5358290.htm
福州市,2026年8月14日,"
		2026年8月14日福州市主副食品集超均价表_主副食品_
		福州市发展和改革委员会
	",上海青,新鲜,元/500克,3.42,,,,,福州市主副食品集超均价表，集超均价,,,https://fgw.fuzhou.gov.cn/fgwzwgk/fzgggz/jgysf/msspjgxq/zfsp/202608/t20260814_5358779.htm
福州市,2026年8月14日,"
		2026年8月14日福州市主副食品集超均价表_主副食品_
		福州市发展和改革委员会
	",冻带鱼,冷冻,元/500克,22.21,,,,,福州市主副食品集超均价表，集超均价,,,https://fgw.fuzhou.gov.cn/fgwzwgk/fzgggz/jgysf/msspjgxq/zfsp/202608/t20260814_5358779.htm
福州市,2026年8月14日,"
		2026年8月14日福州市主副食品集超均价表_主副食品_
		福州市发展和改革委员会
	",圆白菜,新鲜,元/500克,2.15,,,,,福州市主副食品集超均价表，集超均价,,,https://fgw.fuzhou.gov.cn/fgwzwgk/fzgggz/jgysf/msspjgxq/zfsp/202608/t20260814_5358779.htm
福州市,2026年8月14日,"
		2026年8月14日福州市主副食品集超均价表_主副食品_
		福州市发展和改革委员会
	",土豆,新鲜,元/500克,2.29,,,,,福州市主副食品集超均价表，集超均价,,,https://fgw.fuzhou.gov.cn/fgwzwgk/fzgggz/jgysf/msspjgxq/zfsp/202608/t20260814_5358779.htm
福州市,2026年8月14日,"
		2026年8月14日福州市主副食品集超均价表_主副食品_
		福州市发展和改革委员会
	",大白菜,新鲜,元/500克,2.27,,,,,福州市主副食品集超均价表，集超均价,,,https://fgw.fuzhou.gov.cn/fgwzwgk/fzgggz/jgysf/msspjgxq/zfsp/202608/t20260814_5358779.htm
福州市,2026年8月14日,"
		2026年8月14日福州市主副食品集超均价表_主副食品_
		福州市发展和改革委员会
	",大豆油,桶装一级,元/5升,58.03,,,,,福州市主副食品集超均价表，集超均价,,,https://fgw.fuzhou.gov.cn/fgwzwgk/fzgggz/jgysf/msspjgxq/zfsp/202608/t20260814_5358779.htm
福州市,2026年8月14日,"
		2026年8月14日福州市主副食品集超均价表_主副食品_
		福州市发展和改革委员会
	",富强粉,,元/500克,3.57,,,,,福州市主副食品集超均价表，集超均价,,,https://fgw.fuzhou.gov.cn/fgwzwgk/fzgggz/jgysf/msspjgxq/zfsp/202608/t20260814_5358779.htm
福州市,2026年8月14日,"
		2026年8月14日福州市主副食品集超均价表_主副食品_
		福州市发展和改革委员会
	",尖椒,新鲜,元/500克,5.07,,,,,福州市主副食品集超均价表，集超均价,,,https://fgw.fuzhou.gov.cn/fgwzwgk/fzgggz/jgysf/msspjgxq/zfsp/202608/t20260814_5358779.htm
福州市,2026年8月14日,"
		2026年8月14日福州市主副食品集超均价表_主副食品_
		福州市发展和改革委员会
	",晚籼米,标一,元/500克,2.68,,,,,福州市主副食品集超均价表，集超均价,,,https://fgw.fuzhou.gov.cn/fgwzwgk/fzgggz/jgysf/msspjgxq/zfsp/202608/t20260814_5358779.htm
福州市,2026年8月14日,"
		2026年8月14日福州市主副食品集超均价表_主副食品_
		福州市发展和改革委员会
	",普通鸡蛋,新鲜完整,元/500克,6.6,,,,,福州市主副食品集超均价表，集超均价,,,https://fgw.fuzhou.gov.cn/fgwzwgk/fzgggz/jgysf/msspjgxq/zfsp/202608/t20260814_5358779.htm
福州市,2026年8月14日,"
		2026年8月14日福州市主副食品集超均价表_主副食品_
		福州市发展和改革委员会
	",普通鸭蛋,新鲜完整,元/500克,8.3,,,,,福州市主副食品集超均价表，集超均价,,,https://fgw.fuzhou.gov.cn/fgwzwgk/fzgggz/jgysf/msspjgxq/zfsp/202608/t20260814_5358779.htm
福州市,2026年8月14日,"
		2026年8月14日福州市主副食品集超均价表_主副食品_
		福州市发展和改革委员会
	",标准粉,,元/500克,2.49,,,,,福州市主副食品集超均价表，集超均价,,,https://fgw.fuzhou.gov.cn/fgwzwgk/fzgggz/jgysf/msspjgxq/zfsp/202608/t20260814_5358779.htm
福州市,2026年8月14日,"
		2026年8月14日福州市主副食品集超均价表_主副食品_
		福州市发展和改革委员会
	",梨,新鲜,元/500克,5.01,,,,,福州市主副食品集超均价表，集超均价,,,https://fgw.fuzhou.gov.cn/fgwzwgk/fzgggz/jgysf/msspjgxq/zfsp/202608/t20260814_5358779.htm
福州市,2026年8月14日,"
		2026年8月14日福州市主副食品集超均价表_主副食品_
		福州市发展和改革委员会
	",油菜(菜心),新鲜,元/500克,4.02,,,,,福州市主副食品集超均价表，集超均价,,,https://fgw.fuzhou.gov.cn/fgwzwgk/fzgggz/jgysf/msspjgxq/zfsp/202608/t20260814_5358779.htm
福州市,2026年8月14日,"
		2026年8月14日福州市主副食品集超均价表_主副食品_
		福州市发展和改革委员会
	",活明虾,鲜活,元/500克,28.25,,,,,福州市主副食品集超均价表，集超均价,,,https://fgw.fuzhou.gov.cn/fgwzwgk/fzgggz/jgysf/msspjgxq/zfsp/202608/t20260814_5358779.htm
福州市,2026年8月14日,"
		2026年8月14日福州市主副食品集超均价表_主副食品_
		福州市发展和改革委员会
	",活花蛤,鲜活,元/500克,10.01,,,,,福州市主副食品集超均价表，集超均价,,,https://fgw.fuzhou.gov.cn/fgwzwgk/fzgggz/jgysf/msspjgxq/zfsp/202608/t20260814_5358779.htm
福州市,2026年8月14日,"
		2026年8月14日福州市主副食品集超均价表_主副食品_
		福州市发展和改革委员会
	",活草鱼,鲜活,元/500克,11.88,,,,,福州市主副食品集超均价表，集超均价,,,https://fgw.fuzhou.gov.cn/fgwzwgk/fzgggz/jgysf/msspjgxq/zfsp/202608/t20260814_5358779.htm
福州市,2026年8月14日,"
		2026年8月14日福州市主副食品集超均价表_主副食品_
		福州市发展和改革委员会
	",活鳙鱼（大头鲢）,鲜活,元/500克,14.08,,,,,福州市主副食品集超均价表，集超均价,,,https://fgw.fuzhou.gov.cn/fgwzwgk/fzgggz/jgysf/msspjgxq/zfsp/202608/t20260814_5358779.htm
福州市,2026年8月14日,"
		2026年8月14日福州市主副食品集超均价表_主副食品_
		福州市发展和改革委员会
	",牛肉,去骨肉,元/500克,47.01,,,,,福州市主副食品集超均价表，集超均价,,,https://fgw.fuzhou.gov.cn/fgwzwgk/fzgggz/jgysf/msspjgxq/zfsp/202608/t20260814_5358779.htm
福州市,2026年8月14日,"
		2026年8月14日福州市主副食品集超均价表_主副食品_
		福州市发展和改革委员会
	",猪瘦肉,新鲜,元/500克,14.58,,,,,福州市主副食品集超均价表，集超均价,,,https://fgw.fuzhou.gov.cn/fgwzwgk/fzgggz/jgysf/msspjgxq/zfsp/202608/t20260814_5358779.htm
福州市,2026年8月14日,"
		2026年8月14日福州市主副食品集超均价表_主副食品_
		福州市发展和改革委员会
	",猪肋条肉,新鲜,元/500克,15.15,,,,,福州市主副食品集超均价表，集超均价,,,https://fgw.fuzhou.gov.cn/fgwzwgk/fzgggz/jgysf/msspjgxq/zfsp/202608/t20260814_5358779.htm
福州市,2026年8月14日,"
		2026年8月14日福州市主副食品集超均价表_主副食品_
		福州市发展和改革委员会
	",白萝卜,新鲜,元/500克,1.67,,,,,福州市主副食品集超均价表，集超均价,,,https://fgw.fuzhou.gov.cn/fgwzwgk/fzgggz/jgysf/msspjgxq/zfsp/202608/t20260814_5358779.htm
福州市,2026年8月14日,"
		2026年8月14日福州市主副食品集超均价表_主副食品_
		福州市发展和改革委员会
	",空心菜,新鲜,元/500克,2.74,,,,,福州市主副食品集超均价表，集超均价,,,https://fgw.fuzhou.gov.cn/fgwzwgk/fzgggz/jgysf/msspjgxq/zfsp/202608/t20260814_5358779.htm
福州市,2026年8月14日,"
		2026年8月14日福州市主副食品集超均价表_主副食品_
		福州市发展和改革委员会
	",粳米,标一,元/500克,2.97,,,,,福州市主副食品集超均价表，集超均价,,,https://fgw.fuzhou.gov.cn/fgwzwgk/fzgggz/jgysf/msspjgxq/zfsp/202608/t20260814_5358779.htm
福州市,2026年8月14日,"
		2026年8月14日福州市主副食品集超均价表_主副食品_
		福州市发展和改革委员会
	",红萝卜,新鲜,元/500克,2.23,,,,,福州市主副食品集超均价表，集超均价,,,https://fgw.fuzhou.gov.cn/fgwzwgk/fzgggz/jgysf/msspjgxq/zfsp/202608/t20260814_5358779.htm
福州市,2026年8月14日,"
		2026年8月14日福州市主副食品集超均价表_主副食品_
		福州市发展和改革委员会
	",纯牛奶,盒装,元/盒(250毫升),2.71,,,,,福州市主副食品集超均价表，集超均价,,,https://fgw.fuzhou.gov.cn/fgwzwgk/fzgggz/jgysf/msspjgxq/zfsp/202608/t20260814_5358779.htm
福州市,2026年8月14日,"
		2026年8月14日福州市主副食品集超均价表_主副食品_
		福州市发展和改革委员会
	",羊肉,带骨肉,元/500克,44.87,,,,,福州市主副食品集超均价表，集超均价,,,https://fgw.fuzhou.gov.cn/fgwzwgk/fzgggz/jgysf/msspjgxq/zfsp/202608/t20260814_5358779.htm
福州市,2026年8月14日,"
		2026年8月14日福州市主副食品集超均价表_主副食品_
		福州市发展和改革委员会
	",脐橙,新鲜,元/500克,4.89,,,,,福州市主副食品集超均价表，集超均价,,,https://fgw.fuzhou.gov.cn/fgwzwgk/fzgggz/jgysf/msspjgxq/zfsp/202608/t20260814_5358779.htm
福州市,2026年8月14日,"
		2026年8月14日福州市主副食品集超均价表_主副食品_
		福州市发展和改革委员会
	",花生油,桶装一级,元/5升,107.01,,,,,福州市主副食品集超均价表，集超均价,,,https://fgw.fuzhou.gov.cn/fgwzwgk/fzgggz/jgysf/msspjgxq/zfsp/202608/t20260814_5358779.htm
福州市,2026年8月14日,"
		2026年8月14日福州市主副食品集超均价表_主副食品_
		福州市发展和改革委员会
	",花菜,新鲜,元/500克,4.94,,,,,福州市主副食品集超均价表，集超均价,,,https://fgw.fuzhou.gov.cn/fgwzwgk/fzgggz/jgysf/msspjgxq/zfsp/202608/t20260814_5358779.htm
福州市,2026年8月14日,"
		2026年8月14日福州市主副食品集超均价表_主副食品_
		福州市发展和改革委员会
	",芹菜,新鲜,元/500克,6.87,,,,,福州市主副食品集超均价表，集超均价,,,https://fgw.fuzhou.gov.cn/fgwzwgk/fzgggz/jgysf/msspjgxq/zfsp/202608/t20260814_5358779.htm
福州市,2026年8月14日,"
		2026年8月14日福州市主副食品集超均价表_主副食品_
		福州市发展和改革委员会
	",苹果,新鲜,元/500克,8.25,,,,,福州市主副食品集超均价表，集超均价,,,https://fgw.fuzhou.gov.cn/fgwzwgk/fzgggz/jgysf/msspjgxq/zfsp/202608/t20260814_5358779.htm
福州市,2026年8月14日,"
		2026年8月14日福州市主副食品集超均价表_主副食品_
		福州市发展和改革委员会
	",茄子,新鲜,元/500克,3.24,,,,,福州市主副食品集超均价表，集超均价,,,https://fgw.fuzhou.gov.cn/fgwzwgk/fzgggz/jgysf/msspjgxq/zfsp/202608/t20260814_5358779.htm
福州市,2026年8月14日,"
		2026年8月14日福州市主副食品集超均价表_主副食品_
		福州市发展和改革委员会
	",菜籽油,桶装一级,元/5升,70.6,,,,,福州市主副食品集超均价表，集超均价,,,https://fgw.fuzhou.gov.cn/fgwzwgk/fzgggz/jgysf/msspjgxq/zfsp/202608/t20260814_5358779.htm
福州市,2026年8月14日,"
		2026年8月14日福州市主副食品集超均价表_主副食品_
		福州市发展和改革委员会
	",蒜苔,新鲜,元/500克,8.31,,,,,福州市主副食品集超均价表，集超均价,,,https://fgw.fuzhou.gov.cn/fgwzwgk/fzgggz/jgysf/msspjgxq/zfsp/202608/t20260814_5358779.htm
福州市,2026年8月14日,"
		2026年8月14日福州市主副食品集超均价表_主副食品_
		福州市发展和改革委员会
	",西红柿,新鲜,元/500克,4.09,,,,,福州市主副食品集超均价表，集超均价,,,https://fgw.fuzhou.gov.cn/fgwzwgk/fzgggz/jgysf/msspjgxq/zfsp/202608/t20260814_5358779.htm
福州市,2026年8月14日,"
		2026年8月14日福州市主副食品集超均价表_主副食品_
		福州市发展和改革委员会
	",调和油,桶装一级,元/5升,67.31,,,,,福州市主副食品集超均价表，集超均价,,,https://fgw.fuzhou.gov.cn/fgwzwgk/fzgggz/jgysf/msspjgxq/zfsp/202608/t20260814_5358779.htm
福州市,2026年8月14日,"
		2026年8月14日福州市主副食品集超均价表_主副食品_
		福州市发展和改革委员会
	",豆角,新鲜,元/500克,6.68,,,,,福州市主副食品集超均价表，集超均价,,,https://fgw.fuzhou.gov.cn/fgwzwgk/fzgggz/jgysf/msspjgxq/zfsp/202608/t20260814_5358779.htm
福州市,2026年8月14日,"
		2026年8月14日福州市主副食品集超均价表_主副食品_
		福州市发展和改革委员会
	",青椒,新鲜,元/500克,5.41,,,,,福州市主副食品集超均价表，集超均价,,,https://fgw.fuzhou.gov.cn/fgwzwgk/fzgggz/jgysf/msspjgxq/zfsp/202608/t20260814_5358779.htm
福州市,2026年8月14日,"
		2026年8月14日福州市主副食品集超均价表_主副食品_
		福州市发展和改革委员会
	",韭菜,新鲜,元/500克,5.82,,,,,福州市主副食品集超均价表，集超均价,,,https://fgw.fuzhou.gov.cn/fgwzwgk/fzgggz/jgysf/msspjgxq/zfsp/202608/t20260814_5358779.htm
福州市,2026年8月14日,"
		2026年8月14日福州市主副食品集超均价表_主副食品_
		福州市发展和改革委员会
	",香蕉,新鲜,元/500克,4.62,,,,,福州市主副食品集超均价表，集超均价,,,https://fgw.fuzhou.gov.cn/fgwzwgk/fzgggz/jgysf/msspjgxq/zfsp/202608/t20260814_5358779.htm
福州市,2026年8月14日,"
		2026年8月14日福州市主副食品集超均价表_主副食品_
		福州市发展和改革委员会
	",马胶鱼,冰鲜,元/500克,28.29,,,,,福州市主副食品集超均价表，集超均价,,,https://fgw.fuzhou.gov.cn/fgwzwgk/fzgggz/jgysf/msspjgxq/zfsp/202608/t20260814_5358779.htm
福州市,2026年8月14日,"
		2026年8月14日福州市主副食品集超均价表_主副食品_
		福州市发展和改革委员会
	",鱿鱼,冰鲜,元/500克,50.16,,,,,福州市主副食品集超均价表，集超均价,,,https://fgw.fuzhou.gov.cn/fgwzwgk/fzgggz/jgysf/msspjgxq/zfsp/202608/t20260814_5358779.htm
福州市,2026年8月14日,"
		2026年8月14日福州市主副食品集超均价表_主副食品_
		福州市发展和改革委员会
	",鸡肉,白条鸡,元/500克,16.17,,,,,福州市主副食品集超均价表，集超均价,,,https://fgw.fuzhou.gov.cn/fgwzwgk/fzgggz/jgysf/msspjgxq/zfsp/202608/t20260814_5358779.htm
福州市,2026年8月14日,"
		2026年8月14日福州市主副食品集超均价表_主副食品_
		福州市发展和改革委员会
	",鸭肉,白条鸭,元/500克,16.56,,,,,福州市主副食品集超均价表，集超均价,,,https://fgw.fuzhou.gov.cn/fgwzwgk/fzgggz/jgysf/msspjgxq/zfsp/202608/t20260814_5358779.htm
福州市,2026年8月14日,"
		2026年8月14日福州市主副食品集超均价表_主副食品_
		福州市发展和改革委员会
	",黄瓜,新鲜,元/500克,3.17,,,,,福州市主副食品集超均价表，集超均价,,,https://fgw.fuzhou.gov.cn/fgwzwgk/fzgggz/jgysf/msspjgxq/zfsp/202608/t20260814_5358779.htm
福州市,2026年8月14日,"
		2026年8月14日福州市主副食品集超均价表_主副食品_
		福州市发展和改革委员会
	",黄瓜鱼,冰鲜,元/500克,26.9,,,,,福州市主副食品集超均价表，集超均价,,,https://fgw.fuzhou.gov.cn/fgwzwgk/fzgggz/jgysf/msspjgxq/zfsp/202608/t20260814_5358779.htm
福州市,2026年8月17日,"
		2026年8月17日福州市主副食品集超均价表_主副食品_
		福州市发展和改革委员会
	",上海青,新鲜,元/500克,3.40,,,,,福州市主副食品集超均价表，集超均价,,,https://fgw.fuzhou.gov.cn/fgwzwgk/fzgggz/jgysf/msspjgxq/zfsp/202608/t20260817_5359519.htm
福州市,2026年8月17日,"
		2026年8月17日福州市主副食品集超均价表_主副食品_
		福州市发展和改革委员会
	",冻带鱼,冷冻,元/500克,22.21,,,,,福州市主副食品集超均价表，集超均价,,,https://fgw.fuzhou.gov.cn/fgwzwgk/fzgggz/jgysf/msspjgxq/zfsp/202608/t20260817_5359519.htm
福州市,2026年8月17日,"
		2026年8月17日福州市主副食品集超均价表_主副食品_
		福州市发展和改革委员会
	",圆白菜,新鲜,元/500克,2.19,,,,,福州市主副食品集超均价表，集超均价,,,https://fgw.fuzhou.gov.cn/fgwzwgk/fzgggz/jgysf/msspjgxq/zfsp/202608/t20260817_5359519.htm
福州市,2026年8月17日,"
		2026年8月17日福州市主副食品集超均价表_主副食品_
		福州市发展和改革委员会
	",土豆,新鲜,元/500克,2.27,,,,,福州市主副食品集超均价表，集超均价,,,https://fgw.fuzhou.gov.cn/fgwzwgk/fzgggz/jgysf/msspjgxq/zfsp/202608/t20260817_5359519.htm
福州市,2026年8月17日,"
		2026年8月17日福州市主副食品集超均价表_主副食品_
		福州市发展和改革委员会
	",大白菜,新鲜,元/500克,2.29,,,,,福州市主副食品集超均价表，集超均价,,,https://fgw.fuzhou.gov.cn/fgwzwgk/fzgggz/jgysf/msspjgxq/zfsp/202608/t20260817_5359519.htm
福州市,2026年8月17日,"
		2026年8月17日福州市主副食品集超均价表_主副食品_
		福州市发展和改革委员会
	",大豆油,桶装一级,元/5升,58.03,,,,,福州市主副食品集超均价表，集超均价,,,https://fgw.fuzhou.gov.cn/fgwzwgk/fzgggz/jgysf/msspjgxq/zfsp/202608/t20260817_5359519.htm
福州市,2026年8月17日,"
		2026年8月17日福州市主副食品集超均价表_主副食品_
		福州市发展和改革委员会
	",富强粉,,元/500克,3.57,,,,,福州市主副食品集超均价表，集超均价,,,https://fgw.fuzhou.gov.cn/fgwzwgk/fzgggz/jgysf/msspjgxq/zfsp/202608/t20260817_5359519.htm
福州市,2026年8月17日,"
		2026年8月17日福州市主副食品集超均价表_主副食品_
		福州市发展和改革委员会
	",尖椒,新鲜,元/500克,5.27,,,,,福州市主副食品集超均价表，集超均价,,,https://fgw.fuzhou.gov.cn/fgwzwgk/fzgggz/jgysf/msspjgxq/zfsp/202608/t20260817_5359519.htm
福州市,2026年8月17日,"
		2026年8月17日福州市主副食品集超均价表_主副食品_
		福州市发展和改革委员会
	",晚籼米,标一,元/500克,2.68,,,,,福州市主副食品集超均价表，集超均价,,,https://fgw.fuzhou.gov.cn/fgwzwgk/fzgggz/jgysf/msspjgxq/zfsp/202608/t20260817_5359519.htm
福州市,2026年8月17日,"
		2026年8月17日福州市主副食品集超均价表_主副食品_
		福州市发展和改革委员会
	",普通鸡蛋,新鲜完整,元/500克,6.68,,,,,福州市主副食品集超均价表，集超均价,,,https://fgw.fuzhou.gov.cn/fgwzwgk/fzgggz/jgysf/msspjgxq/zfsp/202608/t20260817_5359519.htm
福州市,2026年8月17日,"
		2026年8月17日福州市主副食品集超均价表_主副食品_
		福州市发展和改革委员会
	",普通鸭蛋,新鲜完整,元/500克,8.31,,,,,福州市主副食品集超均价表，集超均价,,,https://fgw.fuzhou.gov.cn/fgwzwgk/fzgggz/jgysf/msspjgxq/zfsp/202608/t20260817_5359519.htm
福州市,2026年8月17日,"
		2026年8月17日福州市主副食品集超均价表_主副食品_
		福州市发展和改革委员会
	",标准粉,,元/500克,2.49,,,,,福州市主副食品集超均价表，集超均价,,,https://fgw.fuzhou.gov.cn/fgwzwgk/fzgggz/jgysf/msspjgxq/zfsp/202608/t20260817_5359519.htm
福州市,2026年8月17日,"
		2026年8月17日福州市主副食品集超均价表_主副食品_
		福州市发展和改革委员会
	",梨,新鲜,元/500克,5.01,,,,,福州市主副食品集超均价表，集超均价,,,https://fgw.fuzhou.gov.cn/fgwzwgk/fzgggz/jgysf/msspjgxq/zfsp/202608/t20260817_5359519.htm
福州市,2026年8月17日,"
		2026年8月17日福州市主副食品集超均价表_主副食品_
		福州市发展和改革委员会
	",油菜(菜心),新鲜,元/500克,4.19,,,,,福州市主副食品集超均价表，集超均价,,,https://fgw.fuzhou.gov.cn/fgwzwgk/fzgggz/jgysf/msspjgxq/zfsp/202608/t20260817_5359519.htm
福州市,2026年8月17日,"
		2026年8月17日福州市主副食品集超均价表_主副食品_
		福州市发展和改革委员会
	",活明虾,鲜活,元/500克,27.96,,,,,福州市主副食品集超均价表，集超均价,,,https://fgw.fuzhou.gov.cn/fgwzwgk/fzgggz/jgysf/msspjgxq/zfsp/202608/t20260817_5359519.htm
福州市,2026年8月17日,"
		2026年8月17日福州市主副食品集超均价表_主副食品_
		福州市发展和改革委员会
	",活花蛤,鲜活,元/500克,10.08,,,,,福州市主副食品集超均价表，集超均价,,,https://fgw.fuzhou.gov.cn/fgwzwgk/fzgggz/jgysf/msspjgxq/zfsp/202608/t20260817_5359519.htm
福州市,2026年8月17日,"
		2026年8月17日福州市主副食品集超均价表_主副食品_
		福州市发展和改革委员会
	",活草鱼,鲜活,元/500克,11.88,,,,,福州市主副食品集超均价表，集超均价,,,https://fgw.fuzhou.gov.cn/fgwzwgk/fzgggz/jgysf/msspjgxq/zfsp/202608/t20260817_5359519.htm
福州市,2026年8月17日,"
		2026年8月17日福州市主副食品集超均价表_主副食品_
		福州市发展和改革委员会
	",活鳙鱼（大头鲢）,鲜活,元/500克,14.08,,,,,福州市主副食品集超均价表，集超均价,,,https://fgw.fuzhou.gov.cn/fgwzwgk/fzgggz/jgysf/msspjgxq/zfsp/202608/t20260817_5359519.htm
福州市,2026年8月17日,"
		2026年8月17日福州市主副食品集超均价表_主副食品_
		福州市发展和改革委员会
	",牛肉,去骨肉,元/500克,47.01,,,,,福州市主副食品集超均价表，集超均价,,,https://fgw.fuzhou.gov.cn/fgwzwgk/fzgggz/jgysf/msspjgxq/zfsp/202608/t20260817_5359519.htm
福州市,2026年8月17日,"
		2026年8月17日福州市主副食品集超均价表_主副食品_
		福州市发展和改革委员会
	",猪瘦肉,新鲜,元/500克,14.65,,,,,福州市主副食品集超均价表，集超均价,,,https://fgw.fuzhou.gov.cn/fgwzwgk/fzgggz/jgysf/msspjgxq/zfsp/202608/t20260817_5359519.htm
福州市,2026年8月17日,"
		2026年8月17日福州市主副食品集超均价表_主副食品_
		福州市发展和改革委员会
	",猪肋条肉,新鲜,元/500克,15.15,,,,,福州市主副食品集超均价表，集超均价,,,https://fgw.fuzhou.gov.cn/fgwzwgk/fzgggz/jgysf/msspjgxq/zfsp/202608/t20260817_5359519.htm
福州市,2026年8月17日,"
		2026年8月17日福州市主副食品集超均价表_主副食品_
		福州市发展和改革委员会
	",白萝卜,新鲜,元/500克,1.60,,,,,福州市主副食品集超均价表，集超均价,,,https://fgw.fuzhou.gov.cn/fgwzwgk/fzgggz/jgysf/msspjgxq/zfsp/202608/t20260817_5359519.htm
福州市,2026年8月17日,"
		2026年8月17日福州市主副食品集超均价表_主副食品_
		福州市发展和改革委员会
	",空心菜,新鲜,元/500克,2.69,,,,,福州市主副食品集超均价表，集超均价,,,https://fgw.fuzhou.gov.cn/fgwzwgk/fzgggz/jgysf/msspjgxq/zfsp/202608/t20260817_5359519.htm
福州市,2026年8月17日,"
		2026年8月17日福州市主副食品集超均价表_主副食品_
		福州市发展和改革委员会
	",粳米,标一,元/500克,2.97,,,,,福州市主副食品集超均价表，集超均价,,,https://fgw.fuzhou.gov.cn/fgwzwgk/fzgggz/jgysf/msspjgxq/zfsp/202608/t20260817_5359519.htm
福州市,2026年8月17日,"
		2026年8月17日福州市主副食品集超均价表_主副食品_
		福州市发展和改革委员会
	",红萝卜,新鲜,元/500克,2.23,,,,,福州市主副食品集超均价表，集超均价,,,https://fgw.fuzhou.gov.cn/fgwzwgk/fzgggz/jgysf/msspjgxq/zfsp/202608/t20260817_5359519.htm
福州市,2026年8月17日,"
		2026年8月17日福州市主副食品集超均价表_主副食品_
		福州市发展和改革委员会
	",纯牛奶,盒装,元/盒(250毫升),2.71,,,,,福州市主副食品集超均价表，集超均价,,,https://fgw.fuzhou.gov.cn/fgwzwgk/fzgggz/jgysf/msspjgxq/zfsp/202608/t20260817_5359519.htm
福州市,2026年8月17日,"
		2026年8月17日福州市主副食品集超均价表_主副食品_
		福州市发展和改革委员会
	",羊肉,带骨肉,元/500克,44.16,,,,,福州市主副食品集超均价表，集超均价,,,https://fgw.fuzhou.gov.cn/fgwzwgk/fzgggz/jgysf/msspjgxq/zfsp/202608/t20260817_5359519.htm
福州市,2026年8月17日,"
		2026年8月17日福州市主副食品集超均价表_主副食品_
		福州市发展和改革委员会
	",脐橙,新鲜,元/500克,4.89,,,,,福州市主副食品集超均价表，集超均价,,,https://fgw.fuzhou.gov.cn/fgwzwgk/fzgggz/jgysf/msspjgxq/zfsp/202608/t20260817_5359519.htm
福州市,2026年8月17日,"
		2026年8月17日福州市主副食品集超均价表_主副食品_
		福州市发展和改革委员会
	",花生油,桶装一级,元/5升,107.01,,,,,福州市主副食品集超均价表，集超均价,,,https://fgw.fuzhou.gov.cn/fgwzwgk/fzgggz/jgysf/msspjgxq/zfsp/202608/t20260817_5359519.htm
福州市,2026年8月17日,"
		2026年8月17日福州市主副食品集超均价表_主副食品_
		福州市发展和改革委员会
	",花菜,新鲜,元/500克,4.92,,,,,福州市主副食品集超均价表，集超均价,,,https://fgw.fuzhou.gov.cn/fgwzwgk/fzgggz/jgysf/msspjgxq/zfsp/202608/t20260817_5359519.htm
福州市,2026年8月17日,"
		2026年8月17日福州市主副食品集超均价表_主副食品_
		福州市发展和改革委员会
	",芹菜,新鲜,元/500克,6.94,,,,,福州市主副食品集超均价表，集超均价,,,https://fgw.fuzhou.gov.cn/fgwzwgk/fzgggz/jgysf/msspjgxq/zfsp/202608/t20260817_5359519.htm
福州市,2026年8月17日,"
		2026年8月17日福州市主副食品集超均价表_主副食品_
		福州市发展和改革委员会
	",苹果,新鲜,元/500克,8.25,,,,,福州市主副食品集超均价表，集超均价,,,https://fgw.fuzhou.gov.cn/fgwzwgk/fzgggz/jgysf/msspjgxq/zfsp/202608/t20260817_5359519.htm
福州市,2026年8月17日,"
		2026年8月17日福州市主副食品集超均价表_主副食品_
		福州市发展和改革委员会
	",茄子,新鲜,元/500克,3.17,,,,,福州市主副食品集超均价表，集超均价,,,https://fgw.fuzhou.gov.cn/fgwzwgk/fzgggz/jgysf/msspjgxq/zfsp/202608/t20260817_5359519.htm
福州市,2026年8月17日,"
		2026年8月17日福州市主副食品集超均价表_主副食品_
		福州市发展和改革委员会
	",菜籽油,桶装一级,元/5升,70.60,,,,,福州市主副食品集超均价表，集超均价,,,https://fgw.fuzhou.gov.cn/fgwzwgk/fzgggz/jgysf/msspjgxq/zfsp/202608/t20260817_5359519.htm
福州市,2026年8月17日,"
		2026年8月17日福州市主副食品集超均价表_主副食品_
		福州市发展和改革委员会
	",蒜苔,新鲜,元/500克,8.31,,,,,福州市主副食品集超均价表，集超均价,,,https://fgw.fuzhou.gov.cn/fgwzwgk/fzgggz/jgysf/msspjgxq/zfsp/202608/t20260817_5359519.htm
福州市,2026年8月17日,"
		2026年8月17日福州市主副食品集超均价表_主副食品_
		福州市发展和改革委员会
	",西红柿,新鲜,元/500克,4.05,,,,,福州市主副食品集超均价表，集超均价,,,https://fgw.fuzhou.gov.cn/fgwzwgk/fzgggz/jgysf/msspjgxq/zfsp/202608/t20260817_5359519.htm
福州市,2026年8月17日,"
		2026年8月17日福州市主副食品集超均价表_主副食品_
		福州市发展和改革委员会
	",调和油,桶装一级,元/5升,67.31,,,,,福州市主副食品集超均价表，集超均价,,,https://fgw.fuzhou.gov.cn/fgwzwgk/fzgggz/jgysf/msspjgxq/zfsp/202608/t20260817_5359519.htm
福州市,2026年8月17日,"
		2026年8月17日福州市主副食品集超均价表_主副食品_
		福州市发展和改革委员会
	",豆角,新鲜,元/500克,6.71,,,,,福州市主副食品集超均价表，集超均价,,,https://fgw.fuzhou.gov.cn/fgwzwgk/fzgggz/jgysf/msspjgxq/zfsp/202608/t20260817_5359519.htm
福州市,2026年8月17日,"
		2026年8月17日福州市主副食品集超均价表_主副食品_
		福州市发展和改革委员会
	",青椒,新鲜,元/500克,5.51,,,,,福州市主副食品集超均价表，集超均价,,,https://fgw.fuzhou.gov.cn/fgwzwgk/fzgggz/jgysf/msspjgxq/zfsp/202608/t20260817_5359519.htm
福州市,2026年8月17日,"
		2026年8月17日福州市主副食品集超均价表_主副食品_
		福州市发展和改革委员会
	",韭菜,新鲜,元/500克,5.82,,,,,福州市主副食品集超均价表，集超均价,,,https://fgw.fuzhou.gov.cn/fgwzwgk/fzgggz/jgysf/msspjgxq/zfsp/202608/t20260817_5359519.htm
福州市,2026年8月17日,"
		2026年8月17日福州市主副食品集超均价表_主副食品_
		福州市发展和改革委员会
	",香蕉,新鲜,元/500克,4.62,,,,,福州市主副食品集超均价表，集超均价,,,https://fgw.fuzhou.gov.cn/fgwzwgk/fzgggz/jgysf/msspjgxq/zfsp/202608/t20260817_5359519.htm
福州市,2026年8月17日,"
		2026年8月17日福州市主副食品集超均价表_主副食品_
		福州市发展和改革委员会
	",马胶鱼,冰鲜,元/500克,28.29,,,,,福州市主副食品集超均价表，集超均价,,,https://fgw.fuzhou.gov.cn/fgwzwgk/fzgggz/jgysf/msspjgxq/zfsp/202608/t20260817_5359519.htm
福州市,2026年8月17日,"
		2026年8月17日福州市主副食品集超均价表_主副食品_
		福州市发展和改革委员会
	",鱿鱼,冰鲜,元/500克,50.38,,,,,福州市主副食品集超均价表，集超均价,,,https://fgw.fuzhou.gov.cn/fgwzwgk/fzgggz/jgysf/msspjgxq/zfsp/202608/t20260817_5359519.htm
福州市,2026年8月17日,"
		2026年8月17日福州市主副食品集超均价表_主副食品_
		福州市发展和改革委员会
	",鸡肉,白条鸡,元/500克,16.17,,,,,福州市主副食品集超均价表，集超均价,,,https://fgw.fuzhou.gov.cn/fgwzwgk/fzgggz/jgysf/msspjgxq/zfsp/202608/t20260817_5359519.htm
福州市,2026年8月17日,"
		2026年8月17日福州市主副食品集超均价表_主副食品_
		福州市发展和改革委员会
	",鸭肉,白条鸭,元/500克,16.42,,,,,福州市主副食品集超均价表，集超均价,,,https://fgw.fuzhou.gov.cn/fgwzwgk/fzgggz/jgysf/msspjgxq/zfsp/202608/t20260817_5359519.htm
福州市,2026年8月17日,"
		2026年8月17日福州市主副食品集超均价表_主副食品_
		福州市发展和改革委员会
	",黄瓜,新鲜,元/500克,3.25,,,,,福州市主副食品集超均价表，集超均价,,,https://fgw.fuzhou.gov.cn/fgwzwgk/fzgggz/jgysf/msspjgxq/zfsp/202608/t20260817_5359519.htm
福州市,2026年8月17日,"
		2026年8月17日福州市主副食品集超均价表_主副食品_
		福州市发展和改革委员会
	",黄瓜鱼,冰鲜,元/500克,27.25,,,,,福州市主副食品集超均价表，集超均价,,,https://fgw.fuzhou.gov.cn/fgwzwgk/fzgggz/jgysf/msspjgxq/zfsp/202608/t20260817_5359519.htm
福州市,2026年8月18日,"
		2026年8月18日福州市主副食品集超均价表_主副食品_
		福州市发展和改革委员会
	",上海青,新鲜,元/500克,3.42,,,,,福州市主副食品集超均价表，集超均价,,,https://fgw.fuzhou.gov.cn/fgwzwgk/fzgggz/jgysf/msspjgxq/zfsp/202608/t20260818_5360044.htm
福州市,2026年8月18日,"
		2026年8月18日福州市主副食品集超均价表_主副食品_
		福州市发展和改革委员会
	",冻带鱼,冷冻,元/500克,22.21,,,,,福州市主副食品集超均价表，集超均价,,,https://fgw.fuzhou.gov.cn/fgwzwgk/fzgggz/jgysf/msspjgxq/zfsp/202608/t20260818_5360044.htm
福州市,2026年8月18日,"
		2026年8月18日福州市主副食品集超均价表_主副食品_
		福州市发展和改革委员会
	",圆白菜,新鲜,元/500克,2.10,,,,,福州市主副食品集超均价表，集超均价,,,https://fgw.fuzhou.gov.cn/fgwzwgk/fzgggz/jgysf/msspjgxq/zfsp/202608/t20260818_5360044.htm
福州市,2026年8月18日,"
		2026年8月18日福州市主副食品集超均价表_主副食品_
		福州市发展和改革委员会
	",土豆,新鲜,元/500克,2.27,,,,,福州市主副食品集超均价表，集超均价,,,https://fgw.fuzhou.gov.cn/fgwzwgk/fzgggz/jgysf/msspjgxq/zfsp/202608/t20260818_5360044.htm
福州市,2026年8月18日,"
		2026年8月18日福州市主副食品集超均价表_主副食品_
		福州市发展和改革委员会
	",大白菜,新鲜,元/500克,2.30,,,,,福州市主副食品集超均价表，集超均价,,,https://fgw.fuzhou.gov.cn/fgwzwgk/fzgggz/jgysf/msspjgxq/zfsp/202608/t20260818_5360044.htm
福州市,2026年8月18日,"
		2026年8月18日福州市主副食品集超均价表_主副食品_
		福州市发展和改革委员会
	",大豆油,桶装一级,元/5升,58.03,,,,,福州市主副食品集超均价表，集超均价,,,https://fgw.fuzhou.gov.cn/fgwzwgk/fzgggz/jgysf/msspjgxq/zfsp/202608/t20260818_5360044.htm
福州市,2026年8月18日,"
		2026年8月18日福州市主副食品集超均价表_主副食品_
		福州市发展和改革委员会
	",富强粉,,元/500克,3.57,,,,,福州市主副食品集超均价表，集超均价,,,https://fgw.fuzhou.gov.cn/fgwzwgk/fzgggz/jgysf/msspjgxq/zfsp/202608/t20260818_5360044.htm
福州市,2026年8月18日,"
		2026年8月18日福州市主副食品集超均价表_主副食品_
		福州市发展和改革委员会
	",尖椒,新鲜,元/500克,5.30,,,,,福州市主副食品集超均价表，集超均价,,,https://fgw.fuzhou.gov.cn/fgwzwgk/fzgggz/jgysf/msspjgxq/zfsp/202608/t20260818_5360044.htm
福州市,2026年8月18日,"
		2026年8月18日福州市主副食品集超均价表_主副食品_
		福州市发展和改革委员会
	",晚籼米,标一,元/500克,2.68,,,,,福州市主副食品集超均价表，集超均价,,,https://fgw.fuzhou.gov.cn/fgwzwgk/fzgggz/jgysf/msspjgxq/zfsp/202608/t20260818_5360044.htm
福州市,2026年8月18日,"
		2026年8月18日福州市主副食品集超均价表_主副食品_
		福州市发展和改革委员会
	",普通鸡蛋,新鲜完整,元/500克,6.69,,,,,福州市主副食品集超均价表，集超均价,,,https://fgw.fuzhou.gov.cn/fgwzwgk/fzgggz/jgysf/msspjgxq/zfsp/202608/t20260818_5360044.htm
福州市,2026年8月18日,"
		2026年8月18日福州市主副食品集超均价表_主副食品_
		福州市发展和改革委员会
	",普通鸭蛋,新鲜完整,元/500克,8.31,,,,,福州市主副食品集超均价表，集超均价,,,https://fgw.fuzhou.gov.cn/fgwzwgk/fzgggz/jgysf/msspjgxq/zfsp/202608/t20260818_5360044.htm
福州市,2026年8月18日,"
		2026年8月18日福州市主副食品集超均价表_主副食品_
		福州市发展和改革委员会
	",标准粉,,元/500克,2.49,,,,,福州市主副食品集超均价表，集超均价,,,https://fgw.fuzhou.gov.cn/fgwzwgk/fzgggz/jgysf/msspjgxq/zfsp/202608/t20260818_5360044.htm
福州市,2026年8月18日,"
		2026年8月18日福州市主副食品集超均价表_主副食品_
		福州市发展和改革委员会
	",梨,新鲜,元/500克,5.01,,,,,福州市主副食品集超均价表，集超均价,,,https://fgw.fuzhou.gov.cn/fgwzwgk/fzgggz/jgysf/msspjgxq/zfsp/202608/t20260818_5360044.htm
福州市,2026年8月18日,"
		2026年8月18日福州市主副食品集超均价表_主副食品_
		福州市发展和改革委员会
	",油菜(菜心),新鲜,元/500克,4.22,,,,,福州市主副食品集超均价表，集超均价,,,https://fgw.fuzhou.gov.cn/fgwzwgk/fzgggz/jgysf/msspjgxq/zfsp/202608/t20260818_5360044.htm
福州市,2026年8月18日,"
		2026年8月18日福州市主副食品集超均价表_主副食品_
		福州市发展和改革委员会
	",活明虾,鲜活,元/500克,28.46,,,,,福州市主副食品集超均价表，集超均价,,,https://fgw.fuzhou.gov.cn/fgwzwgk/fzgggz/jgysf/msspjgxq/zfsp/202608/t20260818_5360044.htm
福州市,2026年8月18日,"
		2026年8月18日福州市主副食品集超均价表_主副食品_
		福州市发展和改革委员会
	",活花蛤,鲜活,元/500克,10.08,,,,,福州市主副食品集超均价表，集超均价,,,https://fgw.fuzhou.gov.cn/fgwzwgk/fzgggz/jgysf/msspjgxq/zfsp/202608/t20260818_5360044.htm
福州市,2026年8月18日,"
		2026年8月18日福州市主副食品集超均价表_主副食品_
		福州市发展和改革委员会
	",活草鱼,鲜活,元/500克,11.88,,,,,福州市主副食品集超均价表，集超均价,,,https://fgw.fuzhou.gov.cn/fgwzwgk/fzgggz/jgysf/msspjgxq/zfsp/202608/t20260818_5360044.htm
福州市,2026年8月18日,"
		2026年8月18日福州市主副食品集超均价表_主副食品_
		福州市发展和改革委员会
	",活鳙鱼（大头鲢）,鲜活,元/500克,14.08,,,,,福州市主副食品集超均价表，集超均价,,,https://fgw.fuzhou.gov.cn/fgwzwgk/fzgggz/jgysf/msspjgxq/zfsp/202608/t20260818_5360044.htm
福州市,2026年8月18日,"
		2026年8月18日福州市主副食品集超均价表_主副食品_
		福州市发展和改革委员会
	",牛肉,去骨肉,元/500克,47.01,,,,,福州市主副食品集超均价表，集超均价,,,https://fgw.fuzhou.gov.cn/fgwzwgk/fzgggz/jgysf/msspjgxq/zfsp/202608/t20260818_5360044.htm
福州市,2026年8月18日,"
		2026年8月18日福州市主副食品集超均价表_主副食品_
		福州市发展和改革委员会
	",猪瘦肉,新鲜,元/500克,14.57,,,,,福州市主副食品集超均价表，集超均价,,,https://fgw.fuzhou.gov.cn/fgwzwgk/fzgggz/jgysf/msspjgxq/zfsp/202608/t20260818_5360044.htm
福州市,2026年8月18日,"
		2026年8月18日福州市主副食品集超均价表_主副食品_
		福州市发展和改革委员会
	",猪肋条肉,新鲜,元/500克,15.37,,,,,福州市主副食品集超均价表，集超均价,,,https://fgw.fuzhou.gov.cn/fgwzwgk/fzgggz/jgysf/msspjgxq/zfsp/202608/t20260818_5360044.htm
福州市,2026年8月18日,"
		2026年8月18日福州市主副食品集超均价表_主副食品_
		福州市发展和改革委员会
	",白萝卜,新鲜,元/500克,1.60,,,,,福州市主副食品集超均价表，集超均价,,,https://fgw.fuzhou.gov.cn/fgwzwgk/fzgggz/jgysf/msspjgxq/zfsp/202608/t20260818_5360044.htm
福州市,2026年8月18日,"
		2026年8月18日福州市主副食品集超均价表_主副食品_
		福州市发展和改革委员会
	",空心菜,新鲜,元/500克,2.66,,,,,福州市主副食品集超均价表，集超均价,,,https://fgw.fuzhou.gov.cn/fgwzwgk/fzgggz/jgysf/msspjgxq/zfsp/202608/t20260818_5360044.htm
福州市,2026年8月18日,"
		2026年8月18日福州市主副食品集超均价表_主副食品_
		福州市发展和改革委员会
	",粳米,标一,元/500克,2.97,,,,,福州市主副食品集超均价表，集超均价,,,https://fgw.fuzhou.gov.cn/fgwzwgk/fzgggz/jgysf/msspjgxq/zfsp/202608/t20260818_5360044.htm
福州市,2026年8月18日,"
		2026年8月18日福州市主副食品集超均价表_主副食品_
		福州市发展和改革委员会
	",红萝卜,新鲜,元/500克,2.21,,,,,福州市主副食品集超均价表，集超均价,,,https://fgw.fuzhou.gov.cn/fgwzwgk/fzgggz/jgysf/msspjgxq/zfsp/202608/t20260818_5360044.htm
福州市,2026年8月18日,"
		2026年8月18日福州市主副食品集超均价表_主副食品_
		福州市发展和改革委员会
	",纯牛奶,盒装,元/盒(250毫升),2.71,,,,,福州市主副食品集超均价表，集超均价,,,https://fgw.fuzhou.gov.cn/fgwzwgk/fzgggz/jgysf/msspjgxq/zfsp/202608/t20260818_5360044.htm
福州市,2026年8月18日,"
		2026年8月18日福州市主副食品集超均价表_主副食品_
		福州市发展和改革委员会
	",羊肉,带骨肉,元/500克,44.16,,,,,福州市主副食品集超均价表，集超均价,,,https://fgw.fuzhou.gov.cn/fgwzwgk/fzgggz/jgysf/msspjgxq/zfsp/202608/t20260818_5360044.htm
福州市,2026年8月18日,"
		2026年8月18日福州市主副食品集超均价表_主副食品_
		福州市发展和改革委员会
	",脐橙,新鲜,元/500克,4.89,,,,,福州市主副食品集超均价表，集超均价,,,https://fgw.fuzhou.gov.cn/fgwzwgk/fzgggz/jgysf/msspjgxq/zfsp/202608/t20260818_5360044.htm
福州市,2026年8月18日,"
		2026年8月18日福州市主副食品集超均价表_主副食品_
		福州市发展和改革委员会
	",花生油,桶装一级,元/5升,105.81,,,,,福州市主副食品集超均价表，集超均价,,,https://fgw.fuzhou.gov.cn/fgwzwgk/fzgggz/jgysf/msspjgxq/zfsp/202608/t20260818_5360044.htm
福州市,2026年8月18日,"
		2026年8月18日福州市主副食品集超均价表_主副食品_
		福州市发展和改革委员会
	",花菜,新鲜,元/500克,4.72,,,,,福州市主副食品集超均价表，集超均价,,,https://fgw.fuzhou.gov.cn/fgwzwgk/fzgggz/jgysf/msspjgxq/zfsp/202608/t20260818_5360044.htm
福州市,2026年8月18日,"
		2026年8月18日福州市主副食品集超均价表_主副食品_
		福州市发展和改革委员会
	",芹菜,新鲜,元/500克,6.94,,,,,福州市主副食品集超均价表，集超均价,,,https://fgw.fuzhou.gov.cn/fgwzwgk/fzgggz/jgysf/msspjgxq/zfsp/202608/t20260818_5360044.htm
福州市,2026年8月18日,"
		2026年8月18日福州市主副食品集超均价表_主副食品_
		福州市发展和改革委员会
	",苹果,新鲜,元/500克,8.18,,,,,福州市主副食品集超均价表，集超均价,,,https://fgw.fuzhou.gov.cn/fgwzwgk/fzgggz/jgysf/msspjgxq/zfsp/202608/t20260818_5360044.htm
福州市,2026年8月18日,"
		2026年8月18日福州市主副食品集超均价表_主副食品_
		福州市发展和改革委员会
	",茄子,新鲜,元/500克,3.14,,,,,福州市主副食品集超均价表，集超均价,,,https://fgw.fuzhou.gov.cn/fgwzwgk/fzgggz/jgysf/msspjgxq/zfsp/202608/t20260818_5360044.htm
福州市,2026年8月18日,"
		2026年8月18日福州市主副食品集超均价表_主副食品_
		福州市发展和改革委员会
	",菜籽油,桶装一级,元/5升,70.60,,,,,福州市主副食品集超均价表，集超均价,,,https://fgw.fuzhou.gov.cn/fgwzwgk/fzgggz/jgysf/msspjgxq/zfsp/202608/t20260818_5360044.htm
福州市,2026年8月18日,"
		2026年8月18日福州市主副食品集超均价表_主副食品_
		福州市发展和改革委员会
	",蒜苔,新鲜,元/500克,8.35,,,,,福州市主副食品集超均价表，集超均价,,,https://fgw.fuzhou.gov.cn/fgwzwgk/fzgggz/jgysf/msspjgxq/zfsp/202608/t20260818_5360044.htm
福州市,2026年8月18日,"
		2026年8月18日福州市主副食品集超均价表_主副食品_
		福州市发展和改革委员会
	",西红柿,新鲜,元/500克,4.05,,,,,福州市主副食品集超均价表，集超均价,,,https://fgw.fuzhou.gov.cn/fgwzwgk/fzgggz/jgysf/msspjgxq/zfsp/202608/t20260818_5360044.htm
福州市,2026年8月18日,"
		2026年8月18日福州市主副食品集超均价表_主副食品_
		福州市发展和改革委员会
	",调和油,桶装一级,元/5升,67.31,,,,,福州市主副食品集超均价表，集超均价,,,https://fgw.fuzhou.gov.cn/fgwzwgk/fzgggz/jgysf/msspjgxq/zfsp/202608/t20260818_5360044.htm
福州市,2026年8月18日,"
		2026年8月18日福州市主副食品集超均价表_主副食品_
		福州市发展和改革委员会
	",豆角,新鲜,元/500克,6.75,,,,,福州市主副食品集超均价表，集超均价,,,https://fgw.fuzhou.gov.cn/fgwzwgk/fzgggz/jgysf/msspjgxq/zfsp/202608/t20260818_5360044.htm
福州市,2026年8月18日,"
		2026年8月18日福州市主副食品集超均价表_主副食品_
		福州市发展和改革委员会
	",青椒,新鲜,元/500克,5.51,,,,,福州市主副食品集超均价表，集超均价,,,https://fgw.fuzhou.gov.cn/fgwzwgk/fzgggz/jgysf/msspjgxq/zfsp/202608/t20260818_5360044.htm
福州市,2026年8月18日,"
		2026年8月18日福州市主副食品集超均价表_主副食品_
		福州市发展和改革委员会
	",韭菜,新鲜,元/500克,5.82,,,,,福州市主副食品集超均价表，集超均价,,,https://fgw.fuzhou.gov.cn/fgwzwgk/fzgggz/jgysf/msspjgxq/zfsp/202608/t20260818_5360044.htm
福州市,2026年8月18日,"
		2026年8月18日福州市主副食品集超均价表_主副食品_
		福州市发展和改革委员会
	",香蕉,新鲜,元/500克,4.62,,,,,福州市主副食品集超均价表，集超均价,,,https://fgw.fuzhou.gov.cn/fgwzwgk/fzgggz/jgysf/msspjgxq/zfsp/202608/t20260818_5360044.htm
福州市,2026年8月18日,"
		2026年8月18日福州市主副食品集超均价表_主副食品_
		福州市发展和改革委员会
	",马胶鱼,冰鲜,元/500克,28.29,,,,,福州市主副食品集超均价表，集超均价,,,https://fgw.fuzhou.gov.cn/fgwzwgk/fzgggz/jgysf/msspjgxq/zfsp/202608/t20260818_5360044.htm
福州市,2026年8月18日,"
		2026年8月18日福州市主副食品集超均价表_主副食品_
		福州市发展和改革委员会
	",鱿鱼,冰鲜,元/500克,50.38,,,,,福州市主副食品集超均价表，集超均价,,,https://fgw.fuzhou.gov.cn/fgwzwgk/fzgggz/jgysf/msspjgxq/zfsp/202608/t20260818_5360044.htm
福州市,2026年8月18日,"
		2026年8月18日福州市主副食品集超均价表_主副食品_
		福州市发展和改革委员会
	",鸡肉,白条鸡,元/500克,16.17,,,,,福州市主副食品集超均价表，集超均价,,,https://fgw.fuzhou.gov.cn/fgwzwgk/fzgggz/jgysf/msspjgxq/zfsp/202608/t20260818_5360044.htm
福州市,2026年8月18日,"
		2026年8月18日福州市主副食品集超均价表_主副食品_
		福州市发展和改革委员会
	",鸭肉,白条鸭,元/500克,16.42,,,,,福州市主副食品集超均价表，集超均价,,,https://fgw.fuzhou.gov.cn/fgwzwgk/fzgggz/jgysf/msspjgxq/zfsp/202608/t20260818_5360044.htm
福州市,2026年8月18日,"
		2026年8月18日福州市主副食品集超均价表_主副食品_
		福州市发展和改革委员会
	",黄瓜,新鲜,元/500克,3.33,,,,,福州市主副食品集超均价表，集超均价,,,https://fgw.fuzhou.gov.cn/fgwzwgk/fzgggz/jgysf/msspjgxq/zfsp/202608/t20260818_5360044.htm
福州市,2026年8月18日,"
		2026年8月18日福州市主副食品集超均价表_主副食品_
		福州市发展和改革委员会
	",黄瓜鱼,冰鲜,元/500克,27.39,,,,,福州市主副食品集超均价表，集超均价,,,https://fgw.fuzhou.gov.cn/fgwzwgk/fzgggz/jgysf/msspjgxq/zfsp/202608/t20260818_5360044.htm
福州市,2026年8月19日,"
		2026年8月19日福州市主副食品集超均价表_主副食品_
		福州市发展和改革委员会
	",上海青,新鲜,元/500克,3.49,,,,,福州市主副食品集超均价表，集超均价,,,https://fgw.fuzhou.gov.cn/fgwzwgk/fzgggz/jgysf/msspjgxq/zfsp/202608/t20260819_5360962.htm
福州市,2026年8月19日,"
		2026年8月19日福州市主副食品集超均价表_主副食品_
		福州市发展和改革委员会
	",冻带鱼,冷冻,元/500克,22.21,,,,,福州市主副食品集超均价表，集超均价,,,https://fgw.fuzhou.gov.cn/fgwzwgk/fzgggz/jgysf/msspjgxq/zfsp/202608/t20260819_5360962.htm
福州市,2026年8月19日,"
		2026年8月19日福州市主副食品集超均价表_主副食品_
		福州市发展和改革委员会
	",圆白菜,新鲜,元/500克,2.13,,,,,福州市主副食品集超均价表，集超均价,,,https://fgw.fuzhou.gov.cn/fgwzwgk/fzgggz/jgysf/msspjgxq/zfsp/202608/t20260819_5360962.htm
福州市,2026年8月19日,"
		2026年8月19日福州市主副食品集超均价表_主副食品_
		福州市发展和改革委员会
	",土豆,新鲜,元/500克,2.24,,,,,福州市主副食品集超均价表，集超均价,,,https://fgw.fuzhou.gov.cn/fgwzwgk/fzgggz/jgysf/msspjgxq/zfsp/202608/t20260819_5360962.htm
福州市,2026年8月19日,"
		2026年8月19日福州市主副食品集超均价表_主副食品_
		福州市发展和改革委员会
	",大白菜,新鲜,元/500克,2.29,,,,,福州市主副食品集超均价表，集超均价,,,https://fgw.fuzhou.gov.cn/fgwzwgk/fzgggz/jgysf/msspjgxq/zfsp/202608/t20260819_5360962.htm
福州市,2026年8月19日,"
		2026年8月19日福州市主副食品集超均价表_主副食品_
		福州市发展和改革委员会
	",大豆油,桶装一级,元/5升,59.46,,,,,福州市主副食品集超均价表，集超均价,,,https://fgw.fuzhou.gov.cn/fgwzwgk/fzgggz/jgysf/msspjgxq/zfsp/202608/t20260819_5360962.htm
福州市,2026年8月19日,"
		2026年8月19日福州市主副食品集超均价表_主副食品_
		福州市发展和改革委员会
	",富强粉,,元/500克,3.57,,,,,福州市主副食品集超均价表，集超均价,,,https://fgw.fuzhou.gov.cn/fgwzwgk/fzgggz/jgysf/msspjgxq/zfsp/202608/t20260819_5360962.htm
福州市,2026年8月19日,"
		2026年8月19日福州市主副食品集超均价表_主副食品_
		福州市发展和改革委员会
	",尖椒,新鲜,元/500克,5.33,,,,,福州市主副食品集超均价表，集超均价,,,https://fgw.fuzhou.gov.cn/fgwzwgk/fzgggz/jgysf/msspjgxq/zfsp/202608/t20260819_5360962.htm
福州市,2026年8月19日,"
		2026年8月19日福州市主副食品集超均价表_主副食品_
		福州市发展和改革委员会
	",晚籼米,标一,元/500克,2.68,,,,,福州市主副食品集超均价表，集超均价,,,https://fgw.fuzhou.gov.cn/fgwzwgk/fzgggz/jgysf/msspjgxq/zfsp/202608/t20260819_5360962.htm
福州市,2026年8月19日,"
		2026年8月19日福州市主副食品集超均价表_主副食品_
		福州市发展和改革委员会
	",普通鸡蛋,新鲜完整,元/500克,6.72,,,,,福州市主副食品集超均价表，集超均价,,,https://fgw.fuzhou.gov.cn/fgwzwgk/fzgggz/jgysf/msspjgxq/zfsp/202608/t20260819_5360962.htm
福州市,2026年8月19日,"
		2026年8月19日福州市主副食品集超均价表_主副食品_
		福州市发展和改革委员会
	",普通鸭蛋,新鲜完整,元/500克,8.33,,,,,福州市主副食品集超均价表，集超均价,,,https://fgw.fuzhou.gov.cn/fgwzwgk/fzgggz/jgysf/msspjgxq/zfsp/202608/t20260819_5360962.htm
福州市,2026年8月19日,"
		2026年8月19日福州市主副食品集超均价表_主副食品_
		福州市发展和改革委员会
	",标准粉,,元/500克,2.49,,,,,福州市主副食品集超均价表，集超均价,,,https://fgw.fuzhou.gov.cn/fgwzwgk/fzgggz/jgysf/msspjgxq/zfsp/202608/t20260819_5360962.htm
福州市,2026年8月19日,"
		2026年8月19日福州市主副食品集超均价表_主副食品_
		福州市发展和改革委员会
	",梨,新鲜,元/500克,5.01,,,,,福州市主副食品集超均价表，集超均价,,,https://fgw.fuzhou.gov.cn/fgwzwgk/fzgggz/jgysf/msspjgxq/zfsp/202608/t20260819_5360962.htm
福州市,2026年8月19日,"
		2026年8月19日福州市主副食品集超均价表_主副食品_
		福州市发展和改革委员会
	",油菜(菜心),新鲜,元/500克,4.25,,,,,福州市主副食品集超均价表，集超均价,,,https://fgw.fuzhou.gov.cn/fgwzwgk/fzgggz/jgysf/msspjgxq/zfsp/202608/t20260819_5360962.htm
福州市,2026年8月19日,"
		2026年8月19日福州市主副食品集超均价表_主副食品_
		福州市发展和改革委员会
	",活明虾,鲜活,元/500克,29.17,,,,,福州市主副食品集超均价表，集超均价,,,https://fgw.fuzhou.gov.cn/fgwzwgk/fzgggz/jgysf/msspjgxq/zfsp/202608/t20260819_5360962.htm
福州市,2026年8月19日,"
		2026年8月19日福州市主副食品集超均价表_主副食品_
		福州市发展和改革委员会
	",活花蛤,鲜活,元/500克,10.03,,,,,福州市主副食品集超均价表，集超均价,,,https://fgw.fuzhou.gov.cn/fgwzwgk/fzgggz/jgysf/msspjgxq/zfsp/202608/t20260819_5360962.htm
福州市,2026年8月19日,"
		2026年8月19日福州市主副食品集超均价表_主副食品_
		福州市发展和改革委员会
	",活草鱼,鲜活,元/500克,12.02,,,,,福州市主副食品集超均价表，集超均价,,,https://fgw.fuzhou.gov.cn/fgwzwgk/fzgggz/jgysf/msspjgxq/zfsp/202608/t20260819_5360962.htm
福州市,2026年8月19日,"
		2026年8月19日福州市主副食品集超均价表_主副食品_
		福州市发展和改革委员会
	",活鳙鱼（大头鲢）,鲜活,元/500克,14.08,,,,,福州市主副食品集超均价表，集超均价,,,https://fgw.fuzhou.gov.cn/fgwzwgk/fzgggz/jgysf/msspjgxq/zfsp/202608/t20260819_5360962.htm
福州市,2026年8月19日,"
		2026年8月19日福州市主副食品集超均价表_主副食品_
		福州市发展和改革委员会
	",牛肉,去骨肉,元/500克,47.01,,,,,福州市主副食品集超均价表，集超均价,,,https://fgw.fuzhou.gov.cn/fgwzwgk/fzgggz/jgysf/msspjgxq/zfsp/202608/t20260819_5360962.htm
福州市,2026年8月19日,"
		2026年8月19日福州市主副食品集超均价表_主副食品_
		福州市发展和改革委员会
	",猪瘦肉,新鲜,元/500克,14.68,,,,,福州市主副食品集超均价表，集超均价,,,https://fgw.fuzhou.gov.cn/fgwzwgk/fzgggz/jgysf/msspjgxq/zfsp/202608/t20260819_5360962.htm
福州市,2026年8月19日,"
		2026年8月19日福州市主副食品集超均价表_主副食品_
		福州市发展和改革委员会
	",猪肋条肉,新鲜,元/500克,15.4,,,,,福州市主副食品集超均价表，集超均价,,,https://fgw.fuzhou.gov.cn/fgwzwgk/fzgggz/jgysf/msspjgxq/zfsp/202608/t20260819_5360962.htm
福州市,2026年8月19日,"
		2026年8月19日福州市主副食品集超均价表_主副食品_
		福州市发展和改革委员会
	",白萝卜,新鲜,元/500克,1.65,,,,,福州市主副食品集超均价表，集超均价,,,https://fgw.fuzhou.gov.cn/fgwzwgk/fzgggz/jgysf/msspjgxq/zfsp/202608/t20260819_5360962.htm
福州市,2026年8月19日,"
		2026年8月19日福州市主副食品集超均价表_主副食品_
		福州市发展和改革委员会
	",空心菜,新鲜,元/500克,2.7,,,,,福州市主副食品集超均价表，集超均价,,,https://fgw.fuzhou.gov.cn/fgwzwgk/fzgggz/jgysf/msspjgxq/zfsp/202608/t20260819_5360962.htm
福州市,2026年8月19日,"
		2026年8月19日福州市主副食品集超均价表_主副食品_
		福州市发展和改革委员会
	",粳米,标一,元/500克,2.97,,,,,福州市主副食品集超均价表，集超均价,,,https://fgw.fuzhou.gov.cn/fgwzwgk/fzgggz/jgysf/msspjgxq/zfsp/202608/t20260819_5360962.htm
福州市,2026年8月19日,"
		2026年8月19日福州市主副食品集超均价表_主副食品_
		福州市发展和改革委员会
	",红萝卜,新鲜,元/500克,2.2,,,,,福州市主副食品集超均价表，集超均价,,,https://fgw.fuzhou.gov.cn/fgwzwgk/fzgggz/jgysf/msspjgxq/zfsp/202608/t20260819_5360962.htm
福州市,2026年8月19日,"
		2026年8月19日福州市主副食品集超均价表_主副食品_
		福州市发展和改革委员会
	",纯牛奶,盒装,元/盒(250毫升),2.71,,,,,福州市主副食品集超均价表，集超均价,,,https://fgw.fuzhou.gov.cn/fgwzwgk/fzgggz/jgysf/msspjgxq/zfsp/202608/t20260819_5360962.htm
福州市,2026年8月19日,"
		2026年8月19日福州市主副食品集超均价表_主副食品_
		福州市发展和改革委员会
	",羊肉,带骨肉,元/500克,44.16,,,,,福州市主副食品集超均价表，集超均价,,,https://fgw.fuzhou.gov.cn/fgwzwgk/fzgggz/jgysf/msspjgxq/zfsp/202608/t20260819_5360962.htm
福州市,2026年8月19日,"
		2026年8月19日福州市主副食品集超均价表_主副食品_
		福州市发展和改革委员会
	",脐橙,新鲜,元/500克,4.89,,,,,福州市主副食品集超均价表，集超均价,,,https://fgw.fuzhou.gov.cn/fgwzwgk/fzgggz/jgysf/msspjgxq/zfsp/202608/t20260819_5360962.htm
福州市,2026年8月19日,"
		2026年8月19日福州市主副食品集超均价表_主副食品_
		福州市发展和改革委员会
	",花生油,桶装一级,元/5升,105.81,,,,,福州市主副食品集超均价表，集超均价,,,https://fgw.fuzhou.gov.cn/fgwzwgk/fzgggz/jgysf/msspjgxq/zfsp/202608/t20260819_5360962.htm
福州市,2026年8月19日,"
		2026年8月19日福州市主副食品集超均价表_主副食品_
		福州市发展和改革委员会
	",花菜,新鲜,元/500克,4.78,,,,,福州市主副食品集超均价表，集超均价,,,https://fgw.fuzhou.gov.cn/fgwzwgk/fzgggz/jgysf/msspjgxq/zfsp/202608/t20260819_5360962.htm
福州市,2026年8月19日,"
		2026年8月19日福州市主副食品集超均价表_主副食品_
		福州市发展和改革委员会
	",芹菜,新鲜,元/500克,6.94,,,,,福州市主副食品集超均价表，集超均价,,,https://fgw.fuzhou.gov.cn/fgwzwgk/fzgggz/jgysf/msspjgxq/zfsp/202608/t20260819_5360962.htm
福州市,2026年8月19日,"
		2026年8月19日福州市主副食品集超均价表_主副食品_
		福州市发展和改革委员会
	",苹果,新鲜,元/500克,8.1,,,,,福州市主副食品集超均价表，集超均价,,,https://fgw.fuzhou.gov.cn/fgwzwgk/fzgggz/jgysf/msspjgxq/zfsp/202608/t20260819_5360962.htm
福州市,2026年8月19日,"
		2026年8月19日福州市主副食品集超均价表_主副食品_
		福州市发展和改革委员会
	",茄子,新鲜,元/500克,3.12,,,,,福州市主副食品集超均价表，集超均价,,,https://fgw.fuzhou.gov.cn/fgwzwgk/fzgggz/jgysf/msspjgxq/zfsp/202608/t20260819_5360962.htm
福州市,2026年8月19日,"
		2026年8月19日福州市主副食品集超均价表_主副食品_
		福州市发展和改革委员会
	",菜籽油,桶装一级,元/5升,70.95,,,,,福州市主副食品集超均价表，集超均价,,,https://fgw.fuzhou.gov.cn/fgwzwgk/fzgggz/jgysf/msspjgxq/zfsp/202608/t20260819_5360962.htm
福州市,2026年8月19日,"
		2026年8月19日福州市主副食品集超均价表_主副食品_
		福州市发展和改革委员会
	",蒜苔,新鲜,元/500克,8.3,,,,,福州市主副食品集超均价表，集超均价,,,https://fgw.fuzhou.gov.cn/fgwzwgk/fzgggz/jgysf/msspjgxq/zfsp/202608/t20260819_5360962.htm
福州市,2026年8月19日,"
		2026年8月19日福州市主副食品集超均价表_主副食品_
		福州市发展和改革委员会
	",西红柿,新鲜,元/500克,4,,,,,福州市主副食品集超均价表，集超均价,,,https://fgw.fuzhou.gov.cn/fgwzwgk/fzgggz/jgysf/msspjgxq/zfsp/202608/t20260819_5360962.htm
福州市,2026年8月19日,"
		2026年8月19日福州市主副食品集超均价表_主副食品_
		福州市发展和改革委员会
	",调和油,桶装一级,元/5升,67.31,,,,,福州市主副食品集超均价表，集超均价,,,https://fgw.fuzhou.gov.cn/fgwzwgk/fzgggz/jgysf/msspjgxq/zfsp/202608/t20260819_5360962.htm
福州市,2026年8月19日,"
		2026年8月19日福州市主副食品集超均价表_主副食品_
		福州市发展和改革委员会
	",豆角,新鲜,元/500克,6.79,,,,,福州市主副食品集超均价表，集超均价,,,https://fgw.fuzhou.gov.cn/fgwzwgk/fzgggz/jgysf/msspjgxq/zfsp/202608/t20260819_5360962.htm
福州市,2026年8月19日,"
		2026年8月19日福州市主副食品集超均价表_主副食品_
		福州市发展和改革委员会
	",青椒,新鲜,元/500克,5.63,,,,,福州市主副食品集超均价表，集超均价,,,https://fgw.fuzhou.gov.cn/fgwzwgk/fzgggz/jgysf/msspjgxq/zfsp/202608/t20260819_5360962.htm
福州市,2026年8月19日,"
		2026年8月19日福州市主副食品集超均价表_主副食品_
		福州市发展和改革委员会
	",韭菜,新鲜,元/500克,5.82,,,,,福州市主副食品集超均价表，集超均价,,,https://fgw.fuzhou.gov.cn/fgwzwgk/fzgggz/jgysf/msspjgxq/zfsp/202608/t20260819_5360962.htm
福州市,2026年8月19日,"
		2026年8月19日福州市主副食品集超均价表_主副食品_
		福州市发展和改革委员会
	",香蕉,新鲜,元/500克,4.57,,,,,福州市主副食品集超均价表，集超均价,,,https://fgw.fuzhou.gov.cn/fgwzwgk/fzgggz/jgysf/msspjgxq/zfsp/202608/t20260819_5360962.htm
福州市,2026年8月19日,"
		2026年8月19日福州市主副食品集超均价表_主副食品_
		福州市发展和改革委员会
	",马胶鱼,冰鲜,元/500克,28.29,,,,,福州市主副食品集超均价表，集超均价,,,https://fgw.fuzhou.gov.cn/fgwzwgk/fzgggz/jgysf/msspjgxq/zfsp/202608/t20260819_5360962.htm
福州市,2026年8月19日,"
		2026年8月19日福州市主副食品集超均价表_主副食品_
		福州市发展和改革委员会
	",鱿鱼,冰鲜,元/500克,50.38,,,,,福州市主副食品集超均价表，集超均价,,,https://fgw.fuzhou.gov.cn/fgwzwgk/fzgggz/jgysf/msspjgxq/zfsp/202608/t20260819_5360962.htm
福州市,2026年8月19日,"
		2026年8月19日福州市主副食品集超均价表_主副食品_
		福州市发展和改革委员会
	",鸡肉,白条鸡,元/500克,16.17,,,,,福州市主副食品集超均价表，集超均价,,,https://fgw.fuzhou.gov.cn/fgwzwgk/fzgggz/jgysf/msspjgxq/zfsp/202608/t20260819_5360962.htm
福州市,2026年8月19日,"
		2026年8月19日福州市主副食品集超均价表_主副食品_
		福州市发展和改革委员会
	",鸭肉,白条鸭,元/500克,16.42,,,,,福州市主副食品集超均价表，集超均价,,,https://fgw.fuzhou.gov.cn/fgwzwgk/fzgggz/jgysf/msspjgxq/zfsp/202608/t20260819_5360962.htm
福州市,2026年8月19日,"
		2026年8月19日福州市主副食品集超均价表_主副食品_
		福州市发展和改革委员会
	",黄瓜,新鲜,元/500克,3.27,,,,,福州市主副食品集超均价表，集超均价,,,https://fgw.fuzhou.gov.cn/fgwzwgk/fzgggz/jgysf/msspjgxq/zfsp/202608/t20260819_5360962.htm
福州市,2026年8月19日,"
		2026年8月19日福州市主副食品集超均价表_主副食品_
		福州市发展和改革委员会
	",黄瓜鱼,冰鲜,元/500克,27.46,,,,,福州市主副食品集超均价表，集超均价,,,https://fgw.fuzhou.gov.cn/fgwzwgk/fzgggz/jgysf/msspjgxq/zfsp/202608/t20260819_5360962.htm
福州市,2026年8月20日,"
		2026年8月20日福州市主副食品集超均价表_主副食品_
		福州市发展和改革委员会
	",上海青,新鲜,元/500克,3.61,,,,,福州市主副食品集超均价表，集超均价,,,https://fgw.fuzhou.gov.cn/fgwzwgk/fzgggz/jgysf/msspjgxq/zfsp/202608/t20260820_5361462.htm
福州市,2026年8月20日,"
		2026年8月20日福州市主副食品集超均价表_主副食品_
		福州市发展和改革委员会
	",冻带鱼,冷冻,元/500克,22.20,,,,,福州市主副食品集超均价表，集超均价,,,https://fgw.fuzhou.gov.cn/fgwzwgk/fzgggz/jgysf/msspjgxq/zfsp/202608/t20260820_5361462.htm
福州市,2026年8月20日,"
		2026年8月20日福州市主副食品集超均价表_主副食品_
		福州市发展和改革委员会
	",圆白菜,新鲜,元/500克,2.15,,,,,福州市主副食品集超均价表，集超均价,,,https://fgw.fuzhou.gov.cn/fgwzwgk/fzgggz/jgysf/msspjgxq/zfsp/202608/t20260820_5361462.htm
福州市,2026年8月20日,"
		2026年8月20日福州市主副食品集超均价表_主副食品_
		福州市发展和改革委员会
	",土豆,新鲜,元/500克,2.25,,,,,福州市主副食品集超均价表，集超均价,,,https://fgw.fuzhou.gov.cn/fgwzwgk/fzgggz/jgysf/msspjgxq/zfsp/202608/t20260820_5361462.htm
福州市,2026年8月20日,"
		2026年8月20日福州市主副食品集超均价表_主副食品_
		福州市发展和改革委员会
	",大白菜,新鲜,元/500克,2.28,,,,,福州市主副食品集超均价表，集超均价,,,https://fgw.fuzhou.gov.cn/fgwzwgk/fzgggz/jgysf/msspjgxq/zfsp/202608/t20260820_5361462.htm
福州市,2026年8月20日,"
		2026年8月20日福州市主副食品集超均价表_主副食品_
		福州市发展和改革委员会
	",大豆油,桶装一级,元/5升,59.46,,,,,福州市主副食品集超均价表，集超均价,,,https://fgw.fuzhou.gov.cn/fgwzwgk/fzgggz/jgysf/msspjgxq/zfsp/202608/t20260820_5361462.htm
福州市,2026年8月20日,"
		2026年8月20日福州市主副食品集超均价表_主副食品_
		福州市发展和改革委员会
	",富强粉,,元/500克,3.57,,,,,福州市主副食品集超均价表，集超均价,,,https://fgw.fuzhou.gov.cn/fgwzwgk/fzgggz/jgysf/msspjgxq/zfsp/202608/t20260820_5361462.htm
福州市,2026年8月20日,"
		2026年8月20日福州市主副食品集超均价表_主副食品_
		福州市发展和改革委员会
	",尖椒,新鲜,元/500克,5.33,,,,,福州市主副食品集超均价表，集超均价,,,https://fgw.fuzhou.gov.cn/fgwzwgk/fzgggz/jgysf/msspjgxq/zfsp/202608/t20260820_5361462.htm
福州市,2026年8月20日,"
		2026年8月20日福州市主副食品集超均价表_主副食品_
		福州市发展和改革委员会
	",晚籼米,标一,元/500克,2.68,,,,,福州市主副食品集超均价表，集超均价,,,https://fgw.fuzhou.gov.cn/fgwzwgk/fzgggz/jgysf/msspjgxq/zfsp/202608/t20260820_5361462.htm
福州市,2026年8月20日,"
		2026年8月20日福州市主副食品集超均价表_主副食品_
		福州市发展和改革委员会
	",普通鸡蛋,新鲜完整,元/500克,6.73,,,,,福州市主副食品集超均价表，集超均价,,,https://fgw.fuzhou.gov.cn/fgwzwgk/fzgggz/jgysf/msspjgxq/zfsp/202608/t20260820_5361462.htm
福州市,2026年8月20日,"
		2026年8月20日福州市主副食品集超均价表_主副食品_
		福州市发展和改革委员会
	",普通鸭蛋,新鲜完整,元/500克,8.33,,,,,福州市主副食品集超均价表，集超均价,,,https://fgw.fuzhou.gov.cn/fgwzwgk/fzgggz/jgysf/msspjgxq/zfsp/202608/t20260820_5361462.htm
福州市,2026年8月20日,"
		2026年8月20日福州市主副食品集超均价表_主副食品_
		福州市发展和改革委员会
	",标准粉,,元/500克,2.49,,,,,福州市主副食品集超均价表，集超均价,,,https://fgw.fuzhou.gov.cn/fgwzwgk/fzgggz/jgysf/msspjgxq/zfsp/202608/t20260820_5361462.htm
福州市,2026年8月20日,"
		2026年8月20日福州市主副食品集超均价表_主副食品_
		福州市发展和改革委员会
	",梨,新鲜,元/500克,4.94,,,,,福州市主副食品集超均价表，集超均价,,,https://fgw.fuzhou.gov.cn/fgwzwgk/fzgggz/jgysf/msspjgxq/zfsp/202608/t20260820_5361462.htm
福州市,2026年8月20日,"
		2026年8月20日福州市主副食品集超均价表_主副食品_
		福州市发展和改革委员会
	",油菜(菜心),新鲜,元/500克,4.32,,,,,福州市主副食品集超均价表，集超均价,,,https://fgw.fuzhou.gov.cn/fgwzwgk/fzgggz/jgysf/msspjgxq/zfsp/202608/t20260820_5361462.htm
福州市,2026年8月20日,"
		2026年8月20日福州市主副食品集超均价表_主副食品_
		福州市发展和改革委员会
	",活明虾,鲜活,元/500克,29.52,,,,,福州市主副食品集超均价表，集超均价,,,https://fgw.fuzhou.gov.cn/fgwzwgk/fzgggz/jgysf/msspjgxq/zfsp/202608/t20260820_5361462.htm
福州市,2026年8月20日,"
		2026年8月20日福州市主副食品集超均价表_主副食品_
		福州市发展和改革委员会
	",活花蛤,鲜活,元/500克,10.03,,,,,福州市主副食品集超均价表，集超均价,,,https://fgw.fuzhou.gov.cn/fgwzwgk/fzgggz/jgysf/msspjgxq/zfsp/202608/t20260820_5361462.htm
福州市,2026年8月20日,"
		2026年8月20日福州市主副食品集超均价表_主副食品_
		福州市发展和改革委员会
	",活草鱼,鲜活,元/500克,12.09,,,,,福州市主副食品集超均价表，集超均价,,,https://fgw.fuzhou.gov.cn/fgwzwgk/fzgggz/jgysf/msspjgxq/zfsp/202608/t20260820_5361462.htm
福州市,2026年8月20日,"
		2026年8月20日福州市主副食品集超均价表_主副食品_
		福州市发展和改革委员会
	",活鳙鱼（大头鲢）,鲜活,元/500克,14.08,,,,,福州市主副食品集超均价表，集超均价,,,https://fgw.fuzhou.gov.cn/fgwzwgk/fzgggz/jgysf/msspjgxq/zfsp/202608/t20260820_5361462.htm
福州市,2026年8月20日,"
		2026年8月20日福州市主副食品集超均价表_主副食品_
		福州市发展和改革委员会
	",牛肉,去骨肉,元/500克,47.01,,,,,福州市主副食品集超均价表，集超均价,,,https://fgw.fuzhou.gov.cn/fgwzwgk/fzgggz/jgysf/msspjgxq/zfsp/202608/t20260820_5361462.htm
福州市,2026年8月20日,"
		2026年8月20日福州市主副食品集超均价表_主副食品_
		福州市发展和改革委员会
	",猪瘦肉,新鲜,元/500克,14.75,,,,,福州市主副食品集超均价表，集超均价,,,https://fgw.fuzhou.gov.cn/fgwzwgk/fzgggz/jgysf/msspjgxq/zfsp/202608/t20260820_5361462.htm
福州市,2026年8月20日,"
		2026年8月20日福州市主副食品集超均价表_主副食品_
		福州市发展和改革委员会
	",猪肋条肉,新鲜,元/500克,15.33,,,,,福州市主副食品集超均价表，集超均价,,,https://fgw.fuzhou.gov.cn/fgwzwgk/fzgggz/jgysf/msspjgxq/zfsp/202608/t20260820_5361462.htm
福州市,2026年8月20日,"
		2026年8月20日福州市主副食品集超均价表_主副食品_
		福州市发展和改革委员会
	",白萝卜,新鲜,元/500克,1.65,,,,,福州市主副食品集超均价表，集超均价,,,https://fgw.fuzhou.gov.cn/fgwzwgk/fzgggz/jgysf/msspjgxq/zfsp/202608/t20260820_5361462.htm
福州市,2026年8月20日,"
		2026年8月20日福州市主副食品集超均价表_主副食品_
		福州市发展和改革委员会
	",空心菜,新鲜,元/500克,2.75,,,,,福州市主副食品集超均价表，集超均价,,,https://fgw.fuzhou.gov.cn/fgwzwgk/fzgggz/jgysf/msspjgxq/zfsp/202608/t20260820_5361462.htm
福州市,2026年8月20日,"
		2026年8月20日福州市主副食品集超均价表_主副食品_
		福州市发展和改革委员会
	",粳米,标一,元/500克,2.97,,,,,福州市主副食品集超均价表，集超均价,,,https://fgw.fuzhou.gov.cn/fgwzwgk/fzgggz/jgysf/msspjgxq/zfsp/202608/t20260820_5361462.htm
福州市,2026年8月20日,"
		2026年8月20日福州市主副食品集超均价表_主副食品_
		福州市发展和改革委员会
	",红萝卜,新鲜,元/500克,2.28,,,,,福州市主副食品集超均价表，集超均价,,,https://fgw.fuzhou.gov.cn/fgwzwgk/fzgggz/jgysf/msspjgxq/zfsp/202608/t20260820_5361462.htm
福州市,2026年8月20日,"
		2026年8月20日福州市主副食品集超均价表_主副食品_
		福州市发展和改革委员会
	",纯牛奶,盒装,元/盒(250毫升),2.71,,,,,福州市主副食品集超均价表，集超均价,,,https://fgw.fuzhou.gov.cn/fgwzwgk/fzgggz/jgysf/msspjgxq/zfsp/202608/t20260820_5361462.htm
福州市,2026年8月20日,"
		2026年8月20日福州市主副食品集超均价表_主副食品_
		福州市发展和改革委员会
	",羊肉,带骨肉,元/500克,44.16,,,,,福州市主副食品集超均价表，集超均价,,,https://fgw.fuzhou.gov.cn/fgwzwgk/fzgggz/jgysf/msspjgxq/zfsp/202608/t20260820_5361462.htm
福州市,2026年8月20日,"
		2026年8月20日福州市主副食品集超均价表_主副食品_
		福州市发展和改革委员会
	",脐橙,新鲜,元/500克,4.89,,,,,福州市主副食品集超均价表，集超均价,,,https://fgw.fuzhou.gov.cn/fgwzwgk/fzgggz/jgysf/msspjgxq/zfsp/202608/t20260820_5361462.htm
福州市,2026年8月20日,"
		2026年8月20日福州市主副食品集超均价表_主副食品_
		福州市发展和改革委员会
	",花生油,桶装一级,元/5升,105.24,,,,,福州市主副食品集超均价表，集超均价,,,https://fgw.fuzhou.gov.cn/fgwzwgk/fzgggz/jgysf/msspjgxq/zfsp/202608/t20260820_5361462.htm
福州市,2026年8月20日,"
		2026年8月20日福州市主副食品集超均价表_主副食品_
		福州市发展和改革委员会
	",花菜,新鲜,元/500克,4.78,,,,,福州市主副食品集超均价表，集超均价,,,https://fgw.fuzhou.gov.cn/fgwzwgk/fzgggz/jgysf/msspjgxq/zfsp/202608/t20260820_5361462.htm
福州市,2026年8月20日,"
		2026年8月20日福州市主副食品集超均价表_主副食品_
		福州市发展和改革委员会
	",芹菜,新鲜,元/500克,6.98,,,,,福州市主副食品集超均价表，集超均价,,,https://fgw.fuzhou.gov.cn/fgwzwgk/fzgggz/jgysf/msspjgxq/zfsp/202608/t20260820_5361462.htm
福州市,2026年8月20日,"
		2026年8月20日福州市主副食品集超均价表_主副食品_
		福州市发展和改革委员会
	",苹果,新鲜,元/500克,8.32,,,,,福州市主副食品集超均价表，集超均价,,,https://fgw.fuzhou.gov.cn/fgwzwgk/fzgggz/jgysf/msspjgxq/zfsp/202608/t20260820_5361462.htm
福州市,2026年8月20日,"
		2026年8月20日福州市主副食品集超均价表_主副食品_
		福州市发展和改革委员会
	",茄子,新鲜,元/500克,3.14,,,,,福州市主副食品集超均价表，集超均价,,,https://fgw.fuzhou.gov.cn/fgwzwgk/fzgggz/jgysf/msspjgxq/zfsp/202608/t20260820_5361462.htm
福州市,2026年8月20日,"
		2026年8月20日福州市主副食品集超均价表_主副食品_
		福州市发展和改革委员会
	",菜籽油,桶装一级,元/5升,70.95,,,,,福州市主副食品集超均价表，集超均价,,,https://fgw.fuzhou.gov.cn/fgwzwgk/fzgggz/jgysf/msspjgxq/zfsp/202608/t20260820_5361462.htm
福州市,2026年8月20日,"
		2026年8月20日福州市主副食品集超均价表_主副食品_
		福州市发展和改革委员会
	",蒜苔,新鲜,元/500克,8.30,,,,,福州市主副食品集超均价表，集超均价,,,https://fgw.fuzhou.gov.cn/fgwzwgk/fzgggz/jgysf/msspjgxq/zfsp/202608/t20260820_5361462.htm
福州市,2026年8月20日,"
		2026年8月20日福州市主副食品集超均价表_主副食品_
		福州市发展和改革委员会
	",西红柿,新鲜,元/500克,3.94,,,,,福州市主副食品集超均价表，集超均价,,,https://fgw.fuzhou.gov.cn/fgwzwgk/fzgggz/jgysf/msspjgxq/zfsp/202608/t20260820_5361462.htm
福州市,2026年8月20日,"
		2026年8月20日福州市主副食品集超均价表_主副食品_
		福州市发展和改革委员会
	",调和油,桶装一级,元/5升,67.03,,,,,福州市主副食品集超均价表，集超均价,,,https://fgw.fuzhou.gov.cn/fgwzwgk/fzgggz/jgysf/msspjgxq/zfsp/202608/t20260820_5361462.htm
福州市,2026年8月20日,"
		2026年8月20日福州市主副食品集超均价表_主副食品_
		福州市发展和改革委员会
	",豆角,新鲜,元/500克,6.93,,,,,福州市主副食品集超均价表，集超均价,,,https://fgw.fuzhou.gov.cn/fgwzwgk/fzgggz/jgysf/msspjgxq/zfsp/202608/t20260820_5361462.htm
福州市,2026年8月20日,"
		2026年8月20日福州市主副食品集超均价表_主副食品_
		福州市发展和改革委员会
	",青椒,新鲜,元/500克,5.65,,,,,福州市主副食品集超均价表，集超均价,,,https://fgw.fuzhou.gov.cn/fgwzwgk/fzgggz/jgysf/msspjgxq/zfsp/202608/t20260820_5361462.htm
福州市,2026年8月20日,"
		2026年8月20日福州市主副食品集超均价表_主副食品_
		福州市发展和改革委员会
	",韭菜,新鲜,元/500克,5.82,,,,,福州市主副食品集超均价表，集超均价,,,https://fgw.fuzhou.gov.cn/fgwzwgk/fzgggz/jgysf/msspjgxq/zfsp/202608/t20260820_5361462.htm
福州市,2026年8月20日,"
		2026年8月20日福州市主副食品集超均价表_主副食品_
		福州市发展和改革委员会
	",香蕉,新鲜,元/500克,4.57,,,,,福州市主副食品集超均价表，集超均价,,,https://fgw.fuzhou.gov.cn/fgwzwgk/fzgggz/jgysf/msspjgxq/zfsp/202608/t20260820_5361462.htm
福州市,2026年8月20日,"
		2026年8月20日福州市主副食品集超均价表_主副食品_
		福州市发展和改革委员会
	",马胶鱼,冰鲜,元/500克,27.65,,,,,福州市主副食品集超均价表，集超均价,,,https://fgw.fuzhou.gov.cn/fgwzwgk/fzgggz/jgysf/msspjgxq/zfsp/202608/t20260820_5361462.htm
福州市,2026年8月20日,"
		2026年8月20日福州市主副食品集超均价表_主副食品_
		福州市发展和改革委员会
	",鱿鱼,冰鲜,元/500克,50.38,,,,,福州市主副食品集超均价表，集超均价,,,https://fgw.fuzhou.gov.cn/fgwzwgk/fzgggz/jgysf/msspjgxq/zfsp/202608/t20260820_5361462.htm
福州市,2026年8月20日,"
		2026年8月20日福州市主副食品集超均价表_主副食品_
		福州市发展和改革委员会
	",鸡肉,白条鸡,元/500克,16.17,,,,,福州市主副食品集超均价表，集超均价,,,https://fgw.fuzhou.gov.cn/fgwzwgk/fzgggz/jgysf/msspjgxq/zfsp/202608/t20260820_5361462.htm
福州市,2026年8月20日,"
		2026年8月20日福州市主副食品集超均价表_主副食品_
		福州市发展和改革委员会
	",鸭肉,白条鸭,元/500克,16.42,,,,,福州市主副食品集超均价表，集超均价,,,https://fgw.fuzhou.gov.cn/fgwzwgk/fzgggz/jgysf/msspjgxq/zfsp/202608/t20260820_5361462.htm
福州市,2026年8月20日,"
		2026年8月20日福州市主副食品集超均价表_主副食品_
		福州市发展和改革委员会
	",黄瓜,新鲜,元/500克,3.30,,,,,福州市主副食品集超均价表，集超均价,,,https://fgw.fuzhou.gov.cn/fgwzwgk/fzgggz/jgysf/msspjgxq/zfsp/202608/t20260820_5361462.htm
福州市,2026年8月20日,"
		2026年8月20日福州市主副食品集超均价表_主副食品_
		福州市发展和改革委员会
	",黄瓜鱼,冰鲜,元/500克,27.92,,,,,福州市主副食品集超均价表，集超均价,,,https://fgw.fuzhou.gov.cn/fgwzwgk/fzgggz/jgysf/msspjgxq/zfsp/202608/t20260820_5361462.htm
福州市,2026年8月21日,"
		2026年8月21日福州市主副食品集超均价表_主副食品_
		福州市发展和改革委员会
	",上海青,新鲜,元/500克,3.63,,,,,福州市主副食品集超均价表，集超均价,,,https://fgw.fuzhou.gov.cn/fgwzwgk/fzgggz/jgysf/msspjgxq/zfsp/202608/t20260821_5361937.htm
福州市,2026年8月21日,"
		2026年8月21日福州市主副食品集超均价表_主副食品_
		福州市发展和改革委员会
	",冻带鱼,冷冻,元/500克,22.2,,,,,福州市主副食品集超均价表，集超均价,,,https://fgw.fuzhou.gov.cn/fgwzwgk/fzgggz/jgysf/msspjgxq/zfsp/202608/t20260821_5361937.htm
福州市,2026年8月21日,"
		2026年8月21日福州市主副食品集超均价表_主副食品_
		福州市发展和改革委员会
	",圆白菜,新鲜,元/500克,2.17,,,,,福州市主副食品集超均价表，集超均价,,,https://fgw.fuzhou.gov.cn/fgwzwgk/fzgggz/jgysf/msspjgxq/zfsp/202608/t20260821_5361937.htm
福州市,2026年8月21日,"
		2026年8月21日福州市主副食品集超均价表_主副食品_
		福州市发展和改革委员会
	",土豆,新鲜,元/500克,2.22,,,,,福州市主副食品集超均价表，集超均价,,,https://fgw.fuzhou.gov.cn/fgwzwgk/fzgggz/jgysf/msspjgxq/zfsp/202608/t20260821_5361937.htm
福州市,2026年8月21日,"
		2026年8月21日福州市主副食品集超均价表_主副食品_
		福州市发展和改革委员会
	",大白菜,新鲜,元/500克,2.29,,,,,福州市主副食品集超均价表，集超均价,,,https://fgw.fuzhou.gov.cn/fgwzwgk/fzgggz/jgysf/msspjgxq/zfsp/202608/t20260821_5361937.htm
福州市,2026年8月21日,"
		2026年8月21日福州市主副食品集超均价表_主副食品_
		福州市发展和改革委员会
	",大豆油,桶装一级,元/5升,59.46,,,,,福州市主副食品集超均价表，集超均价,,,https://fgw.fuzhou.gov.cn/fgwzwgk/fzgggz/jgysf/msspjgxq/zfsp/202608/t20260821_5361937.htm
福州市,2026年8月21日,"
		2026年8月21日福州市主副食品集超均价表_主副食品_
		福州市发展和改革委员会
	",富强粉,,元/500克,3.57,,,,,福州市主副食品集超均价表，集超均价,,,https://fgw.fuzhou.gov.cn/fgwzwgk/fzgggz/jgysf/msspjgxq/zfsp/202608/t20260821_5361937.htm
福州市,2026年8月21日,"
		2026年8月21日福州市主副食品集超均价表_主副食品_
		福州市发展和改革委员会
	",尖椒,新鲜,元/500克,5.33,,,,,福州市主副食品集超均价表，集超均价,,,https://fgw.fuzhou.gov.cn/fgwzwgk/fzgggz/jgysf/msspjgxq/zfsp/202608/t20260821_5361937.htm
福州市,2026年8月21日,"
		2026年8月21日福州市主副食品集超均价表_主副食品_
		福州市发展和改革委员会
	",晚籼米,标一,元/500克,2.68,,,,,福州市主副食品集超均价表，集超均价,,,https://fgw.fuzhou.gov.cn/fgwzwgk/fzgggz/jgysf/msspjgxq/zfsp/202608/t20260821_5361937.htm
福州市,2026年8月21日,"
		2026年8月21日福州市主副食品集超均价表_主副食品_
		福州市发展和改革委员会
	",普通鸡蛋,新鲜完整,元/500克,6.73,,,,,福州市主副食品集超均价表，集超均价,,,https://fgw.fuzhou.gov.cn/fgwzwgk/fzgggz/jgysf/msspjgxq/zfsp/202608/t20260821_5361937.htm
福州市,2026年8月21日,"
		2026年8月21日福州市主副食品集超均价表_主副食品_
		福州市发展和改革委员会
	",普通鸭蛋,新鲜完整,元/500克,8.33,,,,,福州市主副食品集超均价表，集超均价,,,https://fgw.fuzhou.gov.cn/fgwzwgk/fzgggz/jgysf/msspjgxq/zfsp/202608/t20260821_5361937.htm
福州市,2026年8月21日,"
		2026年8月21日福州市主副食品集超均价表_主副食品_
		福州市发展和改革委员会
	",标准粉,,元/500克,2.42,,,,,福州市主副食品集超均价表，集超均价,,,https://fgw.fuzhou.gov.cn/fgwzwgk/fzgggz/jgysf/msspjgxq/zfsp/202608/t20260821_5361937.htm
福州市,2026年8月21日,"
		2026年8月21日福州市主副食品集超均价表_主副食品_
		福州市发展和改革委员会
	",梨,新鲜,元/500克,4.94,,,,,福州市主副食品集超均价表，集超均价,,,https://fgw.fuzhou.gov.cn/fgwzwgk/fzgggz/jgysf/msspjgxq/zfsp/202608/t20260821_5361937.htm
福州市,2026年8月21日,"
		2026年8月21日福州市主副食品集超均价表_主副食品_
		福州市发展和改革委员会
	",油菜(菜心),新鲜,元/500克,4.32,,,,,福州市主副食品集超均价表，集超均价,,,https://fgw.fuzhou.gov.cn/fgwzwgk/fzgggz/jgysf/msspjgxq/zfsp/202608/t20260821_5361937.htm
福州市,2026年8月21日,"
		2026年8月21日福州市主副食品集超均价表_主副食品_
		福州市发展和改革委员会
	",活明虾,鲜活,元/500克,29.02,,,,,福州市主副食品集超均价表，集超均价,,,https://fgw.fuzhou.gov.cn/fgwzwgk/fzgggz/jgysf/msspjgxq/zfsp/202608/t20260821_5361937.htm
福州市,2026年8月21日,"
		2026年8月21日福州市主副食品集超均价表_主副食品_
		福州市发展和改革委员会
	",活花蛤,鲜活,元/500克,10.03,,,,,福州市主副食品集超均价表，集超均价,,,https://fgw.fuzhou.gov.cn/fgwzwgk/fzgggz/jgysf/msspjgxq/zfsp/202608/t20260821_5361937.htm
福州市,2026年8月21日,"
		2026年8月21日福州市主副食品集超均价表_主副食品_
		福州市发展和改革委员会
	",活草鱼,鲜活,元/500克,11.74,,,,,福州市主副食品集超均价表，集超均价,,,https://fgw.fuzhou.gov.cn/fgwzwgk/fzgggz/jgysf/msspjgxq/zfsp/202608/t20260821_5361937.htm
福州市,2026年8月21日,"
		2026年8月21日福州市主副食品集超均价表_主副食品_
		福州市发展和改革委员会
	",活鳙鱼（大头鲢）,鲜活,元/500克,14.08,,,,,福州市主副食品集超均价表，集超均价,,,https://fgw.fuzhou.gov.cn/fgwzwgk/fzgggz/jgysf/msspjgxq/zfsp/202608/t20260821_5361937.htm
福州市,2026年8月21日,"
		2026年8月21日福州市主副食品集超均价表_主副食品_
		福州市发展和改革委员会
	",牛肉,去骨肉,元/500克,47.01,,,,,福州市主副食品集超均价表，集超均价,,,https://fgw.fuzhou.gov.cn/fgwzwgk/fzgggz/jgysf/msspjgxq/zfsp/202608/t20260821_5361937.htm
福州市,2026年8月21日,"
		2026年8月21日福州市主副食品集超均价表_主副食品_
		福州市发展和改革委员会
	",猪瘦肉,新鲜,元/500克,14.75,,,,,福州市主副食品集超均价表，集超均价,,,https://fgw.fuzhou.gov.cn/fgwzwgk/fzgggz/jgysf/msspjgxq/zfsp/202608/t20260821_5361937.htm
福州市,2026年8月21日,"
		2026年8月21日福州市主副食品集超均价表_主副食品_
		福州市发展和改革委员会
	",猪肋条肉,新鲜,元/500克,15.33,,,,,福州市主副食品集超均价表，集超均价,,,https://fgw.fuzhou.gov.cn/fgwzwgk/fzgggz/jgysf/msspjgxq/zfsp/202608/t20260821_5361937.htm
福州市,2026年8月21日,"
		2026年8月21日福州市主副食品集超均价表_主副食品_
		福州市发展和改革委员会
	",白萝卜,新鲜,元/500克,1.62,,,,,福州市主副食品集超均价表，集超均价,,,https://fgw.fuzhou.gov.cn/fgwzwgk/fzgggz/jgysf/msspjgxq/zfsp/202608/t20260821_5361937.htm
福州市,2026年8月21日,"
		2026年8月21日福州市主副食品集超均价表_主副食品_
		福州市发展和改革委员会
	",空心菜,新鲜,元/500克,2.75,,,,,福州市主副食品集超均价表，集超均价,,,https://fgw.fuzhou.gov.cn/fgwzwgk/fzgggz/jgysf/msspjgxq/zfsp/202608/t20260821_5361937.htm
福州市,2026年8月21日,"
		2026年8月21日福州市主副食品集超均价表_主副食品_
		福州市发展和改革委员会
	",粳米,标一,元/500克,2.97,,,,,福州市主副食品集超均价表，集超均价,,,https://fgw.fuzhou.gov.cn/fgwzwgk/fzgggz/jgysf/msspjgxq/zfsp/202608/t20260821_5361937.htm
福州市,2026年8月21日,"
		2026年8月21日福州市主副食品集超均价表_主副食品_
		福州市发展和改革委员会
	",红萝卜,新鲜,元/500克,2.28,,,,,福州市主副食品集超均价表，集超均价,,,https://fgw.fuzhou.gov.cn/fgwzwgk/fzgggz/jgysf/msspjgxq/zfsp/202608/t20260821_5361937.htm
福州市,2026年8月21日,"
		2026年8月21日福州市主副食品集超均价表_主副食品_
		福州市发展和改革委员会
	",纯牛奶,盒装,元/盒(250毫升),2.71,,,,,福州市主副食品集超均价表，集超均价,,,https://fgw.fuzhou.gov.cn/fgwzwgk/fzgggz/jgysf/msspjgxq/zfsp/202608/t20260821_5361937.htm
福州市,2026年8月21日,"
		2026年8月21日福州市主副食品集超均价表_主副食品_
		福州市发展和改革委员会
	",羊肉,带骨肉,元/500克,44.16,,,,,福州市主副食品集超均价表，集超均价,,,https://fgw.fuzhou.gov.cn/fgwzwgk/fzgggz/jgysf/msspjgxq/zfsp/202608/t20260821_5361937.htm
福州市,2026年8月21日,"
		2026年8月21日福州市主副食品集超均价表_主副食品_
		福州市发展和改革委员会
	",脐橙,新鲜,元/500克,4.89,,,,,福州市主副食品集超均价表，集超均价,,,https://fgw.fuzhou.gov.cn/fgwzwgk/fzgggz/jgysf/msspjgxq/zfsp/202608/t20260821_5361937.htm
福州市,2026年8月21日,"
		2026年8月21日福州市主副食品集超均价表_主副食品_
		福州市发展和改革委员会
	",花生油,桶装一级,元/5升,105.24,,,,,福州市主副食品集超均价表，集超均价,,,https://fgw.fuzhou.gov.cn/fgwzwgk/fzgggz/jgysf/msspjgxq/zfsp/202608/t20260821_5361937.htm
福州市,2026年8月21日,"
		2026年8月21日福州市主副食品集超均价表_主副食品_
		福州市发展和改革委员会
	",花菜,新鲜,元/500克,4.69,,,,,福州市主副食品集超均价表，集超均价,,,https://fgw.fuzhou.gov.cn/fgwzwgk/fzgggz/jgysf/msspjgxq/zfsp/202608/t20260821_5361937.htm
福州市,2026年8月21日,"
		2026年8月21日福州市主副食品集超均价表_主副食品_
		福州市发展和改革委员会
	",芹菜,新鲜,元/500克,6.98,,,,,福州市主副食品集超均价表，集超均价,,,https://fgw.fuzhou.gov.cn/fgwzwgk/fzgggz/jgysf/msspjgxq/zfsp/202608/t20260821_5361937.htm
福州市,2026年8月21日,"
		2026年8月21日福州市主副食品集超均价表_主副食品_
		福州市发展和改革委员会
	",苹果,新鲜,元/500克,8.39,,,,,福州市主副食品集超均价表，集超均价,,,https://fgw.fuzhou.gov.cn/fgwzwgk/fzgggz/jgysf/msspjgxq/zfsp/202608/t20260821_5361937.htm
福州市,2026年8月21日,"
		2026年8月21日福州市主副食品集超均价表_主副食品_
		福州市发展和改革委员会
	",茄子,新鲜,元/500克,3.08,,,,,福州市主副食品集超均价表，集超均价,,,https://fgw.fuzhou.gov.cn/fgwzwgk/fzgggz/jgysf/msspjgxq/zfsp/202608/t20260821_5361937.htm
福州市,2026年8月21日,"
		2026年8月21日福州市主副食品集超均价表_主副食品_
		福州市发展和改革委员会
	",菜籽油,桶装一级,元/5升,70.95,,,,,福州市主副食品集超均价表，集超均价,,,https://fgw.fuzhou.gov.cn/fgwzwgk/fzgggz/jgysf/msspjgxq/zfsp/202608/t20260821_5361937.htm
福州市,2026年8月21日,"
		2026年8月21日福州市主副食品集超均价表_主副食品_
		福州市发展和改革委员会
	",蒜苔,新鲜,元/500克,8.3,,,,,福州市主副食品集超均价表，集超均价,,,https://fgw.fuzhou.gov.cn/fgwzwgk/fzgggz/jgysf/msspjgxq/zfsp/202608/t20260821_5361937.htm
福州市,2026年8月21日,"
		2026年8月21日福州市主副食品集超均价表_主副食品_
		福州市发展和改革委员会
	",西红柿,新鲜,元/500克,3.91,,,,,福州市主副食品集超均价表，集超均价,,,https://fgw.fuzhou.gov.cn/fgwzwgk/fzgggz/jgysf/msspjgxq/zfsp/202608/t20260821_5361937.htm
福州市,2026年8月21日,"
		2026年8月21日福州市主副食品集超均价表_主副食品_
		福州市发展和改革委员会
	",调和油,桶装一级,元/5升,67.03,,,,,福州市主副食品集超均价表，集超均价,,,https://fgw.fuzhou.gov.cn/fgwzwgk/fzgggz/jgysf/msspjgxq/zfsp/202608/t20260821_5361937.htm
福州市,2026年8月21日,"
		2026年8月21日福州市主副食品集超均价表_主副食品_
		福州市发展和改革委员会
	",豆角,新鲜,元/500克,6.93,,,,,福州市主副食品集超均价表，集超均价,,,https://fgw.fuzhou.gov.cn/fgwzwgk/fzgggz/jgysf/msspjgxq/zfsp/202608/t20260821_5361937.htm
福州市,2026年8月21日,"
		2026年8月21日福州市主副食品集超均价表_主副食品_
		福州市发展和改革委员会
	",青椒,新鲜,元/500克,5.76,,,,,福州市主副食品集超均价表，集超均价,,,https://fgw.fuzhou.gov.cn/fgwzwgk/fzgggz/jgysf/msspjgxq/zfsp/202608/t20260821_5361937.htm
福州市,2026年8月21日,"
		2026年8月21日福州市主副食品集超均价表_主副食品_
		福州市发展和改革委员会
	",韭菜,新鲜,元/500克,5.82,,,,,福州市主副食品集超均价表，集超均价,,,https://fgw.fuzhou.gov.cn/fgwzwgk/fzgggz/jgysf/msspjgxq/zfsp/202608/t20260821_5361937.htm
福州市,2026年8月21日,"
		2026年8月21日福州市主副食品集超均价表_主副食品_
		福州市发展和改革委员会
	",香蕉,新鲜,元/500克,4.57,,,,,福州市主副食品集超均价表，集超均价,,,https://fgw.fuzhou.gov.cn/fgwzwgk/fzgggz/jgysf/msspjgxq/zfsp/202608/t20260821_5361937.htm
福州市,2026年8月21日,"
		2026年8月21日福州市主副食品集超均价表_主副食品_
		福州市发展和改革委员会
	",马胶鱼,冰鲜,元/500克,27.72,,,,,福州市主副食品集超均价表，集超均价,,,https://fgw.fuzhou.gov.cn/fgwzwgk/fzgggz/jgysf/msspjgxq/zfsp/202608/t20260821_5361937.htm
福州市,2026年8月21日,"
		2026年8月21日福州市主副食品集超均价表_主副食品_
		福州市发展和改革委员会
	",鱿鱼,冰鲜,元/500克,50.38,,,,,福州市主副食品集超均价表，集超均价,,,https://fgw.fuzhou.gov.cn/fgwzwgk/fzgggz/jgysf/msspjgxq/zfsp/202608/t20260821_5361937.htm
福州市,2026年8月21日,"
		2026年8月21日福州市主副食品集超均价表_主副食品_
		福州市发展和改革委员会
	",鸡肉,白条鸡,元/500克,16.17,,,,,福州市主副食品集超均价表，集超均价,,,https://fgw.fuzhou.gov.cn/fgwzwgk/fzgggz/jgysf/msspjgxq/zfsp/202608/t20260821_5361937.htm
福州市,2026年8月21日,"
		2026年8月21日福州市主副食品集超均价表_主副食品_
		福州市发展和改革委员会
	",鸭肉,白条鸭,元/500克,16.42,,,,,福州市主副食品集超均价表，集超均价,,,https://fgw.fuzhou.gov.cn/fgwzwgk/fzgggz/jgysf/msspjgxq/zfsp/202608/t20260821_5361937.htm
福州市,2026年8月21日,"
		2026年8月21日福州市主副食品集超均价表_主副食品_
		福州市发展和改革委员会
	",黄瓜,新鲜,元/500克,3.33,,,,,福州市主副食品集超均价表，集超均价,,,https://fgw.fuzhou.gov.cn/fgwzwgk/fzgggz/jgysf/msspjgxq/zfsp/202608/t20260821_5361937.htm
福州市,2026年8月21日,"
		2026年8月21日福州市主副食品集超均价表_主副食品_
		福州市发展和改革委员会
	",黄瓜鱼,冰鲜,元/500克,27.92,,,,,福州市主副食品集超均价表，集超均价,,,https://fgw.fuzhou.gov.cn/fgwzwgk/fzgggz/jgysf/msspjgxq/zfsp/202608/t20260821_5361937.htm
福州市,2026年8月24日,"
		2026年8月24日福州市主副食品集超均价表_主副食品_
		福州市发展和改革委员会
	",上海青,新鲜,元/500克,3.64,,,,,福州市主副食品集超均价表，集超均价,,,https://fgw.fuzhou.gov.cn/fgwzwgk/fzgggz/jgysf/msspjgxq/zfsp/202608/t20260824_5362645.htm
福州市,2026年8月24日,"
		2026年8月24日福州市主副食品集超均价表_主副食品_
		福州市发展和改革委员会
	",冻带鱼,冷冻,元/500克,22.12,,,,,福州市主副食品集超均价表，集超均价,,,https://fgw.fuzhou.gov.cn/fgwzwgk/fzgggz/jgysf/msspjgxq/zfsp/202608/t20260824_5362645.htm
福州市,2026年8月24日,"
		2026年8月24日福州市主副食品集超均价表_主副食品_
		福州市发展和改革委员会
	",圆白菜,新鲜,元/500克,2.15,,,,,福州市主副食品集超均价表，集超均价,,,https://fgw.fuzhou.gov.cn/fgwzwgk/fzgggz/jgysf/msspjgxq/zfsp/202608/t20260824_5362645.htm
福州市,2026年8月24日,"
		2026年8月24日福州市主副食品集超均价表_主副食品_
		福州市发展和改革委员会
	",土豆,新鲜,元/500克,2.18,,,,,福州市主副食品集超均价表，集超均价,,,https://fgw.fuzhou.gov.cn/fgwzwgk/fzgggz/jgysf/msspjgxq/zfsp/202608/t20260824_5362645.htm
福州市,2026年8月24日,"
		2026年8月24日福州市主副食品集超均价表_主副食品_
		福州市发展和改革委员会
	",大白菜,新鲜,元/500克,2.27,,,,,福州市主副食品集超均价表，集超均价,,,https://fgw.fuzhou.gov.cn/fgwzwgk/fzgggz/jgysf/msspjgxq/zfsp/202608/t20260824_5362645.htm
福州市,2026年8月24日,"
		2026年8月24日福州市主副食品集超均价表_主副食品_
		福州市发展和改革委员会
	",大豆油,桶装一级,元/5升,59.46,,,,,福州市主副食品集超均价表，集超均价,,,https://fgw.fuzhou.gov.cn/fgwzwgk/fzgggz/jgysf/msspjgxq/zfsp/202608/t20260824_5362645.htm
福州市,2026年8月24日,"
		2026年8月24日福州市主副食品集超均价表_主副食品_
		福州市发展和改革委员会
	",富强粉,,元/500克,3.57,,,,,福州市主副食品集超均价表，集超均价,,,https://fgw.fuzhou.gov.cn/fgwzwgk/fzgggz/jgysf/msspjgxq/zfsp/202608/t20260824_5362645.htm
福州市,2026年8月24日,"
		2026年8月24日福州市主副食品集超均价表_主副食品_
		福州市发展和改革委员会
	",尖椒,新鲜,元/500克,5.27,,,,,福州市主副食品集超均价表，集超均价,,,https://fgw.fuzhou.gov.cn/fgwzwgk/fzgggz/jgysf/msspjgxq/zfsp/202608/t20260824_5362645.htm
福州市,2026年8月24日,"
		2026年8月24日福州市主副食品集超均价表_主副食品_
		福州市发展和改革委员会
	",晚籼米,标一,元/500克,2.68,,,,,福州市主副食品集超均价表，集超均价,,,https://fgw.fuzhou.gov.cn/fgwzwgk/fzgggz/jgysf/msspjgxq/zfsp/202608/t20260824_5362645.htm
福州市,2026年8月24日,"
		2026年8月24日福州市主副食品集超均价表_主副食品_
		福州市发展和改革委员会
	",普通鸡蛋,新鲜完整,元/500克,6.78,,,,,福州市主副食品集超均价表，集超均价,,,https://fgw.fuzhou.gov.cn/fgwzwgk/fzgggz/jgysf/msspjgxq/zfsp/202608/t20260824_5362645.htm
福州市,2026年8月24日,"
		2026年8月24日福州市主副食品集超均价表_主副食品_
		福州市发展和改革委员会
	",普通鸭蛋,新鲜完整,元/500克,8.36,,,,,福州市主副食品集超均价表，集超均价,,,https://fgw.fuzhou.gov.cn/fgwzwgk/fzgggz/jgysf/msspjgxq/zfsp/202608/t20260824_5362645.htm
福州市,2026年8月24日,"
		2026年8月24日福州市主副食品集超均价表_主副食品_
		福州市发展和改革委员会
	",标准粉,,元/500克,2.42,,,,,福州市主副食品集超均价表，集超均价,,,https://fgw.fuzhou.gov.cn/fgwzwgk/fzgggz/jgysf/msspjgxq/zfsp/202608/t20260824_5362645.htm
福州市,2026年8月24日,"
		2026年8月24日福州市主副食品集超均价表_主副食品_
		福州市发展和改革委员会
	",梨,新鲜,元/500克,4.91,,,,,福州市主副食品集超均价表，集超均价,,,https://fgw.fuzhou.gov.cn/fgwzwgk/fzgggz/jgysf/msspjgxq/zfsp/202608/t20260824_5362645.htm
福州市,2026年8月24日,"
		2026年8月24日福州市主副食品集超均价表_主副食品_
		福州市发展和改革委员会
	",油菜(菜心),新鲜,元/500克,4.41,,,,,福州市主副食品集超均价表，集超均价,,,https://fgw.fuzhou.gov.cn/fgwzwgk/fzgggz/jgysf/msspjgxq/zfsp/202608/t20260824_5362645.htm
福州市,2026年8月24日,"
		2026年8月24日福州市主副食品集超均价表_主副食品_
		福州市发展和改革委员会
	",活明虾,鲜活,元/500克,29.24,,,,,福州市主副食品集超均价表，集超均价,,,https://fgw.fuzhou.gov.cn/fgwzwgk/fzgggz/jgysf/msspjgxq/zfsp/202608/t20260824_5362645.htm
福州市,2026年8月24日,"
		2026年8月24日福州市主副食品集超均价表_主副食品_
		福州市发展和改革委员会
	",活花蛤,鲜活,元/500克,10.1,,,,,福州市主副食品集超均价表，集超均价,,,https://fgw.fuzhou.gov.cn/fgwzwgk/fzgggz/jgysf/msspjgxq/zfsp/202608/t20260824_5362645.htm
福州市,2026年8月24日,"
		2026年8月24日福州市主副食品集超均价表_主副食品_
		福州市发展和改革委员会
	",活草鱼,鲜活,元/500克,12.09,,,,,福州市主副食品集超均价表，集超均价,,,https://fgw.fuzhou.gov.cn/fgwzwgk/fzgggz/jgysf/msspjgxq/zfsp/202608/t20260824_5362645.htm
福州市,2026年8月24日,"
		2026年8月24日福州市主副食品集超均价表_主副食品_
		福州市发展和改革委员会
	",活鳙鱼（大头鲢）,鲜活,元/500克,14.08,,,,,福州市主副食品集超均价表，集超均价,,,https://fgw.fuzhou.gov.cn/fgwzwgk/fzgggz/jgysf/msspjgxq/zfsp/202608/t20260824_5362645.htm
福州市,2026年8月24日,"
		2026年8月24日福州市主副食品集超均价表_主副食品_
		福州市发展和改革委员会
	",牛肉,去骨肉,元/500克,47.01,,,,,福州市主副食品集超均价表，集超均价,,,https://fgw.fuzhou.gov.cn/fgwzwgk/fzgggz/jgysf/msspjgxq/zfsp/202608/t20260824_5362645.htm
福州市,2026年8月24日,"
		2026年8月24日福州市主副食品集超均价表_主副食品_
		福州市发展和改革委员会
	",猪瘦肉,新鲜,元/500克,14.75,,,,,福州市主副食品集超均价表，集超均价,,,https://fgw.fuzhou.gov.cn/fgwzwgk/fzgggz/jgysf/msspjgxq/zfsp/202608/t20260824_5362645.htm
福州市,2026年8月24日,"
		2026年8月24日福州市主副食品集超均价表_主副食品_
		福州市发展和改革委员会
	",猪肋条肉,新鲜,元/500克,15.33,,,,,福州市主副食品集超均价表，集超均价,,,https://fgw.fuzhou.gov.cn/fgwzwgk/fzgggz/jgysf/msspjgxq/zfsp/202608/t20260824_5362645.htm
福州市,2026年8月24日,"
		2026年8月24日福州市主副食品集超均价表_主副食品_
		福州市发展和改革委员会
	",白萝卜,新鲜,元/500克,1.62,,,,,福州市主副食品集超均价表，集超均价,,,https://fgw.fuzhou.gov.cn/fgwzwgk/fzgggz/jgysf/msspjgxq/zfsp/202608/t20260824_5362645.htm
福州市,2026年8月24日,"
		2026年8月24日福州市主副食品集超均价表_主副食品_
		福州市发展和改革委员会
	",空心菜,新鲜,元/500克,2.71,,,,,福州市主副食品集超均价表，集超均价,,,https://fgw.fuzhou.gov.cn/fgwzwgk/fzgggz/jgysf/msspjgxq/zfsp/202608/t20260824_5362645.htm
福州市,2026年8月24日,"
		2026年8月24日福州市主副食品集超均价表_主副食品_
		福州市发展和改革委员会
	",粳米,标一,元/500克,2.97,,,,,福州市主副食品集超均价表，集超均价,,,https://fgw.fuzhou.gov.cn/fgwzwgk/fzgggz/jgysf/msspjgxq/zfsp/202608/t20260824_5362645.htm
福州市,2026年8月24日,"
		2026年8月24日福州市主副食品集超均价表_主副食品_
		福州市发展和改革委员会
	",红萝卜,新鲜,元/500克,2.28,,,,,福州市主副食品集超均价表，集超均价,,,https://fgw.fuzhou.gov.cn/fgwzwgk/fzgggz/jgysf/msspjgxq/zfsp/202608/t20260824_5362645.htm
福州市,2026年8月24日,"
		2026年8月24日福州市主副食品集超均价表_主副食品_
		福州市发展和改革委员会
	",纯牛奶,盒装,元/盒(250毫升),2.71,,,,,福州市主副食品集超均价表，集超均价,,,https://fgw.fuzhou.gov.cn/fgwzwgk/fzgggz/jgysf/msspjgxq/zfsp/202608/t20260824_5362645.htm
福州市,2026年8月24日,"
		2026年8月24日福州市主副食品集超均价表_主副食品_
		福州市发展和改革委员会
	",羊肉,带骨肉,元/500克,44.23,,,,,福州市主副食品集超均价表，集超均价,,,https://fgw.fuzhou.gov.cn/fgwzwgk/fzgggz/jgysf/msspjgxq/zfsp/202608/t20260824_5362645.htm
福州市,2026年8月24日,"
		2026年8月24日福州市主副食品集超均价表_主副食品_
		福州市发展和改革委员会
	",脐橙,新鲜,元/500克,4.89,,,,,福州市主副食品集超均价表，集超均价,,,https://fgw.fuzhou.gov.cn/fgwzwgk/fzgggz/jgysf/msspjgxq/zfsp/202608/t20260824_5362645.htm
福州市,2026年8月24日,"
		2026年8月24日福州市主副食品集超均价表_主副食品_
		福州市发展和改革委员会
	",花生油,桶装一级,元/5升,105.24,,,,,福州市主副食品集超均价表，集超均价,,,https://fgw.fuzhou.gov.cn/fgwzwgk/fzgggz/jgysf/msspjgxq/zfsp/202608/t20260824_5362645.htm
福州市,2026年8月24日,"
		2026年8月24日福州市主副食品集超均价表_主副食品_
		福州市发展和改革委员会
	",花菜,新鲜,元/500克,4.7,,,,,福州市主副食品集超均价表，集超均价,,,https://fgw.fuzhou.gov.cn/fgwzwgk/fzgggz/jgysf/msspjgxq/zfsp/202608/t20260824_5362645.htm
福州市,2026年8月24日,"
		2026年8月24日福州市主副食品集超均价表_主副食品_
		福州市发展和改革委员会
	",芹菜,新鲜,元/500克,7.09,,,,,福州市主副食品集超均价表，集超均价,,,https://fgw.fuzhou.gov.cn/fgwzwgk/fzgggz/jgysf/msspjgxq/zfsp/202608/t20260824_5362645.htm
福州市,2026年8月24日,"
		2026年8月24日福州市主副食品集超均价表_主副食品_
		福州市发展和改革委员会
	",苹果,新鲜,元/500克,8.39,,,,,福州市主副食品集超均价表，集超均价,,,https://fgw.fuzhou.gov.cn/fgwzwgk/fzgggz/jgysf/msspjgxq/zfsp/202608/t20260824_5362645.htm
福州市,2026年8月24日,"
		2026年8月24日福州市主副食品集超均价表_主副食品_
		福州市发展和改革委员会
	",茄子,新鲜,元/500克,3.12,,,,,福州市主副食品集超均价表，集超均价,,,https://fgw.fuzhou.gov.cn/fgwzwgk/fzgggz/jgysf/msspjgxq/zfsp/202608/t20260824_5362645.htm
福州市,2026年8月24日,"
		2026年8月24日福州市主副食品集超均价表_主副食品_
		福州市发展和改革委员会
	",菜籽油,桶装一级,元/5升,70.95,,,,,福州市主副食品集超均价表，集超均价,,,https://fgw.fuzhou.gov.cn/fgwzwgk/fzgggz/jgysf/msspjgxq/zfsp/202608/t20260824_5362645.htm
福州市,2026年8月24日,"
		2026年8月24日福州市主副食品集超均价表_主副食品_
		福州市发展和改革委员会
	",蒜苔,新鲜,元/500克,8.3,,,,,福州市主副食品集超均价表，集超均价,,,https://fgw.fuzhou.gov.cn/fgwzwgk/fzgggz/jgysf/msspjgxq/zfsp/202608/t20260824_5362645.htm
福州市,2026年8月24日,"
		2026年8月24日福州市主副食品集超均价表_主副食品_
		福州市发展和改革委员会
	",西红柿,新鲜,元/500克,3.87,,,,,福州市主副食品集超均价表，集超均价,,,https://fgw.fuzhou.gov.cn/fgwzwgk/fzgggz/jgysf/msspjgxq/zfsp/202608/t20260824_5362645.htm
福州市,2026年8月24日,"
		2026年8月24日福州市主副食品集超均价表_主副食品_
		福州市发展和改革委员会
	",调和油,桶装一级,元/5升,67.03,,,,,福州市主副食品集超均价表，集超均价,,,https://fgw.fuzhou.gov.cn/fgwzwgk/fzgggz/jgysf/msspjgxq/zfsp/202608/t20260824_5362645.htm
福州市,2026年8月24日,"
		2026年8月24日福州市主副食品集超均价表_主副食品_
		福州市发展和改革委员会
	",豆角,新鲜,元/500克,7.02,,,,,福州市主副食品集超均价表，集超均价,,,https://fgw.fuzhou.gov.cn/fgwzwgk/fzgggz/jgysf/msspjgxq/zfsp/202608/t20260824_5362645.htm
福州市,2026年8月24日,"
		2026年8月24日福州市主副食品集超均价表_主副食品_
		福州市发展和改革委员会
	",青椒,新鲜,元/500克,5.75,,,,,福州市主副食品集超均价表，集超均价,,,https://fgw.fuzhou.gov.cn/fgwzwgk/fzgggz/jgysf/msspjgxq/zfsp/202608/t20260824_5362645.htm
福州市,2026年8月24日,"
		2026年8月24日福州市主副食品集超均价表_主副食品_
		福州市发展和改革委员会
	",韭菜,新鲜,元/500克,5.82,,,,,福州市主副食品集超均价表，集超均价,,,https://fgw.fuzhou.gov.cn/fgwzwgk/fzgggz/jgysf/msspjgxq/zfsp/202608/t20260824_5362645.htm
福州市,2026年8月24日,"
		2026年8月24日福州市主副食品集超均价表_主副食品_
		福州市发展和改革委员会
	",香蕉,新鲜,元/500克,4.6,,,,,福州市主副食品集超均价表，集超均价,,,https://fgw.fuzhou.gov.cn/fgwzwgk/fzgggz/jgysf/msspjgxq/zfsp/202608/t20260824_5362645.htm
福州市,2026年8月24日,"
		2026年8月24日福州市主副食品集超均价表_主副食品_
		福州市发展和改革委员会
	",马胶鱼,冰鲜,元/500克,27.65,,,,,福州市主副食品集超均价表，集超均价,,,https://fgw.fuzhou.gov.cn/fgwzwgk/fzgggz/jgysf/msspjgxq/zfsp/202608/t20260824_5362645.htm
福州市,2026年8月24日,"
		2026年8月24日福州市主副食品集超均价表_主副食品_
		福州市发展和改革委员会
	",鱿鱼,冰鲜,元/500克,50.38,,,,,福州市主副食品集超均价表，集超均价,,,https://fgw.fuzhou.gov.cn/fgwzwgk/fzgggz/jgysf/msspjgxq/zfsp/202608/t20260824_5362645.htm
福州市,2026年8月24日,"
		2026年8月24日福州市主副食品集超均价表_主副食品_
		福州市发展和改革委员会
	",鸡肉,白条鸡,元/500克,16.17,,,,,福州市主副食品集超均价表，集超均价,,,https://fgw.fuzhou.gov.cn/fgwzwgk/fzgggz/jgysf/msspjgxq/zfsp/202608/t20260824_5362645.htm
福州市,2026年8月24日,"
		2026年8月24日福州市主副食品集超均价表_主副食品_
		福州市发展和改革委员会
	",鸭肉,白条鸭,元/500克,16.42,,,,,福州市主副食品集超均价表，集超均价,,,https://fgw.fuzhou.gov.cn/fgwzwgk/fzgggz/jgysf/msspjgxq/zfsp/202608/t20260824_5362645.htm
福州市,2026年8月24日,"
		2026年8月24日福州市主副食品集超均价表_主副食品_
		福州市发展和改革委员会
	",黄瓜,新鲜,元/500克,3.3,,,,,福州市主副食品集超均价表，集超均价,,,https://fgw.fuzhou.gov.cn/fgwzwgk/fzgggz/jgysf/msspjgxq/zfsp/202608/t20260824_5362645.htm
福州市,2026年8月24日,"
		2026年8月24日福州市主副食品集超均价表_主副食品_
		福州市发展和改革委员会
	",黄瓜鱼,冰鲜,元/500克,27.92,,,,,福州市主副食品集超均价表，集超均价,,,https://fgw.fuzhou.gov.cn/fgwzwgk/fzgggz/jgysf/msspjgxq/zfsp/202608/t20260824_5362645.htm
福州市,2026年8月25日,"
		2026年8月25日福州市主副食品集超均价表_主副食品_
		福州市发展和改革委员会
	",上海青,新鲜,元/500克,3.67,,,,,福州市主副食品集超均价表，集超均价,,,https://fgw.fuzhou.gov.cn/fgwzwgk/fzgggz/jgysf/msspjgxq/zfsp/202608/t20260825_5363066.htm
福州市,2026年8月25日,"
		2026年8月25日福州市主副食品集超均价表_主副食品_
		福州市发展和改革委员会
	",冻带鱼,冷冻,元/500克,22.12,,,,,福州市主副食品集超均价表，集超均价,,,https://fgw.fuzhou.gov.cn/fgwzwgk/fzgggz/jgysf/msspjgxq/zfsp/202608/t20260825_5363066.htm
福州市,2026年8月25日,"
		2026年8月25日福州市主副食品集超均价表_主副食品_
		福州市发展和改革委员会
	",圆白菜,新鲜,元/500克,2.16,,,,,福州市主副食品集超均价表，集超均价,,,https://fgw.fuzhou.gov.cn/fgwzwgk/fzgggz/jgysf/msspjgxq/zfsp/202608/t20260825_5363066.htm
福州市,2026年8月25日,"
		2026年8月25日福州市主副食品集超均价表_主副食品_
		福州市发展和改革委员会
	",土豆,新鲜,元/500克,2.11,,,,,福州市主副食品集超均价表，集超均价,,,https://fgw.fuzhou.gov.cn/fgwzwgk/fzgggz/jgysf/msspjgxq/zfsp/202608/t20260825_5363066.htm
福州市,2026年8月25日,"
		2026年8月25日福州市主副食品集超均价表_主副食品_
		福州市发展和改革委员会
	",大白菜,新鲜,元/500克,2.28,,,,,福州市主副食品集超均价表，集超均价,,,https://fgw.fuzhou.gov.cn/fgwzwgk/fzgggz/jgysf/msspjgxq/zfsp/202608/t20260825_5363066.htm
福州市,2026年8月25日,"
		2026年8月25日福州市主副食品集超均价表_主副食品_
		福州市发展和改革委员会
	",大豆油,桶装一级,元/5升,59.46,,,,,福州市主副食品集超均价表，集超均价,,,https://fgw.fuzhou.gov.cn/fgwzwgk/fzgggz/jgysf/msspjgxq/zfsp/202608/t20260825_5363066.htm
福州市,2026年8月25日,"
		2026年8月25日福州市主副食品集超均价表_主副食品_
		福州市发展和改革委员会
	",富强粉,,元/500克,3.57,,,,,福州市主副食品集超均价表，集超均价,,,https://fgw.fuzhou.gov.cn/fgwzwgk/fzgggz/jgysf/msspjgxq/zfsp/202608/t20260825_5363066.htm
福州市,2026年8月25日,"
		2026年8月25日福州市主副食品集超均价表_主副食品_
		福州市发展和改革委员会
	",尖椒,新鲜,元/500克,5.27,,,,,福州市主副食品集超均价表，集超均价,,,https://fgw.fuzhou.gov.cn/fgwzwgk/fzgggz/jgysf/msspjgxq/zfsp/202608/t20260825_5363066.htm
福州市,2026年8月25日,"
		2026年8月25日福州市主副食品集超均价表_主副食品_
		福州市发展和改革委员会
	",晚籼米,标一,元/500克,2.68,,,,,福州市主副食品集超均价表，集超均价,,,https://fgw.fuzhou.gov.cn/fgwzwgk/fzgggz/jgysf/msspjgxq/zfsp/202608/t20260825_5363066.htm
福州市,2026年8月25日,"
		2026年8月25日福州市主副食品集超均价表_主副食品_
		福州市发展和改革委员会
	",普通鸡蛋,新鲜完整,元/500克,6.79,,,,,福州市主副食品集超均价表，集超均价,,,https://fgw.fuzhou.gov.cn/fgwzwgk/fzgggz/jgysf/msspjgxq/zfsp/202608/t20260825_5363066.htm
福州市,2026年8月25日,"
		2026年8月25日福州市主副食品集超均价表_主副食品_
		福州市发展和改革委员会
	",普通鸭蛋,新鲜完整,元/500克,8.38,,,,,福州市主副食品集超均价表，集超均价,,,https://fgw.fuzhou.gov.cn/fgwzwgk/fzgggz/jgysf/msspjgxq/zfsp/202608/t20260825_5363066.htm
福州市,2026年8月25日,"
		2026年8月25日福州市主副食品集超均价表_主副食品_
		福州市发展和改革委员会
	",标准粉,,元/500克,2.42,,,,,福州市主副食品集超均价表，集超均价,,,https://fgw.fuzhou.gov.cn/fgwzwgk/fzgggz/jgysf/msspjgxq/zfsp/202608/t20260825_5363066.htm
福州市,2026年8月25日,"
		2026年8月25日福州市主副食品集超均价表_主副食品_
		福州市发展和改革委员会
	",梨,新鲜,元/500克,4.91,,,,,福州市主副食品集超均价表，集超均价,,,https://fgw.fuzhou.gov.cn/fgwzwgk/fzgggz/jgysf/msspjgxq/zfsp/202608/t20260825_5363066.htm
福州市,2026年8月25日,"
		2026年8月25日福州市主副食品集超均价表_主副食品_
		福州市发展和改革委员会
	",油菜(菜心),新鲜,元/500克,4.45,,,,,福州市主副食品集超均价表，集超均价,,,https://fgw.fuzhou.gov.cn/fgwzwgk/fzgggz/jgysf/msspjgxq/zfsp/202608/t20260825_5363066.htm
福州市,2026年8月25日,"
		2026年8月25日福州市主副食品集超均价表_主副食品_
		福州市发展和改革委员会
	",活明虾,鲜活,元/500克,29.16,,,,,福州市主副食品集超均价表，集超均价,,,https://fgw.fuzhou.gov.cn/fgwzwgk/fzgggz/jgysf/msspjgxq/zfsp/202608/t20260825_5363066.htm
福州市,2026年8月25日,"
		2026年8月25日福州市主副食品集超均价表_主副食品_
		福州市发展和改革委员会
	",活花蛤,鲜活,元/500克,10.04,,,,,福州市主副食品集超均价表，集超均价,,,https://fgw.fuzhou.gov.cn/fgwzwgk/fzgggz/jgysf/msspjgxq/zfsp/202608/t20260825_5363066.htm
福州市,2026年8月25日,"
		2026年8月25日福州市主副食品集超均价表_主副食品_
		福州市发展和改革委员会
	",活草鱼,鲜活,元/500克,12.09,,,,,福州市主副食品集超均价表，集超均价,,,https://fgw.fuzhou.gov.cn/fgwzwgk/fzgggz/jgysf/msspjgxq/zfsp/202608/t20260825_5363066.htm
福州市,2026年8月25日,"
		2026年8月25日福州市主副食品集超均价表_主副食品_
		福州市发展和改革委员会
	",活鳙鱼（大头鲢）,鲜活,元/500克,14.08,,,,,福州市主副食品集超均价表，集超均价,,,https://fgw.fuzhou.gov.cn/fgwzwgk/fzgggz/jgysf/msspjgxq/zfsp/202608/t20260825_5363066.htm
福州市,2026年8月25日,"
		2026年8月25日福州市主副食品集超均价表_主副食品_
		福州市发展和改革委员会
	",牛肉,去骨肉,元/500克,47.01,,,,,福州市主副食品集超均价表，集超均价,,,https://fgw.fuzhou.gov.cn/fgwzwgk/fzgggz/jgysf/msspjgxq/zfsp/202608/t20260825_5363066.htm
福州市,2026年8月25日,"
		2026年8月25日福州市主副食品集超均价表_主副食品_
		福州市发展和改革委员会
	",猪瘦肉,新鲜,元/500克,14.79,,,,,福州市主副食品集超均价表，集超均价,,,https://fgw.fuzhou.gov.cn/fgwzwgk/fzgggz/jgysf/msspjgxq/zfsp/202608/t20260825_5363066.htm
福州市,2026年8月25日,"
		2026年8月25日福州市主副食品集超均价表_主副食品_
		福州市发展和改革委员会
	",猪肋条肉,新鲜,元/500克,15.36,,,,,福州市主副食品集超均价表，集超均价,,,https://fgw.fuzhou.gov.cn/fgwzwgk/fzgggz/jgysf/msspjgxq/zfsp/202608/t20260825_5363066.htm
福州市,2026年8月25日,"
		2026年8月25日福州市主副食品集超均价表_主副食品_
		福州市发展和改革委员会
	",白萝卜,新鲜,元/500克,1.64,,,,,福州市主副食品集超均价表，集超均价,,,https://fgw.fuzhou.gov.cn/fgwzwgk/fzgggz/jgysf/msspjgxq/zfsp/202608/t20260825_5363066.htm
福州市,2026年8月25日,"
		2026年8月25日福州市主副食品集超均价表_主副食品_
		福州市发展和改革委员会
	",空心菜,新鲜,元/500克,2.74,,,,,福州市主副食品集超均价表，集超均价,,,https://fgw.fuzhou.gov.cn/fgwzwgk/fzgggz/jgysf/msspjgxq/zfsp/202608/t20260825_5363066.htm
福州市,2026年8月25日,"
		2026年8月25日福州市主副食品集超均价表_主副食品_
		福州市发展和改革委员会
	",粳米,标一,元/500克,2.97,,,,,福州市主副食品集超均价表，集超均价,,,https://fgw.fuzhou.gov.cn/fgwzwgk/fzgggz/jgysf/msspjgxq/zfsp/202608/t20260825_5363066.htm
福州市,2026年8月25日,"
		2026年8月25日福州市主副食品集超均价表_主副食品_
		福州市发展和改革委员会
	",红萝卜,新鲜,元/500克,2.18,,,,,福州市主副食品集超均价表，集超均价,,,https://fgw.fuzhou.gov.cn/fgwzwgk/fzgggz/jgysf/msspjgxq/zfsp/202608/t20260825_5363066.htm
福州市,2026年8月25日,"
		2026年8月25日福州市主副食品集超均价表_主副食品_
		福州市发展和改革委员会
	",纯牛奶,盒装,元/盒(250毫升),2.71,,,,,福州市主副食品集超均价表，集超均价,,,https://fgw.fuzhou.gov.cn/fgwzwgk/fzgggz/jgysf/msspjgxq/zfsp/202608/t20260825_5363066.htm
福州市,2026年8月25日,"
		2026年8月25日福州市主副食品集超均价表_主副食品_
		福州市发展和改革委员会
	",羊肉,带骨肉,元/500克,44.23,,,,,福州市主副食品集超均价表，集超均价,,,https://fgw.fuzhou.gov.cn/fgwzwgk/fzgggz/jgysf/msspjgxq/zfsp/202608/t20260825_5363066.htm
福州市,2026年8月25日,"
		2026年8月25日福州市主副食品集超均价表_主副食品_
		福州市发展和改革委员会
	",脐橙,新鲜,元/500克,4.89,,,,,福州市主副食品集超均价表，集超均价,,,https://fgw.fuzhou.gov.cn/fgwzwgk/fzgggz/jgysf/msspjgxq/zfsp/202608/t20260825_5363066.htm
福州市,2026年8月25日,"
		2026年8月25日福州市主副食品集超均价表_主副食品_
		福州市发展和改革委员会
	",花生油,桶装一级,元/5升,105.24,,,,,福州市主副食品集超均价表，集超均价,,,https://fgw.fuzhou.gov.cn/fgwzwgk/fzgggz/jgysf/msspjgxq/zfsp/202608/t20260825_5363066.htm
福州市,2026年8月25日,"
		2026年8月25日福州市主副食品集超均价表_主副食品_
		福州市发展和改革委员会
	",花菜,新鲜,元/500克,4.82,,,,,福州市主副食品集超均价表，集超均价,,,https://fgw.fuzhou.gov.cn/fgwzwgk/fzgggz/jgysf/msspjgxq/zfsp/202608/t20260825_5363066.htm
福州市,2026年8月25日,"
		2026年8月25日福州市主副食品集超均价表_主副食品_
		福州市发展和改革委员会
	",芹菜,新鲜,元/500克,7.11,,,,,福州市主副食品集超均价表，集超均价,,,https://fgw.fuzhou.gov.cn/fgwzwgk/fzgggz/jgysf/msspjgxq/zfsp/202608/t20260825_5363066.htm
福州市,2026年8月25日,"
		2026年8月25日福州市主副食品集超均价表_主副食品_
		福州市发展和改革委员会
	",苹果,新鲜,元/500克,8.46,,,,,福州市主副食品集超均价表，集超均价,,,https://fgw.fuzhou.gov.cn/fgwzwgk/fzgggz/jgysf/msspjgxq/zfsp/202608/t20260825_5363066.htm
福州市,2026年8月25日,"
		2026年8月25日福州市主副食品集超均价表_主副食品_
		福州市发展和改革委员会
	",茄子,新鲜,元/500克,3.09,,,,,福州市主副食品集超均价表，集超均价,,,https://fgw.fuzhou.gov.cn/fgwzwgk/fzgggz/jgysf/msspjgxq/zfsp/202608/t20260825_5363066.htm
福州市,2026年8月25日,"
		2026年8月25日福州市主副食品集超均价表_主副食品_
		福州市发展和改革委员会
	",菜籽油,桶装一级,元/5升,70.95,,,,,福州市主副食品集超均价表，集超均价,,,https://fgw.fuzhou.gov.cn/fgwzwgk/fzgggz/jgysf/msspjgxq/zfsp/202608/t20260825_5363066.htm
福州市,2026年8月25日,"
		2026年8月25日福州市主副食品集超均价表_主副食品_
		福州市发展和改革委员会
	",蒜苔,新鲜,元/500克,8.30,,,,,福州市主副食品集超均价表，集超均价,,,https://fgw.fuzhou.gov.cn/fgwzwgk/fzgggz/jgysf/msspjgxq/zfsp/202608/t20260825_5363066.htm
福州市,2026年8月25日,"
		2026年8月25日福州市主副食品集超均价表_主副食品_
		福州市发展和改革委员会
	",西红柿,新鲜,元/500克,3.97,,,,,福州市主副食品集超均价表，集超均价,,,https://fgw.fuzhou.gov.cn/fgwzwgk/fzgggz/jgysf/msspjgxq/zfsp/202608/t20260825_5363066.htm
福州市,2026年8月25日,"
		2026年8月25日福州市主副食品集超均价表_主副食品_
		福州市发展和改革委员会
	",调和油,桶装一级,元/5升,67.03,,,,,福州市主副食品集超均价表，集超均价,,,https://fgw.fuzhou.gov.cn/fgwzwgk/fzgggz/jgysf/msspjgxq/zfsp/202608/t20260825_5363066.htm
福州市,2026年8月25日,"
		2026年8月25日福州市主副食品集超均价表_主副食品_
		福州市发展和改革委员会
	",豆角,新鲜,元/500克,7.28,,,,,福州市主副食品集超均价表，集超均价,,,https://fgw.fuzhou.gov.cn/fgwzwgk/fzgggz/jgysf/msspjgxq/zfsp/202608/t20260825_5363066.htm
福州市,2026年8月25日,"
		2026年8月25日福州市主副食品集超均价表_主副食品_
		福州市发展和改革委员会
	",青椒,新鲜,元/500克,5.75,,,,,福州市主副食品集超均价表，集超均价,,,https://fgw.fuzhou.gov.cn/fgwzwgk/fzgggz/jgysf/msspjgxq/zfsp/202608/t20260825_5363066.htm
福州市,2026年8月25日,"
		2026年8月25日福州市主副食品集超均价表_主副食品_
		福州市发展和改革委员会
	",韭菜,新鲜,元/500克,5.82,,,,,福州市主副食品集超均价表，集超均价,,,https://fgw.fuzhou.gov.cn/fgwzwgk/fzgggz/jgysf/msspjgxq/zfsp/202608/t20260825_5363066.htm
福州市,2026年8月25日,"
		2026年8月25日福州市主副食品集超均价表_主副食品_
		福州市发展和改革委员会
	",香蕉,新鲜,元/500克,4.60,,,,,福州市主副食品集超均价表，集超均价,,,https://fgw.fuzhou.gov.cn/fgwzwgk/fzgggz/jgysf/msspjgxq/zfsp/202608/t20260825_5363066.htm
福州市,2026年8月25日,"
		2026年8月25日福州市主副食品集超均价表_主副食品_
		福州市发展和改革委员会
	",马胶鱼,冰鲜,元/500克,27.65,,,,,福州市主副食品集超均价表，集超均价,,,https://fgw.fuzhou.gov.cn/fgwzwgk/fzgggz/jgysf/msspjgxq/zfsp/202608/t20260825_5363066.htm
福州市,2026年8月25日,"
		2026年8月25日福州市主副食品集超均价表_主副食品_
		福州市发展和改革委员会
	",鱿鱼,冰鲜,元/500克,50.38,,,,,福州市主副食品集超均价表，集超均价,,,https://fgw.fuzhou.gov.cn/fgwzwgk/fzgggz/jgysf/msspjgxq/zfsp/202608/t20260825_5363066.htm
福州市,2026年8月25日,"
		2026年8月25日福州市主副食品集超均价表_主副食品_
		福州市发展和改革委员会
	",鸡肉,白条鸡,元/500克,16.17,,,,,福州市主副食品集超均价表，集超均价,,,https://fgw.fuzhou.gov.cn/fgwzwgk/fzgggz/jgysf/msspjgxq/zfsp/202608/t20260825_5363066.htm
福州市,2026年8月25日,"
		2026年8月25日福州市主副食品集超均价表_主副食品_
		福州市发展和改革委员会
	",鸭肉,白条鸭,元/500克,16.42,,,,,福州市主副食品集超均价表，集超均价,,,https://fgw.fuzhou.gov.cn/fgwzwgk/fzgggz/jgysf/msspjgxq/zfsp/202608/t20260825_5363066.htm
福州市,2026年8月25日,"
		2026年8月25日福州市主副食品集超均价表_主副食品_
		福州市发展和改革委员会
	",黄瓜,新鲜,元/500克,3.22,,,,,福州市主副食品集超均价表，集超均价,,,https://fgw.fuzhou.gov.cn/fgwzwgk/fzgggz/jgysf/msspjgxq/zfsp/202608/t20260825_5363066.htm
福州市,2026年8月25日,"
		2026年8月25日福州市主副食品集超均价表_主副食品_
		福州市发展和改革委员会
	",黄瓜鱼,冰鲜,元/500克,28.05,,,,,福州市主副食品集超均价表，集超均价,,,https://fgw.fuzhou.gov.cn/fgwzwgk/fzgggz/jgysf/msspjgxq/zfsp/202608/t20260825_5363066.htm
福州市,2026年8月26日,"
		2026年8月26日福州市主副食品集超均价表_主副食品_
		福州市发展和改革委员会
	",上海青,新鲜,元/500克,3.77,,,,,福州市主副食品集超均价表，集超均价,,,https://fgw.fuzhou.gov.cn/fgwzwgk/fzgggz/jgysf/msspjgxq/zfsp/202608/t20260826_5363609.htm
福州市,2026年8月26日,"
		2026年8月26日福州市主副食品集超均价表_主副食品_
		福州市发展和改革委员会
	",冻带鱼,冷冻,元/500克,21.77,,,,,福州市主副食品集超均价表，集超均价,,,https://fgw.fuzhou.gov.cn/fgwzwgk/fzgggz/jgysf/msspjgxq/zfsp/202608/t20260826_5363609.htm
福州市,2026年8月26日,"
		2026年8月26日福州市主副食品集超均价表_主副食品_
		福州市发展和改革委员会
	",圆白菜,新鲜,元/500克,2.12,,,,,福州市主副食品集超均价表，集超均价,,,https://fgw.fuzhou.gov.cn/fgwzwgk/fzgggz/jgysf/msspjgxq/zfsp/202608/t20260826_5363609.htm
福州市,2026年8月26日,"
		2026年8月26日福州市主副食品集超均价表_主副食品_
		福州市发展和改革委员会
	",土豆,新鲜,元/500克,2.11,,,,,福州市主副食品集超均价表，集超均价,,,https://fgw.fuzhou.gov.cn/fgwzwgk/fzgggz/jgysf/msspjgxq/zfsp/202608/t20260826_5363609.htm
福州市,2026年8月26日,"
		2026年8月26日福州市主副食品集超均价表_主副食品_
		福州市发展和改革委员会
	",大白菜,新鲜,元/500克,2.28,,,,,福州市主副食品集超均价表，集超均价,,,https://fgw.fuzhou.gov.cn/fgwzwgk/fzgggz/jgysf/msspjgxq/zfsp/202608/t20260826_5363609.htm
福州市,2026年8月26日,"
		2026年8月26日福州市主副食品集超均价表_主副食品_
		福州市发展和改革委员会
	",大豆油,桶装一级,元/5升,59.46,,,,,福州市主副食品集超均价表，集超均价,,,https://fgw.fuzhou.gov.cn/fgwzwgk/fzgggz/jgysf/msspjgxq/zfsp/202608/t20260826_5363609.htm
福州市,2026年8月26日,"
		2026年8月26日福州市主副食品集超均价表_主副食品_
		福州市发展和改革委员会
	",富强粉,,元/500克,3.57,,,,,福州市主副食品集超均价表，集超均价,,,https://fgw.fuzhou.gov.cn/fgwzwgk/fzgggz/jgysf/msspjgxq/zfsp/202608/t20260826_5363609.htm
福州市,2026年8月26日,"
		2026年8月26日福州市主副食品集超均价表_主副食品_
		福州市发展和改革委员会
	",尖椒,新鲜,元/500克,5.3,,,,,福州市主副食品集超均价表，集超均价,,,https://fgw.fuzhou.gov.cn/fgwzwgk/fzgggz/jgysf/msspjgxq/zfsp/202608/t20260826_5363609.htm
福州市,2026年8月26日,"
		2026年8月26日福州市主副食品集超均价表_主副食品_
		福州市发展和改革委员会
	",晚籼米,标一,元/500克,2.68,,,,,福州市主副食品集超均价表，集超均价,,,https://fgw.fuzhou.gov.cn/fgwzwgk/fzgggz/jgysf/msspjgxq/zfsp/202608/t20260826_5363609.htm
福州市,2026年8月26日,"
		2026年8月26日福州市主副食品集超均价表_主副食品_
		福州市发展和改革委员会
	",普通鸡蛋,新鲜完整,元/500克,6.78,,,,,福州市主副食品集超均价表，集超均价,,,https://fgw.fuzhou.gov.cn/fgwzwgk/fzgggz/jgysf/msspjgxq/zfsp/202608/t20260826_5363609.htm
福州市,2026年8月26日,"
		2026年8月26日福州市主副食品集超均价表_主副食品_
		福州市发展和改革委员会
	",普通鸭蛋,新鲜完整,元/500克,8.38,,,,,福州市主副食品集超均价表，集超均价,,,https://fgw.fuzhou.gov.cn/fgwzwgk/fzgggz/jgysf/msspjgxq/zfsp/202608/t20260826_5363609.htm
福州市,2026年8月26日,"
		2026年8月26日福州市主副食品集超均价表_主副食品_
		福州市发展和改革委员会
	",标准粉,,元/500克,2.42,,,,,福州市主副食品集超均价表，集超均价,,,https://fgw.fuzhou.gov.cn/fgwzwgk/fzgggz/jgysf/msspjgxq/zfsp/202608/t20260826_5363609.htm
福州市,2026年8月26日,"
		2026年8月26日福州市主副食品集超均价表_主副食品_
		福州市发展和改革委员会
	",梨,新鲜,元/500克,4.91,,,,,福州市主副食品集超均价表，集超均价,,,https://fgw.fuzhou.gov.cn/fgwzwgk/fzgggz/jgysf/msspjgxq/zfsp/202608/t20260826_5363609.htm
福州市,2026年8月26日,"
		2026年8月26日福州市主副食品集超均价表_主副食品_
		福州市发展和改革委员会
	",油菜(菜心),新鲜,元/500克,4.42,,,,,福州市主副食品集超均价表，集超均价,,,https://fgw.fuzhou.gov.cn/fgwzwgk/fzgggz/jgysf/msspjgxq/zfsp/202608/t20260826_5363609.htm
福州市,2026年8月26日,"
		2026年8月26日福州市主副食品集超均价表_主副食品_
		福州市发展和改革委员会
	",活明虾,鲜活,元/500克,29.58,,,,,福州市主副食品集超均价表，集超均价,,,https://fgw.fuzhou.gov.cn/fgwzwgk/fzgggz/jgysf/msspjgxq/zfsp/202608/t20260826_5363609.htm
福州市,2026年8月26日,"
		2026年8月26日福州市主副食品集超均价表_主副食品_
		福州市发展和改革委员会
	",活花蛤,鲜活,元/500克,9.89,,,,,福州市主副食品集超均价表，集超均价,,,https://fgw.fuzhou.gov.cn/fgwzwgk/fzgggz/jgysf/msspjgxq/zfsp/202608/t20260826_5363609.htm
福州市,2026年8月26日,"
		2026年8月26日福州市主副食品集超均价表_主副食品_
		福州市发展和改革委员会
	",活草鱼,鲜活,元/500克,12.09,,,,,福州市主副食品集超均价表，集超均价,,,https://fgw.fuzhou.gov.cn/fgwzwgk/fzgggz/jgysf/msspjgxq/zfsp/202608/t20260826_5363609.htm
福州市,2026年8月26日,"
		2026年8月26日福州市主副食品集超均价表_主副食品_
		福州市发展和改革委员会
	",活鳙鱼（大头鲢）,鲜活,元/500克,14.08,,,,,福州市主副食品集超均价表，集超均价,,,https://fgw.fuzhou.gov.cn/fgwzwgk/fzgggz/jgysf/msspjgxq/zfsp/202608/t20260826_5363609.htm
福州市,2026年8月26日,"
		2026年8月26日福州市主副食品集超均价表_主副食品_
		福州市发展和改革委员会
	",牛肉,去骨肉,元/500克,47.01,,,,,福州市主副食品集超均价表，集超均价,,,https://fgw.fuzhou.gov.cn/fgwzwgk/fzgggz/jgysf/msspjgxq/zfsp/202608/t20260826_5363609.htm
福州市,2026年8月26日,"
		2026年8月26日福州市主副食品集超均价表_主副食品_
		福州市发展和改革委员会
	",猪瘦肉,新鲜,元/500克,14.65,,,,,福州市主副食品集超均价表，集超均价,,,https://fgw.fuzhou.gov.cn/fgwzwgk/fzgggz/jgysf/msspjgxq/zfsp/202608/t20260826_5363609.htm
福州市,2026年8月26日,"
		2026年8月26日福州市主副食品集超均价表_主副食品_
		福州市发展和改革委员会
	",猪肋条肉,新鲜,元/500克,15.51,,,,,福州市主副食品集超均价表，集超均价,,,https://fgw.fuzhou.gov.cn/fgwzwgk/fzgggz/jgysf/msspjgxq/zfsp/202608/t20260826_5363609.htm
福州市,2026年8月26日,"
		2026年8月26日福州市主副食品集超均价表_主副食品_
		福州市发展和改革委员会
	",白萝卜,新鲜,元/500克,1.7,,,,,福州市主副食品集超均价表，集超均价,,,https://fgw.fuzhou.gov.cn/fgwzwgk/fzgggz/jgysf/msspjgxq/zfsp/202608/t20260826_5363609.htm
福州市,2026年8月26日,"
		2026年8月26日福州市主副食品集超均价表_主副食品_
		福州市发展和改革委员会
	",空心菜,新鲜,元/500克,2.76,,,,,福州市主副食品集超均价表，集超均价,,,https://fgw.fuzhou.gov.cn/fgwzwgk/fzgggz/jgysf/msspjgxq/zfsp/202608/t20260826_5363609.htm
福州市,2026年8月26日,"
		2026年8月26日福州市主副食品集超均价表_主副食品_
		福州市发展和改革委员会
	",粳米,标一,元/500克,2.97,,,,,福州市主副食品集超均价表，集超均价,,,https://fgw.fuzhou.gov.cn/fgwzwgk/fzgggz/jgysf/msspjgxq/zfsp/202608/t20260826_5363609.htm
福州市,2026年8月26日,"
		2026年8月26日福州市主副食品集超均价表_主副食品_
		福州市发展和改革委员会
	",红萝卜,新鲜,元/500克,2.14,,,,,福州市主副食品集超均价表，集超均价,,,https://fgw.fuzhou.gov.cn/fgwzwgk/fzgggz/jgysf/msspjgxq/zfsp/202608/t20260826_5363609.htm
福州市,2026年8月26日,"
		2026年8月26日福州市主副食品集超均价表_主副食品_
		福州市发展和改革委员会
	",纯牛奶,盒装,元/盒(250毫升),2.71,,,,,福州市主副食品集超均价表，集超均价,,,https://fgw.fuzhou.gov.cn/fgwzwgk/fzgggz/jgysf/msspjgxq/zfsp/202608/t20260826_5363609.htm
福州市,2026年8月26日,"
		2026年8月26日福州市主副食品集超均价表_主副食品_
		福州市发展和改革委员会
	",羊肉,带骨肉,元/500克,44.23,,,,,福州市主副食品集超均价表，集超均价,,,https://fgw.fuzhou.gov.cn/fgwzwgk/fzgggz/jgysf/msspjgxq/zfsp/202608/t20260826_5363609.htm
福州市,2026年8月26日,"
		2026年8月26日福州市主副食品集超均价表_主副食品_
		福州市发展和改革委员会
	",脐橙,新鲜,元/500克,4.89,,,,,福州市主副食品集超均价表，集超均价,,,https://fgw.fuzhou.gov.cn/fgwzwgk/fzgggz/jgysf/msspjgxq/zfsp/202608/t20260826_5363609.htm
福州市,2026年8月26日,"
		2026年8月26日福州市主副食品集超均价表_主副食品_
		福州市发展和改革委员会
	",花生油,桶装一级,元/5升,105.24,,,,,福州市主副食品集超均价表，集超均价,,,https://fgw.fuzhou.gov.cn/fgwzwgk/fzgggz/jgysf/msspjgxq/zfsp/202608/t20260826_5363609.htm
福州市,2026年8月26日,"
		2026年8月26日福州市主副食品集超均价表_主副食品_
		福州市发展和改革委员会
	",花菜,新鲜,元/500克,4.79,,,,,福州市主副食品集超均价表，集超均价,,,https://fgw.fuzhou.gov.cn/fgwzwgk/fzgggz/jgysf/msspjgxq/zfsp/202608/t20260826_5363609.htm
福州市,2026年8月26日,"
		2026年8月26日福州市主副食品集超均价表_主副食品_
		福州市发展和改革委员会
	",芹菜,新鲜,元/500克,7.11,,,,,福州市主副食品集超均价表，集超均价,,,https://fgw.fuzhou.gov.cn/fgwzwgk/fzgggz/jgysf/msspjgxq/zfsp/202608/t20260826_5363609.htm
福州市,2026年8月26日,"
		2026年8月26日福州市主副食品集超均价表_主副食品_
		福州市发展和改革委员会
	",苹果,新鲜,元/500克,8.39,,,,,福州市主副食品集超均价表，集超均价,,,https://fgw.fuzhou.gov.cn/fgwzwgk/fzgggz/jgysf/msspjgxq/zfsp/202608/t20260826_5363609.htm
福州市,2026年8月26日,"
		2026年8月26日福州市主副食品集超均价表_主副食品_
		福州市发展和改革委员会
	",茄子,新鲜,元/500克,3.11,,,,,福州市主副食品集超均价表，集超均价,,,https://fgw.fuzhou.gov.cn/fgwzwgk/fzgggz/jgysf/msspjgxq/zfsp/202608/t20260826_5363609.htm
福州市,2026年8月26日,"
		2026年8月26日福州市主副食品集超均价表_主副食品_
		福州市发展和改革委员会
	",菜籽油,桶装一级,元/5升,70.95,,,,,福州市主副食品集超均价表，集超均价,,,https://fgw.fuzhou.gov.cn/fgwzwgk/fzgggz/jgysf/msspjgxq/zfsp/202608/t20260826_5363609.htm
福州市,2026年8月26日,"
		2026年8月26日福州市主副食品集超均价表_主副食品_
		福州市发展和改革委员会
	",蒜苔,新鲜,元/500克,8.3,,,,,福州市主副食品集超均价表，集超均价,,,https://fgw.fuzhou.gov.cn/fgwzwgk/fzgggz/jgysf/msspjgxq/zfsp/202608/t20260826_5363609.htm
福州市,2026年8月26日,"
		2026年8月26日福州市主副食品集超均价表_主副食品_
		福州市发展和改革委员会
	",西红柿,新鲜,元/500克,3.98,,,,,福州市主副食品集超均价表，集超均价,,,https://fgw.fuzhou.gov.cn/fgwzwgk/fzgggz/jgysf/msspjgxq/zfsp/202608/t20260826_5363609.htm
福州市,2026年8月26日,"
		2026年8月26日福州市主副食品集超均价表_主副食品_
		福州市发展和改革委员会
	",调和油,桶装一级,元/5升,66.74,,,,,福州市主副食品集超均价表，集超均价,,,https://fgw.fuzhou.gov.cn/fgwzwgk/fzgggz/jgysf/msspjgxq/zfsp/202608/t20260826_5363609.htm
福州市,2026年8月26日,"
		2026年8月26日福州市主副食品集超均价表_主副食品_
		福州市发展和改革委员会
	",豆角,新鲜,元/500克,7.07,,,,,福州市主副食品集超均价表，集超均价,,,https://fgw.fuzhou.gov.cn/fgwzwgk/fzgggz/jgysf/msspjgxq/zfsp/202608/t20260826_5363609.htm
福州市,2026年8月26日,"
		2026年8月26日福州市主副食品集超均价表_主副食品_
		福州市发展和改革委员会
	",青椒,新鲜,元/500克,5.8,,,,,福州市主副食品集超均价表，集超均价,,,https://fgw.fuzhou.gov.cn/fgwzwgk/fzgggz/jgysf/msspjgxq/zfsp/202608/t20260826_5363609.htm
福州市,2026年8月26日,"
		2026年8月26日福州市主副食品集超均价表_主副食品_
		福州市发展和改革委员会
	",韭菜,新鲜,元/500克,5.82,,,,,福州市主副食品集超均价表，集超均价,,,https://fgw.fuzhou.gov.cn/fgwzwgk/fzgggz/jgysf/msspjgxq/zfsp/202608/t20260826_5363609.htm
福州市,2026年8月26日,"
		2026年8月26日福州市主副食品集超均价表_主副食品_
		福州市发展和改革委员会
	",香蕉,新鲜,元/500克,4.6,,,,,福州市主副食品集超均价表，集超均价,,,https://fgw.fuzhou.gov.cn/fgwzwgk/fzgggz/jgysf/msspjgxq/zfsp/202608/t20260826_5363609.htm
福州市,2026年8月26日,"
		2026年8月26日福州市主副食品集超均价表_主副食品_
		福州市发展和改革委员会
	",马胶鱼,冰鲜,元/500克,27.44,,,,,福州市主副食品集超均价表，集超均价,,,https://fgw.fuzhou.gov.cn/fgwzwgk/fzgggz/jgysf/msspjgxq/zfsp/202608/t20260826_5363609.htm
福州市,2026年8月26日,"
		2026年8月26日福州市主副食品集超均价表_主副食品_
		福州市发展和改革委员会
	",鱿鱼,冰鲜,元/500克,50.3,,,,,福州市主副食品集超均价表，集超均价,,,https://fgw.fuzhou.gov.cn/fgwzwgk/fzgggz/jgysf/msspjgxq/zfsp/202608/t20260826_5363609.htm
福州市,2026年8月26日,"
		2026年8月26日福州市主副食品集超均价表_主副食品_
		福州市发展和改革委员会
	",鸡肉,白条鸡,元/500克,16.17,,,,,福州市主副食品集超均价表，集超均价,,,https://fgw.fuzhou.gov.cn/fgwzwgk/fzgggz/jgysf/msspjgxq/zfsp/202608/t20260826_5363609.htm
福州市,2026年8月26日,"
		2026年8月26日福州市主副食品集超均价表_主副食品_
		福州市发展和改革委员会
	",鸭肉,白条鸭,元/500克,16.42,,,,,福州市主副食品集超均价表，集超均价,,,https://fgw.fuzhou.gov.cn/fgwzwgk/fzgggz/jgysf/msspjgxq/zfsp/202608/t20260826_5363609.htm
福州市,2026年8月26日,"
		2026年8月26日福州市主副食品集超均价表_主副食品_
		福州市发展和改革委员会
	",黄瓜,新鲜,元/500克,3.34,,,,,福州市主副食品集超均价表，集超均价,,,https://fgw.fuzhou.gov.cn/fgwzwgk/fzgggz/jgysf/msspjgxq/zfsp/202608/t20260826_5363609.htm
福州市,2026年8月26日,"
		2026年8月26日福州市主副食品集超均价表_主副食品_
		福州市发展和改革委员会
	",黄瓜鱼,冰鲜,元/500克,27.98,,,,,福州市主副食品集超均价表，集超均价,,,https://fgw.fuzhou.gov.cn/fgwzwgk/fzgggz/jgysf/msspjgxq/zfsp/202608/t20260826_5363609.htm
福州市,2026年8月27日,"
		2026年8月27日福州市主副食品集超均价表_主副食品_
		福州市发展和改革委员会
	",上海青,新鲜,元/500克,3.77,,,,,福州市主副食品集超均价表，集超均价,,,https://fgw.fuzhou.gov.cn/fgwzwgk/fzgggz/jgysf/msspjgxq/zfsp/202608/t20260827_5364173.htm
福州市,2026年8月27日,"
		2026年8月27日福州市主副食品集超均价表_主副食品_
		福州市发展和改革委员会
	",冻带鱼,冷冻,元/500克,21.77,,,,,福州市主副食品集超均价表，集超均价,,,https://fgw.fuzhou.gov.cn/fgwzwgk/fzgggz/jgysf/msspjgxq/zfsp/202608/t20260827_5364173.htm
福州市,2026年8月27日,"
		2026年8月27日福州市主副食品集超均价表_主副食品_
		福州市发展和改革委员会
	",圆白菜,新鲜,元/500克,2.13,,,,,福州市主副食品集超均价表，集超均价,,,https://fgw.fuzhou.gov.cn/fgwzwgk/fzgggz/jgysf/msspjgxq/zfsp/202608/t20260827_5364173.htm
福州市,2026年8月27日,"
		2026年8月27日福州市主副食品集超均价表_主副食品_
		福州市发展和改革委员会
	",土豆,新鲜,元/500克,2.13,,,,,福州市主副食品集超均价表，集超均价,,,https://fgw.fuzhou.gov.cn/fgwzwgk/fzgggz/jgysf/msspjgxq/zfsp/202608/t20260827_5364173.htm
福州市,2026年8月27日,"
		2026年8月27日福州市主副食品集超均价表_主副食品_
		福州市发展和改革委员会
	",大白菜,新鲜,元/500克,2.25,,,,,福州市主副食品集超均价表，集超均价,,,https://fgw.fuzhou.gov.cn/fgwzwgk/fzgggz/jgysf/msspjgxq/zfsp/202608/t20260827_5364173.htm
福州市,2026年8月27日,"
		2026年8月27日福州市主副食品集超均价表_主副食品_
		福州市发展和改革委员会
	",大豆油,桶装一级,元/5升,59.46,,,,,福州市主副食品集超均价表，集超均价,,,https://fgw.fuzhou.gov.cn/fgwzwgk/fzgggz/jgysf/msspjgxq/zfsp/202608/t20260827_5364173.htm
福州市,2026年8月27日,"
		2026年8月27日福州市主副食品集超均价表_主副食品_
		福州市发展和改革委员会
	",富强粉,,元/500克,3.57,,,,,福州市主副食品集超均价表，集超均价,,,https://fgw.fuzhou.gov.cn/fgwzwgk/fzgggz/jgysf/msspjgxq/zfsp/202608/t20260827_5364173.htm
福州市,2026年8月27日,"
		2026年8月27日福州市主副食品集超均价表_主副食品_
		福州市发展和改革委员会
	",尖椒,新鲜,元/500克,5.30,,,,,福州市主副食品集超均价表，集超均价,,,https://fgw.fuzhou.gov.cn/fgwzwgk/fzgggz/jgysf/msspjgxq/zfsp/202608/t20260827_5364173.htm
福州市,2026年8月27日,"
		2026年8月27日福州市主副食品集超均价表_主副食品_
		福州市发展和改革委员会
	",晚籼米,标一,元/500克,2.68,,,,,福州市主副食品集超均价表，集超均价,,,https://fgw.fuzhou.gov.cn/fgwzwgk/fzgggz/jgysf/msspjgxq/zfsp/202608/t20260827_5364173.htm
福州市,2026年8月27日,"
		2026年8月27日福州市主副食品集超均价表_主副食品_
		福州市发展和改革委员会
	",普通鸡蛋,新鲜完整,元/500克,6.83,,,,,福州市主副食品集超均价表，集超均价,,,https://fgw.fuzhou.gov.cn/fgwzwgk/fzgggz/jgysf/msspjgxq/zfsp/202608/t20260827_5364173.htm
福州市,2026年8月27日,"
		2026年8月27日福州市主副食品集超均价表_主副食品_
		福州市发展和改革委员会
	",普通鸭蛋,新鲜完整,元/500克,8.36,,,,,福州市主副食品集超均价表，集超均价,,,https://fgw.fuzhou.gov.cn/fgwzwgk/fzgggz/jgysf/msspjgxq/zfsp/202608/t20260827_5364173.htm
福州市,2026年8月27日,"
		2026年8月27日福州市主副食品集超均价表_主副食品_
		福州市发展和改革委员会
	",标准粉,,元/500克,2.42,,,,,福州市主副食品集超均价表，集超均价,,,https://fgw.fuzhou.gov.cn/fgwzwgk/fzgggz/jgysf/msspjgxq/zfsp/202608/t20260827_5364173.htm
福州市,2026年8月27日,"
		2026年8月27日福州市主副食品集超均价表_主副食品_
		福州市发展和改革委员会
	",梨,新鲜,元/500克,5.08,,,,,福州市主副食品集超均价表，集超均价,,,https://fgw.fuzhou.gov.cn/fgwzwgk/fzgggz/jgysf/msspjgxq/zfsp/202608/t20260827_5364173.htm
福州市,2026年8月27日,"
		2026年8月27日福州市主副食品集超均价表_主副食品_
		福州市发展和改革委员会
	",油菜(菜心),新鲜,元/500克,4.43,,,,,福州市主副食品集超均价表，集超均价,,,https://fgw.fuzhou.gov.cn/fgwzwgk/fzgggz/jgysf/msspjgxq/zfsp/202608/t20260827_5364173.htm
福州市,2026年8月27日,"
		2026年8月27日福州市主副食品集超均价表_主副食品_
		福州市发展和改革委员会
	",活明虾,鲜活,元/500克,29.22,,,,,福州市主副食品集超均价表，集超均价,,,https://fgw.fuzhou.gov.cn/fgwzwgk/fzgggz/jgysf/msspjgxq/zfsp/202608/t20260827_5364173.htm
福州市,2026年8月27日,"
		2026年8月27日福州市主副食品集超均价表_主副食品_
		福州市发展和改革委员会
	",活花蛤,鲜活,元/500克,9.89,,,,,福州市主副食品集超均价表，集超均价,,,https://fgw.fuzhou.gov.cn/fgwzwgk/fzgggz/jgysf/msspjgxq/zfsp/202608/t20260827_5364173.htm
福州市,2026年8月27日,"
		2026年8月27日福州市主副食品集超均价表_主副食品_
		福州市发展和改革委员会
	",活草鱼,鲜活,元/500克,12.09,,,,,福州市主副食品集超均价表，集超均价,,,https://fgw.fuzhou.gov.cn/fgwzwgk/fzgggz/jgysf/msspjgxq/zfsp/202608/t20260827_5364173.htm
福州市,2026年8月27日,"
		2026年8月27日福州市主副食品集超均价表_主副食品_
		福州市发展和改革委员会
	",活鳙鱼（大头鲢）,鲜活,元/500克,14.08,,,,,福州市主副食品集超均价表，集超均价,,,https://fgw.fuzhou.gov.cn/fgwzwgk/fzgggz/jgysf/msspjgxq/zfsp/202608/t20260827_5364173.htm
福州市,2026年8月27日,"
		2026年8月27日福州市主副食品集超均价表_主副食品_
		福州市发展和改革委员会
	",牛肉,去骨肉,元/500克,47.01,,,,,福州市主副食品集超均价表，集超均价,,,https://fgw.fuzhou.gov.cn/fgwzwgk/fzgggz/jgysf/msspjgxq/zfsp/202608/t20260827_5364173.htm
福州市,2026年8月27日,"
		2026年8月27日福州市主副食品集超均价表_主副食品_
		福州市发展和改革委员会
	",猪瘦肉,新鲜,元/500克,14.58,,,,,福州市主副食品集超均价表，集超均价,,,https://fgw.fuzhou.gov.cn/fgwzwgk/fzgggz/jgysf/msspjgxq/zfsp/202608/t20260827_5364173.htm
福州市,2026年8月27日,"
		2026年8月27日福州市主副食品集超均价表_主副食品_
		福州市发展和改革委员会
	",猪肋条肉,新鲜,元/500克,15.44,,,,,福州市主副食品集超均价表，集超均价,,,https://fgw.fuzhou.gov.cn/fgwzwgk/fzgggz/jgysf/msspjgxq/zfsp/202608/t20260827_5364173.htm
福州市,2026年8月27日,"
		2026年8月27日福州市主副食品集超均价表_主副食品_
		福州市发展和改革委员会
	",白萝卜,新鲜,元/500克,1.70,,,,,福州市主副食品集超均价表，集超均价,,,https://fgw.fuzhou.gov.cn/fgwzwgk/fzgggz/jgysf/msspjgxq/zfsp/202608/t20260827_5364173.htm
福州市,2026年8月27日,"
		2026年8月27日福州市主副食品集超均价表_主副食品_
		福州市发展和改革委员会
	",空心菜,新鲜,元/500克,2.79,,,,,福州市主副食品集超均价表，集超均价,,,https://fgw.fuzhou.gov.cn/fgwzwgk/fzgggz/jgysf/msspjgxq/zfsp/202608/t20260827_5364173.htm
福州市,2026年8月27日,"
		2026年8月27日福州市主副食品集超均价表_主副食品_
		福州市发展和改革委员会
	",粳米,标一,元/500克,2.97,,,,,福州市主副食品集超均价表，集超均价,,,https://fgw.fuzhou.gov.cn/fgwzwgk/fzgggz/jgysf/msspjgxq/zfsp/202608/t20260827_5364173.htm
福州市,2026年8月27日,"
		2026年8月27日福州市主副食品集超均价表_主副食品_
		福州市发展和改革委员会
	",红萝卜,新鲜,元/500克,2.12,,,,,福州市主副食品集超均价表，集超均价,,,https://fgw.fuzhou.gov.cn/fgwzwgk/fzgggz/jgysf/msspjgxq/zfsp/202608/t20260827_5364173.htm
福州市,2026年8月27日,"
		2026年8月27日福州市主副食品集超均价表_主副食品_
		福州市发展和改革委员会
	",纯牛奶,盒装,元/盒(250毫升),2.71,,,,,福州市主副食品集超均价表，集超均价,,,https://fgw.fuzhou.gov.cn/fgwzwgk/fzgggz/jgysf/msspjgxq/zfsp/202608/t20260827_5364173.htm
福州市,2026年8月27日,"
		2026年8月27日福州市主副食品集超均价表_主副食品_
		福州市发展和改革委员会
	",羊肉,带骨肉,元/500克,44.23,,,,,福州市主副食品集超均价表，集超均价,,,https://fgw.fuzhou.gov.cn/fgwzwgk/fzgggz/jgysf/msspjgxq/zfsp/202608/t20260827_5364173.htm
福州市,2026年8月27日,"
		2026年8月27日福州市主副食品集超均价表_主副食品_
		福州市发展和改革委员会
	",脐橙,新鲜,元/500克,4.89,,,,,福州市主副食品集超均价表，集超均价,,,https://fgw.fuzhou.gov.cn/fgwzwgk/fzgggz/jgysf/msspjgxq/zfsp/202608/t20260827_5364173.htm
福州市,2026年8月27日,"
		2026年8月27日福州市主副食品集超均价表_主副食品_
		福州市发展和改革委员会
	",花生油,桶装一级,元/5升,105.24,,,,,福州市主副食品集超均价表，集超均价,,,https://fgw.fuzhou.gov.cn/fgwzwgk/fzgggz/jgysf/msspjgxq/zfsp/202608/t20260827_5364173.htm
福州市,2026年8月27日,"
		2026年8月27日福州市主副食品集超均价表_主副食品_
		福州市发展和改革委员会
	",花菜,新鲜,元/500克,4.77,,,,,福州市主副食品集超均价表，集超均价,,,https://fgw.fuzhou.gov.cn/fgwzwgk/fzgggz/jgysf/msspjgxq/zfsp/202608/t20260827_5364173.htm
福州市,2026年8月27日,"
		2026年8月27日福州市主副食品集超均价表_主副食品_
		福州市发展和改革委员会
	",芹菜,新鲜,元/500克,7.11,,,,,福州市主副食品集超均价表，集超均价,,,https://fgw.fuzhou.gov.cn/fgwzwgk/fzgggz/jgysf/msspjgxq/zfsp/202608/t20260827_5364173.htm
福州市,2026年8月27日,"
		2026年8月27日福州市主副食品集超均价表_主副食品_
		福州市发展和改革委员会
	",苹果,新鲜,元/500克,8.53,,,,,福州市主副食品集超均价表，集超均价,,,https://fgw.fuzhou.gov.cn/fgwzwgk/fzgggz/jgysf/msspjgxq/zfsp/202608/t20260827_5364173.htm
福州市,2026年8月27日,"
		2026年8月27日福州市主副食品集超均价表_主副食品_
		福州市发展和改革委员会
	",茄子,新鲜,元/500克,3.13,,,,,福州市主副食品集超均价表，集超均价,,,https://fgw.fuzhou.gov.cn/fgwzwgk/fzgggz/jgysf/msspjgxq/zfsp/202608/t20260827_5364173.htm
福州市,2026年8月27日,"
		2026年8月27日福州市主副食品集超均价表_主副食品_
		福州市发展和改革委员会
	",菜籽油,桶装一级,元/5升,70.95,,,,,福州市主副食品集超均价表，集超均价,,,https://fgw.fuzhou.gov.cn/fgwzwgk/fzgggz/jgysf/msspjgxq/zfsp/202608/t20260827_5364173.htm
福州市,2026年8月27日,"
		2026年8月27日福州市主副食品集超均价表_主副食品_
		福州市发展和改革委员会
	",蒜苔,新鲜,元/500克,8.30,,,,,福州市主副食品集超均价表，集超均价,,,https://fgw.fuzhou.gov.cn/fgwzwgk/fzgggz/jgysf/msspjgxq/zfsp/202608/t20260827_5364173.htm
福州市,2026年8月27日,"
		2026年8月27日福州市主副食品集超均价表_主副食品_
		福州市发展和改革委员会
	",西红柿,新鲜,元/500克,3.89,,,,,福州市主副食品集超均价表，集超均价,,,https://fgw.fuzhou.gov.cn/fgwzwgk/fzgggz/jgysf/msspjgxq/zfsp/202608/t20260827_5364173.htm
福州市,2026年8月27日,"
		2026年8月27日福州市主副食品集超均价表_主副食品_
		福州市发展和改革委员会
	",调和油,桶装一级,元/5升,66.74,,,,,福州市主副食品集超均价表，集超均价,,,https://fgw.fuzhou.gov.cn/fgwzwgk/fzgggz/jgysf/msspjgxq/zfsp/202608/t20260827_5364173.htm
福州市,2026年8月27日,"
		2026年8月27日福州市主副食品集超均价表_主副食品_
		福州市发展和改革委员会
	",豆角,新鲜,元/500克,7.07,,,,,福州市主副食品集超均价表，集超均价,,,https://fgw.fuzhou.gov.cn/fgwzwgk/fzgggz/jgysf/msspjgxq/zfsp/202608/t20260827_5364173.htm
福州市,2026年8月27日,"
		2026年8月27日福州市主副食品集超均价表_主副食品_
		福州市发展和改革委员会
	",青椒,新鲜,元/500克,5.87,,,,,福州市主副食品集超均价表，集超均价,,,https://fgw.fuzhou.gov.cn/fgwzwgk/fzgggz/jgysf/msspjgxq/zfsp/202608/t20260827_5364173.htm
福州市,2026年8月27日,"
		2026年8月27日福州市主副食品集超均价表_主副食品_
		福州市发展和改革委员会
	",韭菜,新鲜,元/500克,5.82,,,,,福州市主副食品集超均价表，集超均价,,,https://fgw.fuzhou.gov.cn/fgwzwgk/fzgggz/jgysf/msspjgxq/zfsp/202608/t20260827_5364173.htm
福州市,2026年8月27日,"
		2026年8月27日福州市主副食品集超均价表_主副食品_
		福州市发展和改革委员会
	",香蕉,新鲜,元/500克,4.60,,,,,福州市主副食品集超均价表，集超均价,,,https://fgw.fuzhou.gov.cn/fgwzwgk/fzgggz/jgysf/msspjgxq/zfsp/202608/t20260827_5364173.htm
福州市,2026年8月27日,"
		2026年8月27日福州市主副食品集超均价表_主副食品_
		福州市发展和改革委员会
	",马胶鱼,冰鲜,元/500克,27.65,,,,,福州市主副食品集超均价表，集超均价,,,https://fgw.fuzhou.gov.cn/fgwzwgk/fzgggz/jgysf/msspjgxq/zfsp/202608/t20260827_5364173.htm
福州市,2026年8月27日,"
		2026年8月27日福州市主副食品集超均价表_主副食品_
		福州市发展和改革委员会
	",鱿鱼,冰鲜,元/500克,50.30,,,,,福州市主副食品集超均价表，集超均价,,,https://fgw.fuzhou.gov.cn/fgwzwgk/fzgggz/jgysf/msspjgxq/zfsp/202608/t20260827_5364173.htm
福州市,2026年8月27日,"
		2026年8月27日福州市主副食品集超均价表_主副食品_
		福州市发展和改革委员会
	",鸡肉,白条鸡,元/500克,16.17,,,,,福州市主副食品集超均价表，集超均价,,,https://fgw.fuzhou.gov.cn/fgwzwgk/fzgggz/jgysf/msspjgxq/zfsp/202608/t20260827_5364173.htm
福州市,2026年8月27日,"
		2026年8月27日福州市主副食品集超均价表_主副食品_
		福州市发展和改革委员会
	",鸭肉,白条鸭,元/500克,16.42,,,,,福州市主副食品集超均价表，集超均价,,,https://fgw.fuzhou.gov.cn/fgwzwgk/fzgggz/jgysf/msspjgxq/zfsp/202608/t20260827_5364173.htm
福州市,2026年8月27日,"
		2026年8月27日福州市主副食品集超均价表_主副食品_
		福州市发展和改革委员会
	",黄瓜,新鲜,元/500克,3.36,,,,,福州市主副食品集超均价表，集超均价,,,https://fgw.fuzhou.gov.cn/fgwzwgk/fzgggz/jgysf/msspjgxq/zfsp/202608/t20260827_5364173.htm
福州市,2026年8月27日,"
		2026年8月27日福州市主副食品集超均价表_主副食品_
		福州市发展和改革委员会
	",黄瓜鱼,冰鲜,元/500克,27.84,,,,,福州市主副食品集超均价表，集超均价,,,https://fgw.fuzhou.gov.cn/fgwzwgk/fzgggz/jgysf/msspjgxq/zfsp/202608/t20260827_5364173.htm
福州市,2026年8月28日,"
		2026年8月28日福州市主副食品集超均价表_主副食品_
		福州市发展和改革委员会
	",上海青,新鲜,元/500克,3.69,,,,,福州市主副食品集超均价表，集超均价,,,https://fgw.fuzhou.gov.cn/fgwzwgk/fzgggz/jgysf/msspjgxq/zfsp/202608/t20260828_5364795.htm
福州市,2026年8月28日,"
		2026年8月28日福州市主副食品集超均价表_主副食品_
		福州市发展和改革委员会
	",冻带鱼,冷冻,元/500克,21.77,,,,,福州市主副食品集超均价表，集超均价,,,https://fgw.fuzhou.gov.cn/fgwzwgk/fzgggz/jgysf/msspjgxq/zfsp/202608/t20260828_5364795.htm
福州市,2026年8月28日,"
		2026年8月28日福州市主副食品集超均价表_主副食品_
		福州市发展和改革委员会
	",圆白菜,新鲜,元/500克,2.11,,,,,福州市主副食品集超均价表，集超均价,,,https://fgw.fuzhou.gov.cn/fgwzwgk/fzgggz/jgysf/msspjgxq/zfsp/202608/t20260828_5364795.htm
福州市,2026年8月28日,"
		2026年8月28日福州市主副食品集超均价表_主副食品_
		福州市发展和改革委员会
	",土豆,新鲜,元/500克,2.17,,,,,福州市主副食品集超均价表，集超均价,,,https://fgw.fuzhou.gov.cn/fgwzwgk/fzgggz/jgysf/msspjgxq/zfsp/202608/t20260828_5364795.htm
福州市,2026年8月28日,"
		2026年8月28日福州市主副食品集超均价表_主副食品_
		福州市发展和改革委员会
	",大白菜,新鲜,元/500克,2.25,,,,,福州市主副食品集超均价表，集超均价,,,https://fgw.fuzhou.gov.cn/fgwzwgk/fzgggz/jgysf/msspjgxq/zfsp/202608/t20260828_5364795.htm
福州市,2026年8月28日,"
		2026年8月28日福州市主副食品集超均价表_主副食品_
		福州市发展和改革委员会
	",大豆油,桶装一级,元/5升,59.46,,,,,福州市主副食品集超均价表，集超均价,,,https://fgw.fuzhou.gov.cn/fgwzwgk/fzgggz/jgysf/msspjgxq/zfsp/202608/t20260828_5364795.htm
福州市,2026年8月28日,"
		2026年8月28日福州市主副食品集超均价表_主副食品_
		福州市发展和改革委员会
	",富强粉,,元/500克,3.57,,,,,福州市主副食品集超均价表，集超均价,,,https://fgw.fuzhou.gov.cn/fgwzwgk/fzgggz/jgysf/msspjgxq/zfsp/202608/t20260828_5364795.htm
福州市,2026年8月28日,"
		2026年8月28日福州市主副食品集超均价表_主副食品_
		福州市发展和改革委员会
	",尖椒,新鲜,元/500克,5.37,,,,,福州市主副食品集超均价表，集超均价,,,https://fgw.fuzhou.gov.cn/fgwzwgk/fzgggz/jgysf/msspjgxq/zfsp/202608/t20260828_5364795.htm
福州市,2026年8月28日,"
		2026年8月28日福州市主副食品集超均价表_主副食品_
		福州市发展和改革委员会
	",晚籼米,标一,元/500克,2.68,,,,,福州市主副食品集超均价表，集超均价,,,https://fgw.fuzhou.gov.cn/fgwzwgk/fzgggz/jgysf/msspjgxq/zfsp/202608/t20260828_5364795.htm
福州市,2026年8月28日,"
		2026年8月28日福州市主副食品集超均价表_主副食品_
		福州市发展和改革委员会
	",普通鸡蛋,新鲜完整,元/500克,6.82,,,,,福州市主副食品集超均价表，集超均价,,,https://fgw.fuzhou.gov.cn/fgwzwgk/fzgggz/jgysf/msspjgxq/zfsp/202608/t20260828_5364795.htm
福州市,2026年8月28日,"
		2026年8月28日福州市主副食品集超均价表_主副食品_
		福州市发展和改革委员会
	",普通鸭蛋,新鲜完整,元/500克,8.36,,,,,福州市主副食品集超均价表，集超均价,,,https://fgw.fuzhou.gov.cn/fgwzwgk/fzgggz/jgysf/msspjgxq/zfsp/202608/t20260828_5364795.htm
福州市,2026年8月28日,"
		2026年8月28日福州市主副食品集超均价表_主副食品_
		福州市发展和改革委员会
	",标准粉,,元/500克,2.49,,,,,福州市主副食品集超均价表，集超均价,,,https://fgw.fuzhou.gov.cn/fgwzwgk/fzgggz/jgysf/msspjgxq/zfsp/202608/t20260828_5364795.htm
福州市,2026年8月28日,"
		2026年8月28日福州市主副食品集超均价表_主副食品_
		福州市发展和改革委员会
	",梨,新鲜,元/500克,5.08,,,,,福州市主副食品集超均价表，集超均价,,,https://fgw.fuzhou.gov.cn/fgwzwgk/fzgggz/jgysf/msspjgxq/zfsp/202608/t20260828_5364795.htm
福州市,2026年8月28日,"
		2026年8月28日福州市主副食品集超均价表_主副食品_
		福州市发展和改革委员会
	",油菜(菜心),新鲜,元/500克,4.39,,,,,福州市主副食品集超均价表，集超均价,,,https://fgw.fuzhou.gov.cn/fgwzwgk/fzgggz/jgysf/msspjgxq/zfsp/202608/t20260828_5364795.htm
福州市,2026年8月28日,"
		2026年8月28日福州市主副食品集超均价表_主副食品_
		福州市发展和改革委员会
	",活明虾,鲜活,元/500克,29.57,,,,,福州市主副食品集超均价表，集超均价,,,https://fgw.fuzhou.gov.cn/fgwzwgk/fzgggz/jgysf/msspjgxq/zfsp/202608/t20260828_5364795.htm
福州市,2026年8月28日,"
		2026年8月28日福州市主副食品集超均价表_主副食品_
		福州市发展和改革委员会
	",活花蛤,鲜活,元/500克,10.04,,,,,福州市主副食品集超均价表，集超均价,,,https://fgw.fuzhou.gov.cn/fgwzwgk/fzgggz/jgysf/msspjgxq/zfsp/202608/t20260828_5364795.htm
福州市,2026年8月28日,"
		2026年8月28日福州市主副食品集超均价表_主副食品_
		福州市发展和改革委员会
	",活草鱼,鲜活,元/500克,11.66,,,,,福州市主副食品集超均价表，集超均价,,,https://fgw.fuzhou.gov.cn/fgwzwgk/fzgggz/jgysf/msspjgxq/zfsp/202608/t20260828_5364795.htm
福州市,2026年8月28日,"
		2026年8月28日福州市主副食品集超均价表_主副食品_
		福州市发展和改革委员会
	",活鳙鱼（大头鲢）,鲜活,元/500克,13.92,,,,,福州市主副食品集超均价表，集超均价,,,https://fgw.fuzhou.gov.cn/fgwzwgk/fzgggz/jgysf/msspjgxq/zfsp/202608/t20260828_5364795.htm
福州市,2026年8月28日,"
		2026年8月28日福州市主副食品集超均价表_主副食品_
		福州市发展和改革委员会
	",牛肉,去骨肉,元/500克,47.01,,,,,福州市主副食品集超均价表，集超均价,,,https://fgw.fuzhou.gov.cn/fgwzwgk/fzgggz/jgysf/msspjgxq/zfsp/202608/t20260828_5364795.htm
福州市,2026年8月28日,"
		2026年8月28日福州市主副食品集超均价表_主副食品_
		福州市发展和改革委员会
	",猪瘦肉,新鲜,元/500克,14.54,,,,,福州市主副食品集超均价表，集超均价,,,https://fgw.fuzhou.gov.cn/fgwzwgk/fzgggz/jgysf/msspjgxq/zfsp/202608/t20260828_5364795.htm
福州市,2026年8月28日,"
		2026年8月28日福州市主副食品集超均价表_主副食品_
		福州市发展和改革委员会
	",猪肋条肉,新鲜,元/500克,15.4,,,,,福州市主副食品集超均价表，集超均价,,,https://fgw.fuzhou.gov.cn/fgwzwgk/fzgggz/jgysf/msspjgxq/zfsp/202608/t20260828_5364795.htm
福州市,2026年8月28日,"
		2026年8月28日福州市主副食品集超均价表_主副食品_
		福州市发展和改革委员会
	",白萝卜,新鲜,元/500克,1.73,,,,,福州市主副食品集超均价表，集超均价,,,https://fgw.fuzhou.gov.cn/fgwzwgk/fzgggz/jgysf/msspjgxq/zfsp/202608/t20260828_5364795.htm
福州市,2026年8月28日,"
		2026年8月28日福州市主副食品集超均价表_主副食品_
		福州市发展和改革委员会
	",空心菜,新鲜,元/500克,2.77,,,,,福州市主副食品集超均价表，集超均价,,,https://fgw.fuzhou.gov.cn/fgwzwgk/fzgggz/jgysf/msspjgxq/zfsp/202608/t20260828_5364795.htm
福州市,2026年8月28日,"
		2026年8月28日福州市主副食品集超均价表_主副食品_
		福州市发展和改革委员会
	",粳米,标一,元/500克,2.97,,,,,福州市主副食品集超均价表，集超均价,,,https://fgw.fuzhou.gov.cn/fgwzwgk/fzgggz/jgysf/msspjgxq/zfsp/202608/t20260828_5364795.htm
福州市,2026年8月28日,"
		2026年8月28日福州市主副食品集超均价表_主副食品_
		福州市发展和改革委员会
	",红萝卜,新鲜,元/500克,2.17,,,,,福州市主副食品集超均价表，集超均价,,,https://fgw.fuzhou.gov.cn/fgwzwgk/fzgggz/jgysf/msspjgxq/zfsp/202608/t20260828_5364795.htm
福州市,2026年8月28日,"
		2026年8月28日福州市主副食品集超均价表_主副食品_
		福州市发展和改革委员会
	",纯牛奶,盒装,元/盒(250毫升),2.71,,,,,福州市主副食品集超均价表，集超均价,,,https://fgw.fuzhou.gov.cn/fgwzwgk/fzgggz/jgysf/msspjgxq/zfsp/202608/t20260828_5364795.htm
福州市,2026年8月28日,"
		2026年8月28日福州市主副食品集超均价表_主副食品_
		福州市发展和改革委员会
	",羊肉,带骨肉,元/500克,44.23,,,,,福州市主副食品集超均价表，集超均价,,,https://fgw.fuzhou.gov.cn/fgwzwgk/fzgggz/jgysf/msspjgxq/zfsp/202608/t20260828_5364795.htm
福州市,2026年8月28日,"
		2026年8月28日福州市主副食品集超均价表_主副食品_
		福州市发展和改革委员会
	",脐橙,新鲜,元/500克,4.89,,,,,福州市主副食品集超均价表，集超均价,,,https://fgw.fuzhou.gov.cn/fgwzwgk/fzgggz/jgysf/msspjgxq/zfsp/202608/t20260828_5364795.htm
福州市,2026年8月28日,"
		2026年8月28日福州市主副食品集超均价表_主副食品_
		福州市发展和改革委员会
	",花生油,桶装一级,元/5升,105.24,,,,,福州市主副食品集超均价表，集超均价,,,https://fgw.fuzhou.gov.cn/fgwzwgk/fzgggz/jgysf/msspjgxq/zfsp/202608/t20260828_5364795.htm
福州市,2026年8月28日,"
		2026年8月28日福州市主副食品集超均价表_主副食品_
		福州市发展和改革委员会
	",花菜,新鲜,元/500克,4.86,,,,,福州市主副食品集超均价表，集超均价,,,https://fgw.fuzhou.gov.cn/fgwzwgk/fzgggz/jgysf/msspjgxq/zfsp/202608/t20260828_5364795.htm
福州市,2026年8月28日,"
		2026年8月28日福州市主副食品集超均价表_主副食品_
		福州市发展和改革委员会
	",芹菜,新鲜,元/500克,7.11,,,,,福州市主副食品集超均价表，集超均价,,,https://fgw.fuzhou.gov.cn/fgwzwgk/fzgggz/jgysf/msspjgxq/zfsp/202608/t20260828_5364795.htm
福州市,2026年8月28日,"
		2026年8月28日福州市主副食品集超均价表_主副食品_
		福州市发展和改革委员会
	",苹果,新鲜,元/500克,8.5,,,,,福州市主副食品集超均价表，集超均价,,,https://fgw.fuzhou.gov.cn/fgwzwgk/fzgggz/jgysf/msspjgxq/zfsp/202608/t20260828_5364795.htm
福州市,2026年8月28日,"
		2026年8月28日福州市主副食品集超均价表_主副食品_
		福州市发展和改革委员会
	",茄子,新鲜,元/500克,3.13,,,,,福州市主副食品集超均价表，集超均价,,,https://fgw.fuzhou.gov.cn/fgwzwgk/fzgggz/jgysf/msspjgxq/zfsp/202608/t20260828_5364795.htm
福州市,2026年8月28日,"
		2026年8月28日福州市主副食品集超均价表_主副食品_
		福州市发展和改革委员会
	",菜籽油,桶装一级,元/5升,70.95,,,,,福州市主副食品集超均价表，集超均价,,,https://fgw.fuzhou.gov.cn/fgwzwgk/fzgggz/jgysf/msspjgxq/zfsp/202608/t20260828_5364795.htm
福州市,2026年8月28日,"
		2026年8月28日福州市主副食品集超均价表_主副食品_
		福州市发展和改革委员会
	",蒜苔,新鲜,元/500克,8.3,,,,,福州市主副食品集超均价表，集超均价,,,https://fgw.fuzhou.gov.cn/fgwzwgk/fzgggz/jgysf/msspjgxq/zfsp/202608/t20260828_5364795.htm
福州市,2026年8月28日,"
		2026年8月28日福州市主副食品集超均价表_主副食品_
		福州市发展和改革委员会
	",西红柿,新鲜,元/500克,3.96,,,,,福州市主副食品集超均价表，集超均价,,,https://fgw.fuzhou.gov.cn/fgwzwgk/fzgggz/jgysf/msspjgxq/zfsp/202608/t20260828_5364795.htm
福州市,2026年8月28日,"
		2026年8月28日福州市主副食品集超均价表_主副食品_
		福州市发展和改革委员会
	",调和油,桶装一级,元/5升,66.74,,,,,福州市主副食品集超均价表，集超均价,,,https://fgw.fuzhou.gov.cn/fgwzwgk/fzgggz/jgysf/msspjgxq/zfsp/202608/t20260828_5364795.htm
福州市,2026年8月28日,"
		2026年8月28日福州市主副食品集超均价表_主副食品_
		福州市发展和改革委员会
	",豆角,新鲜,元/500克,7.24,,,,,福州市主副食品集超均价表，集超均价,,,https://fgw.fuzhou.gov.cn/fgwzwgk/fzgggz/jgysf/msspjgxq/zfsp/202608/t20260828_5364795.htm
福州市,2026年8月28日,"
		2026年8月28日福州市主副食品集超均价表_主副食品_
		福州市发展和改革委员会
	",青椒,新鲜,元/500克,6.14,,,,,福州市主副食品集超均价表，集超均价,,,https://fgw.fuzhou.gov.cn/fgwzwgk/fzgggz/jgysf/msspjgxq/zfsp/202608/t20260828_5364795.htm
福州市,2026年8月28日,"
		2026年8月28日福州市主副食品集超均价表_主副食品_
		福州市发展和改革委员会
	",韭菜,新鲜,元/500克,5.82,,,,,福州市主副食品集超均价表，集超均价,,,https://fgw.fuzhou.gov.cn/fgwzwgk/fzgggz/jgysf/msspjgxq/zfsp/202608/t20260828_5364795.htm
福州市,2026年8月28日,"
		2026年8月28日福州市主副食品集超均价表_主副食品_
		福州市发展和改革委员会
	",香蕉,新鲜,元/500克,4.6,,,,,福州市主副食品集超均价表，集超均价,,,https://fgw.fuzhou.gov.cn/fgwzwgk/fzgggz/jgysf/msspjgxq/zfsp/202608/t20260828_5364795.htm
福州市,2026年8月28日,"
		2026年8月28日福州市主副食品集超均价表_主副食品_
		福州市发展和改革委员会
	",马胶鱼,冰鲜,元/500克,27.44,,,,,福州市主副食品集超均价表，集超均价,,,https://fgw.fuzhou.gov.cn/fgwzwgk/fzgggz/jgysf/msspjgxq/zfsp/202608/t20260828_5364795.htm
福州市,2026年8月28日,"
		2026年8月28日福州市主副食品集超均价表_主副食品_
		福州市发展和改革委员会
	",鱿鱼,冰鲜,元/500克,50.3,,,,,福州市主副食品集超均价表，集超均价,,,https://fgw.fuzhou.gov.cn/fgwzwgk/fzgggz/jgysf/msspjgxq/zfsp/202608/t20260828_5364795.htm
福州市,2026年8月28日,"
		2026年8月28日福州市主副食品集超均价表_主副食品_
		福州市发展和改革委员会
	",鸡肉,白条鸡,元/500克,16.17,,,,,福州市主副食品集超均价表，集超均价,,,https://fgw.fuzhou.gov.cn/fgwzwgk/fzgggz/jgysf/msspjgxq/zfsp/202608/t20260828_5364795.htm
福州市,2026年8月28日,"
		2026年8月28日福州市主副食品集超均价表_主副食品_
		福州市发展和改革委员会
	",鸭肉,白条鸭,元/500克,16.42,,,,,福州市主副食品集超均价表，集超均价,,,https://fgw.fuzhou.gov.cn/fgwzwgk/fzgggz/jgysf/msspjgxq/zfsp/202608/t20260828_5364795.htm
福州市,2026年8月28日,"
		2026年8月28日福州市主副食品集超均价表_主副食品_
		福州市发展和改革委员会
	",黄瓜,新鲜,元/500克,3.37,,,,,福州市主副食品集超均价表，集超均价,,,https://fgw.fuzhou.gov.cn/fgwzwgk/fzgggz/jgysf/msspjgxq/zfsp/202608/t20260828_5364795.htm
福州市,2026年8月28日,"
		2026年8月28日福州市主副食品集超均价表_主副食品_
		福州市发展和改革委员会
	",黄瓜鱼,冰鲜,元/500克,27.84,,,,,福州市主副食品集超均价表，集超均价,,,https://fgw.fuzhou.gov.cn/fgwzwgk/fzgggz/jgysf/msspjgxq/zfsp/202608/t20260828_5364795.htm
福州市,2026年8月29日,"
		2026年8月29日福州市主副食品集超均价表_主副食品_
		福州市发展和改革委员会
	",上海青,新鲜,元/500克,3.71,,,,,福州市主副食品集超均价表，集超均价,,,https://fgw.fuzhou.gov.cn/fgwzwgk/fzgggz/jgysf/msspjgxq/zfsp/202608/t20260829_5365285.htm
福州市,2026年8月29日,"
		2026年8月29日福州市主副食品集超均价表_主副食品_
		福州市发展和改革委员会
	",冻带鱼,冷冻,元/500克,21.68,,,,,福州市主副食品集超均价表，集超均价,,,https://fgw.fuzhou.gov.cn/fgwzwgk/fzgggz/jgysf/msspjgxq/zfsp/202608/t20260829_5365285.htm
福州市,2026年8月29日,"
		2026年8月29日福州市主副食品集超均价表_主副食品_
		福州市发展和改革委员会
	",圆白菜,新鲜,元/500克,2.11,,,,,福州市主副食品集超均价表，集超均价,,,https://fgw.fuzhou.gov.cn/fgwzwgk/fzgggz/jgysf/msspjgxq/zfsp/202608/t20260829_5365285.htm
福州市,2026年8月29日,"
		2026年8月29日福州市主副食品集超均价表_主副食品_
		福州市发展和改革委员会
	",土豆,新鲜,元/500克,2.16,,,,,福州市主副食品集超均价表，集超均价,,,https://fgw.fuzhou.gov.cn/fgwzwgk/fzgggz/jgysf/msspjgxq/zfsp/202608/t20260829_5365285.htm
福州市,2026年8月29日,"
		2026年8月29日福州市主副食品集超均价表_主副食品_
		福州市发展和改革委员会
	",大白菜,新鲜,元/500克,2.25,,,,,福州市主副食品集超均价表，集超均价,,,https://fgw.fuzhou.gov.cn/fgwzwgk/fzgggz/jgysf/msspjgxq/zfsp/202608/t20260829_5365285.htm
福州市,2026年8月29日,"
		2026年8月29日福州市主副食品集超均价表_主副食品_
		福州市发展和改革委员会
	",大豆油,桶装一级,元/5升,58.75,,,,,福州市主副食品集超均价表，集超均价,,,https://fgw.fuzhou.gov.cn/fgwzwgk/fzgggz/jgysf/msspjgxq/zfsp/202608/t20260829_5365285.htm
福州市,2026年8月29日,"
		2026年8月29日福州市主副食品集超均价表_主副食品_
		福州市发展和改革委员会
	",富强粉,,元/500克,3.57,,,,,福州市主副食品集超均价表，集超均价,,,https://fgw.fuzhou.gov.cn/fgwzwgk/fzgggz/jgysf/msspjgxq/zfsp/202608/t20260829_5365285.htm
福州市,2026年8月29日,"
		2026年8月29日福州市主副食品集超均价表_主副食品_
		福州市发展和改革委员会
	",尖椒,新鲜,元/500克,5.37,,,,,福州市主副食品集超均价表，集超均价,,,https://fgw.fuzhou.gov.cn/fgwzwgk/fzgggz/jgysf/msspjgxq/zfsp/202608/t20260829_5365285.htm
福州市,2026年8月29日,"
		2026年8月29日福州市主副食品集超均价表_主副食品_
		福州市发展和改革委员会
	",晚籼米,标一,元/500克,2.68,,,,,福州市主副食品集超均价表，集超均价,,,https://fgw.fuzhou.gov.cn/fgwzwgk/fzgggz/jgysf/msspjgxq/zfsp/202608/t20260829_5365285.htm
福州市,2026年8月29日,"
		2026年8月29日福州市主副食品集超均价表_主副食品_
		福州市发展和改革委员会
	",普通鸡蛋,新鲜完整,元/500克,6.81,,,,,福州市主副食品集超均价表，集超均价,,,https://fgw.fuzhou.gov.cn/fgwzwgk/fzgggz/jgysf/msspjgxq/zfsp/202608/t20260829_5365285.htm
福州市,2026年8月29日,"
		2026年8月29日福州市主副食品集超均价表_主副食品_
		福州市发展和改革委员会
	",普通鸭蛋,新鲜完整,元/500克,8.36,,,,,福州市主副食品集超均价表，集超均价,,,https://fgw.fuzhou.gov.cn/fgwzwgk/fzgggz/jgysf/msspjgxq/zfsp/202608/t20260829_5365285.htm
福州市,2026年8月29日,"
		2026年8月29日福州市主副食品集超均价表_主副食品_
		福州市发展和改革委员会
	",标准粉,,元/500克,2.49,,,,,福州市主副食品集超均价表，集超均价,,,https://fgw.fuzhou.gov.cn/fgwzwgk/fzgggz/jgysf/msspjgxq/zfsp/202608/t20260829_5365285.htm
福州市,2026年8月29日,"
		2026年8月29日福州市主副食品集超均价表_主副食品_
		福州市发展和改革委员会
	",梨,新鲜,元/500克,4.96,,,,,福州市主副食品集超均价表，集超均价,,,https://fgw.fuzhou.gov.cn/fgwzwgk/fzgggz/jgysf/msspjgxq/zfsp/202608/t20260829_5365285.htm
福州市,2026年8月29日,"
		2026年8月29日福州市主副食品集超均价表_主副食品_
		福州市发展和改革委员会
	",油菜(菜心),新鲜,元/500克,4.53,,,,,福州市主副食品集超均价表，集超均价,,,https://fgw.fuzhou.gov.cn/fgwzwgk/fzgggz/jgysf/msspjgxq/zfsp/202608/t20260829_5365285.htm
福州市,2026年8月29日,"
		2026年8月29日福州市主副食品集超均价表_主副食品_
		福州市发展和改革委员会
	",活明虾,鲜活,元/500克,29.87,,,,,福州市主副食品集超均价表，集超均价,,,https://fgw.fuzhou.gov.cn/fgwzwgk/fzgggz/jgysf/msspjgxq/zfsp/202608/t20260829_5365285.htm
福州市,2026年8月29日,"
		2026年8月29日福州市主副食品集超均价表_主副食品_
		福州市发展和改革委员会
	",活花蛤,鲜活,元/500克,10.04,,,,,福州市主副食品集超均价表，集超均价,,,https://fgw.fuzhou.gov.cn/fgwzwgk/fzgggz/jgysf/msspjgxq/zfsp/202608/t20260829_5365285.htm
福州市,2026年8月29日,"
		2026年8月29日福州市主副食品集超均价表_主副食品_
		福州市发展和改革委员会
	",活草鱼,鲜活,元/500克,11.53,,,,,福州市主副食品集超均价表，集超均价,,,https://fgw.fuzhou.gov.cn/fgwzwgk/fzgggz/jgysf/msspjgxq/zfsp/202608/t20260829_5365285.htm
福州市,2026年8月29日,"
		2026年8月29日福州市主副食品集超均价表_主副食品_
		福州市发展和改革委员会
	",活鳙鱼（大头鲢）,鲜活,元/500克,14.08,,,,,福州市主副食品集超均价表，集超均价,,,https://fgw.fuzhou.gov.cn/fgwzwgk/fzgggz/jgysf/msspjgxq/zfsp/202608/t20260829_5365285.htm
福州市,2026年8月29日,"
		2026年8月29日福州市主副食品集超均价表_主副食品_
		福州市发展和改革委员会
	",牛肉,去骨肉,元/500克,47.01,,,,,福州市主副食品集超均价表，集超均价,,,https://fgw.fuzhou.gov.cn/fgwzwgk/fzgggz/jgysf/msspjgxq/zfsp/202608/t20260829_5365285.htm
福州市,2026年8月29日,"
		2026年8月29日福州市主副食品集超均价表_主副食品_
		福州市发展和改革委员会
	",猪瘦肉,新鲜,元/500克,14.83,,,,,福州市主副食品集超均价表，集超均价,,,https://fgw.fuzhou.gov.cn/fgwzwgk/fzgggz/jgysf/msspjgxq/zfsp/202608/t20260829_5365285.htm
福州市,2026年8月29日,"
		2026年8月29日福州市主副食品集超均价表_主副食品_
		福州市发展和改革委员会
	",猪肋条肉,新鲜,元/500克,15.40,,,,,福州市主副食品集超均价表，集超均价,,,https://fgw.fuzhou.gov.cn/fgwzwgk/fzgggz/jgysf/msspjgxq/zfsp/202608/t20260829_5365285.htm
福州市,2026年8月29日,"
		2026年8月29日福州市主副食品集超均价表_主副食品_
		福州市发展和改革委员会
	",白萝卜,新鲜,元/500克,1.71,,,,,福州市主副食品集超均价表，集超均价,,,https://fgw.fuzhou.gov.cn/fgwzwgk/fzgggz/jgysf/msspjgxq/zfsp/202608/t20260829_5365285.htm
福州市,2026年8月29日,"
		2026年8月29日福州市主副食品集超均价表_主副食品_
		福州市发展和改革委员会
	",空心菜,新鲜,元/500克,2.85,,,,,福州市主副食品集超均价表，集超均价,,,https://fgw.fuzhou.gov.cn/fgwzwgk/fzgggz/jgysf/msspjgxq/zfsp/202608/t20260829_5365285.htm
福州市,2026年8月29日,"
		2026年8月29日福州市主副食品集超均价表_主副食品_
		福州市发展和改革委员会
	",粳米,标一,元/500克,2.97,,,,,福州市主副食品集超均价表，集超均价,,,https://fgw.fuzhou.gov.cn/fgwzwgk/fzgggz/jgysf/msspjgxq/zfsp/202608/t20260829_5365285.htm
福州市,2026年8月29日,"
		2026年8月29日福州市主副食品集超均价表_主副食品_
		福州市发展和改革委员会
	",红萝卜,新鲜,元/500克,2.20,,,,,福州市主副食品集超均价表，集超均价,,,https://fgw.fuzhou.gov.cn/fgwzwgk/fzgggz/jgysf/msspjgxq/zfsp/202608/t20260829_5365285.htm
福州市,2026年8月29日,"
		2026年8月29日福州市主副食品集超均价表_主副食品_
		福州市发展和改革委员会
	",纯牛奶,盒装,元/盒(250毫升),2.71,,,,,福州市主副食品集超均价表，集超均价,,,https://fgw.fuzhou.gov.cn/fgwzwgk/fzgggz/jgysf/msspjgxq/zfsp/202608/t20260829_5365285.htm
福州市,2026年8月29日,"
		2026年8月29日福州市主副食品集超均价表_主副食品_
		福州市发展和改革委员会
	",羊肉,带骨肉,元/500克,44.23,,,,,福州市主副食品集超均价表，集超均价,,,https://fgw.fuzhou.gov.cn/fgwzwgk/fzgggz/jgysf/msspjgxq/zfsp/202608/t20260829_5365285.htm
福州市,2026年8月29日,"
		2026年8月29日福州市主副食品集超均价表_主副食品_
		福州市发展和改革委员会
	",脐橙,新鲜,元/500克,4.89,,,,,福州市主副食品集超均价表，集超均价,,,https://fgw.fuzhou.gov.cn/fgwzwgk/fzgggz/jgysf/msspjgxq/zfsp/202608/t20260829_5365285.htm
福州市,2026年8月29日,"
		2026年8月29日福州市主副食品集超均价表_主副食品_
		福州市发展和改革委员会
	",花生油,桶装一级,元/5升,105.24,,,,,福州市主副食品集超均价表，集超均价,,,https://fgw.fuzhou.gov.cn/fgwzwgk/fzgggz/jgysf/msspjgxq/zfsp/202608/t20260829_5365285.htm
福州市,2026年8月29日,"
		2026年8月29日福州市主副食品集超均价表_主副食品_
		福州市发展和改革委员会
	",花菜,新鲜,元/500克,4.86,,,,,福州市主副食品集超均价表，集超均价,,,https://fgw.fuzhou.gov.cn/fgwzwgk/fzgggz/jgysf/msspjgxq/zfsp/202608/t20260829_5365285.htm
福州市,2026年8月29日,"
		2026年8月29日福州市主副食品集超均价表_主副食品_
		福州市发展和改革委员会
	",芹菜,新鲜,元/500克,7.11,,,,,福州市主副食品集超均价表，集超均价,,,https://fgw.fuzhou.gov.cn/fgwzwgk/fzgggz/jgysf/msspjgxq/zfsp/202608/t20260829_5365285.htm
福州市,2026年8月29日,"
		2026年8月29日福州市主副食品集超均价表_主副食品_
		福州市发展和改革委员会
	",苹果,新鲜,元/500克,8.47,,,,,福州市主副食品集超均价表，集超均价,,,https://fgw.fuzhou.gov.cn/fgwzwgk/fzgggz/jgysf/msspjgxq/zfsp/202608/t20260829_5365285.htm
福州市,2026年8月29日,"
		2026年8月29日福州市主副食品集超均价表_主副食品_
		福州市发展和改革委员会
	",茄子,新鲜,元/500克,3.20,,,,,福州市主副食品集超均价表，集超均价,,,https://fgw.fuzhou.gov.cn/fgwzwgk/fzgggz/jgysf/msspjgxq/zfsp/202608/t20260829_5365285.htm
福州市,2026年8月29日,"
		2026年8月29日福州市主副食品集超均价表_主副食品_
		福州市发展和改革委员会
	",菜籽油,桶装一级,元/5升,70.03,,,,,福州市主副食品集超均价表，集超均价,,,https://fgw.fuzhou.gov.cn/fgwzwgk/fzgggz/jgysf/msspjgxq/zfsp/202608/t20260829_5365285.htm
福州市,2026年8月29日,"
		2026年8月29日福州市主副食品集超均价表_主副食品_
		福州市发展和改革委员会
	",蒜苔,新鲜,元/500克,8.31,,,,,福州市主副食品集超均价表，集超均价,,,https://fgw.fuzhou.gov.cn/fgwzwgk/fzgggz/jgysf/msspjgxq/zfsp/202608/t20260829_5365285.htm
福州市,2026年8月29日,"
		2026年8月29日福州市主副食品集超均价表_主副食品_
		福州市发展和改革委员会
	",西红柿,新鲜,元/500克,3.96,,,,,福州市主副食品集超均价表，集超均价,,,https://fgw.fuzhou.gov.cn/fgwzwgk/fzgggz/jgysf/msspjgxq/zfsp/202608/t20260829_5365285.htm
福州市,2026年8月29日,"
		2026年8月29日福州市主副食品集超均价表_主副食品_
		福州市发展和改革委员会
	",调和油,桶装一级,元/5升,66.74,,,,,福州市主副食品集超均价表，集超均价,,,https://fgw.fuzhou.gov.cn/fgwzwgk/fzgggz/jgysf/msspjgxq/zfsp/202608/t20260829_5365285.htm
福州市,2026年8月29日,"
		2026年8月29日福州市主副食品集超均价表_主副食品_
		福州市发展和改革委员会
	",豆角,新鲜,元/500克,7.30,,,,,福州市主副食品集超均价表，集超均价,,,https://fgw.fuzhou.gov.cn/fgwzwgk/fzgggz/jgysf/msspjgxq/zfsp/202608/t20260829_5365285.htm
福州市,2026年8月29日,"
		2026年8月29日福州市主副食品集超均价表_主副食品_
		福州市发展和改革委员会
	",青椒,新鲜,元/500克,6.14,,,,,福州市主副食品集超均价表，集超均价,,,https://fgw.fuzhou.gov.cn/fgwzwgk/fzgggz/jgysf/msspjgxq/zfsp/202608/t20260829_5365285.htm
福州市,2026年8月29日,"
		2026年8月29日福州市主副食品集超均价表_主副食品_
		福州市发展和改革委员会
	",韭菜,新鲜,元/500克,5.82,,,,,福州市主副食品集超均价表，集超均价,,,https://fgw.fuzhou.gov.cn/fgwzwgk/fzgggz/jgysf/msspjgxq/zfsp/202608/t20260829_5365285.htm
福州市,2026年8月29日,"
		2026年8月29日福州市主副食品集超均价表_主副食品_
		福州市发展和改革委员会
	",香蕉,新鲜,元/500克,4.60,,,,,福州市主副食品集超均价表，集超均价,,,https://fgw.fuzhou.gov.cn/fgwzwgk/fzgggz/jgysf/msspjgxq/zfsp/202608/t20260829_5365285.htm
福州市,2026年8月29日,"
		2026年8月29日福州市主副食品集超均价表_主副食品_
		福州市发展和改革委员会
	",马胶鱼,冰鲜,元/500克,27.23,,,,,福州市主副食品集超均价表，集超均价,,,https://fgw.fuzhou.gov.cn/fgwzwgk/fzgggz/jgysf/msspjgxq/zfsp/202608/t20260829_5365285.htm
福州市,2026年8月29日,"
		2026年8月29日福州市主副食品集超均价表_主副食品_
		福州市发展和改革委员会
	",鱿鱼,冰鲜,元/500克,50.30,,,,,福州市主副食品集超均价表，集超均价,,,https://fgw.fuzhou.gov.cn/fgwzwgk/fzgggz/jgysf/msspjgxq/zfsp/202608/t20260829_5365285.htm
福州市,2026年8月29日,"
		2026年8月29日福州市主副食品集超均价表_主副食品_
		福州市发展和改革委员会
	",鸡肉,白条鸡,元/500克,16.17,,,,,福州市主副食品集超均价表，集超均价,,,https://fgw.fuzhou.gov.cn/fgwzwgk/fzgggz/jgysf/msspjgxq/zfsp/202608/t20260829_5365285.htm
福州市,2026年8月29日,"
		2026年8月29日福州市主副食品集超均价表_主副食品_
		福州市发展和改革委员会
	",鸭肉,白条鸭,元/500克,16.77,,,,,福州市主副食品集超均价表，集超均价,,,https://fgw.fuzhou.gov.cn/fgwzwgk/fzgggz/jgysf/msspjgxq/zfsp/202608/t20260829_5365285.htm
福州市,2026年8月29日,"
		2026年8月29日福州市主副食品集超均价表_主副食品_
		福州市发展和改革委员会
	",黄瓜,新鲜,元/500克,3.35,,,,,福州市主副食品集超均价表，集超均价,,,https://fgw.fuzhou.gov.cn/fgwzwgk/fzgggz/jgysf/msspjgxq/zfsp/202608/t20260829_5365285.htm
福州市,2026年8月29日,"
		2026年8月29日福州市主副食品集超均价表_主副食品_
		福州市发展和改革委员会
	",黄瓜鱼,冰鲜,元/500克,27.96,,,,,福州市主副食品集超均价表，集超均价,,,https://fgw.fuzhou.gov.cn/fgwzwgk/fzgggz/jgysf/msspjgxq/zfsp/202608/t20260829_5365285.htm
福州市,2026年8月30日,"
		2026年8月30日福州市主副食品集超均价表_主副食品_
		福州市发展和改革委员会
	",上海青,新鲜,元/500克,3.73,,,,,福州市主副食品集超均价表，集超均价,,,https://fgw.fuzhou.gov.cn/fgwzwgk/fzgggz/jgysf/msspjgxq/zfsp/202608/t20260830_5365314.htm
福州市,2026年8月30日,"
		2026年8月30日福州市主副食品集超均价表_主副食品_
		福州市发展和改革委员会
	",冻带鱼,冷冻,元/500克,22.20,,,,,福州市主副食品集超均价表，集超均价,,,https://fgw.fuzhou.gov.cn/fgwzwgk/fzgggz/jgysf/msspjgxq/zfsp/202608/t20260830_5365314.htm
福州市,2026年8月30日,"
		2026年8月30日福州市主副食品集超均价表_主副食品_
		福州市发展和改革委员会
	",圆白菜,新鲜,元/500克,2.08,,,,,福州市主副食品集超均价表，集超均价,,,https://fgw.fuzhou.gov.cn/fgwzwgk/fzgggz/jgysf/msspjgxq/zfsp/202608/t20260830_5365314.htm
福州市,2026年8月30日,"
		2026年8月30日福州市主副食品集超均价表_主副食品_
		福州市发展和改革委员会
	",土豆,新鲜,元/500克,2.13,,,,,福州市主副食品集超均价表，集超均价,,,https://fgw.fuzhou.gov.cn/fgwzwgk/fzgggz/jgysf/msspjgxq/zfsp/202608/t20260830_5365314.htm
福州市,2026年8月30日,"
		2026年8月30日福州市主副食品集超均价表_主副食品_
		福州市发展和改革委员会
	",大白菜,新鲜,元/500克,2.22,,,,,福州市主副食品集超均价表，集超均价,,,https://fgw.fuzhou.gov.cn/fgwzwgk/fzgggz/jgysf/msspjgxq/zfsp/202608/t20260830_5365314.htm
福州市,2026年8月30日,"
		2026年8月30日福州市主副食品集超均价表_主副食品_
		福州市发展和改革委员会
	",大豆油,桶装一级,元/5升,58.75,,,,,福州市主副食品集超均价表，集超均价,,,https://fgw.fuzhou.gov.cn/fgwzwgk/fzgggz/jgysf/msspjgxq/zfsp/202608/t20260830_5365314.htm
福州市,2026年8月30日,"
		2026年8月30日福州市主副食品集超均价表_主副食品_
		福州市发展和改革委员会
	",富强粉,,元/500克,3.57,,,,,福州市主副食品集超均价表，集超均价,,,https://fgw.fuzhou.gov.cn/fgwzwgk/fzgggz/jgysf/msspjgxq/zfsp/202608/t20260830_5365314.htm
福州市,2026年8月30日,"
		2026年8月30日福州市主副食品集超均价表_主副食品_
		福州市发展和改革委员会
	",尖椒,新鲜,元/500克,5.44,,,,,福州市主副食品集超均价表，集超均价,,,https://fgw.fuzhou.gov.cn/fgwzwgk/fzgggz/jgysf/msspjgxq/zfsp/202608/t20260830_5365314.htm
福州市,2026年8月30日,"
		2026年8月30日福州市主副食品集超均价表_主副食品_
		福州市发展和改革委员会
	",晚籼米,标一,元/500克,2.68,,,,,福州市主副食品集超均价表，集超均价,,,https://fgw.fuzhou.gov.cn/fgwzwgk/fzgggz/jgysf/msspjgxq/zfsp/202608/t20260830_5365314.htm
福州市,2026年8月30日,"
		2026年8月30日福州市主副食品集超均价表_主副食品_
		福州市发展和改革委员会
	",普通鸡蛋,新鲜完整,元/500克,6.81,,,,,福州市主副食品集超均价表，集超均价,,,https://fgw.fuzhou.gov.cn/fgwzwgk/fzgggz/jgysf/msspjgxq/zfsp/202608/t20260830_5365314.htm
福州市,2026年8月30日,"
		2026年8月30日福州市主副食品集超均价表_主副食品_
		福州市发展和改革委员会
	",普通鸭蛋,新鲜完整,元/500克,8.36,,,,,福州市主副食品集超均价表，集超均价,,,https://fgw.fuzhou.gov.cn/fgwzwgk/fzgggz/jgysf/msspjgxq/zfsp/202608/t20260830_5365314.htm
福州市,2026年8月30日,"
		2026年8月30日福州市主副食品集超均价表_主副食品_
		福州市发展和改革委员会
	",标准粉,,元/500克,2.49,,,,,福州市主副食品集超均价表，集超均价,,,https://fgw.fuzhou.gov.cn/fgwzwgk/fzgggz/jgysf/msspjgxq/zfsp/202608/t20260830_5365314.htm
福州市,2026年8月30日,"
		2026年8月30日福州市主副食品集超均价表_主副食品_
		福州市发展和改革委员会
	",梨,新鲜,元/500克,4.96,,,,,福州市主副食品集超均价表，集超均价,,,https://fgw.fuzhou.gov.cn/fgwzwgk/fzgggz/jgysf/msspjgxq/zfsp/202608/t20260830_5365314.htm
福州市,2026年8月30日,"
		2026年8月30日福州市主副食品集超均价表_主副食品_
		福州市发展和改革委员会
	",油菜(菜心),新鲜,元/500克,4.71,,,,,福州市主副食品集超均价表，集超均价,,,https://fgw.fuzhou.gov.cn/fgwzwgk/fzgggz/jgysf/msspjgxq/zfsp/202608/t20260830_5365314.htm
福州市,2026年8月30日,"
		2026年8月30日福州市主副食品集超均价表_主副食品_
		福州市发展和改革委员会
	",活明虾,鲜活,元/500克,30.08,,,,,福州市主副食品集超均价表，集超均价,,,https://fgw.fuzhou.gov.cn/fgwzwgk/fzgggz/jgysf/msspjgxq/zfsp/202608/t20260830_5365314.htm
福州市,2026年8月30日,"
		2026年8月30日福州市主副食品集超均价表_主副食品_
		福州市发展和改革委员会
	",活花蛤,鲜活,元/500克,10.18,,,,,福州市主副食品集超均价表，集超均价,,,https://fgw.fuzhou.gov.cn/fgwzwgk/fzgggz/jgysf/msspjgxq/zfsp/202608/t20260830_5365314.htm
福州市,2026年8月30日,"
		2026年8月30日福州市主副食品集超均价表_主副食品_
		福州市发展和改革委员会
	",活草鱼,鲜活,元/500克,11.53,,,,,福州市主副食品集超均价表，集超均价,,,https://fgw.fuzhou.gov.cn/fgwzwgk/fzgggz/jgysf/msspjgxq/zfsp/202608/t20260830_5365314.htm
福州市,2026年8月30日,"
		2026年8月30日福州市主副食品集超均价表_主副食品_
		福州市发展和改革委员会
	",活鳙鱼（大头鲢）,鲜活,元/500克,14.08,,,,,福州市主副食品集超均价表，集超均价,,,https://fgw.fuzhou.gov.cn/fgwzwgk/fzgggz/jgysf/msspjgxq/zfsp/202608/t20260830_5365314.htm
福州市,2026年8月30日,"
		2026年8月30日福州市主副食品集超均价表_主副食品_
		福州市发展和改革委员会
	",牛肉,去骨肉,元/500克,47.01,,,,,福州市主副食品集超均价表，集超均价,,,https://fgw.fuzhou.gov.cn/fgwzwgk/fzgggz/jgysf/msspjgxq/zfsp/202608/t20260830_5365314.htm
福州市,2026年8月30日,"
		2026年8月30日福州市主副食品集超均价表_主副食品_
		福州市发展和改革委员会
	",猪瘦肉,新鲜,元/500克,14.79,,,,,福州市主副食品集超均价表，集超均价,,,https://fgw.fuzhou.gov.cn/fgwzwgk/fzgggz/jgysf/msspjgxq/zfsp/202608/t20260830_5365314.htm
福州市,2026年8月30日,"
		2026年8月30日福州市主副食品集超均价表_主副食品_
		福州市发展和改革委员会
	",猪肋条肉,新鲜,元/500克,15.37,,,,,福州市主副食品集超均价表，集超均价,,,https://fgw.fuzhou.gov.cn/fgwzwgk/fzgggz/jgysf/msspjgxq/zfsp/202608/t20260830_5365314.htm
福州市,2026年8月30日,"
		2026年8月30日福州市主副食品集超均价表_主副食品_
		福州市发展和改革委员会
	",白萝卜,新鲜,元/500克,1.70,,,,,福州市主副食品集超均价表，集超均价,,,https://fgw.fuzhou.gov.cn/fgwzwgk/fzgggz/jgysf/msspjgxq/zfsp/202608/t20260830_5365314.htm
福州市,2026年8月30日,"
		2026年8月30日福州市主副食品集超均价表_主副食品_
		福州市发展和改革委员会
	",空心菜,新鲜,元/500克,2.92,,,,,福州市主副食品集超均价表，集超均价,,,https://fgw.fuzhou.gov.cn/fgwzwgk/fzgggz/jgysf/msspjgxq/zfsp/202608/t20260830_5365314.htm
福州市,2026年8月30日,"
		2026年8月30日福州市主副食品集超均价表_主副食品_
		福州市发展和改革委员会
	",粳米,标一,元/500克,2.97,,,,,福州市主副食品集超均价表，集超均价,,,https://fgw.fuzhou.gov.cn/fgwzwgk/fzgggz/jgysf/msspjgxq/zfsp/202608/t20260830_5365314.htm
福州市,2026年8月30日,"
		2026年8月30日福州市主副食品集超均价表_主副食品_
		福州市发展和改革委员会
	",红萝卜,新鲜,元/500克,2.20,,,,,福州市主副食品集超均价表，集超均价,,,https://fgw.fuzhou.gov.cn/fgwzwgk/fzgggz/jgysf/msspjgxq/zfsp/202608/t20260830_5365314.htm
福州市,2026年8月30日,"
		2026年8月30日福州市主副食品集超均价表_主副食品_
		福州市发展和改革委员会
	",纯牛奶,盒装,元/盒(250毫升),2.71,,,,,福州市主副食品集超均价表，集超均价,,,https://fgw.fuzhou.gov.cn/fgwzwgk/fzgggz/jgysf/msspjgxq/zfsp/202608/t20260830_5365314.htm
福州市,2026年8月30日,"
		2026年8月30日福州市主副食品集超均价表_主副食品_
		福州市发展和改革委员会
	",羊肉,带骨肉,元/500克,44.23,,,,,福州市主副食品集超均价表，集超均价,,,https://fgw.fuzhou.gov.cn/fgwzwgk/fzgggz/jgysf/msspjgxq/zfsp/202608/t20260830_5365314.htm
福州市,2026年8月30日,"
		2026年8月30日福州市主副食品集超均价表_主副食品_
		福州市发展和改革委员会
	",脐橙,新鲜,元/500克,4.89,,,,,福州市主副食品集超均价表，集超均价,,,https://fgw.fuzhou.gov.cn/fgwzwgk/fzgggz/jgysf/msspjgxq/zfsp/202608/t20260830_5365314.htm
福州市,2026年8月30日,"
		2026年8月30日福州市主副食品集超均价表_主副食品_
		福州市发展和改革委员会
	",花生油,桶装一级,元/5升,105.24,,,,,福州市主副食品集超均价表，集超均价,,,https://fgw.fuzhou.gov.cn/fgwzwgk/fzgggz/jgysf/msspjgxq/zfsp/202608/t20260830_5365314.htm
福州市,2026年8月30日,"
		2026年8月30日福州市主副食品集超均价表_主副食品_
		福州市发展和改革委员会
	",花菜,新鲜,元/500克,4.92,,,,,福州市主副食品集超均价表，集超均价,,,https://fgw.fuzhou.gov.cn/fgwzwgk/fzgggz/jgysf/msspjgxq/zfsp/202608/t20260830_5365314.htm
福州市,2026年8月30日,"
		2026年8月30日福州市主副食品集超均价表_主副食品_
		福州市发展和改革委员会
	",芹菜,新鲜,元/500克,7.11,,,,,福州市主副食品集超均价表，集超均价,,,https://fgw.fuzhou.gov.cn/fgwzwgk/fzgggz/jgysf/msspjgxq/zfsp/202608/t20260830_5365314.htm
福州市,2026年8月30日,"
		2026年8月30日福州市主副食品集超均价表_主副食品_
		福州市发展和改革委员会
	",苹果,新鲜,元/500克,8.47,,,,,福州市主副食品集超均价表，集超均价,,,https://fgw.fuzhou.gov.cn/fgwzwgk/fzgggz/jgysf/msspjgxq/zfsp/202608/t20260830_5365314.htm
福州市,2026年8月30日,"
		2026年8月30日福州市主副食品集超均价表_主副食品_
		福州市发展和改革委员会
	",茄子,新鲜,元/500克,3.19,,,,,福州市主副食品集超均价表，集超均价,,,https://fgw.fuzhou.gov.cn/fgwzwgk/fzgggz/jgysf/msspjgxq/zfsp/202608/t20260830_5365314.htm
福州市,2026年8月30日,"
		2026年8月30日福州市主副食品集超均价表_主副食品_
		福州市发展和改革委员会
	",菜籽油,桶装一级,元/5升,70.03,,,,,福州市主副食品集超均价表，集超均价,,,https://fgw.fuzhou.gov.cn/fgwzwgk/fzgggz/jgysf/msspjgxq/zfsp/202608/t20260830_5365314.htm
福州市,2026年8月30日,"
		2026年8月30日福州市主副食品集超均价表_主副食品_
		福州市发展和改革委员会
	",蒜苔,新鲜,元/500克,8.31,,,,,福州市主副食品集超均价表，集超均价,,,https://fgw.fuzhou.gov.cn/fgwzwgk/fzgggz/jgysf/msspjgxq/zfsp/202608/t20260830_5365314.htm
福州市,2026年8月30日,"
		2026年8月30日福州市主副食品集超均价表_主副食品_
		福州市发展和改革委员会
	",西红柿,新鲜,元/500克,3.96,,,,,福州市主副食品集超均价表，集超均价,,,https://fgw.fuzhou.gov.cn/fgwzwgk/fzgggz/jgysf/msspjgxq/zfsp/202608/t20260830_5365314.htm
福州市,2026年8月30日,"
		2026年8月30日福州市主副食品集超均价表_主副食品_
		福州市发展和改革委员会
	",调和油,桶装一级,元/5升,66.74,,,,,福州市主副食品集超均价表，集超均价,,,https://fgw.fuzhou.gov.cn/fgwzwgk/fzgggz/jgysf/msspjgxq/zfsp/202608/t20260830_5365314.htm
福州市,2026年8月30日,"
		2026年8月30日福州市主副食品集超均价表_主副食品_
		福州市发展和改革委员会
	",豆角,新鲜,元/500克,7.26,,,,,福州市主副食品集超均价表，集超均价,,,https://fgw.fuzhou.gov.cn/fgwzwgk/fzgggz/jgysf/msspjgxq/zfsp/202608/t20260830_5365314.htm
福州市,2026年8月30日,"
		2026年8月30日福州市主副食品集超均价表_主副食品_
		福州市发展和改革委员会
	",青椒,新鲜,元/500克,6.18,,,,,福州市主副食品集超均价表，集超均价,,,https://fgw.fuzhou.gov.cn/fgwzwgk/fzgggz/jgysf/msspjgxq/zfsp/202608/t20260830_5365314.htm
福州市,2026年8月30日,"
		2026年8月30日福州市主副食品集超均价表_主副食品_
		福州市发展和改革委员会
	",韭菜,新鲜,元/500克,5.82,,,,,福州市主副食品集超均价表，集超均价,,,https://fgw.fuzhou.gov.cn/fgwzwgk/fzgggz/jgysf/msspjgxq/zfsp/202608/t20260830_5365314.htm
福州市,2026年8月30日,"
		2026年8月30日福州市主副食品集超均价表_主副食品_
		福州市发展和改革委员会
	",香蕉,新鲜,元/500克,4.60,,,,,福州市主副食品集超均价表，集超均价,,,https://fgw.fuzhou.gov.cn/fgwzwgk/fzgggz/jgysf/msspjgxq/zfsp/202608/t20260830_5365314.htm
福州市,2026年8月30日,"
		2026年8月30日福州市主副食品集超均价表_主副食品_
		福州市发展和改革委员会
	",马胶鱼,冰鲜,元/500克,27.23,,,,,福州市主副食品集超均价表，集超均价,,,https://fgw.fuzhou.gov.cn/fgwzwgk/fzgggz/jgysf/msspjgxq/zfsp/202608/t20260830_5365314.htm
福州市,2026年8月30日,"
		2026年8月30日福州市主副食品集超均价表_主副食品_
		福州市发展和改革委员会
	",鱿鱼,冰鲜,元/500克,50.45,,,,,福州市主副食品集超均价表，集超均价,,,https://fgw.fuzhou.gov.cn/fgwzwgk/fzgggz/jgysf/msspjgxq/zfsp/202608/t20260830_5365314.htm
福州市,2026年8月30日,"
		2026年8月30日福州市主副食品集超均价表_主副食品_
		福州市发展和改革委员会
	",鸡肉,白条鸡,元/500克,16.17,,,,,福州市主副食品集超均价表，集超均价,,,https://fgw.fuzhou.gov.cn/fgwzwgk/fzgggz/jgysf/msspjgxq/zfsp/202608/t20260830_5365314.htm
福州市,2026年8月30日,"
		2026年8月30日福州市主副食品集超均价表_主副食品_
		福州市发展和改革委员会
	",鸭肉,白条鸭,元/500克,16.77,,,,,福州市主副食品集超均价表，集超均价,,,https://fgw.fuzhou.gov.cn/fgwzwgk/fzgggz/jgysf/msspjgxq/zfsp/202608/t20260830_5365314.htm
福州市,2026年8月30日,"
		2026年8月30日福州市主副食品集超均价表_主副食品_
		福州市发展和改革委员会
	",黄瓜,新鲜,元/500克,3.28,,,,,福州市主副食品集超均价表，集超均价,,,https://fgw.fuzhou.gov.cn/fgwzwgk/fzgggz/jgysf/msspjgxq/zfsp/202608/t20260830_5365314.htm
福州市,2026年8月30日,"
		2026年8月30日福州市主副食品集超均价表_主副食品_
		福州市发展和改革委员会
	",黄瓜鱼,冰鲜,元/500克,28.15,,,,,福州市主副食品集超均价表，集超均价,,,https://fgw.fuzhou.gov.cn/fgwzwgk/fzgggz/jgysf/msspjgxq/zfsp/202608/t20260830_5365314.htm
福州市,2026年8月31日,"
		2026年8月31日福州市主副食品集超均价表_主副食品_
		福州市发展和改革委员会
	",上海青,新鲜,元/500克,3.88,,,,,福州市主副食品集超均价表，集超均价,,,https://fgw.fuzhou.gov.cn/fgwzwgk/fzgggz/jgysf/msspjgxq/zfsp/202608/t20260831_5365535.htm
福州市,2026年8月31日,"
		2026年8月31日福州市主副食品集超均价表_主副食品_
		福州市发展和改革委员会
	",冻带鱼,冷冻,元/500克,22.2,,,,,福州市主副食品集超均价表，集超均价,,,https://fgw.fuzhou.gov.cn/fgwzwgk/fzgggz/jgysf/msspjgxq/zfsp/202608/t20260831_5365535.htm
福州市,2026年8月31日,"
		2026年8月31日福州市主副食品集超均价表_主副食品_
		福州市发展和改革委员会
	",圆白菜,新鲜,元/500克,2.08,,,,,福州市主副食品集超均价表，集超均价,,,https://fgw.fuzhou.gov.cn/fgwzwgk/fzgggz/jgysf/msspjgxq/zfsp/202608/t20260831_5365535.htm
福州市,2026年8月31日,"
		2026年8月31日福州市主副食品集超均价表_主副食品_
		福州市发展和改革委员会
	",土豆,新鲜,元/500克,2.16,,,,,福州市主副食品集超均价表，集超均价,,,https://fgw.fuzhou.gov.cn/fgwzwgk/fzgggz/jgysf/msspjgxq/zfsp/202608/t20260831_5365535.htm
福州市,2026年8月31日,"
		2026年8月31日福州市主副食品集超均价表_主副食品_
		福州市发展和改革委员会
	",大白菜,新鲜,元/500克,2.21,,,,,福州市主副食品集超均价表，集超均价,,,https://fgw.fuzhou.gov.cn/fgwzwgk/fzgggz/jgysf/msspjgxq/zfsp/202608/t20260831_5365535.htm
福州市,2026年8月31日,"
		2026年8月31日福州市主副食品集超均价表_主副食品_
		福州市发展和改革委员会
	",大豆油,桶装一级,元/5升,58.75,,,,,福州市主副食品集超均价表，集超均价,,,https://fgw.fuzhou.gov.cn/fgwzwgk/fzgggz/jgysf/msspjgxq/zfsp/202608/t20260831_5365535.htm
福州市,2026年8月31日,"
		2026年8月31日福州市主副食品集超均价表_主副食品_
		福州市发展和改革委员会
	",富强粉,,元/500克,3.57,,,,,福州市主副食品集超均价表，集超均价,,,https://fgw.fuzhou.gov.cn/fgwzwgk/fzgggz/jgysf/msspjgxq/zfsp/202608/t20260831_5365535.htm
福州市,2026年8月31日,"
		2026年8月31日福州市主副食品集超均价表_主副食品_
		福州市发展和改革委员会
	",尖椒,新鲜,元/500克,5.44,,,,,福州市主副食品集超均价表，集超均价,,,https://fgw.fuzhou.gov.cn/fgwzwgk/fzgggz/jgysf/msspjgxq/zfsp/202608/t20260831_5365535.htm
福州市,2026年8月31日,"
		2026年8月31日福州市主副食品集超均价表_主副食品_
		福州市发展和改革委员会
	",晚籼米,标一,元/500克,2.68,,,,,福州市主副食品集超均价表，集超均价,,,https://fgw.fuzhou.gov.cn/fgwzwgk/fzgggz/jgysf/msspjgxq/zfsp/202608/t20260831_5365535.htm
福州市,2026年8月31日,"
		2026年8月31日福州市主副食品集超均价表_主副食品_
		福州市发展和改革委员会
	",普通鸡蛋,新鲜完整,元/500克,6.81,,,,,福州市主副食品集超均价表，集超均价,,,https://fgw.fuzhou.gov.cn/fgwzwgk/fzgggz/jgysf/msspjgxq/zfsp/202608/t20260831_5365535.htm
福州市,2026年8月31日,"
		2026年8月31日福州市主副食品集超均价表_主副食品_
		福州市发展和改革委员会
	",普通鸭蛋,新鲜完整,元/500克,8.36,,,,,福州市主副食品集超均价表，集超均价,,,https://fgw.fuzhou.gov.cn/fgwzwgk/fzgggz/jgysf/msspjgxq/zfsp/202608/t20260831_5365535.htm
福州市,2026年8月31日,"
		2026年8月31日福州市主副食品集超均价表_主副食品_
		福州市发展和改革委员会
	",标准粉,,元/500克,2.49,,,,,福州市主副食品集超均价表，集超均价,,,https://fgw.fuzhou.gov.cn/fgwzwgk/fzgggz/jgysf/msspjgxq/zfsp/202608/t20260831_5365535.htm
福州市,2026年8月31日,"
		2026年8月31日福州市主副食品集超均价表_主副食品_
		福州市发展和改革委员会
	",梨,新鲜,元/500克,4.96,,,,,福州市主副食品集超均价表，集超均价,,,https://fgw.fuzhou.gov.cn/fgwzwgk/fzgggz/jgysf/msspjgxq/zfsp/202608/t20260831_5365535.htm
福州市,2026年8月31日,"
		2026年8月31日福州市主副食品集超均价表_主副食品_
		福州市发展和改革委员会
	",油菜(菜心),新鲜,元/500克,4.6,,,,,福州市主副食品集超均价表，集超均价,,,https://fgw.fuzhou.gov.cn/fgwzwgk/fzgggz/jgysf/msspjgxq/zfsp/202608/t20260831_5365535.htm
福州市,2026年8月31日,"
		2026年8月31日福州市主副食品集超均价表_主副食品_
		福州市发展和改革委员会
	",活明虾,鲜活,元/500克,29.86,,,,,福州市主副食品集超均价表，集超均价,,,https://fgw.fuzhou.gov.cn/fgwzwgk/fzgggz/jgysf/msspjgxq/zfsp/202608/t20260831_5365535.htm
福州市,2026年8月31日,"
		2026年8月31日福州市主副食品集超均价表_主副食品_
		福州市发展和改革委员会
	",活花蛤,鲜活,元/500克,10.25,,,,,福州市主副食品集超均价表，集超均价,,,https://fgw.fuzhou.gov.cn/fgwzwgk/fzgggz/jgysf/msspjgxq/zfsp/202608/t20260831_5365535.htm
福州市,2026年8月31日,"
		2026年8月31日福州市主副食品集超均价表_主副食品_
		福州市发展和改革委员会
	",活草鱼,鲜活,元/500克,11.67,,,,,福州市主副食品集超均价表，集超均价,,,https://fgw.fuzhou.gov.cn/fgwzwgk/fzgggz/jgysf/msspjgxq/zfsp/202608/t20260831_5365535.htm
福州市,2026年8月31日,"
		2026年8月31日福州市主副食品集超均价表_主副食品_
		福州市发展和改革委员会
	",活鳙鱼（大头鲢）,鲜活,元/500克,14.08,,,,,福州市主副食品集超均价表，集超均价,,,https://fgw.fuzhou.gov.cn/fgwzwgk/fzgggz/jgysf/msspjgxq/zfsp/202608/t20260831_5365535.htm
福州市,2026年8月31日,"
		2026年8月31日福州市主副食品集超均价表_主副食品_
		福州市发展和改革委员会
	",牛肉,去骨肉,元/500克,47.01,,,,,福州市主副食品集超均价表，集超均价,,,https://fgw.fuzhou.gov.cn/fgwzwgk/fzgggz/jgysf/msspjgxq/zfsp/202608/t20260831_5365535.htm
福州市,2026年8月31日,"
		2026年8月31日福州市主副食品集超均价表_主副食品_
		福州市发展和改革委员会
	",猪瘦肉,新鲜,元/500克,14.79,,,,,福州市主副食品集超均价表，集超均价,,,https://fgw.fuzhou.gov.cn/fgwzwgk/fzgggz/jgysf/msspjgxq/zfsp/202608/t20260831_5365535.htm
福州市,2026年8月31日,"
		2026年8月31日福州市主副食品集超均价表_主副食品_
		福州市发展和改革委员会
	",猪肋条肉,新鲜,元/500克,15.37,,,,,福州市主副食品集超均价表，集超均价,,,https://fgw.fuzhou.gov.cn/fgwzwgk/fzgggz/jgysf/msspjgxq/zfsp/202608/t20260831_5365535.htm
福州市,2026年8月31日,"
		2026年8月31日福州市主副食品集超均价表_主副食品_
		福州市发展和改革委员会
	",白萝卜,新鲜,元/500克,1.68,,,,,福州市主副食品集超均价表，集超均价,,,https://fgw.fuzhou.gov.cn/fgwzwgk/fzgggz/jgysf/msspjgxq/zfsp/202608/t20260831_5365535.htm
福州市,2026年8月31日,"
		2026年8月31日福州市主副食品集超均价表_主副食品_
		福州市发展和改革委员会
	",空心菜,新鲜,元/500克,3.17,,,,,福州市主副食品集超均价表，集超均价,,,https://fgw.fuzhou.gov.cn/fgwzwgk/fzgggz/jgysf/msspjgxq/zfsp/202608/t20260831_5365535.htm
福州市,2026年8月31日,"
		2026年8月31日福州市主副食品集超均价表_主副食品_
		福州市发展和改革委员会
	",粳米,标一,元/500克,2.97,,,,,福州市主副食品集超均价表，集超均价,,,https://fgw.fuzhou.gov.cn/fgwzwgk/fzgggz/jgysf/msspjgxq/zfsp/202608/t20260831_5365535.htm
福州市,2026年8月31日,"
		2026年8月31日福州市主副食品集超均价表_主副食品_
		福州市发展和改革委员会
	",红萝卜,新鲜,元/500克,2.2,,,,,福州市主副食品集超均价表，集超均价,,,https://fgw.fuzhou.gov.cn/fgwzwgk/fzgggz/jgysf/msspjgxq/zfsp/202608/t20260831_5365535.htm
福州市,2026年8月31日,"
		2026年8月31日福州市主副食品集超均价表_主副食品_
		福州市发展和改革委员会
	",纯牛奶,盒装,元/盒(250毫升),2.71,,,,,福州市主副食品集超均价表，集超均价,,,https://fgw.fuzhou.gov.cn/fgwzwgk/fzgggz/jgysf/msspjgxq/zfsp/202608/t20260831_5365535.htm
福州市,2026年8月31日,"
		2026年8月31日福州市主副食品集超均价表_主副食品_
		福州市发展和改革委员会
	",羊肉,带骨肉,元/500克,44.23,,,,,福州市主副食品集超均价表，集超均价,,,https://fgw.fuzhou.gov.cn/fgwzwgk/fzgggz/jgysf/msspjgxq/zfsp/202608/t20260831_5365535.htm
福州市,2026年8月31日,"
		2026年8月31日福州市主副食品集超均价表_主副食品_
		福州市发展和改革委员会
	",脐橙,新鲜,元/500克,4.89,,,,,福州市主副食品集超均价表，集超均价,,,https://fgw.fuzhou.gov.cn/fgwzwgk/fzgggz/jgysf/msspjgxq/zfsp/202608/t20260831_5365535.htm
福州市,2026年8月31日,"
		2026年8月31日福州市主副食品集超均价表_主副食品_
		福州市发展和改革委员会
	",花生油,桶装一级,元/5升,105.24,,,,,福州市主副食品集超均价表，集超均价,,,https://fgw.fuzhou.gov.cn/fgwzwgk/fzgggz/jgysf/msspjgxq/zfsp/202608/t20260831_5365535.htm
福州市,2026年8月31日,"
		2026年8月31日福州市主副食品集超均价表_主副食品_
		福州市发展和改革委员会
	",花菜,新鲜,元/500克,4.87,,,,,福州市主副食品集超均价表，集超均价,,,https://fgw.fuzhou.gov.cn/fgwzwgk/fzgggz/jgysf/msspjgxq/zfsp/202608/t20260831_5365535.htm
福州市,2026年8月31日,"
		2026年8月31日福州市主副食品集超均价表_主副食品_
		福州市发展和改革委员会
	",芹菜,新鲜,元/500克,7.11,,,,,福州市主副食品集超均价表，集超均价,,,https://fgw.fuzhou.gov.cn/fgwzwgk/fzgggz/jgysf/msspjgxq/zfsp/202608/t20260831_5365535.htm
福州市,2026年8月31日,"
		2026年8月31日福州市主副食品集超均价表_主副食品_
		福州市发展和改革委员会
	",苹果,新鲜,元/500克,8.47,,,,,福州市主副食品集超均价表，集超均价,,,https://fgw.fuzhou.gov.cn/fgwzwgk/fzgggz/jgysf/msspjgxq/zfsp/202608/t20260831_5365535.htm
福州市,2026年8月31日,"
		2026年8月31日福州市主副食品集超均价表_主副食品_
		福州市发展和改革委员会
	",茄子,新鲜,元/500克,3.15,,,,,福州市主副食品集超均价表，集超均价,,,https://fgw.fuzhou.gov.cn/fgwzwgk/fzgggz/jgysf/msspjgxq/zfsp/202608/t20260831_5365535.htm
福州市,2026年8月31日,"
		2026年8月31日福州市主副食品集超均价表_主副食品_
		福州市发展和改革委员会
	",菜籽油,桶装一级,元/5升,70.03,,,,,福州市主副食品集超均价表，集超均价,,,https://fgw.fuzhou.gov.cn/fgwzwgk/fzgggz/jgysf/msspjgxq/zfsp/202608/t20260831_5365535.htm
福州市,2026年8月31日,"
		2026年8月31日福州市主副食品集超均价表_主副食品_
		福州市发展和改革委员会
	",蒜苔,新鲜,元/500克,8.31,,,,,福州市主副食品集超均价表，集超均价,,,https://fgw.fuzhou.gov.cn/fgwzwgk/fzgggz/jgysf/msspjgxq/zfsp/202608/t20260831_5365535.htm
福州市,2026年8月31日,"
		2026年8月31日福州市主副食品集超均价表_主副食品_
		福州市发展和改革委员会
	",西红柿,新鲜,元/500克,3.94,,,,,福州市主副食品集超均价表，集超均价,,,https://fgw.fuzhou.gov.cn/fgwzwgk/fzgggz/jgysf/msspjgxq/zfsp/202608/t20260831_5365535.htm
福州市,2026年8月31日,"
		2026年8月31日福州市主副食品集超均价表_主副食品_
		福州市发展和改革委员会
	",调和油,桶装一级,元/5升,66.74,,,,,福州市主副食品集超均价表，集超均价,,,https://fgw.fuzhou.gov.cn/fgwzwgk/fzgggz/jgysf/msspjgxq/zfsp/202608/t20260831_5365535.htm
福州市,2026年8月31日,"
		2026年8月31日福州市主副食品集超均价表_主副食品_
		福州市发展和改革委员会
	",豆角,新鲜,元/500克,7.28,,,,,福州市主副食品集超均价表，集超均价,,,https://fgw.fuzhou.gov.cn/fgwzwgk/fzgggz/jgysf/msspjgxq/zfsp/202608/t20260831_5365535.htm
福州市,2026年8月31日,"
		2026年8月31日福州市主副食品集超均价表_主副食品_
		福州市发展和改革委员会
	",青椒,新鲜,元/500克,6.18,,,,,福州市主副食品集超均价表，集超均价,,,https://fgw.fuzhou.gov.cn/fgwzwgk/fzgggz/jgysf/msspjgxq/zfsp/202608/t20260831_5365535.htm
福州市,2026年8月31日,"
		2026年8月31日福州市主副食品集超均价表_主副食品_
		福州市发展和改革委员会
	",韭菜,新鲜,元/500克,5.82,,,,,福州市主副食品集超均价表，集超均价,,,https://fgw.fuzhou.gov.cn/fgwzwgk/fzgggz/jgysf/msspjgxq/zfsp/202608/t20260831_5365535.htm
福州市,2026年8月31日,"
		2026年8月31日福州市主副食品集超均价表_主副食品_
		福州市发展和改革委员会
	",香蕉,新鲜,元/500克,4.6,,,,,福州市主副食品集超均价表，集超均价,,,https://fgw.fuzhou.gov.cn/fgwzwgk/fzgggz/jgysf/msspjgxq/zfsp/202608/t20260831_5365535.htm
福州市,2026年8月31日,"
		2026年8月31日福州市主副食品集超均价表_主副食品_
		福州市发展和改革委员会
	",马胶鱼,冰鲜,元/500克,27.23,,,,,福州市主副食品集超均价表，集超均价,,,https://fgw.fuzhou.gov.cn/fgwzwgk/fzgggz/jgysf/msspjgxq/zfsp/202608/t20260831_5365535.htm
福州市,2026年8月31日,"
		2026年8月31日福州市主副食品集超均价表_主副食品_
		福州市发展和改革委员会
	",鱿鱼,冰鲜,元/500克,50.45,,,,,福州市主副食品集超均价表，集超均价,,,https://fgw.fuzhou.gov.cn/fgwzwgk/fzgggz/jgysf/msspjgxq/zfsp/202608/t20260831_5365535.htm
福州市,2026年8月31日,"
		2026年8月31日福州市主副食品集超均价表_主副食品_
		福州市发展和改革委员会
	",鸡肉,白条鸡,元/500克,16.17,,,,,福州市主副食品集超均价表，集超均价,,,https://fgw.fuzhou.gov.cn/fgwzwgk/fzgggz/jgysf/msspjgxq/zfsp/202608/t20260831_5365535.htm
福州市,2026年8月31日,"
		2026年8月31日福州市主副食品集超均价表_主副食品_
		福州市发展和改革委员会
	",鸭肉,白条鸭,元/500克,16.77,,,,,福州市主副食品集超均价表，集超均价,,,https://fgw.fuzhou.gov.cn/fgwzwgk/fzgggz/jgysf/msspjgxq/zfsp/202608/t20260831_5365535.htm
福州市,2026年8月31日,"
		2026年8月31日福州市主副食品集超均价表_主副食品_
		福州市发展和改革委员会
	",黄瓜,新鲜,元/500克,3.31,,,,,福州市主副食品集超均价表，集超均价,,,https://fgw.fuzhou.gov.cn/fgwzwgk/fzgggz/jgysf/msspjgxq/zfsp/202608/t20260831_5365535.htm
福州市,2026年8月31日,"
		2026年8月31日福州市主副食品集超均价表_主副食品_
		福州市发展和改革委员会
	",黄瓜鱼,冰鲜,元/500克,28.15,,,,,福州市主副食品集超均价表，集超均价,,,https://fgw.fuzhou.gov.cn/fgwzwgk/fzgggz/jgysf/msspjgxq/zfsp/202608/t20260831_5365535.htm
福州市,2026年8月3日,"
		2026年8月3日福州市主副食品集超均价表_主副食品_
		福州市发展和改革委员会
	",上海青,新鲜,元/500克,3.37,,,,,福州市主副食品集超均价表，集超均价,,,https://fgw.fuzhou.gov.cn/fgwzwgk/fzgggz/jgysf/msspjgxq/zfsp/202608/t20260803_5353267.htm
福州市,2026年8月3日,"
		2026年8月3日福州市主副食品集超均价表_主副食品_
		福州市发展和改革委员会
	",冻带鱼,冷冻,元/500克,21.87,,,,,福州市主副食品集超均价表，集超均价,,,https://fgw.fuzhou.gov.cn/fgwzwgk/fzgggz/jgysf/msspjgxq/zfsp/202608/t20260803_5353267.htm
福州市,2026年8月3日,"
		2026年8月3日福州市主副食品集超均价表_主副食品_
		福州市发展和改革委员会
	",圆白菜,新鲜,元/500克,2.23,,,,,福州市主副食品集超均价表，集超均价,,,https://fgw.fuzhou.gov.cn/fgwzwgk/fzgggz/jgysf/msspjgxq/zfsp/202608/t20260803_5353267.htm
福州市,2026年8月3日,"
		2026年8月3日福州市主副食品集超均价表_主副食品_
		福州市发展和改革委员会
	",土豆,新鲜,元/500克,2.32,,,,,福州市主副食品集超均价表，集超均价,,,https://fgw.fuzhou.gov.cn/fgwzwgk/fzgggz/jgysf/msspjgxq/zfsp/202608/t20260803_5353267.htm
福州市,2026年8月3日,"
		2026年8月3日福州市主副食品集超均价表_主副食品_
		福州市发展和改革委员会
	",大白菜,新鲜,元/500克,2.29,,,,,福州市主副食品集超均价表，集超均价,,,https://fgw.fuzhou.gov.cn/fgwzwgk/fzgggz/jgysf/msspjgxq/zfsp/202608/t20260803_5353267.htm
福州市,2026年8月3日,"
		2026年8月3日福州市主副食品集超均价表_主副食品_
		福州市发展和改革委员会
	",大豆油,桶装一级,元/5升,58.17,,,,,福州市主副食品集超均价表，集超均价,,,https://fgw.fuzhou.gov.cn/fgwzwgk/fzgggz/jgysf/msspjgxq/zfsp/202608/t20260803_5353267.htm
福州市,2026年8月3日,"
		2026年8月3日福州市主副食品集超均价表_主副食品_
		福州市发展和改革委员会
	",富强粉,,元/500克,3.57,,,,,福州市主副食品集超均价表，集超均价,,,https://fgw.fuzhou.gov.cn/fgwzwgk/fzgggz/jgysf/msspjgxq/zfsp/202608/t20260803_5353267.htm
福州市,2026年8月3日,"
		2026年8月3日福州市主副食品集超均价表_主副食品_
		福州市发展和改革委员会
	",尖椒,新鲜,元/500克,5.16,,,,,福州市主副食品集超均价表，集超均价,,,https://fgw.fuzhou.gov.cn/fgwzwgk/fzgggz/jgysf/msspjgxq/zfsp/202608/t20260803_5353267.htm
福州市,2026年8月3日,"
		2026年8月3日福州市主副食品集超均价表_主副食品_
		福州市发展和改革委员会
	",晚籼米,标一,元/500克,2.68,,,,,福州市主副食品集超均价表，集超均价,,,https://fgw.fuzhou.gov.cn/fgwzwgk/fzgggz/jgysf/msspjgxq/zfsp/202608/t20260803_5353267.htm
福州市,2026年8月3日,"
		2026年8月3日福州市主副食品集超均价表_主副食品_
		福州市发展和改革委员会
	",普通鸡蛋,新鲜完整,元/500克,6.56,,,,,福州市主副食品集超均价表，集超均价,,,https://fgw.fuzhou.gov.cn/fgwzwgk/fzgggz/jgysf/msspjgxq/zfsp/202608/t20260803_5353267.htm
福州市,2026年8月3日,"
		2026年8月3日福州市主副食品集超均价表_主副食品_
		福州市发展和改革委员会
	",普通鸭蛋,新鲜完整,元/500克,8.21,,,,,福州市主副食品集超均价表，集超均价,,,https://fgw.fuzhou.gov.cn/fgwzwgk/fzgggz/jgysf/msspjgxq/zfsp/202608/t20260803_5353267.htm
福州市,2026年8月3日,"
		2026年8月3日福州市主副食品集超均价表_主副食品_
		福州市发展和改革委员会
	",标准粉,,元/500克,2.4,,,,,福州市主副食品集超均价表，集超均价,,,https://fgw.fuzhou.gov.cn/fgwzwgk/fzgggz/jgysf/msspjgxq/zfsp/202608/t20260803_5353267.htm
福州市,2026年8月3日,"
		2026年8月3日福州市主副食品集超均价表_主副食品_
		福州市发展和改革委员会
	",梨,新鲜,元/500克,5.38,,,,,福州市主副食品集超均价表，集超均价,,,https://fgw.fuzhou.gov.cn/fgwzwgk/fzgggz/jgysf/msspjgxq/zfsp/202608/t20260803_5353267.htm
福州市,2026年8月3日,"
		2026年8月3日福州市主副食品集超均价表_主副食品_
		福州市发展和改革委员会
	",油菜(菜心),新鲜,元/500克,3.75,,,,,福州市主副食品集超均价表，集超均价,,,https://fgw.fuzhou.gov.cn/fgwzwgk/fzgggz/jgysf/msspjgxq/zfsp/202608/t20260803_5353267.htm
福州市,2026年8月3日,"
		2026年8月3日福州市主副食品集超均价表_主副食品_
		福州市发展和改革委员会
	",活明虾,鲜活,元/500克,28.85,,,,,福州市主副食品集超均价表，集超均价,,,https://fgw.fuzhou.gov.cn/fgwzwgk/fzgggz/jgysf/msspjgxq/zfsp/202608/t20260803_5353267.htm
福州市,2026年8月3日,"
		2026年8月3日福州市主副食品集超均价表_主副食品_
		福州市发展和改革委员会
	",活花蛤,鲜活,元/500克,9.94,,,,,福州市主副食品集超均价表，集超均价,,,https://fgw.fuzhou.gov.cn/fgwzwgk/fzgggz/jgysf/msspjgxq/zfsp/202608/t20260803_5353267.htm
福州市,2026年8月3日,"
		2026年8月3日福州市主副食品集超均价表_主副食品_
		福州市发展和改革委员会
	",活草鱼,鲜活,元/500克,11.53,,,,,福州市主副食品集超均价表，集超均价,,,https://fgw.fuzhou.gov.cn/fgwzwgk/fzgggz/jgysf/msspjgxq/zfsp/202608/t20260803_5353267.htm
福州市,2026年8月3日,"
		2026年8月3日福州市主副食品集超均价表_主副食品_
		福州市发展和改革委员会
	",活鳙鱼（大头鲢）,鲜活,元/500克,13.91,,,,,福州市主副食品集超均价表，集超均价,,,https://fgw.fuzhou.gov.cn/fgwzwgk/fzgggz/jgysf/msspjgxq/zfsp/202608/t20260803_5353267.htm
福州市,2026年8月3日,"
		2026年8月3日福州市主副食品集超均价表_主副食品_
		福州市发展和改革委员会
	",牛肉,去骨肉,元/500克,46.87,,,,,福州市主副食品集超均价表，集超均价,,,https://fgw.fuzhou.gov.cn/fgwzwgk/fzgggz/jgysf/msspjgxq/zfsp/202608/t20260803_5353267.htm
福州市,2026年8月3日,"
		2026年8月3日福州市主副食品集超均价表_主副食品_
		福州市发展和改革委员会
	",猪瘦肉,新鲜,元/500克,14.65,,,,,福州市主副食品集超均价表，集超均价,,,https://fgw.fuzhou.gov.cn/fgwzwgk/fzgggz/jgysf/msspjgxq/zfsp/202608/t20260803_5353267.htm
福州市,2026年8月3日,"
		2026年8月3日福州市主副食品集超均价表_主副食品_
		福州市发展和改革委员会
	",猪肋条肉,新鲜,元/500克,15.23,,,,,福州市主副食品集超均价表，集超均价,,,https://fgw.fuzhou.gov.cn/fgwzwgk/fzgggz/jgysf/msspjgxq/zfsp/202608/t20260803_5353267.htm
福州市,2026年8月3日,"
		2026年8月3日福州市主副食品集超均价表_主副食品_
		福州市发展和改革委员会
	",白萝卜,新鲜,元/500克,1.62,,,,,福州市主副食品集超均价表，集超均价,,,https://fgw.fuzhou.gov.cn/fgwzwgk/fzgggz/jgysf/msspjgxq/zfsp/202608/t20260803_5353267.htm
福州市,2026年8月3日,"
		2026年8月3日福州市主副食品集超均价表_主副食品_
		福州市发展和改革委员会
	",空心菜,新鲜,元/500克,2.67,,,,,福州市主副食品集超均价表，集超均价,,,https://fgw.fuzhou.gov.cn/fgwzwgk/fzgggz/jgysf/msspjgxq/zfsp/202608/t20260803_5353267.htm
福州市,2026年8月3日,"
		2026年8月3日福州市主副食品集超均价表_主副食品_
		福州市发展和改革委员会
	",粳米,标一,元/500克,2.97,,,,,福州市主副食品集超均价表，集超均价,,,https://fgw.fuzhou.gov.cn/fgwzwgk/fzgggz/jgysf/msspjgxq/zfsp/202608/t20260803_5353267.htm
福州市,2026年8月3日,"
		2026年8月3日福州市主副食品集超均价表_主副食品_
		福州市发展和改革委员会
	",红萝卜,新鲜,元/500克,2.26,,,,,福州市主副食品集超均价表，集超均价,,,https://fgw.fuzhou.gov.cn/fgwzwgk/fzgggz/jgysf/msspjgxq/zfsp/202608/t20260803_5353267.htm
福州市,2026年8月3日,"
		2026年8月3日福州市主副食品集超均价表_主副食品_
		福州市发展和改革委员会
	",纯牛奶,盒装,元/盒(250毫升),2.71,,,,,福州市主副食品集超均价表，集超均价,,,https://fgw.fuzhou.gov.cn/fgwzwgk/fzgggz/jgysf/msspjgxq/zfsp/202608/t20260803_5353267.htm
福州市,2026年8月3日,"
		2026年8月3日福州市主副食品集超均价表_主副食品_
		福州市发展和改革委员会
	",羊肉,带骨肉,元/500克,45.09,,,,,福州市主副食品集超均价表，集超均价,,,https://fgw.fuzhou.gov.cn/fgwzwgk/fzgggz/jgysf/msspjgxq/zfsp/202608/t20260803_5353267.htm
福州市,2026年8月3日,"
		2026年8月3日福州市主副食品集超均价表_主副食品_
		福州市发展和改革委员会
	",脐橙,新鲜,元/500克,4.89,,,,,福州市主副食品集超均价表，集超均价,,,https://fgw.fuzhou.gov.cn/fgwzwgk/fzgggz/jgysf/msspjgxq/zfsp/202608/t20260803_5353267.htm
福州市,2026年8月3日,"
		2026年8月3日福州市主副食品集超均价表_主副食品_
		福州市发展和改革委员会
	",花生油,桶装一级,元/5升,107.01,,,,,福州市主副食品集超均价表，集超均价,,,https://fgw.fuzhou.gov.cn/fgwzwgk/fzgggz/jgysf/msspjgxq/zfsp/202608/t20260803_5353267.htm
福州市,2026年8月3日,"
		2026年8月3日福州市主副食品集超均价表_主副食品_
		福州市发展和改革委员会
	",花菜,新鲜,元/500克,5.01,,,,,福州市主副食品集超均价表，集超均价,,,https://fgw.fuzhou.gov.cn/fgwzwgk/fzgggz/jgysf/msspjgxq/zfsp/202608/t20260803_5353267.htm
福州市,2026年8月3日,"
		2026年8月3日福州市主副食品集超均价表_主副食品_
		福州市发展和改革委员会
	",芹菜,新鲜,元/500克,6.57,,,,,福州市主副食品集超均价表，集超均价,,,https://fgw.fuzhou.gov.cn/fgwzwgk/fzgggz/jgysf/msspjgxq/zfsp/202608/t20260803_5353267.htm
福州市,2026年8月3日,"
		2026年8月3日福州市主副食品集超均价表_主副食品_
		福州市发展和改革委员会
	",苹果,新鲜,元/500克,8.25,,,,,福州市主副食品集超均价表，集超均价,,,https://fgw.fuzhou.gov.cn/fgwzwgk/fzgggz/jgysf/msspjgxq/zfsp/202608/t20260803_5353267.htm
福州市,2026年8月3日,"
		2026年8月3日福州市主副食品集超均价表_主副食品_
		福州市发展和改革委员会
	",茄子,新鲜,元/500克,3.1,,,,,福州市主副食品集超均价表，集超均价,,,https://fgw.fuzhou.gov.cn/fgwzwgk/fzgggz/jgysf/msspjgxq/zfsp/202608/t20260803_5353267.htm
福州市,2026年8月3日,"
		2026年8月3日福州市主副食品集超均价表_主副食品_
		福州市发展和改革委员会
	",菜籽油,桶装一级,元/5升,70.74,,,,,福州市主副食品集超均价表，集超均价,,,https://fgw.fuzhou.gov.cn/fgwzwgk/fzgggz/jgysf/msspjgxq/zfsp/202608/t20260803_5353267.htm
福州市,2026年8月3日,"
		2026年8月3日福州市主副食品集超均价表_主副食品_
		福州市发展和改革委员会
	",蒜苔,新鲜,元/500克,8.27,,,,,福州市主副食品集超均价表，集超均价,,,https://fgw.fuzhou.gov.cn/fgwzwgk/fzgggz/jgysf/msspjgxq/zfsp/202608/t20260803_5353267.htm
福州市,2026年8月3日,"
		2026年8月3日福州市主副食品集超均价表_主副食品_
		福州市发展和改革委员会
	",西红柿,新鲜,元/500克,3.98,,,,,福州市主副食品集超均价表，集超均价,,,https://fgw.fuzhou.gov.cn/fgwzwgk/fzgggz/jgysf/msspjgxq/zfsp/202608/t20260803_5353267.htm
福州市,2026年8月3日,"
		2026年8月3日福州市主副食品集超均价表_主副食品_
		福州市发展和改革委员会
	",调和油,桶装一级,元/5升,67.03,,,,,福州市主副食品集超均价表，集超均价,,,https://fgw.fuzhou.gov.cn/fgwzwgk/fzgggz/jgysf/msspjgxq/zfsp/202608/t20260803_5353267.htm
福州市,2026年8月3日,"
		2026年8月3日福州市主副食品集超均价表_主副食品_
		福州市发展和改革委员会
	",豆角,新鲜,元/500克,6.8,,,,,福州市主副食品集超均价表，集超均价,,,https://fgw.fuzhou.gov.cn/fgwzwgk/fzgggz/jgysf/msspjgxq/zfsp/202608/t20260803_5353267.htm
福州市,2026年8月3日,"
		2026年8月3日福州市主副食品集超均价表_主副食品_
		福州市发展和改革委员会
	",青椒,新鲜,元/500克,5.38,,,,,福州市主副食品集超均价表，集超均价,,,https://fgw.fuzhou.gov.cn/fgwzwgk/fzgggz/jgysf/msspjgxq/zfsp/202608/t20260803_5353267.htm
福州市,2026年8月3日,"
		2026年8月3日福州市主副食品集超均价表_主副食品_
		福州市发展和改革委员会
	",韭菜,新鲜,元/500克,5.79,,,,,福州市主副食品集超均价表，集超均价,,,https://fgw.fuzhou.gov.cn/fgwzwgk/fzgggz/jgysf/msspjgxq/zfsp/202608/t20260803_5353267.htm
福州市,2026年8月3日,"
		2026年8月3日福州市主副食品集超均价表_主副食品_
		福州市发展和改革委员会
	",香蕉,新鲜,元/500克,4.62,,,,,福州市主副食品集超均价表，集超均价,,,https://fgw.fuzhou.gov.cn/fgwzwgk/fzgggz/jgysf/msspjgxq/zfsp/202608/t20260803_5353267.htm
福州市,2026年8月3日,"
		2026年8月3日福州市主副食品集超均价表_主副食品_
		福州市发展和改革委员会
	",马胶鱼,冰鲜,元/500克,28.92,,,,,福州市主副食品集超均价表，集超均价,,,https://fgw.fuzhou.gov.cn/fgwzwgk/fzgggz/jgysf/msspjgxq/zfsp/202608/t20260803_5353267.htm
福州市,2026年8月3日,"
		2026年8月3日福州市主副食品集超均价表_主副食品_
		福州市发展和改革委员会
	",鱿鱼,冰鲜,元/500克,50.52,,,,,福州市主副食品集超均价表，集超均价,,,https://fgw.fuzhou.gov.cn/fgwzwgk/fzgggz/jgysf/msspjgxq/zfsp/202608/t20260803_5353267.htm
福州市,2026年8月3日,"
		2026年8月3日福州市主副食品集超均价表_主副食品_
		福州市发展和改革委员会
	",鸡肉,白条鸡,元/500克,16.03,,,,,福州市主副食品集超均价表，集超均价,,,https://fgw.fuzhou.gov.cn/fgwzwgk/fzgggz/jgysf/msspjgxq/zfsp/202608/t20260803_5353267.htm
福州市,2026年8月3日,"
		2026年8月3日福州市主副食品集超均价表_主副食品_
		福州市发展和改革委员会
	",鸭肉,白条鸭,元/500克,16.69,,,,,福州市主副食品集超均价表，集超均价,,,https://fgw.fuzhou.gov.cn/fgwzwgk/fzgggz/jgysf/msspjgxq/zfsp/202608/t20260803_5353267.htm
福州市,2026年8月3日,"
		2026年8月3日福州市主副食品集超均价表_主副食品_
		福州市发展和改革委员会
	",黄瓜,新鲜,元/500克,3.25,,,,,福州市主副食品集超均价表，集超均价,,,https://fgw.fuzhou.gov.cn/fgwzwgk/fzgggz/jgysf/msspjgxq/zfsp/202608/t20260803_5353267.htm
福州市,2026年8月3日,"
		2026年8月3日福州市主副食品集超均价表_主副食品_
		福州市发展和改革委员会
	",黄瓜鱼,冰鲜,元/500克,27.5,,,,,福州市主副食品集超均价表，集超均价,,,https://fgw.fuzhou.gov.cn/fgwzwgk/fzgggz/jgysf/msspjgxq/zfsp/202608/t20260803_5353267.htm
福州市,2026年8月4日,"
		2026年8月4日福州市主副食品集超均价表_主副食品_
		福州市发展和改革委员会
	",上海青,新鲜,元/500克,3.37,,,,,福州市主副食品集超均价表，集超均价,,,https://fgw.fuzhou.gov.cn/fgwzwgk/fzgggz/jgysf/msspjgxq/zfsp/202608/t20260804_5354041.htm
福州市,2026年8月4日,"
		2026年8月4日福州市主副食品集超均价表_主副食品_
		福州市发展和改革委员会
	",冻带鱼,冷冻,元/500克,22.21,,,,,福州市主副食品集超均价表，集超均价,,,https://fgw.fuzhou.gov.cn/fgwzwgk/fzgggz/jgysf/msspjgxq/zfsp/202608/t20260804_5354041.htm
福州市,2026年8月4日,"
		2026年8月4日福州市主副食品集超均价表_主副食品_
		福州市发展和改革委员会
	",圆白菜,新鲜,元/500克,2.24,,,,,福州市主副食品集超均价表，集超均价,,,https://fgw.fuzhou.gov.cn/fgwzwgk/fzgggz/jgysf/msspjgxq/zfsp/202608/t20260804_5354041.htm
福州市,2026年8月4日,"
		2026年8月4日福州市主副食品集超均价表_主副食品_
		福州市发展和改革委员会
	",土豆,新鲜,元/500克,2.31,,,,,福州市主副食品集超均价表，集超均价,,,https://fgw.fuzhou.gov.cn/fgwzwgk/fzgggz/jgysf/msspjgxq/zfsp/202608/t20260804_5354041.htm
福州市,2026年8月4日,"
		2026年8月4日福州市主副食品集超均价表_主副食品_
		福州市发展和改革委员会
	",大白菜,新鲜,元/500克,2.28,,,,,福州市主副食品集超均价表，集超均价,,,https://fgw.fuzhou.gov.cn/fgwzwgk/fzgggz/jgysf/msspjgxq/zfsp/202608/t20260804_5354041.htm
福州市,2026年8月4日,"
		2026年8月4日福州市主副食品集超均价表_主副食品_
		福州市发展和改革委员会
	",大豆油,桶装一级,元/5升,58.17,,,,,福州市主副食品集超均价表，集超均价,,,https://fgw.fuzhou.gov.cn/fgwzwgk/fzgggz/jgysf/msspjgxq/zfsp/202608/t20260804_5354041.htm
福州市,2026年8月4日,"
		2026年8月4日福州市主副食品集超均价表_主副食品_
		福州市发展和改革委员会
	",富强粉,,元/500克,3.57,,,,,福州市主副食品集超均价表，集超均价,,,https://fgw.fuzhou.gov.cn/fgwzwgk/fzgggz/jgysf/msspjgxq/zfsp/202608/t20260804_5354041.htm
福州市,2026年8月4日,"
		2026年8月4日福州市主副食品集超均价表_主副食品_
		福州市发展和改革委员会
	",尖椒,新鲜,元/500克,5.16,,,,,福州市主副食品集超均价表，集超均价,,,https://fgw.fuzhou.gov.cn/fgwzwgk/fzgggz/jgysf/msspjgxq/zfsp/202608/t20260804_5354041.htm
福州市,2026年8月4日,"
		2026年8月4日福州市主副食品集超均价表_主副食品_
		福州市发展和改革委员会
	",晚籼米,标一,元/500克,2.68,,,,,福州市主副食品集超均价表，集超均价,,,https://fgw.fuzhou.gov.cn/fgwzwgk/fzgggz/jgysf/msspjgxq/zfsp/202608/t20260804_5354041.htm
福州市,2026年8月4日,"
		2026年8月4日福州市主副食品集超均价表_主副食品_
		福州市发展和改革委员会
	",普通鸡蛋,新鲜完整,元/500克,6.54,,,,,福州市主副食品集超均价表，集超均价,,,https://fgw.fuzhou.gov.cn/fgwzwgk/fzgggz/jgysf/msspjgxq/zfsp/202608/t20260804_5354041.htm
福州市,2026年8月4日,"
		2026年8月4日福州市主副食品集超均价表_主副食品_
		福州市发展和改革委员会
	",普通鸭蛋,新鲜完整,元/500克,8.22,,,,,福州市主副食品集超均价表，集超均价,,,https://fgw.fuzhou.gov.cn/fgwzwgk/fzgggz/jgysf/msspjgxq/zfsp/202608/t20260804_5354041.htm
福州市,2026年8月4日,"
		2026年8月4日福州市主副食品集超均价表_主副食品_
		福州市发展和改革委员会
	",标准粉,,元/500克,2.4,,,,,福州市主副食品集超均价表，集超均价,,,https://fgw.fuzhou.gov.cn/fgwzwgk/fzgggz/jgysf/msspjgxq/zfsp/202608/t20260804_5354041.htm
福州市,2026年8月4日,"
		2026年8月4日福州市主副食品集超均价表_主副食品_
		福州市发展和改革委员会
	",梨,新鲜,元/500克,5.38,,,,,福州市主副食品集超均价表，集超均价,,,https://fgw.fuzhou.gov.cn/fgwzwgk/fzgggz/jgysf/msspjgxq/zfsp/202608/t20260804_5354041.htm
福州市,2026年8月4日,"
		2026年8月4日福州市主副食品集超均价表_主副食品_
		福州市发展和改革委员会
	",油菜(菜心),新鲜,元/500克,3.82,,,,,福州市主副食品集超均价表，集超均价,,,https://fgw.fuzhou.gov.cn/fgwzwgk/fzgggz/jgysf/msspjgxq/zfsp/202608/t20260804_5354041.htm
福州市,2026年8月4日,"
		2026年8月4日福州市主副食品集超均价表_主副食品_
		福州市发展和改革委员会
	",活明虾,鲜活,元/500克,29,,,,,福州市主副食品集超均价表，集超均价,,,https://fgw.fuzhou.gov.cn/fgwzwgk/fzgggz/jgysf/msspjgxq/zfsp/202608/t20260804_5354041.htm
福州市,2026年8月4日,"
		2026年8月4日福州市主副食品集超均价表_主副食品_
		福州市发展和改革委员会
	",活花蛤,鲜活,元/500克,9.94,,,,,福州市主副食品集超均价表，集超均价,,,https://fgw.fuzhou.gov.cn/fgwzwgk/fzgggz/jgysf/msspjgxq/zfsp/202608/t20260804_5354041.htm
福州市,2026年8月4日,"
		2026年8月4日福州市主副食品集超均价表_主副食品_
		福州市发展和改革委员会
	",活草鱼,鲜活,元/500克,11.53,,,,,福州市主副食品集超均价表，集超均价,,,https://fgw.fuzhou.gov.cn/fgwzwgk/fzgggz/jgysf/msspjgxq/zfsp/202608/t20260804_5354041.htm
福州市,2026年8月4日,"
		2026年8月4日福州市主副食品集超均价表_主副食品_
		福州市发展和改革委员会
	",活鳙鱼（大头鲢）,鲜活,元/500克,13.91,,,,,福州市主副食品集超均价表，集超均价,,,https://fgw.fuzhou.gov.cn/fgwzwgk/fzgggz/jgysf/msspjgxq/zfsp/202608/t20260804_5354041.htm
福州市,2026年8月4日,"
		2026年8月4日福州市主副食品集超均价表_主副食品_
		福州市发展和改革委员会
	",牛肉,去骨肉,元/500克,46.87,,,,,福州市主副食品集超均价表，集超均价,,,https://fgw.fuzhou.gov.cn/fgwzwgk/fzgggz/jgysf/msspjgxq/zfsp/202608/t20260804_5354041.htm
福州市,2026年8月4日,"
		2026年8月4日福州市主副食品集超均价表_主副食品_
		福州市发展和改革委员会
	",猪瘦肉,新鲜,元/500克,14.72,,,,,福州市主副食品集超均价表，集超均价,,,https://fgw.fuzhou.gov.cn/fgwzwgk/fzgggz/jgysf/msspjgxq/zfsp/202608/t20260804_5354041.htm
福州市,2026年8月4日,"
		2026年8月4日福州市主副食品集超均价表_主副食品_
		福州市发展和改革委员会
	",猪肋条肉,新鲜,元/500克,15.3,,,,,福州市主副食品集超均价表，集超均价,,,https://fgw.fuzhou.gov.cn/fgwzwgk/fzgggz/jgysf/msspjgxq/zfsp/202608/t20260804_5354041.htm
福州市,2026年8月4日,"
		2026年8月4日福州市主副食品集超均价表_主副食品_
		福州市发展和改革委员会
	",白萝卜,新鲜,元/500克,1.68,,,,,福州市主副食品集超均价表，集超均价,,,https://fgw.fuzhou.gov.cn/fgwzwgk/fzgggz/jgysf/msspjgxq/zfsp/202608/t20260804_5354041.htm
福州市,2026年8月4日,"
		2026年8月4日福州市主副食品集超均价表_主副食品_
		福州市发展和改革委员会
	",空心菜,新鲜,元/500克,2.69,,,,,福州市主副食品集超均价表，集超均价,,,https://fgw.fuzhou.gov.cn/fgwzwgk/fzgggz/jgysf/msspjgxq/zfsp/202608/t20260804_5354041.htm
福州市,2026年8月4日,"
		2026年8月4日福州市主副食品集超均价表_主副食品_
		福州市发展和改革委员会
	",粳米,标一,元/500克,2.97,,,,,福州市主副食品集超均价表，集超均价,,,https://fgw.fuzhou.gov.cn/fgwzwgk/fzgggz/jgysf/msspjgxq/zfsp/202608/t20260804_5354041.htm
福州市,2026年8月4日,"
		2026年8月4日福州市主副食品集超均价表_主副食品_
		福州市发展和改革委员会
	",红萝卜,新鲜,元/500克,2.26,,,,,福州市主副食品集超均价表，集超均价,,,https://fgw.fuzhou.gov.cn/fgwzwgk/fzgggz/jgysf/msspjgxq/zfsp/202608/t20260804_5354041.htm
福州市,2026年8月4日,"
		2026年8月4日福州市主副食品集超均价表_主副食品_
		福州市发展和改革委员会
	",纯牛奶,盒装,元/盒(250毫升),2.71,,,,,福州市主副食品集超均价表，集超均价,,,https://fgw.fuzhou.gov.cn/fgwzwgk/fzgggz/jgysf/msspjgxq/zfsp/202608/t20260804_5354041.htm
福州市,2026年8月4日,"
		2026年8月4日福州市主副食品集超均价表_主副食品_
		福州市发展和改革委员会
	",羊肉,带骨肉,元/500克,45.09,,,,,福州市主副食品集超均价表，集超均价,,,https://fgw.fuzhou.gov.cn/fgwzwgk/fzgggz/jgysf/msspjgxq/zfsp/202608/t20260804_5354041.htm
福州市,2026年8月4日,"
		2026年8月4日福州市主副食品集超均价表_主副食品_
		福州市发展和改革委员会
	",脐橙,新鲜,元/500克,4.89,,,,,福州市主副食品集超均价表，集超均价,,,https://fgw.fuzhou.gov.cn/fgwzwgk/fzgggz/jgysf/msspjgxq/zfsp/202608/t20260804_5354041.htm
福州市,2026年8月4日,"
		2026年8月4日福州市主副食品集超均价表_主副食品_
		福州市发展和改革委员会
	",花生油,桶装一级,元/5升,107.01,,,,,福州市主副食品集超均价表，集超均价,,,https://fgw.fuzhou.gov.cn/fgwzwgk/fzgggz/jgysf/msspjgxq/zfsp/202608/t20260804_5354041.htm
福州市,2026年8月4日,"
		2026年8月4日福州市主副食品集超均价表_主副食品_
		福州市发展和改革委员会
	",花菜,新鲜,元/500克,4.85,,,,,福州市主副食品集超均价表，集超均价,,,https://fgw.fuzhou.gov.cn/fgwzwgk/fzgggz/jgysf/msspjgxq/zfsp/202608/t20260804_5354041.htm
福州市,2026年8月4日,"
		2026年8月4日福州市主副食品集超均价表_主副食品_
		福州市发展和改革委员会
	",芹菜,新鲜,元/500克,6.57,,,,,福州市主副食品集超均价表，集超均价,,,https://fgw.fuzhou.gov.cn/fgwzwgk/fzgggz/jgysf/msspjgxq/zfsp/202608/t20260804_5354041.htm
福州市,2026年8月4日,"
		2026年8月4日福州市主副食品集超均价表_主副食品_
		福州市发展和改革委员会
	",苹果,新鲜,元/500克,8.25,,,,,福州市主副食品集超均价表，集超均价,,,https://fgw.fuzhou.gov.cn/fgwzwgk/fzgggz/jgysf/msspjgxq/zfsp/202608/t20260804_5354041.htm
福州市,2026年8月4日,"
		2026年8月4日福州市主副食品集超均价表_主副食品_
		福州市发展和改革委员会
	",茄子,新鲜,元/500克,3.15,,,,,福州市主副食品集超均价表，集超均价,,,https://fgw.fuzhou.gov.cn/fgwzwgk/fzgggz/jgysf/msspjgxq/zfsp/202608/t20260804_5354041.htm
福州市,2026年8月4日,"
		2026年8月4日福州市主副食品集超均价表_主副食品_
		福州市发展和改革委员会
	",菜籽油,桶装一级,元/5升,70.74,,,,,福州市主副食品集超均价表，集超均价,,,https://fgw.fuzhou.gov.cn/fgwzwgk/fzgggz/jgysf/msspjgxq/zfsp/202608/t20260804_5354041.htm
福州市,2026年8月4日,"
		2026年8月4日福州市主副食品集超均价表_主副食品_
		福州市发展和改革委员会
	",蒜苔,新鲜,元/500克,8.27,,,,,福州市主副食品集超均价表，集超均价,,,https://fgw.fuzhou.gov.cn/fgwzwgk/fzgggz/jgysf/msspjgxq/zfsp/202608/t20260804_5354041.htm
福州市,2026年8月4日,"
		2026年8月4日福州市主副食品集超均价表_主副食品_
		福州市发展和改革委员会
	",西红柿,新鲜,元/500克,4.05,,,,,福州市主副食品集超均价表，集超均价,,,https://fgw.fuzhou.gov.cn/fgwzwgk/fzgggz/jgysf/msspjgxq/zfsp/202608/t20260804_5354041.htm
福州市,2026年8月4日,"
		2026年8月4日福州市主副食品集超均价表_主副食品_
		福州市发展和改革委员会
	",调和油,桶装一级,元/5升,67.03,,,,,福州市主副食品集超均价表，集超均价,,,https://fgw.fuzhou.gov.cn/fgwzwgk/fzgggz/jgysf/msspjgxq/zfsp/202608/t20260804_5354041.htm
福州市,2026年8月4日,"
		2026年8月4日福州市主副食品集超均价表_主副食品_
		福州市发展和改革委员会
	",豆角,新鲜,元/500克,6.73,,,,,福州市主副食品集超均价表，集超均价,,,https://fgw.fuzhou.gov.cn/fgwzwgk/fzgggz/jgysf/msspjgxq/zfsp/202608/t20260804_5354041.htm
福州市,2026年8月4日,"
		2026年8月4日福州市主副食品集超均价表_主副食品_
		福州市发展和改革委员会
	",青椒,新鲜,元/500克,5.37,,,,,福州市主副食品集超均价表，集超均价,,,https://fgw.fuzhou.gov.cn/fgwzwgk/fzgggz/jgysf/msspjgxq/zfsp/202608/t20260804_5354041.htm
福州市,2026年8月4日,"
		2026年8月4日福州市主副食品集超均价表_主副食品_
		福州市发展和改革委员会
	",韭菜,新鲜,元/500克,5.79,,,,,福州市主副食品集超均价表，集超均价,,,https://fgw.fuzhou.gov.cn/fgwzwgk/fzgggz/jgysf/msspjgxq/zfsp/202608/t20260804_5354041.htm
福州市,2026年8月4日,"
		2026年8月4日福州市主副食品集超均价表_主副食品_
		福州市发展和改革委员会
	",香蕉,新鲜,元/500克,4.62,,,,,福州市主副食品集超均价表，集超均价,,,https://fgw.fuzhou.gov.cn/fgwzwgk/fzgggz/jgysf/msspjgxq/zfsp/202608/t20260804_5354041.htm
福州市,2026年8月4日,"
		2026年8月4日福州市主副食品集超均价表_主副食品_
		福州市发展和改革委员会
	",马胶鱼,冰鲜,元/500克,28.77,,,,,福州市主副食品集超均价表，集超均价,,,https://fgw.fuzhou.gov.cn/fgwzwgk/fzgggz/jgysf/msspjgxq/zfsp/202608/t20260804_5354041.htm
福州市,2026年8月4日,"
		2026年8月4日福州市主副食品集超均价表_主副食品_
		福州市发展和改革委员会
	",鱿鱼,冰鲜,元/500克,50.45,,,,,福州市主副食品集超均价表，集超均价,,,https://fgw.fuzhou.gov.cn/fgwzwgk/fzgggz/jgysf/msspjgxq/zfsp/202608/t20260804_5354041.htm
福州市,2026年8月4日,"
		2026年8月4日福州市主副食品集超均价表_主副食品_
		福州市发展和改革委员会
	",鸡肉,白条鸡,元/500克,16.17,,,,,福州市主副食品集超均价表，集超均价,,,https://fgw.fuzhou.gov.cn/fgwzwgk/fzgggz/jgysf/msspjgxq/zfsp/202608/t20260804_5354041.htm
福州市,2026年8月4日,"
		2026年8月4日福州市主副食品集超均价表_主副食品_
		福州市发展和改革委员会
	",鸭肉,白条鸭,元/500克,16.7,,,,,福州市主副食品集超均价表，集超均价,,,https://fgw.fuzhou.gov.cn/fgwzwgk/fzgggz/jgysf/msspjgxq/zfsp/202608/t20260804_5354041.htm
福州市,2026年8月4日,"
		2026年8月4日福州市主副食品集超均价表_主副食品_
		福州市发展和改革委员会
	",黄瓜,新鲜,元/500克,3.25,,,,,福州市主副食品集超均价表，集超均价,,,https://fgw.fuzhou.gov.cn/fgwzwgk/fzgggz/jgysf/msspjgxq/zfsp/202608/t20260804_5354041.htm
福州市,2026年8月4日,"
		2026年8月4日福州市主副食品集超均价表_主副食品_
		福州市发展和改革委员会
	",黄瓜鱼,冰鲜,元/500克,27.43,,,,,福州市主副食品集超均价表，集超均价,,,https://fgw.fuzhou.gov.cn/fgwzwgk/fzgggz/jgysf/msspjgxq/zfsp/202608/t20260804_5354041.htm
福州市,2026年8月5日,"
		2026年8月5日福州市主副食品集超均价表_主副食品_
		福州市发展和改革委员会
	",上海青,新鲜,元/500克,3.35,,,,,福州市主副食品集超均价表，集超均价,,,https://fgw.fuzhou.gov.cn/fgwzwgk/fzgggz/jgysf/msspjgxq/zfsp/202608/t20260805_5354596.htm
福州市,2026年8月5日,"
		2026年8月5日福州市主副食品集超均价表_主副食品_
		福州市发展和改革委员会
	",冻带鱼,冷冻,元/500克,22.21,,,,,福州市主副食品集超均价表，集超均价,,,https://fgw.fuzhou.gov.cn/fgwzwgk/fzgggz/jgysf/msspjgxq/zfsp/202608/t20260805_5354596.htm
福州市,2026年8月5日,"
		2026年8月5日福州市主副食品集超均价表_主副食品_
		福州市发展和改革委员会
	",圆白菜,新鲜,元/500克,2.23,,,,,福州市主副食品集超均价表，集超均价,,,https://fgw.fuzhou.gov.cn/fgwzwgk/fzgggz/jgysf/msspjgxq/zfsp/202608/t20260805_5354596.htm
福州市,2026年8月5日,"
		2026年8月5日福州市主副食品集超均价表_主副食品_
		福州市发展和改革委员会
	",土豆,新鲜,元/500克,2.25,,,,,福州市主副食品集超均价表，集超均价,,,https://fgw.fuzhou.gov.cn/fgwzwgk/fzgggz/jgysf/msspjgxq/zfsp/202608/t20260805_5354596.htm
福州市,2026年8月5日,"
		2026年8月5日福州市主副食品集超均价表_主副食品_
		福州市发展和改革委员会
	",大白菜,新鲜,元/500克,2.27,,,,,福州市主副食品集超均价表，集超均价,,,https://fgw.fuzhou.gov.cn/fgwzwgk/fzgggz/jgysf/msspjgxq/zfsp/202608/t20260805_5354596.htm
福州市,2026年8月5日,"
		2026年8月5日福州市主副食品集超均价表_主副食品_
		福州市发展和改革委员会
	",大豆油,桶装一级,元/5升,58.17,,,,,福州市主副食品集超均价表，集超均价,,,https://fgw.fuzhou.gov.cn/fgwzwgk/fzgggz/jgysf/msspjgxq/zfsp/202608/t20260805_5354596.htm
福州市,2026年8月5日,"
		2026年8月5日福州市主副食品集超均价表_主副食品_
		福州市发展和改革委员会
	",富强粉,,元/500克,3.57,,,,,福州市主副食品集超均价表，集超均价,,,https://fgw.fuzhou.gov.cn/fgwzwgk/fzgggz/jgysf/msspjgxq/zfsp/202608/t20260805_5354596.htm
福州市,2026年8月5日,"
		2026年8月5日福州市主副食品集超均价表_主副食品_
		福州市发展和改革委员会
	",尖椒,新鲜,元/500克,5.16,,,,,福州市主副食品集超均价表，集超均价,,,https://fgw.fuzhou.gov.cn/fgwzwgk/fzgggz/jgysf/msspjgxq/zfsp/202608/t20260805_5354596.htm
福州市,2026年8月5日,"
		2026年8月5日福州市主副食品集超均价表_主副食品_
		福州市发展和改革委员会
	",晚籼米,标一,元/500克,2.68,,,,,福州市主副食品集超均价表，集超均价,,,https://fgw.fuzhou.gov.cn/fgwzwgk/fzgggz/jgysf/msspjgxq/zfsp/202608/t20260805_5354596.htm
福州市,2026年8月5日,"
		2026年8月5日福州市主副食品集超均价表_主副食品_
		福州市发展和改革委员会
	",普通鸡蛋,新鲜完整,元/500克,6.53,,,,,福州市主副食品集超均价表，集超均价,,,https://fgw.fuzhou.gov.cn/fgwzwgk/fzgggz/jgysf/msspjgxq/zfsp/202608/t20260805_5354596.htm
福州市,2026年8月5日,"
		2026年8月5日福州市主副食品集超均价表_主副食品_
		福州市发展和改革委员会
	",普通鸭蛋,新鲜完整,元/500克,8.22,,,,,福州市主副食品集超均价表，集超均价,,,https://fgw.fuzhou.gov.cn/fgwzwgk/fzgggz/jgysf/msspjgxq/zfsp/202608/t20260805_5354596.htm
福州市,2026年8月5日,"
		2026年8月5日福州市主副食品集超均价表_主副食品_
		福州市发展和改革委员会
	",标准粉,,元/500克,2.4,,,,,福州市主副食品集超均价表，集超均价,,,https://fgw.fuzhou.gov.cn/fgwzwgk/fzgggz/jgysf/msspjgxq/zfsp/202608/t20260805_5354596.htm
福州市,2026年8月5日,"
		2026年8月5日福州市主副食品集超均价表_主副食品_
		福州市发展和改革委员会
	",梨,新鲜,元/500克,5.38,,,,,福州市主副食品集超均价表，集超均价,,,https://fgw.fuzhou.gov.cn/fgwzwgk/fzgggz/jgysf/msspjgxq/zfsp/202608/t20260805_5354596.htm
福州市,2026年8月5日,"
		2026年8月5日福州市主副食品集超均价表_主副食品_
		福州市发展和改革委员会
	",油菜(菜心),新鲜,元/500克,3.85,,,,,福州市主副食品集超均价表，集超均价,,,https://fgw.fuzhou.gov.cn/fgwzwgk/fzgggz/jgysf/msspjgxq/zfsp/202608/t20260805_5354596.htm
福州市,2026年8月5日,"
		2026年8月5日福州市主副食品集超均价表_主副食品_
		福州市发展和改革委员会
	",活明虾,鲜活,元/500克,28.57,,,,,福州市主副食品集超均价表，集超均价,,,https://fgw.fuzhou.gov.cn/fgwzwgk/fzgggz/jgysf/msspjgxq/zfsp/202608/t20260805_5354596.htm
福州市,2026年8月5日,"
		2026年8月5日福州市主副食品集超均价表_主副食品_
		福州市发展和改革委员会
	",活花蛤,鲜活,元/500克,10.08,,,,,福州市主副食品集超均价表，集超均价,,,https://fgw.fuzhou.gov.cn/fgwzwgk/fzgggz/jgysf/msspjgxq/zfsp/202608/t20260805_5354596.htm
福州市,2026年8月5日,"
		2026年8月5日福州市主副食品集超均价表_主副食品_
		福州市发展和改革委员会
	",活草鱼,鲜活,元/500克,11.81,,,,,福州市主副食品集超均价表，集超均价,,,https://fgw.fuzhou.gov.cn/fgwzwgk/fzgggz/jgysf/msspjgxq/zfsp/202608/t20260805_5354596.htm
福州市,2026年8月5日,"
		2026年8月5日福州市主副食品集超均价表_主副食品_
		福州市发展和改革委员会
	",活鳙鱼（大头鲢）,鲜活,元/500克,13.91,,,,,福州市主副食品集超均价表，集超均价,,,https://fgw.fuzhou.gov.cn/fgwzwgk/fzgggz/jgysf/msspjgxq/zfsp/202608/t20260805_5354596.htm
福州市,2026年8月5日,"
		2026年8月5日福州市主副食品集超均价表_主副食品_
		福州市发展和改革委员会
	",牛肉,去骨肉,元/500克,46.87,,,,,福州市主副食品集超均价表，集超均价,,,https://fgw.fuzhou.gov.cn/fgwzwgk/fzgggz/jgysf/msspjgxq/zfsp/202608/t20260805_5354596.htm
福州市,2026年8月5日,"
		2026年8月5日福州市主副食品集超均价表_主副食品_
		福州市发展和改革委员会
	",猪瘦肉,新鲜,元/500克,14.65,,,,,福州市主副食品集超均价表，集超均价,,,https://fgw.fuzhou.gov.cn/fgwzwgk/fzgggz/jgysf/msspjgxq/zfsp/202608/t20260805_5354596.htm
福州市,2026年8月5日,"
		2026年8月5日福州市主副食品集超均价表_主副食品_
		福州市发展和改革委员会
	",猪肋条肉,新鲜,元/500克,15.58,,,,,福州市主副食品集超均价表，集超均价,,,https://fgw.fuzhou.gov.cn/fgwzwgk/fzgggz/jgysf/msspjgxq/zfsp/202608/t20260805_5354596.htm
福州市,2026年8月5日,"
		2026年8月5日福州市主副食品集超均价表_主副食品_
		福州市发展和改革委员会
	",白萝卜,新鲜,元/500克,1.72,,,,,福州市主副食品集超均价表，集超均价,,,https://fgw.fuzhou.gov.cn/fgwzwgk/fzgggz/jgysf/msspjgxq/zfsp/202608/t20260805_5354596.htm
福州市,2026年8月5日,"
		2026年8月5日福州市主副食品集超均价表_主副食品_
		福州市发展和改革委员会
	",空心菜,新鲜,元/500克,2.69,,,,,福州市主副食品集超均价表，集超均价,,,https://fgw.fuzhou.gov.cn/fgwzwgk/fzgggz/jgysf/msspjgxq/zfsp/202608/t20260805_5354596.htm
福州市,2026年8月5日,"
		2026年8月5日福州市主副食品集超均价表_主副食品_
		福州市发展和改革委员会
	",粳米,标一,元/500克,2.97,,,,,福州市主副食品集超均价表，集超均价,,,https://fgw.fuzhou.gov.cn/fgwzwgk/fzgggz/jgysf/msspjgxq/zfsp/202608/t20260805_5354596.htm
福州市,2026年8月5日,"
		2026年8月5日福州市主副食品集超均价表_主副食品_
		福州市发展和改革委员会
	",红萝卜,新鲜,元/500克,2.24,,,,,福州市主副食品集超均价表，集超均价,,,https://fgw.fuzhou.gov.cn/fgwzwgk/fzgggz/jgysf/msspjgxq/zfsp/202608/t20260805_5354596.htm
福州市,2026年8月5日,"
		2026年8月5日福州市主副食品集超均价表_主副食品_
		福州市发展和改革委员会
	",纯牛奶,盒装,元/盒(250毫升),2.71,,,,,福州市主副食品集超均价表，集超均价,,,https://fgw.fuzhou.gov.cn/fgwzwgk/fzgggz/jgysf/msspjgxq/zfsp/202608/t20260805_5354596.htm
福州市,2026年8月5日,"
		2026年8月5日福州市主副食品集超均价表_主副食品_
		福州市发展和改革委员会
	",羊肉,带骨肉,元/500克,45.02,,,,,福州市主副食品集超均价表，集超均价,,,https://fgw.fuzhou.gov.cn/fgwzwgk/fzgggz/jgysf/msspjgxq/zfsp/202608/t20260805_5354596.htm
福州市,2026年8月5日,"
		2026年8月5日福州市主副食品集超均价表_主副食品_
		福州市发展和改革委员会
	",脐橙,新鲜,元/500克,4.89,,,,,福州市主副食品集超均价表，集超均价,,,https://fgw.fuzhou.gov.cn/fgwzwgk/fzgggz/jgysf/msspjgxq/zfsp/202608/t20260805_5354596.htm
福州市,2026年8月5日,"
		2026年8月5日福州市主副食品集超均价表_主副食品_
		福州市发展和改革委员会
	",花生油,桶装一级,元/5升,107.01,,,,,福州市主副食品集超均价表，集超均价,,,https://fgw.fuzhou.gov.cn/fgwzwgk/fzgggz/jgysf/msspjgxq/zfsp/202608/t20260805_5354596.htm
福州市,2026年8月5日,"
		2026年8月5日福州市主副食品集超均价表_主副食品_
		福州市发展和改革委员会
	",花菜,新鲜,元/500克,4.77,,,,,福州市主副食品集超均价表，集超均价,,,https://fgw.fuzhou.gov.cn/fgwzwgk/fzgggz/jgysf/msspjgxq/zfsp/202608/t20260805_5354596.htm
福州市,2026年8月5日,"
		2026年8月5日福州市主副食品集超均价表_主副食品_
		福州市发展和改革委员会
	",芹菜,新鲜,元/500克,6.69,,,,,福州市主副食品集超均价表，集超均价,,,https://fgw.fuzhou.gov.cn/fgwzwgk/fzgggz/jgysf/msspjgxq/zfsp/202608/t20260805_5354596.htm
福州市,2026年8月5日,"
		2026年8月5日福州市主副食品集超均价表_主副食品_
		福州市发展和改革委员会
	",苹果,新鲜,元/500克,8.29,,,,,福州市主副食品集超均价表，集超均价,,,https://fgw.fuzhou.gov.cn/fgwzwgk/fzgggz/jgysf/msspjgxq/zfsp/202608/t20260805_5354596.htm
福州市,2026年8月5日,"
		2026年8月5日福州市主副食品集超均价表_主副食品_
		福州市发展和改革委员会
	",茄子,新鲜,元/500克,3.14,,,,,福州市主副食品集超均价表，集超均价,,,https://fgw.fuzhou.gov.cn/fgwzwgk/fzgggz/jgysf/msspjgxq/zfsp/202608/t20260805_5354596.htm
福州市,2026年8月5日,"
		2026年8月5日福州市主副食品集超均价表_主副食品_
		福州市发展和改革委员会
	",菜籽油,桶装一级,元/5升,70.74,,,,,福州市主副食品集超均价表，集超均价,,,https://fgw.fuzhou.gov.cn/fgwzwgk/fzgggz/jgysf/msspjgxq/zfsp/202608/t20260805_5354596.htm
福州市,2026年8月5日,"
		2026年8月5日福州市主副食品集超均价表_主副食品_
		福州市发展和改革委员会
	",蒜苔,新鲜,元/500克,8.3,,,,,福州市主副食品集超均价表，集超均价,,,https://fgw.fuzhou.gov.cn/fgwzwgk/fzgggz/jgysf/msspjgxq/zfsp/202608/t20260805_5354596.htm
福州市,2026年8月5日,"
		2026年8月5日福州市主副食品集超均价表_主副食品_
		福州市发展和改革委员会
	",西红柿,新鲜,元/500克,4.03,,,,,福州市主副食品集超均价表，集超均价,,,https://fgw.fuzhou.gov.cn/fgwzwgk/fzgggz/jgysf/msspjgxq/zfsp/202608/t20260805_5354596.htm
福州市,2026年8月5日,"
		2026年8月5日福州市主副食品集超均价表_主副食品_
		福州市发展和改革委员会
	",调和油,桶装一级,元/5升,67.03,,,,,福州市主副食品集超均价表，集超均价,,,https://fgw.fuzhou.gov.cn/fgwzwgk/fzgggz/jgysf/msspjgxq/zfsp/202608/t20260805_5354596.htm
福州市,2026年8月5日,"
		2026年8月5日福州市主副食品集超均价表_主副食品_
		福州市发展和改革委员会
	",豆角,新鲜,元/500克,6.73,,,,,福州市主副食品集超均价表，集超均价,,,https://fgw.fuzhou.gov.cn/fgwzwgk/fzgggz/jgysf/msspjgxq/zfsp/202608/t20260805_5354596.htm
福州市,2026年8月5日,"
		2026年8月5日福州市主副食品集超均价表_主副食品_
		福州市发展和改革委员会
	",青椒,新鲜,元/500克,5.33,,,,,福州市主副食品集超均价表，集超均价,,,https://fgw.fuzhou.gov.cn/fgwzwgk/fzgggz/jgysf/msspjgxq/zfsp/202608/t20260805_5354596.htm
福州市,2026年8月5日,"
		2026年8月5日福州市主副食品集超均价表_主副食品_
		福州市发展和改革委员会
	",韭菜,新鲜,元/500克,5.79,,,,,福州市主副食品集超均价表，集超均价,,,https://fgw.fuzhou.gov.cn/fgwzwgk/fzgggz/jgysf/msspjgxq/zfsp/202608/t20260805_5354596.htm
福州市,2026年8月5日,"
		2026年8月5日福州市主副食品集超均价表_主副食品_
		福州市发展和改革委员会
	",香蕉,新鲜,元/500克,4.62,,,,,福州市主副食品集超均价表，集超均价,,,https://fgw.fuzhou.gov.cn/fgwzwgk/fzgggz/jgysf/msspjgxq/zfsp/202608/t20260805_5354596.htm
福州市,2026年8月5日,"
		2026年8月5日福州市主副食品集超均价表_主副食品_
		福州市发展和改革委员会
	",马胶鱼,冰鲜,元/500克,28.77,,,,,福州市主副食品集超均价表，集超均价,,,https://fgw.fuzhou.gov.cn/fgwzwgk/fzgggz/jgysf/msspjgxq/zfsp/202608/t20260805_5354596.htm
福州市,2026年8月5日,"
		2026年8月5日福州市主副食品集超均价表_主副食品_
		福州市发展和改革委员会
	",鱿鱼,冰鲜,元/500克,50.45,,,,,福州市主副食品集超均价表，集超均价,,,https://fgw.fuzhou.gov.cn/fgwzwgk/fzgggz/jgysf/msspjgxq/zfsp/202608/t20260805_5354596.htm
福州市,2026年8月5日,"
		2026年8月5日福州市主副食品集超均价表_主副食品_
		福州市发展和改革委员会
	",鸡肉,白条鸡,元/500克,16.17,,,,,福州市主副食品集超均价表，集超均价,,,https://fgw.fuzhou.gov.cn/fgwzwgk/fzgggz/jgysf/msspjgxq/zfsp/202608/t20260805_5354596.htm
福州市,2026年8月5日,"
		2026年8月5日福州市主副食品集超均价表_主副食品_
		福州市发展和改革委员会
	",鸭肉,白条鸭,元/500克,16.84,,,,,福州市主副食品集超均价表，集超均价,,,https://fgw.fuzhou.gov.cn/fgwzwgk/fzgggz/jgysf/msspjgxq/zfsp/202608/t20260805_5354596.htm
福州市,2026年8月5日,"
		2026年8月5日福州市主副食品集超均价表_主副食品_
		福州市发展和改革委员会
	",黄瓜,新鲜,元/500克,3.17,,,,,福州市主副食品集超均价表，集超均价,,,https://fgw.fuzhou.gov.cn/fgwzwgk/fzgggz/jgysf/msspjgxq/zfsp/202608/t20260805_5354596.htm
福州市,2026年8月5日,"
		2026年8月5日福州市主副食品集超均价表_主副食品_
		福州市发展和改革委员会
	",黄瓜鱼,冰鲜,元/500克,27.5,,,,,福州市主副食品集超均价表，集超均价,,,https://fgw.fuzhou.gov.cn/fgwzwgk/fzgggz/jgysf/msspjgxq/zfsp/202608/t20260805_5354596.htm
福州市,2026年8月6日,"
		2026年8月6日福州市主副食品集超均价表_主副食品_
		福州市发展和改革委员会
	",上海青,新鲜,元/500克,3.35,,,,,福州市主副食品集超均价表，集超均价,,,https://fgw.fuzhou.gov.cn/fgwzwgk/fzgggz/jgysf/msspjgxq/zfsp/202608/t20260806_5355136.htm
福州市,2026年8月6日,"
		2026年8月6日福州市主副食品集超均价表_主副食品_
		福州市发展和改革委员会
	",冻带鱼,冷冻,元/500克,22.21,,,,,福州市主副食品集超均价表，集超均价,,,https://fgw.fuzhou.gov.cn/fgwzwgk/fzgggz/jgysf/msspjgxq/zfsp/202608/t20260806_5355136.htm
福州市,2026年8月6日,"
		2026年8月6日福州市主副食品集超均价表_主副食品_
		福州市发展和改革委员会
	",圆白菜,新鲜,元/500克,2.21,,,,,福州市主副食品集超均价表，集超均价,,,https://fgw.fuzhou.gov.cn/fgwzwgk/fzgggz/jgysf/msspjgxq/zfsp/202608/t20260806_5355136.htm
福州市,2026年8月6日,"
		2026年8月6日福州市主副食品集超均价表_主副食品_
		福州市发展和改革委员会
	",土豆,新鲜,元/500克,2.27,,,,,福州市主副食品集超均价表，集超均价,,,https://fgw.fuzhou.gov.cn/fgwzwgk/fzgggz/jgysf/msspjgxq/zfsp/202608/t20260806_5355136.htm
福州市,2026年8月6日,"
		2026年8月6日福州市主副食品集超均价表_主副食品_
		福州市发展和改革委员会
	",大白菜,新鲜,元/500克,2.24,,,,,福州市主副食品集超均价表，集超均价,,,https://fgw.fuzhou.gov.cn/fgwzwgk/fzgggz/jgysf/msspjgxq/zfsp/202608/t20260806_5355136.htm
福州市,2026年8月6日,"
		2026年8月6日福州市主副食品集超均价表_主副食品_
		福州市发展和改革委员会
	",大豆油,桶装一级,元/5升,58.03,,,,,福州市主副食品集超均价表，集超均价,,,https://fgw.fuzhou.gov.cn/fgwzwgk/fzgggz/jgysf/msspjgxq/zfsp/202608/t20260806_5355136.htm
福州市,2026年8月6日,"
		2026年8月6日福州市主副食品集超均价表_主副食品_
		福州市发展和改革委员会
	",富强粉,,元/500克,3.57,,,,,福州市主副食品集超均价表，集超均价,,,https://fgw.fuzhou.gov.cn/fgwzwgk/fzgggz/jgysf/msspjgxq/zfsp/202608/t20260806_5355136.htm
福州市,2026年8月6日,"
		2026年8月6日福州市主副食品集超均价表_主副食品_
		福州市发展和改革委员会
	",尖椒,新鲜,元/500克,5.16,,,,,福州市主副食品集超均价表，集超均价,,,https://fgw.fuzhou.gov.cn/fgwzwgk/fzgggz/jgysf/msspjgxq/zfsp/202608/t20260806_5355136.htm
福州市,2026年8月6日,"
		2026年8月6日福州市主副食品集超均价表_主副食品_
		福州市发展和改革委员会
	",晚籼米,标一,元/500克,2.68,,,,,福州市主副食品集超均价表，集超均价,,,https://fgw.fuzhou.gov.cn/fgwzwgk/fzgggz/jgysf/msspjgxq/zfsp/202608/t20260806_5355136.htm
福州市,2026年8月6日,"
		2026年8月6日福州市主副食品集超均价表_主副食品_
		福州市发展和改革委员会
	",普通鸡蛋,新鲜完整,元/500克,6.55,,,,,福州市主副食品集超均价表，集超均价,,,https://fgw.fuzhou.gov.cn/fgwzwgk/fzgggz/jgysf/msspjgxq/zfsp/202608/t20260806_5355136.htm
福州市,2026年8月6日,"
		2026年8月6日福州市主副食品集超均价表_主副食品_
		福州市发展和改革委员会
	",普通鸭蛋,新鲜完整,元/500克,8.22,,,,,福州市主副食品集超均价表，集超均价,,,https://fgw.fuzhou.gov.cn/fgwzwgk/fzgggz/jgysf/msspjgxq/zfsp/202608/t20260806_5355136.htm
福州市,2026年8月6日,"
		2026年8月6日福州市主副食品集超均价表_主副食品_
		福州市发展和改革委员会
	",标准粉,,元/500克,2.42,,,,,福州市主副食品集超均价表，集超均价,,,https://fgw.fuzhou.gov.cn/fgwzwgk/fzgggz/jgysf/msspjgxq/zfsp/202608/t20260806_5355136.htm
福州市,2026年8月6日,"
		2026年8月6日福州市主副食品集超均价表_主副食品_
		福州市发展和改革委员会
	",梨,新鲜,元/500克,5.15,,,,,福州市主副食品集超均价表，集超均价,,,https://fgw.fuzhou.gov.cn/fgwzwgk/fzgggz/jgysf/msspjgxq/zfsp/202608/t20260806_5355136.htm
福州市,2026年8月6日,"
		2026年8月6日福州市主副食品集超均价表_主副食品_
		福州市发展和改革委员会
	",油菜(菜心),新鲜,元/500克,4.03,,,,,福州市主副食品集超均价表，集超均价,,,https://fgw.fuzhou.gov.cn/fgwzwgk/fzgggz/jgysf/msspjgxq/zfsp/202608/t20260806_5355136.htm
福州市,2026年8月6日,"
		2026年8月6日福州市主副食品集超均价表_主副食品_
		福州市发展和改革委员会
	",活明虾,鲜活,元/500克,29.12,,,,,福州市主副食品集超均价表，集超均价,,,https://fgw.fuzhou.gov.cn/fgwzwgk/fzgggz/jgysf/msspjgxq/zfsp/202608/t20260806_5355136.htm
福州市,2026年8月6日,"
		2026年8月6日福州市主副食品集超均价表_主副食品_
		福州市发展和改革委员会
	",活花蛤,鲜活,元/500克,10.08,,,,,福州市主副食品集超均价表，集超均价,,,https://fgw.fuzhou.gov.cn/fgwzwgk/fzgggz/jgysf/msspjgxq/zfsp/202608/t20260806_5355136.htm
福州市,2026年8月6日,"
		2026年8月6日福州市主副食品集超均价表_主副食品_
		福州市发展和改革委员会
	",活草鱼,鲜活,元/500克,11.89,,,,,福州市主副食品集超均价表，集超均价,,,https://fgw.fuzhou.gov.cn/fgwzwgk/fzgggz/jgysf/msspjgxq/zfsp/202608/t20260806_5355136.htm
福州市,2026年8月6日,"
		2026年8月6日福州市主副食品集超均价表_主副食品_
		福州市发展和改革委员会
	",活鳙鱼（大头鲢）,鲜活,元/500克,14.08,,,,,福州市主副食品集超均价表，集超均价,,,https://fgw.fuzhou.gov.cn/fgwzwgk/fzgggz/jgysf/msspjgxq/zfsp/202608/t20260806_5355136.htm
福州市,2026年8月6日,"
		2026年8月6日福州市主副食品集超均价表_主副食品_
		福州市发展和改革委员会
	",牛肉,去骨肉,元/500克,46.87,,,,,福州市主副食品集超均价表，集超均价,,,https://fgw.fuzhou.gov.cn/fgwzwgk/fzgggz/jgysf/msspjgxq/zfsp/202608/t20260806_5355136.htm
福州市,2026年8月6日,"
		2026年8月6日福州市主副食品集超均价表_主副食品_
		福州市发展和改革委员会
	",猪瘦肉,新鲜,元/500克,14.58,,,,,福州市主副食品集超均价表，集超均价,,,https://fgw.fuzhou.gov.cn/fgwzwgk/fzgggz/jgysf/msspjgxq/zfsp/202608/t20260806_5355136.htm
福州市,2026年8月6日,"
		2026年8月6日福州市主副食品集超均价表_主副食品_
		福州市发展和改革委员会
	",猪肋条肉,新鲜,元/500克,15.23,,,,,福州市主副食品集超均价表，集超均价,,,https://fgw.fuzhou.gov.cn/fgwzwgk/fzgggz/jgysf/msspjgxq/zfsp/202608/t20260806_5355136.htm
福州市,2026年8月6日,"
		2026年8月6日福州市主副食品集超均价表_主副食品_
		福州市发展和改革委员会
	",白萝卜,新鲜,元/500克,1.68,,,,,福州市主副食品集超均价表，集超均价,,,https://fgw.fuzhou.gov.cn/fgwzwgk/fzgggz/jgysf/msspjgxq/zfsp/202608/t20260806_5355136.htm
福州市,2026年8月6日,"
		2026年8月6日福州市主副食品集超均价表_主副食品_
		福州市发展和改革委员会
	",空心菜,新鲜,元/500克,2.71,,,,,福州市主副食品集超均价表，集超均价,,,https://fgw.fuzhou.gov.cn/fgwzwgk/fzgggz/jgysf/msspjgxq/zfsp/202608/t20260806_5355136.htm
福州市,2026年8月6日,"
		2026年8月6日福州市主副食品集超均价表_主副食品_
		福州市发展和改革委员会
	",粳米,标一,元/500克,2.97,,,,,福州市主副食品集超均价表，集超均价,,,https://fgw.fuzhou.gov.cn/fgwzwgk/fzgggz/jgysf/msspjgxq/zfsp/202608/t20260806_5355136.htm
福州市,2026年8月6日,"
		2026年8月6日福州市主副食品集超均价表_主副食品_
		福州市发展和改革委员会
	",红萝卜,新鲜,元/500克,2.24,,,,,福州市主副食品集超均价表，集超均价,,,https://fgw.fuzhou.gov.cn/fgwzwgk/fzgggz/jgysf/msspjgxq/zfsp/202608/t20260806_5355136.htm
福州市,2026年8月6日,"
		2026年8月6日福州市主副食品集超均价表_主副食品_
		福州市发展和改革委员会
	",纯牛奶,盒装,元/盒(250毫升),2.71,,,,,福州市主副食品集超均价表，集超均价,,,https://fgw.fuzhou.gov.cn/fgwzwgk/fzgggz/jgysf/msspjgxq/zfsp/202608/t20260806_5355136.htm
福州市,2026年8月6日,"
		2026年8月6日福州市主副食品集超均价表_主副食品_
		福州市发展和改革委员会
	",羊肉,带骨肉,元/500克,45.02,,,,,福州市主副食品集超均价表，集超均价,,,https://fgw.fuzhou.gov.cn/fgwzwgk/fzgggz/jgysf/msspjgxq/zfsp/202608/t20260806_5355136.htm
福州市,2026年8月6日,"
		2026年8月6日福州市主副食品集超均价表_主副食品_
		福州市发展和改革委员会
	",脐橙,新鲜,元/500克,4.89,,,,,福州市主副食品集超均价表，集超均价,,,https://fgw.fuzhou.gov.cn/fgwzwgk/fzgggz/jgysf/msspjgxq/zfsp/202608/t20260806_5355136.htm
福州市,2026年8月6日,"
		2026年8月6日福州市主副食品集超均价表_主副食品_
		福州市发展和改革委员会
	",花生油,桶装一级,元/5升,107.01,,,,,福州市主副食品集超均价表，集超均价,,,https://fgw.fuzhou.gov.cn/fgwzwgk/fzgggz/jgysf/msspjgxq/zfsp/202608/t20260806_5355136.htm
福州市,2026年8月6日,"
		2026年8月6日福州市主副食品集超均价表_主副食品_
		福州市发展和改革委员会
	",花菜,新鲜,元/500克,4.85,,,,,福州市主副食品集超均价表，集超均价,,,https://fgw.fuzhou.gov.cn/fgwzwgk/fzgggz/jgysf/msspjgxq/zfsp/202608/t20260806_5355136.htm
福州市,2026年8月6日,"
		2026年8月6日福州市主副食品集超均价表_主副食品_
		福州市发展和改革委员会
	",芹菜,新鲜,元/500克,6.71,,,,,福州市主副食品集超均价表，集超均价,,,https://fgw.fuzhou.gov.cn/fgwzwgk/fzgggz/jgysf/msspjgxq/zfsp/202608/t20260806_5355136.htm
福州市,2026年8月6日,"
		2026年8月6日福州市主副食品集超均价表_主副食品_
		福州市发展和改革委员会
	",苹果,新鲜,元/500克,8.29,,,,,福州市主副食品集超均价表，集超均价,,,https://fgw.fuzhou.gov.cn/fgwzwgk/fzgggz/jgysf/msspjgxq/zfsp/202608/t20260806_5355136.htm
福州市,2026年8月6日,"
		2026年8月6日福州市主副食品集超均价表_主副食品_
		福州市发展和改革委员会
	",茄子,新鲜,元/500克,3.14,,,,,福州市主副食品集超均价表，集超均价,,,https://fgw.fuzhou.gov.cn/fgwzwgk/fzgggz/jgysf/msspjgxq/zfsp/202608/t20260806_5355136.htm
福州市,2026年8月6日,"
		2026年8月6日福州市主副食品集超均价表_主副食品_
		福州市发展和改革委员会
	",菜籽油,桶装一级,元/5升,70.74,,,,,福州市主副食品集超均价表，集超均价,,,https://fgw.fuzhou.gov.cn/fgwzwgk/fzgggz/jgysf/msspjgxq/zfsp/202608/t20260806_5355136.htm
福州市,2026年8月6日,"
		2026年8月6日福州市主副食品集超均价表_主副食品_
		福州市发展和改革委员会
	",蒜苔,新鲜,元/500克,8.31,,,,,福州市主副食品集超均价表，集超均价,,,https://fgw.fuzhou.gov.cn/fgwzwgk/fzgggz/jgysf/msspjgxq/zfsp/202608/t20260806_5355136.htm
福州市,2026年8月6日,"
		2026年8月6日福州市主副食品集超均价表_主副食品_
		福州市发展和改革委员会
	",西红柿,新鲜,元/500克,4.06,,,,,福州市主副食品集超均价表，集超均价,,,https://fgw.fuzhou.gov.cn/fgwzwgk/fzgggz/jgysf/msspjgxq/zfsp/202608/t20260806_5355136.htm
福州市,2026年8月6日,"
		2026年8月6日福州市主副食品集超均价表_主副食品_
		福州市发展和改革委员会
	",调和油,桶装一级,元/5升,67.31,,,,,福州市主副食品集超均价表，集超均价,,,https://fgw.fuzhou.gov.cn/fgwzwgk/fzgggz/jgysf/msspjgxq/zfsp/202608/t20260806_5355136.htm
福州市,2026年8月6日,"
		2026年8月6日福州市主副食品集超均价表_主副食品_
		福州市发展和改革委员会
	",豆角,新鲜,元/500克,6.73,,,,,福州市主副食品集超均价表，集超均价,,,https://fgw.fuzhou.gov.cn/fgwzwgk/fzgggz/jgysf/msspjgxq/zfsp/202608/t20260806_5355136.htm
福州市,2026年8月6日,"
		2026年8月6日福州市主副食品集超均价表_主副食品_
		福州市发展和改革委员会
	",青椒,新鲜,元/500克,5.40,,,,,福州市主副食品集超均价表，集超均价,,,https://fgw.fuzhou.gov.cn/fgwzwgk/fzgggz/jgysf/msspjgxq/zfsp/202608/t20260806_5355136.htm
福州市,2026年8月6日,"
		2026年8月6日福州市主副食品集超均价表_主副食品_
		福州市发展和改革委员会
	",韭菜,新鲜,元/500克,5.79,,,,,福州市主副食品集超均价表，集超均价,,,https://fgw.fuzhou.gov.cn/fgwzwgk/fzgggz/jgysf/msspjgxq/zfsp/202608/t20260806_5355136.htm
福州市,2026年8月6日,"
		2026年8月6日福州市主副食品集超均价表_主副食品_
		福州市发展和改革委员会
	",香蕉,新鲜,元/500克,4.62,,,,,福州市主副食品集超均价表，集超均价,,,https://fgw.fuzhou.gov.cn/fgwzwgk/fzgggz/jgysf/msspjgxq/zfsp/202608/t20260806_5355136.htm
福州市,2026年8月6日,"
		2026年8月6日福州市主副食品集超均价表_主副食品_
		福州市发展和改革委员会
	",马胶鱼,冰鲜,元/500克,28.99,,,,,福州市主副食品集超均价表，集超均价,,,https://fgw.fuzhou.gov.cn/fgwzwgk/fzgggz/jgysf/msspjgxq/zfsp/202608/t20260806_5355136.htm
福州市,2026年8月6日,"
		2026年8月6日福州市主副食品集超均价表_主副食品_
		福州市发展和改革委员会
	",鱿鱼,冰鲜,元/500克,50.45,,,,,福州市主副食品集超均价表，集超均价,,,https://fgw.fuzhou.gov.cn/fgwzwgk/fzgggz/jgysf/msspjgxq/zfsp/202608/t20260806_5355136.htm
福州市,2026年8月6日,"
		2026年8月6日福州市主副食品集超均价表_主副食品_
		福州市发展和改革委员会
	",鸡肉,白条鸡,元/500克,16.17,,,,,福州市主副食品集超均价表，集超均价,,,https://fgw.fuzhou.gov.cn/fgwzwgk/fzgggz/jgysf/msspjgxq/zfsp/202608/t20260806_5355136.htm
福州市,2026年8月6日,"
		2026年8月6日福州市主副食品集超均价表_主副食品_
		福州市发展和改革委员会
	",鸭肉,白条鸭,元/500克,16.84,,,,,福州市主副食品集超均价表，集超均价,,,https://fgw.fuzhou.gov.cn/fgwzwgk/fzgggz/jgysf/msspjgxq/zfsp/202608/t20260806_5355136.htm
福州市,2026年8月6日,"
		2026年8月6日福州市主副食品集超均价表_主副食品_
		福州市发展和改革委员会
	",黄瓜,新鲜,元/500克,3.13,,,,,福州市主副食品集超均价表，集超均价,,,https://fgw.fuzhou.gov.cn/fgwzwgk/fzgggz/jgysf/msspjgxq/zfsp/202608/t20260806_5355136.htm
福州市,2026年8月6日,"
		2026年8月6日福州市主副食品集超均价表_主副食品_
		福州市发展和改革委员会
	",黄瓜鱼,冰鲜,元/500克,27.71,,,,,福州市主副食品集超均价表，集超均价,,,https://fgw.fuzhou.gov.cn/fgwzwgk/fzgggz/jgysf/msspjgxq/zfsp/202608/t20260806_5355136.htm
福州市,2026年8月7日,"
		2026年8月7日福州市主副食品集超均价表_主副食品_
		福州市发展和改革委员会
	",上海青,新鲜,元/500克,3.24,,,,,福州市主副食品集超均价表，集超均价,,,https://fgw.fuzhou.gov.cn/fgwzwgk/fzgggz/jgysf/msspjgxq/zfsp/202608/t20260807_5355762.htm
福州市,2026年8月7日,"
		2026年8月7日福州市主副食品集超均价表_主副食品_
		福州市发展和改革委员会
	",冻带鱼,冷冻,元/500克,22.21,,,,,福州市主副食品集超均价表，集超均价,,,https://fgw.fuzhou.gov.cn/fgwzwgk/fzgggz/jgysf/msspjgxq/zfsp/202608/t20260807_5355762.htm
福州市,2026年8月7日,"
		2026年8月7日福州市主副食品集超均价表_主副食品_
		福州市发展和改革委员会
	",圆白菜,新鲜,元/500克,2.15,,,,,福州市主副食品集超均价表，集超均价,,,https://fgw.fuzhou.gov.cn/fgwzwgk/fzgggz/jgysf/msspjgxq/zfsp/202608/t20260807_5355762.htm
福州市,2026年8月7日,"
		2026年8月7日福州市主副食品集超均价表_主副食品_
		福州市发展和改革委员会
	",土豆,新鲜,元/500克,2.25,,,,,福州市主副食品集超均价表，集超均价,,,https://fgw.fuzhou.gov.cn/fgwzwgk/fzgggz/jgysf/msspjgxq/zfsp/202608/t20260807_5355762.htm
福州市,2026年8月7日,"
		2026年8月7日福州市主副食品集超均价表_主副食品_
		福州市发展和改革委员会
	",大白菜,新鲜,元/500克,2.23,,,,,福州市主副食品集超均价表，集超均价,,,https://fgw.fuzhou.gov.cn/fgwzwgk/fzgggz/jgysf/msspjgxq/zfsp/202608/t20260807_5355762.htm
福州市,2026年8月7日,"
		2026年8月7日福州市主副食品集超均价表_主副食品_
		福州市发展和改革委员会
	",大豆油,桶装一级,元/5升,58.03,,,,,福州市主副食品集超均价表，集超均价,,,https://fgw.fuzhou.gov.cn/fgwzwgk/fzgggz/jgysf/msspjgxq/zfsp/202608/t20260807_5355762.htm
福州市,2026年8月7日,"
		2026年8月7日福州市主副食品集超均价表_主副食品_
		福州市发展和改革委员会
	",富强粉,,元/500克,3.57,,,,,福州市主副食品集超均价表，集超均价,,,https://fgw.fuzhou.gov.cn/fgwzwgk/fzgggz/jgysf/msspjgxq/zfsp/202608/t20260807_5355762.htm
福州市,2026年8月7日,"
		2026年8月7日福州市主副食品集超均价表_主副食品_
		福州市发展和改革委员会
	",尖椒,新鲜,元/500克,5.13,,,,,福州市主副食品集超均价表，集超均价,,,https://fgw.fuzhou.gov.cn/fgwzwgk/fzgggz/jgysf/msspjgxq/zfsp/202608/t20260807_5355762.htm
福州市,2026年8月7日,"
		2026年8月7日福州市主副食品集超均价表_主副食品_
		福州市发展和改革委员会
	",晚籼米,标一,元/500克,2.68,,,,,福州市主副食品集超均价表，集超均价,,,https://fgw.fuzhou.gov.cn/fgwzwgk/fzgggz/jgysf/msspjgxq/zfsp/202608/t20260807_5355762.htm
福州市,2026年8月7日,"
		2026年8月7日福州市主副食品集超均价表_主副食品_
		福州市发展和改革委员会
	",普通鸡蛋,新鲜完整,元/500克,6.56,,,,,福州市主副食品集超均价表，集超均价,,,https://fgw.fuzhou.gov.cn/fgwzwgk/fzgggz/jgysf/msspjgxq/zfsp/202608/t20260807_5355762.htm
福州市,2026年8月7日,"
		2026年8月7日福州市主副食品集超均价表_主副食品_
		福州市发展和改革委员会
	",普通鸭蛋,新鲜完整,元/500克,8.2,,,,,福州市主副食品集超均价表，集超均价,,,https://fgw.fuzhou.gov.cn/fgwzwgk/fzgggz/jgysf/msspjgxq/zfsp/202608/t20260807_5355762.htm
福州市,2026年8月7日,"
		2026年8月7日福州市主副食品集超均价表_主副食品_
		福州市发展和改革委员会
	",标准粉,,元/500克,2.49,,,,,福州市主副食品集超均价表，集超均价,,,https://fgw.fuzhou.gov.cn/fgwzwgk/fzgggz/jgysf/msspjgxq/zfsp/202608/t20260807_5355762.htm
福州市,2026年8月7日,"
		2026年8月7日福州市主副食品集超均价表_主副食品_
		福州市发展和改革委员会
	",梨,新鲜,元/500克,5.15,,,,,福州市主副食品集超均价表，集超均价,,,https://fgw.fuzhou.gov.cn/fgwzwgk/fzgggz/jgysf/msspjgxq/zfsp/202608/t20260807_5355762.htm
福州市,2026年8月7日,"
		2026年8月7日福州市主副食品集超均价表_主副食品_
		福州市发展和改革委员会
	",油菜(菜心),新鲜,元/500克,4.03,,,,,福州市主副食品集超均价表，集超均价,,,https://fgw.fuzhou.gov.cn/fgwzwgk/fzgggz/jgysf/msspjgxq/zfsp/202608/t20260807_5355762.htm
福州市,2026年8月7日,"
		2026年8月7日福州市主副食品集超均价表_主副食品_
		福州市发展和改革委员会
	",活明虾,鲜活,元/500克,27.96,,,,,福州市主副食品集超均价表，集超均价,,,https://fgw.fuzhou.gov.cn/fgwzwgk/fzgggz/jgysf/msspjgxq/zfsp/202608/t20260807_5355762.htm
福州市,2026年8月7日,"
		2026年8月7日福州市主副食品集超均价表_主副食品_
		福州市发展和改革委员会
	",活花蛤,鲜活,元/500克,10.08,,,,,福州市主副食品集超均价表，集超均价,,,https://fgw.fuzhou.gov.cn/fgwzwgk/fzgggz/jgysf/msspjgxq/zfsp/202608/t20260807_5355762.htm
福州市,2026年8月7日,"
		2026年8月7日福州市主副食品集超均价表_主副食品_
		福州市发展和改革委员会
	",活草鱼,鲜活,元/500克,11.53,,,,,福州市主副食品集超均价表，集超均价,,,https://fgw.fuzhou.gov.cn/fgwzwgk/fzgggz/jgysf/msspjgxq/zfsp/202608/t20260807_5355762.htm
福州市,2026年8月7日,"
		2026年8月7日福州市主副食品集超均价表_主副食品_
		福州市发展和改革委员会
	",活鳙鱼（大头鲢）,鲜活,元/500克,14.08,,,,,福州市主副食品集超均价表，集超均价,,,https://fgw.fuzhou.gov.cn/fgwzwgk/fzgggz/jgysf/msspjgxq/zfsp/202608/t20260807_5355762.htm
福州市,2026年8月7日,"
		2026年8月7日福州市主副食品集超均价表_主副食品_
		福州市发展和改革委员会
	",牛肉,去骨肉,元/500克,46.87,,,,,福州市主副食品集超均价表，集超均价,,,https://fgw.fuzhou.gov.cn/fgwzwgk/fzgggz/jgysf/msspjgxq/zfsp/202608/t20260807_5355762.htm
福州市,2026年8月7日,"
		2026年8月7日福州市主副食品集超均价表_主副食品_
		福州市发展和改革委员会
	",猪瘦肉,新鲜,元/500克,14.65,,,,,福州市主副食品集超均价表，集超均价,,,https://fgw.fuzhou.gov.cn/fgwzwgk/fzgggz/jgysf/msspjgxq/zfsp/202608/t20260807_5355762.htm
福州市,2026年8月7日,"
		2026年8月7日福州市主副食品集超均价表_主副食品_
		福州市发展和改革委员会
	",猪肋条肉,新鲜,元/500克,14.95,,,,,福州市主副食品集超均价表，集超均价,,,https://fgw.fuzhou.gov.cn/fgwzwgk/fzgggz/jgysf/msspjgxq/zfsp/202608/t20260807_5355762.htm
福州市,2026年8月7日,"
		2026年8月7日福州市主副食品集超均价表_主副食品_
		福州市发展和改革委员会
	",白萝卜,新鲜,元/500克,1.67,,,,,福州市主副食品集超均价表，集超均价,,,https://fgw.fuzhou.gov.cn/fgwzwgk/fzgggz/jgysf/msspjgxq/zfsp/202608/t20260807_5355762.htm
福州市,2026年8月7日,"
		2026年8月7日福州市主副食品集超均价表_主副食品_
		福州市发展和改革委员会
	",空心菜,新鲜,元/500克,2.8,,,,,福州市主副食品集超均价表，集超均价,,,https://fgw.fuzhou.gov.cn/fgwzwgk/fzgggz/jgysf/msspjgxq/zfsp/202608/t20260807_5355762.htm
福州市,2026年8月7日,"
		2026年8月7日福州市主副食品集超均价表_主副食品_
		福州市发展和改革委员会
	",粳米,标一,元/500克,2.97,,,,,福州市主副食品集超均价表，集超均价,,,https://fgw.fuzhou.gov.cn/fgwzwgk/fzgggz/jgysf/msspjgxq/zfsp/202608/t20260807_5355762.htm
福州市,2026年8月7日,"
		2026年8月7日福州市主副食品集超均价表_主副食品_
		福州市发展和改革委员会
	",红萝卜,新鲜,元/500克,2.24,,,,,福州市主副食品集超均价表，集超均价,,,https://fgw.fuzhou.gov.cn/fgwzwgk/fzgggz/jgysf/msspjgxq/zfsp/202608/t20260807_5355762.htm
福州市,2026年8月7日,"
		2026年8月7日福州市主副食品集超均价表_主副食品_
		福州市发展和改革委员会
	",纯牛奶,盒装,元/盒(250毫升),2.71,,,,,福州市主副食品集超均价表，集超均价,,,https://fgw.fuzhou.gov.cn/fgwzwgk/fzgggz/jgysf/msspjgxq/zfsp/202608/t20260807_5355762.htm
福州市,2026年8月7日,"
		2026年8月7日福州市主副食品集超均价表_主副食品_
		福州市发展和改革委员会
	",羊肉,带骨肉,元/500克,44.69,,,,,福州市主副食品集超均价表，集超均价,,,https://fgw.fuzhou.gov.cn/fgwzwgk/fzgggz/jgysf/msspjgxq/zfsp/202608/t20260807_5355762.htm
福州市,2026年8月7日,"
		2026年8月7日福州市主副食品集超均价表_主副食品_
		福州市发展和改革委员会
	",脐橙,新鲜,元/500克,4.85,,,,,福州市主副食品集超均价表，集超均价,,,https://fgw.fuzhou.gov.cn/fgwzwgk/fzgggz/jgysf/msspjgxq/zfsp/202608/t20260807_5355762.htm
福州市,2026年8月7日,"
		2026年8月7日福州市主副食品集超均价表_主副食品_
		福州市发展和改革委员会
	",花生油,桶装一级,元/5升,107.01,,,,,福州市主副食品集超均价表，集超均价,,,https://fgw.fuzhou.gov.cn/fgwzwgk/fzgggz/jgysf/msspjgxq/zfsp/202608/t20260807_5355762.htm
福州市,2026年8月7日,"
		2026年8月7日福州市主副食品集超均价表_主副食品_
		福州市发展和改革委员会
	",花菜,新鲜,元/500克,4.91,,,,,福州市主副食品集超均价表，集超均价,,,https://fgw.fuzhou.gov.cn/fgwzwgk/fzgggz/jgysf/msspjgxq/zfsp/202608/t20260807_5355762.htm
福州市,2026年8月7日,"
		2026年8月7日福州市主副食品集超均价表_主副食品_
		福州市发展和改革委员会
	",芹菜,新鲜,元/500克,6.71,,,,,福州市主副食品集超均价表，集超均价,,,https://fgw.fuzhou.gov.cn/fgwzwgk/fzgggz/jgysf/msspjgxq/zfsp/202608/t20260807_5355762.htm
福州市,2026年8月7日,"
		2026年8月7日福州市主副食品集超均价表_主副食品_
		福州市发展和改革委员会
	",苹果,新鲜,元/500克,8.25,,,,,福州市主副食品集超均价表，集超均价,,,https://fgw.fuzhou.gov.cn/fgwzwgk/fzgggz/jgysf/msspjgxq/zfsp/202608/t20260807_5355762.htm
福州市,2026年8月7日,"
		2026年8月7日福州市主副食品集超均价表_主副食品_
		福州市发展和改革委员会
	",茄子,新鲜,元/500克,3.1,,,,,福州市主副食品集超均价表，集超均价,,,https://fgw.fuzhou.gov.cn/fgwzwgk/fzgggz/jgysf/msspjgxq/zfsp/202608/t20260807_5355762.htm
福州市,2026年8月7日,"
		2026年8月7日福州市主副食品集超均价表_主副食品_
		福州市发展和改革委员会
	",菜籽油,桶装一级,元/5升,70.74,,,,,福州市主副食品集超均价表，集超均价,,,https://fgw.fuzhou.gov.cn/fgwzwgk/fzgggz/jgysf/msspjgxq/zfsp/202608/t20260807_5355762.htm
福州市,2026年8月7日,"
		2026年8月7日福州市主副食品集超均价表_主副食品_
		福州市发展和改革委员会
	",蒜苔,新鲜,元/500克,8.31,,,,,福州市主副食品集超均价表，集超均价,,,https://fgw.fuzhou.gov.cn/fgwzwgk/fzgggz/jgysf/msspjgxq/zfsp/202608/t20260807_5355762.htm
福州市,2026年8月7日,"
		2026年8月7日福州市主副食品集超均价表_主副食品_
		福州市发展和改革委员会
	",西红柿,新鲜,元/500克,4.06,,,,,福州市主副食品集超均价表，集超均价,,,https://fgw.fuzhou.gov.cn/fgwzwgk/fzgggz/jgysf/msspjgxq/zfsp/202608/t20260807_5355762.htm
福州市,2026年8月7日,"
		2026年8月7日福州市主副食品集超均价表_主副食品_
		福州市发展和改革委员会
	",调和油,桶装一级,元/5升,67.31,,,,,福州市主副食品集超均价表，集超均价,,,https://fgw.fuzhou.gov.cn/fgwzwgk/fzgggz/jgysf/msspjgxq/zfsp/202608/t20260807_5355762.htm
福州市,2026年8月7日,"
		2026年8月7日福州市主副食品集超均价表_主副食品_
		福州市发展和改革委员会
	",豆角,新鲜,元/500克,6.8,,,,,福州市主副食品集超均价表，集超均价,,,https://fgw.fuzhou.gov.cn/fgwzwgk/fzgggz/jgysf/msspjgxq/zfsp/202608/t20260807_5355762.htm
福州市,2026年8月7日,"
		2026年8月7日福州市主副食品集超均价表_主副食品_
		福州市发展和改革委员会
	",青椒,新鲜,元/500克,5.37,,,,,福州市主副食品集超均价表，集超均价,,,https://fgw.fuzhou.gov.cn/fgwzwgk/fzgggz/jgysf/msspjgxq/zfsp/202608/t20260807_5355762.htm
福州市,2026年8月7日,"
		2026年8月7日福州市主副食品集超均价表_主副食品_
		福州市发展和改革委员会
	",韭菜,新鲜,元/500克,5.79,,,,,福州市主副食品集超均价表，集超均价,,,https://fgw.fuzhou.gov.cn/fgwzwgk/fzgggz/jgysf/msspjgxq/zfsp/202608/t20260807_5355762.htm
福州市,2026年8月7日,"
		2026年8月7日福州市主副食品集超均价表_主副食品_
		福州市发展和改革委员会
	",香蕉,新鲜,元/500克,4.66,,,,,福州市主副食品集超均价表，集超均价,,,https://fgw.fuzhou.gov.cn/fgwzwgk/fzgggz/jgysf/msspjgxq/zfsp/202608/t20260807_5355762.htm
福州市,2026年8月7日,"
		2026年8月7日福州市主副食品集超均价表_主副食品_
		福州市发展和改革委员会
	",马胶鱼,冰鲜,元/500克,28.99,,,,,福州市主副食品集超均价表，集超均价,,,https://fgw.fuzhou.gov.cn/fgwzwgk/fzgggz/jgysf/msspjgxq/zfsp/202608/t20260807_5355762.htm
福州市,2026年8月7日,"
		2026年8月7日福州市主副食品集超均价表_主副食品_
		福州市发展和改革委员会
	",鱿鱼,冰鲜,元/500克,50.09,,,,,福州市主副食品集超均价表，集超均价,,,https://fgw.fuzhou.gov.cn/fgwzwgk/fzgggz/jgysf/msspjgxq/zfsp/202608/t20260807_5355762.htm
福州市,2026年8月7日,"
		2026年8月7日福州市主副食品集超均价表_主副食品_
		福州市发展和改革委员会
	",鸡肉,白条鸡,元/500克,16.17,,,,,福州市主副食品集超均价表，集超均价,,,https://fgw.fuzhou.gov.cn/fgwzwgk/fzgggz/jgysf/msspjgxq/zfsp/202608/t20260807_5355762.htm
福州市,2026年8月7日,"
		2026年8月7日福州市主副食品集超均价表_主副食品_
		福州市发展和改革委员会
	",鸭肉,白条鸭,元/500克,16.49,,,,,福州市主副食品集超均价表，集超均价,,,https://fgw.fuzhou.gov.cn/fgwzwgk/fzgggz/jgysf/msspjgxq/zfsp/202608/t20260807_5355762.htm
福州市,2026年8月7日,"
		2026年8月7日福州市主副食品集超均价表_主副食品_
		福州市发展和改革委员会
	",黄瓜,新鲜,元/500克,3.09,,,,,福州市主副食品集超均价表，集超均价,,,https://fgw.fuzhou.gov.cn/fgwzwgk/fzgggz/jgysf/msspjgxq/zfsp/202608/t20260807_5355762.htm
福州市,2026年8月7日,"
		2026年8月7日福州市主副食品集超均价表_主副食品_
		福州市发展和改革委员会
	",黄瓜鱼,冰鲜,元/500克,27.78,,,,,福州市主副食品集超均价表，集超均价,,,https://fgw.fuzhou.gov.cn/fgwzwgk/fzgggz/jgysf/msspjgxq/zfsp/202608/t20260807_5355762.htm
福州市,2026年8月8日,"
		2026年8月8日福州市主副食品集超均价表_主副食品_
		福州市发展和改革委员会
	",上海青,新鲜,元/500克,3.31,,,,,福州市主副食品集超均价表，集超均价,,,https://fgw.fuzhou.gov.cn/fgwzwgk/fzgggz/jgysf/msspjgxq/zfsp/202608/t20260808_5356164.htm
福州市,2026年8月8日,"
		2026年8月8日福州市主副食品集超均价表_主副食品_
		福州市发展和改革委员会
	",冻带鱼,冷冻,元/500克,22.21,,,,,福州市主副食品集超均价表，集超均价,,,https://fgw.fuzhou.gov.cn/fgwzwgk/fzgggz/jgysf/msspjgxq/zfsp/202608/t20260808_5356164.htm
福州市,2026年8月8日,"
		2026年8月8日福州市主副食品集超均价表_主副食品_
		福州市发展和改革委员会
	",圆白菜,新鲜,元/500克,2.15,,,,,福州市主副食品集超均价表，集超均价,,,https://fgw.fuzhou.gov.cn/fgwzwgk/fzgggz/jgysf/msspjgxq/zfsp/202608/t20260808_5356164.htm
福州市,2026年8月8日,"
		2026年8月8日福州市主副食品集超均价表_主副食品_
		福州市发展和改革委员会
	",土豆,新鲜,元/500克,2.24,,,,,福州市主副食品集超均价表，集超均价,,,https://fgw.fuzhou.gov.cn/fgwzwgk/fzgggz/jgysf/msspjgxq/zfsp/202608/t20260808_5356164.htm
福州市,2026年8月8日,"
		2026年8月8日福州市主副食品集超均价表_主副食品_
		福州市发展和改革委员会
	",大白菜,新鲜,元/500克,2.23,,,,,福州市主副食品集超均价表，集超均价,,,https://fgw.fuzhou.gov.cn/fgwzwgk/fzgggz/jgysf/msspjgxq/zfsp/202608/t20260808_5356164.htm
福州市,2026年8月8日,"
		2026年8月8日福州市主副食品集超均价表_主副食品_
		福州市发展和改革委员会
	",大豆油,桶装一级,元/5升,58.03,,,,,福州市主副食品集超均价表，集超均价,,,https://fgw.fuzhou.gov.cn/fgwzwgk/fzgggz/jgysf/msspjgxq/zfsp/202608/t20260808_5356164.htm
福州市,2026年8月8日,"
		2026年8月8日福州市主副食品集超均价表_主副食品_
		福州市发展和改革委员会
	",富强粉,,元/500克,3.57,,,,,福州市主副食品集超均价表，集超均价,,,https://fgw.fuzhou.gov.cn/fgwzwgk/fzgggz/jgysf/msspjgxq/zfsp/202608/t20260808_5356164.htm
福州市,2026年8月8日,"
		2026年8月8日福州市主副食品集超均价表_主副食品_
		福州市发展和改革委员会
	",尖椒,新鲜,元/500克,5.09,,,,,福州市主副食品集超均价表，集超均价,,,https://fgw.fuzhou.gov.cn/fgwzwgk/fzgggz/jgysf/msspjgxq/zfsp/202608/t20260808_5356164.htm
福州市,2026年8月8日,"
		2026年8月8日福州市主副食品集超均价表_主副食品_
		福州市发展和改革委员会
	",晚籼米,标一,元/500克,2.68,,,,,福州市主副食品集超均价表，集超均价,,,https://fgw.fuzhou.gov.cn/fgwzwgk/fzgggz/jgysf/msspjgxq/zfsp/202608/t20260808_5356164.htm
福州市,2026年8月8日,"
		2026年8月8日福州市主副食品集超均价表_主副食品_
		福州市发展和改革委员会
	",普通鸡蛋,新鲜完整,元/500克,6.55,,,,,福州市主副食品集超均价表，集超均价,,,https://fgw.fuzhou.gov.cn/fgwzwgk/fzgggz/jgysf/msspjgxq/zfsp/202608/t20260808_5356164.htm
福州市,2026年8月8日,"
		2026年8月8日福州市主副食品集超均价表_主副食品_
		福州市发展和改革委员会
	",普通鸭蛋,新鲜完整,元/500克,8.2,,,,,福州市主副食品集超均价表，集超均价,,,https://fgw.fuzhou.gov.cn/fgwzwgk/fzgggz/jgysf/msspjgxq/zfsp/202608/t20260808_5356164.htm
福州市,2026年8月8日,"
		2026年8月8日福州市主副食品集超均价表_主副食品_
		福州市发展和改革委员会
	",标准粉,,元/500克,2.49,,,,,福州市主副食品集超均价表，集超均价,,,https://fgw.fuzhou.gov.cn/fgwzwgk/fzgggz/jgysf/msspjgxq/zfsp/202608/t20260808_5356164.htm
福州市,2026年8月8日,"
		2026年8月8日福州市主副食品集超均价表_主副食品_
		福州市发展和改革委员会
	",梨,新鲜,元/500克,5.15,,,,,福州市主副食品集超均价表，集超均价,,,https://fgw.fuzhou.gov.cn/fgwzwgk/fzgggz/jgysf/msspjgxq/zfsp/202608/t20260808_5356164.htm
福州市,2026年8月8日,"
		2026年8月8日福州市主副食品集超均价表_主副食品_
		福州市发展和改革委员会
	",油菜(菜心),新鲜,元/500克,4.06,,,,,福州市主副食品集超均价表，集超均价,,,https://fgw.fuzhou.gov.cn/fgwzwgk/fzgggz/jgysf/msspjgxq/zfsp/202608/t20260808_5356164.htm
福州市,2026年8月8日,"
		2026年8月8日福州市主副食品集超均价表_主副食品_
		福州市发展和改革委员会
	",活明虾,鲜活,元/500克,28.03,,,,,福州市主副食品集超均价表，集超均价,,,https://fgw.fuzhou.gov.cn/fgwzwgk/fzgggz/jgysf/msspjgxq/zfsp/202608/t20260808_5356164.htm
福州市,2026年8月8日,"
		2026年8月8日福州市主副食品集超均价表_主副食品_
		福州市发展和改革委员会
	",活花蛤,鲜活,元/500克,10.08,,,,,福州市主副食品集超均价表，集超均价,,,https://fgw.fuzhou.gov.cn/fgwzwgk/fzgggz/jgysf/msspjgxq/zfsp/202608/t20260808_5356164.htm
福州市,2026年8月8日,"
		2026年8月8日福州市主副食品集超均价表_主副食品_
		福州市发展和改革委员会
	",活草鱼,鲜活,元/500克,11.53,,,,,福州市主副食品集超均价表，集超均价,,,https://fgw.fuzhou.gov.cn/fgwzwgk/fzgggz/jgysf/msspjgxq/zfsp/202608/t20260808_5356164.htm
福州市,2026年8月8日,"
		2026年8月8日福州市主副食品集超均价表_主副食品_
		福州市发展和改革委员会
	",活鳙鱼（大头鲢）,鲜活,元/500克,14.08,,,,,福州市主副食品集超均价表，集超均价,,,https://fgw.fuzhou.gov.cn/fgwzwgk/fzgggz/jgysf/msspjgxq/zfsp/202608/t20260808_5356164.htm
福州市,2026年8月8日,"
		2026年8月8日福州市主副食品集超均价表_主副食品_
		福州市发展和改革委员会
	",牛肉,去骨肉,元/500克,46.94,,,,,福州市主副食品集超均价表，集超均价,,,https://fgw.fuzhou.gov.cn/fgwzwgk/fzgggz/jgysf/msspjgxq/zfsp/202608/t20260808_5356164.htm
福州市,2026年8月8日,"
		2026年8月8日福州市主副食品集超均价表_主副食品_
		福州市发展和改革委员会
	",猪瘦肉,新鲜,元/500克,14.65,,,,,福州市主副食品集超均价表，集超均价,,,https://fgw.fuzhou.gov.cn/fgwzwgk/fzgggz/jgysf/msspjgxq/zfsp/202608/t20260808_5356164.htm
福州市,2026年8月8日,"
		2026年8月8日福州市主副食品集超均价表_主副食品_
		福州市发展和改革委员会
	",猪肋条肉,新鲜,元/500克,15.09,,,,,福州市主副食品集超均价表，集超均价,,,https://fgw.fuzhou.gov.cn/fgwzwgk/fzgggz/jgysf/msspjgxq/zfsp/202608/t20260808_5356164.htm
福州市,2026年8月8日,"
		2026年8月8日福州市主副食品集超均价表_主副食品_
		福州市发展和改革委员会
	",白萝卜,新鲜,元/500克,1.67,,,,,福州市主副食品集超均价表，集超均价,,,https://fgw.fuzhou.gov.cn/fgwzwgk/fzgggz/jgysf/msspjgxq/zfsp/202608/t20260808_5356164.htm
福州市,2026年8月8日,"
		2026年8月8日福州市主副食品集超均价表_主副食品_
		福州市发展和改革委员会
	",空心菜,新鲜,元/500克,2.82,,,,,福州市主副食品集超均价表，集超均价,,,https://fgw.fuzhou.gov.cn/fgwzwgk/fzgggz/jgysf/msspjgxq/zfsp/202608/t20260808_5356164.htm
福州市,2026年8月8日,"
		2026年8月8日福州市主副食品集超均价表_主副食品_
		福州市发展和改革委员会
	",粳米,标一,元/500克,2.97,,,,,福州市主副食品集超均价表，集超均价,,,https://fgw.fuzhou.gov.cn/fgwzwgk/fzgggz/jgysf/msspjgxq/zfsp/202608/t20260808_5356164.htm
福州市,2026年8月8日,"
		2026年8月8日福州市主副食品集超均价表_主副食品_
		福州市发展和改革委员会
	",红萝卜,新鲜,元/500克,2.24,,,,,福州市主副食品集超均价表，集超均价,,,https://fgw.fuzhou.gov.cn/fgwzwgk/fzgggz/jgysf/msspjgxq/zfsp/202608/t20260808_5356164.htm
福州市,2026年8月8日,"
		2026年8月8日福州市主副食品集超均价表_主副食品_
		福州市发展和改革委员会
	",纯牛奶,盒装,元/盒(250毫升),2.71,,,,,福州市主副食品集超均价表，集超均价,,,https://fgw.fuzhou.gov.cn/fgwzwgk/fzgggz/jgysf/msspjgxq/zfsp/202608/t20260808_5356164.htm
福州市,2026年8月8日,"
		2026年8月8日福州市主副食品集超均价表_主副食品_
		福州市发展和改革委员会
	",羊肉,带骨肉,元/500克,44.69,,,,,福州市主副食品集超均价表，集超均价,,,https://fgw.fuzhou.gov.cn/fgwzwgk/fzgggz/jgysf/msspjgxq/zfsp/202608/t20260808_5356164.htm
福州市,2026年8月8日,"
		2026年8月8日福州市主副食品集超均价表_主副食品_
		福州市发展和改革委员会
	",脐橙,新鲜,元/500克,4.85,,,,,福州市主副食品集超均价表，集超均价,,,https://fgw.fuzhou.gov.cn/fgwzwgk/fzgggz/jgysf/msspjgxq/zfsp/202608/t20260808_5356164.htm
福州市,2026年8月8日,"
		2026年8月8日福州市主副食品集超均价表_主副食品_
		福州市发展和改革委员会
	",花生油,桶装一级,元/5升,107.01,,,,,福州市主副食品集超均价表，集超均价,,,https://fgw.fuzhou.gov.cn/fgwzwgk/fzgggz/jgysf/msspjgxq/zfsp/202608/t20260808_5356164.htm
福州市,2026年8月8日,"
		2026年8月8日福州市主副食品集超均价表_主副食品_
		福州市发展和改革委员会
	",花菜,新鲜,元/500克,4.87,,,,,福州市主副食品集超均价表，集超均价,,,https://fgw.fuzhou.gov.cn/fgwzwgk/fzgggz/jgysf/msspjgxq/zfsp/202608/t20260808_5356164.htm
福州市,2026年8月8日,"
		2026年8月8日福州市主副食品集超均价表_主副食品_
		福州市发展和改革委员会
	",芹菜,新鲜,元/500克,6.75,,,,,福州市主副食品集超均价表，集超均价,,,https://fgw.fuzhou.gov.cn/fgwzwgk/fzgggz/jgysf/msspjgxq/zfsp/202608/t20260808_5356164.htm
福州市,2026年8月8日,"
		2026年8月8日福州市主副食品集超均价表_主副食品_
		福州市发展和改革委员会
	",苹果,新鲜,元/500克,8.32,,,,,福州市主副食品集超均价表，集超均价,,,https://fgw.fuzhou.gov.cn/fgwzwgk/fzgggz/jgysf/msspjgxq/zfsp/202608/t20260808_5356164.htm
福州市,2026年8月8日,"
		2026年8月8日福州市主副食品集超均价表_主副食品_
		福州市发展和改革委员会
	",茄子,新鲜,元/500克,3.1,,,,,福州市主副食品集超均价表，集超均价,,,https://fgw.fuzhou.gov.cn/fgwzwgk/fzgggz/jgysf/msspjgxq/zfsp/202608/t20260808_5356164.htm
福州市,2026年8月8日,"
		2026年8月8日福州市主副食品集超均价表_主副食品_
		福州市发展和改革委员会
	",菜籽油,桶装一级,元/5升,70.74,,,,,福州市主副食品集超均价表，集超均价,,,https://fgw.fuzhou.gov.cn/fgwzwgk/fzgggz/jgysf/msspjgxq/zfsp/202608/t20260808_5356164.htm
福州市,2026年8月8日,"
		2026年8月8日福州市主副食品集超均价表_主副食品_
		福州市发展和改革委员会
	",蒜苔,新鲜,元/500克,8.31,,,,,福州市主副食品集超均价表，集超均价,,,https://fgw.fuzhou.gov.cn/fgwzwgk/fzgggz/jgysf/msspjgxq/zfsp/202608/t20260808_5356164.htm
福州市,2026年8月8日,"
		2026年8月8日福州市主副食品集超均价表_主副食品_
		福州市发展和改革委员会
	",西红柿,新鲜,元/500克,4.06,,,,,福州市主副食品集超均价表，集超均价,,,https://fgw.fuzhou.gov.cn/fgwzwgk/fzgggz/jgysf/msspjgxq/zfsp/202608/t20260808_5356164.htm
福州市,2026年8月8日,"
		2026年8月8日福州市主副食品集超均价表_主副食品_
		福州市发展和改革委员会
	",调和油,桶装一级,元/5升,67.31,,,,,福州市主副食品集超均价表，集超均价,,,https://fgw.fuzhou.gov.cn/fgwzwgk/fzgggz/jgysf/msspjgxq/zfsp/202608/t20260808_5356164.htm
福州市,2026年8月8日,"
		2026年8月8日福州市主副食品集超均价表_主副食品_
		福州市发展和改革委员会
	",豆角,新鲜,元/500克,6.8,,,,,福州市主副食品集超均价表，集超均价,,,https://fgw.fuzhou.gov.cn/fgwzwgk/fzgggz/jgysf/msspjgxq/zfsp/202608/t20260808_5356164.htm
福州市,2026年8月8日,"
		2026年8月8日福州市主副食品集超均价表_主副食品_
		福州市发展和改革委员会
	",青椒,新鲜,元/500克,5.4,,,,,福州市主副食品集超均价表，集超均价,,,https://fgw.fuzhou.gov.cn/fgwzwgk/fzgggz/jgysf/msspjgxq/zfsp/202608/t20260808_5356164.htm
福州市,2026年8月8日,"
		2026年8月8日福州市主副食品集超均价表_主副食品_
		福州市发展和改革委员会
	",韭菜,新鲜,元/500克,5.79,,,,,福州市主副食品集超均价表，集超均价,,,https://fgw.fuzhou.gov.cn/fgwzwgk/fzgggz/jgysf/msspjgxq/zfsp/202608/t20260808_5356164.htm
福州市,2026年8月8日,"
		2026年8月8日福州市主副食品集超均价表_主副食品_
		福州市发展和改革委员会
	",香蕉,新鲜,元/500克,4.66,,,,,福州市主副食品集超均价表，集超均价,,,https://fgw.fuzhou.gov.cn/fgwzwgk/fzgggz/jgysf/msspjgxq/zfsp/202608/t20260808_5356164.htm
福州市,2026年8月8日,"
		2026年8月8日福州市主副食品集超均价表_主副食品_
		福州市发展和改革委员会
	",马胶鱼,冰鲜,元/500克,28.99,,,,,福州市主副食品集超均价表，集超均价,,,https://fgw.fuzhou.gov.cn/fgwzwgk/fzgggz/jgysf/msspjgxq/zfsp/202608/t20260808_5356164.htm
福州市,2026年8月8日,"
		2026年8月8日福州市主副食品集超均价表_主副食品_
		福州市发展和改革委员会
	",鱿鱼,冰鲜,元/500克,50.02,,,,,福州市主副食品集超均价表，集超均价,,,https://fgw.fuzhou.gov.cn/fgwzwgk/fzgggz/jgysf/msspjgxq/zfsp/202608/t20260808_5356164.htm
福州市,2026年8月8日,"
		2026年8月8日福州市主副食品集超均价表_主副食品_
		福州市发展和改革委员会
	",鸡肉,白条鸡,元/500克,16.17,,,,,福州市主副食品集超均价表，集超均价,,,https://fgw.fuzhou.gov.cn/fgwzwgk/fzgggz/jgysf/msspjgxq/zfsp/202608/t20260808_5356164.htm
福州市,2026年8月8日,"
		2026年8月8日福州市主副食品集超均价表_主副食品_
		福州市发展和改革委员会
	",鸭肉,白条鸭,元/500克,16.63,,,,,福州市主副食品集超均价表，集超均价,,,https://fgw.fuzhou.gov.cn/fgwzwgk/fzgggz/jgysf/msspjgxq/zfsp/202608/t20260808_5356164.htm
福州市,2026年8月8日,"
		2026年8月8日福州市主副食品集超均价表_主副食品_
		福州市发展和改革委员会
	",黄瓜,新鲜,元/500克,3.13,,,,,福州市主副食品集超均价表，集超均价,,,https://fgw.fuzhou.gov.cn/fgwzwgk/fzgggz/jgysf/msspjgxq/zfsp/202608/t20260808_5356164.htm
福州市,2026年8月8日,"
		2026年8月8日福州市主副食品集超均价表_主副食品_
		福州市发展和改革委员会
	",黄瓜鱼,冰鲜,元/500克,27.71,,,,,福州市主副食品集超均价表，集超均价,,,https://fgw.fuzhou.gov.cn/fgwzwgk/fzgggz/jgysf/msspjgxq/zfsp/202608/t20260808_5356164.htm
福州市,2026年8月9日,"
		2026年8月9日福州市主副食品集超均价表_主副食品_
		福州市发展和改革委员会
	",上海青,新鲜,元/500克,3.37,,,,,福州市主副食品集超均价表，集超均价,,,https://fgw.fuzhou.gov.cn/fgwzwgk/fzgggz/jgysf/msspjgxq/zfsp/202608/t20260809_5356195.htm
福州市,2026年8月9日,"
		2026年8月9日福州市主副食品集超均价表_主副食品_
		福州市发展和改革委员会
	",冻带鱼,冷冻,元/500克,22.21,,,,,福州市主副食品集超均价表，集超均价,,,https://fgw.fuzhou.gov.cn/fgwzwgk/fzgggz/jgysf/msspjgxq/zfsp/202608/t20260809_5356195.htm
福州市,2026年8月9日,"
		2026年8月9日福州市主副食品集超均价表_主副食品_
		福州市发展和改革委员会
	",圆白菜,新鲜,元/500克,2.15,,,,,福州市主副食品集超均价表，集超均价,,,https://fgw.fuzhou.gov.cn/fgwzwgk/fzgggz/jgysf/msspjgxq/zfsp/202608/t20260809_5356195.htm
福州市,2026年8月9日,"
		2026年8月9日福州市主副食品集超均价表_主副食品_
		福州市发展和改革委员会
	",土豆,新鲜,元/500克,2.27,,,,,福州市主副食品集超均价表，集超均价,,,https://fgw.fuzhou.gov.cn/fgwzwgk/fzgggz/jgysf/msspjgxq/zfsp/202608/t20260809_5356195.htm
福州市,2026年8月9日,"
		2026年8月9日福州市主副食品集超均价表_主副食品_
		福州市发展和改革委员会
	",大白菜,新鲜,元/500克,2.25,,,,,福州市主副食品集超均价表，集超均价,,,https://fgw.fuzhou.gov.cn/fgwzwgk/fzgggz/jgysf/msspjgxq/zfsp/202608/t20260809_5356195.htm
福州市,2026年8月9日,"
		2026年8月9日福州市主副食品集超均价表_主副食品_
		福州市发展和改革委员会
	",大豆油,桶装一级,元/5升,58.03,,,,,福州市主副食品集超均价表，集超均价,,,https://fgw.fuzhou.gov.cn/fgwzwgk/fzgggz/jgysf/msspjgxq/zfsp/202608/t20260809_5356195.htm
福州市,2026年8月9日,"
		2026年8月9日福州市主副食品集超均价表_主副食品_
		福州市发展和改革委员会
	",富强粉,,元/500克,3.57,,,,,福州市主副食品集超均价表，集超均价,,,https://fgw.fuzhou.gov.cn/fgwzwgk/fzgggz/jgysf/msspjgxq/zfsp/202608/t20260809_5356195.htm
福州市,2026年8月9日,"
		2026年8月9日福州市主副食品集超均价表_主副食品_
		福州市发展和改革委员会
	",尖椒,新鲜,元/500克,5.09,,,,,福州市主副食品集超均价表，集超均价,,,https://fgw.fuzhou.gov.cn/fgwzwgk/fzgggz/jgysf/msspjgxq/zfsp/202608/t20260809_5356195.htm
福州市,2026年8月9日,"
		2026年8月9日福州市主副食品集超均价表_主副食品_
		福州市发展和改革委员会
	",晚籼米,标一,元/500克,2.68,,,,,福州市主副食品集超均价表，集超均价,,,https://fgw.fuzhou.gov.cn/fgwzwgk/fzgggz/jgysf/msspjgxq/zfsp/202608/t20260809_5356195.htm
福州市,2026年8月9日,"
		2026年8月9日福州市主副食品集超均价表_主副食品_
		福州市发展和改革委员会
	",普通鸡蛋,新鲜完整,元/500克,6.57,,,,,福州市主副食品集超均价表，集超均价,,,https://fgw.fuzhou.gov.cn/fgwzwgk/fzgggz/jgysf/msspjgxq/zfsp/202608/t20260809_5356195.htm
福州市,2026年8月9日,"
		2026年8月9日福州市主副食品集超均价表_主副食品_
		福州市发展和改革委员会
	",普通鸭蛋,新鲜完整,元/500克,8.20,,,,,福州市主副食品集超均价表，集超均价,,,https://fgw.fuzhou.gov.cn/fgwzwgk/fzgggz/jgysf/msspjgxq/zfsp/202608/t20260809_5356195.htm
福州市,2026年8月9日,"
		2026年8月9日福州市主副食品集超均价表_主副食品_
		福州市发展和改革委员会
	",标准粉,,元/500克,2.49,,,,,福州市主副食品集超均价表，集超均价,,,https://fgw.fuzhou.gov.cn/fgwzwgk/fzgggz/jgysf/msspjgxq/zfsp/202608/t20260809_5356195.htm
福州市,2026年8月9日,"
		2026年8月9日福州市主副食品集超均价表_主副食品_
		福州市发展和改革委员会
	",梨,新鲜,元/500克,5.06,,,,,福州市主副食品集超均价表，集超均价,,,https://fgw.fuzhou.gov.cn/fgwzwgk/fzgggz/jgysf/msspjgxq/zfsp/202608/t20260809_5356195.htm
福州市,2026年8月9日,"
		2026年8月9日福州市主副食品集超均价表_主副食品_
		福州市发展和改革委员会
	",油菜(菜心),新鲜,元/500克,4.09,,,,,福州市主副食品集超均价表，集超均价,,,https://fgw.fuzhou.gov.cn/fgwzwgk/fzgggz/jgysf/msspjgxq/zfsp/202608/t20260809_5356195.htm
福州市,2026年8月9日,"
		2026年8月9日福州市主副食品集超均价表_主副食品_
		福州市发展和改革委员会
	",活明虾,鲜活,元/500克,28.24,,,,,福州市主副食品集超均价表，集超均价,,,https://fgw.fuzhou.gov.cn/fgwzwgk/fzgggz/jgysf/msspjgxq/zfsp/202608/t20260809_5356195.htm
福州市,2026年8月9日,"
		2026年8月9日福州市主副食品集超均价表_主副食品_
		福州市发展和改革委员会
	",活花蛤,鲜活,元/500克,10.15,,,,,福州市主副食品集超均价表，集超均价,,,https://fgw.fuzhou.gov.cn/fgwzwgk/fzgggz/jgysf/msspjgxq/zfsp/202608/t20260809_5356195.htm
福州市,2026年8月9日,"
		2026年8月9日福州市主副食品集超均价表_主副食品_
		福州市发展和改革委员会
	",活草鱼,鲜活,元/500克,11.52,,,,,福州市主副食品集超均价表，集超均价,,,https://fgw.fuzhou.gov.cn/fgwzwgk/fzgggz/jgysf/msspjgxq/zfsp/202608/t20260809_5356195.htm
福州市,2026年8月9日,"
		2026年8月9日福州市主副食品集超均价表_主副食品_
		福州市发展和改革委员会
	",活鳙鱼（大头鲢）,鲜活,元/500克,14.08,,,,,福州市主副食品集超均价表，集超均价,,,https://fgw.fuzhou.gov.cn/fgwzwgk/fzgggz/jgysf/msspjgxq/zfsp/202608/t20260809_5356195.htm
福州市,2026年8月9日,"
		2026年8月9日福州市主副食品集超均价表_主副食品_
		福州市发展和改革委员会
	",牛肉,去骨肉,元/500克,47.22,,,,,福州市主副食品集超均价表，集超均价,,,https://fgw.fuzhou.gov.cn/fgwzwgk/fzgggz/jgysf/msspjgxq/zfsp/202608/t20260809_5356195.htm
福州市,2026年8月9日,"
		2026年8月9日福州市主副食品集超均价表_主副食品_
		福州市发展和改革委员会
	",猪瘦肉,新鲜,元/500克,14.51,,,,,福州市主副食品集超均价表，集超均价,,,https://fgw.fuzhou.gov.cn/fgwzwgk/fzgggz/jgysf/msspjgxq/zfsp/202608/t20260809_5356195.htm
福州市,2026年8月9日,"
		2026年8月9日福州市主副食品集超均价表_主副食品_
		福州市发展和改革委员会
	",猪肋条肉,新鲜,元/500克,14.95,,,,,福州市主副食品集超均价表，集超均价,,,https://fgw.fuzhou.gov.cn/fgwzwgk/fzgggz/jgysf/msspjgxq/zfsp/202608/t20260809_5356195.htm
福州市,2026年8月9日,"
		2026年8月9日福州市主副食品集超均价表_主副食品_
		福州市发展和改革委员会
	",白萝卜,新鲜,元/500克,1.65,,,,,福州市主副食品集超均价表，集超均价,,,https://fgw.fuzhou.gov.cn/fgwzwgk/fzgggz/jgysf/msspjgxq/zfsp/202608/t20260809_5356195.htm
福州市,2026年8月9日,"
		2026年8月9日福州市主副食品集超均价表_主副食品_
		福州市发展和改革委员会
	",空心菜,新鲜,元/500克,2.84,,,,,福州市主副食品集超均价表，集超均价,,,https://fgw.fuzhou.gov.cn/fgwzwgk/fzgggz/jgysf/msspjgxq/zfsp/202608/t20260809_5356195.htm
福州市,2026年8月9日,"
		2026年8月9日福州市主副食品集超均价表_主副食品_
		福州市发展和改革委员会
	",粳米,标一,元/500克,2.97,,,,,福州市主副食品集超均价表，集超均价,,,https://fgw.fuzhou.gov.cn/fgwzwgk/fzgggz/jgysf/msspjgxq/zfsp/202608/t20260809_5356195.htm
福州市,2026年8月9日,"
		2026年8月9日福州市主副食品集超均价表_主副食品_
		福州市发展和改革委员会
	",红萝卜,新鲜,元/500克,2.24,,,,,福州市主副食品集超均价表，集超均价,,,https://fgw.fuzhou.gov.cn/fgwzwgk/fzgggz/jgysf/msspjgxq/zfsp/202608/t20260809_5356195.htm
福州市,2026年8月9日,"
		2026年8月9日福州市主副食品集超均价表_主副食品_
		福州市发展和改革委员会
	",纯牛奶,盒装,元/盒(250毫升),2.71,,,,,福州市主副食品集超均价表，集超均价,,,https://fgw.fuzhou.gov.cn/fgwzwgk/fzgggz/jgysf/msspjgxq/zfsp/202608/t20260809_5356195.htm
福州市,2026年8月9日,"
		2026年8月9日福州市主副食品集超均价表_主副食品_
		福州市发展和改革委员会
	",羊肉,带骨肉,元/500克,44.87,,,,,福州市主副食品集超均价表，集超均价,,,https://fgw.fuzhou.gov.cn/fgwzwgk/fzgggz/jgysf/msspjgxq/zfsp/202608/t20260809_5356195.htm
福州市,2026年8月9日,"
		2026年8月9日福州市主副食品集超均价表_主副食品_
		福州市发展和改革委员会
	",脐橙,新鲜,元/500克,4.85,,,,,福州市主副食品集超均价表，集超均价,,,https://fgw.fuzhou.gov.cn/fgwzwgk/fzgggz/jgysf/msspjgxq/zfsp/202608/t20260809_5356195.htm
福州市,2026年8月9日,"
		2026年8月9日福州市主副食品集超均价表_主副食品_
		福州市发展和改革委员会
	",花生油,桶装一级,元/5升,107.01,,,,,福州市主副食品集超均价表，集超均价,,,https://fgw.fuzhou.gov.cn/fgwzwgk/fzgggz/jgysf/msspjgxq/zfsp/202608/t20260809_5356195.htm
福州市,2026年8月9日,"
		2026年8月9日福州市主副食品集超均价表_主副食品_
		福州市发展和改革委员会
	",花菜,新鲜,元/500克,4.91,,,,,福州市主副食品集超均价表，集超均价,,,https://fgw.fuzhou.gov.cn/fgwzwgk/fzgggz/jgysf/msspjgxq/zfsp/202608/t20260809_5356195.htm
福州市,2026年8月9日,"
		2026年8月9日福州市主副食品集超均价表_主副食品_
		福州市发展和改革委员会
	",芹菜,新鲜,元/500克,6.80,,,,,福州市主副食品集超均价表，集超均价,,,https://fgw.fuzhou.gov.cn/fgwzwgk/fzgggz/jgysf/msspjgxq/zfsp/202608/t20260809_5356195.htm
福州市,2026年8月9日,"
		2026年8月9日福州市主副食品集超均价表_主副食品_
		福州市发展和改革委员会
	",苹果,新鲜,元/500克,8.28,,,,,福州市主副食品集超均价表，集超均价,,,https://fgw.fuzhou.gov.cn/fgwzwgk/fzgggz/jgysf/msspjgxq/zfsp/202608/t20260809_5356195.htm
福州市,2026年8月9日,"
		2026年8月9日福州市主副食品集超均价表_主副食品_
		福州市发展和改革委员会
	",茄子,新鲜,元/500克,3.13,,,,,福州市主副食品集超均价表，集超均价,,,https://fgw.fuzhou.gov.cn/fgwzwgk/fzgggz/jgysf/msspjgxq/zfsp/202608/t20260809_5356195.htm
福州市,2026年8月9日,"
		2026年8月9日福州市主副食品集超均价表_主副食品_
		福州市发展和改革委员会
	",菜籽油,桶装一级,元/5升,70.74,,,,,福州市主副食品集超均价表，集超均价,,,https://fgw.fuzhou.gov.cn/fgwzwgk/fzgggz/jgysf/msspjgxq/zfsp/202608/t20260809_5356195.htm
福州市,2026年8月9日,"
		2026年8月9日福州市主副食品集超均价表_主副食品_
		福州市发展和改革委员会
	",蒜苔,新鲜,元/500克,8.31,,,,,福州市主副食品集超均价表，集超均价,,,https://fgw.fuzhou.gov.cn/fgwzwgk/fzgggz/jgysf/msspjgxq/zfsp/202608/t20260809_5356195.htm
福州市,2026年8月9日,"
		2026年8月9日福州市主副食品集超均价表_主副食品_
		福州市发展和改革委员会
	",西红柿,新鲜,元/500克,4.05,,,,,福州市主副食品集超均价表，集超均价,,,https://fgw.fuzhou.gov.cn/fgwzwgk/fzgggz/jgysf/msspjgxq/zfsp/202608/t20260809_5356195.htm
福州市,2026年8月9日,"
		2026年8月9日福州市主副食品集超均价表_主副食品_
		福州市发展和改革委员会
	",调和油,桶装一级,元/5升,67.31,,,,,福州市主副食品集超均价表，集超均价,,,https://fgw.fuzhou.gov.cn/fgwzwgk/fzgggz/jgysf/msspjgxq/zfsp/202608/t20260809_5356195.htm
福州市,2026年8月9日,"
		2026年8月9日福州市主副食品集超均价表_主副食品_
		福州市发展和改革委员会
	",豆角,新鲜,元/500克,6.80,,,,,福州市主副食品集超均价表，集超均价,,,https://fgw.fuzhou.gov.cn/fgwzwgk/fzgggz/jgysf/msspjgxq/zfsp/202608/t20260809_5356195.htm
福州市,2026年8月9日,"
		2026年8月9日福州市主副食品集超均价表_主副食品_
		福州市发展和改革委员会
	",青椒,新鲜,元/500克,5.40,,,,,福州市主副食品集超均价表，集超均价,,,https://fgw.fuzhou.gov.cn/fgwzwgk/fzgggz/jgysf/msspjgxq/zfsp/202608/t20260809_5356195.htm
福州市,2026年8月9日,"
		2026年8月9日福州市主副食品集超均价表_主副食品_
		福州市发展和改革委员会
	",韭菜,新鲜,元/500克,5.79,,,,,福州市主副食品集超均价表，集超均价,,,https://fgw.fuzhou.gov.cn/fgwzwgk/fzgggz/jgysf/msspjgxq/zfsp/202608/t20260809_5356195.htm
福州市,2026年8月9日,"
		2026年8月9日福州市主副食品集超均价表_主副食品_
		福州市发展和改革委员会
	",香蕉,新鲜,元/500克,4.66,,,,,福州市主副食品集超均价表，集超均价,,,https://fgw.fuzhou.gov.cn/fgwzwgk/fzgggz/jgysf/msspjgxq/zfsp/202608/t20260809_5356195.htm
福州市,2026年8月9日,"
		2026年8月9日福州市主副食品集超均价表_主副食品_
		福州市发展和改革委员会
	",马胶鱼,冰鲜,元/500克,28.99,,,,,福州市主副食品集超均价表，集超均价,,,https://fgw.fuzhou.gov.cn/fgwzwgk/fzgggz/jgysf/msspjgxq/zfsp/202608/t20260809_5356195.htm
福州市,2026年8月9日,"
		2026年8月9日福州市主副食品集超均价表_主副食品_
		福州市发展和改革委员会
	",鱿鱼,冰鲜,元/500克,50.16,,,,,福州市主副食品集超均价表，集超均价,,,https://fgw.fuzhou.gov.cn/fgwzwgk/fzgggz/jgysf/msspjgxq/zfsp/202608/t20260809_5356195.htm
福州市,2026年8月9日,"
		2026年8月9日福州市主副食品集超均价表_主副食品_
		福州市发展和改革委员会
	",鸡肉,白条鸡,元/500克,16.17,,,,,福州市主副食品集超均价表，集超均价,,,https://fgw.fuzhou.gov.cn/fgwzwgk/fzgggz/jgysf/msspjgxq/zfsp/202608/t20260809_5356195.htm
福州市,2026年8月9日,"
		2026年8月9日福州市主副食品集超均价表_主副食品_
		福州市发展和改革委员会
	",鸭肉,白条鸭,元/500克,16.49,,,,,福州市主副食品集超均价表，集超均价,,,https://fgw.fuzhou.gov.cn/fgwzwgk/fzgggz/jgysf/msspjgxq/zfsp/202608/t20260809_5356195.htm
福州市,2026年8月9日,"
		2026年8月9日福州市主副食品集超均价表_主副食品_
		福州市发展和改革委员会
	",黄瓜,新鲜,元/500克,3.15,,,,,福州市主副食品集超均价表，集超均价,,,https://fgw.fuzhou.gov.cn/fgwzwgk/fzgggz/jgysf/msspjgxq/zfsp/202608/t20260809_5356195.htm
福州市,2026年8月9日,"
		2026年8月9日福州市主副食品集超均价表_主副食品_
		福州市发展和改革委员会
	",黄瓜鱼,冰鲜,元/500克,27.37,,,,,福州市主副食品集超均价表，集超均价,,,https://fgw.fuzhou.gov.cn/fgwzwgk/fzgggz/jgysf/msspjgxq/zfsp/202608/t20260809_5356195.htm
福州市,2026年9月1日,"
		2026年9月1日福州市主副食品集超均价表_主副食品_
		福州市发展和改革委员会
	",上海青,新鲜,元/500克,3.93,,,,,福州市主副食品集超均价表，集超均价,,,https://fgw.fuzhou.gov.cn/fgwzwgk/fzgggz/jgysf/msspjgxq/zfsp/202609/t20260901_5366129.htm
福州市,2026年9月1日,"
		2026年9月1日福州市主副食品集超均价表_主副食品_
		福州市发展和改革委员会
	",冻带鱼,冷冻,元/500克,22.20,,,,,福州市主副食品集超均价表，集超均价,,,https://fgw.fuzhou.gov.cn/fgwzwgk/fzgggz/jgysf/msspjgxq/zfsp/202609/t20260901_5366129.htm
福州市,2026年9月1日,"
		2026年9月1日福州市主副食品集超均价表_主副食品_
		福州市发展和改革委员会
	",圆白菜,新鲜,元/500克,2.12,,,,,福州市主副食品集超均价表，集超均价,,,https://fgw.fuzhou.gov.cn/fgwzwgk/fzgggz/jgysf/msspjgxq/zfsp/202609/t20260901_5366129.htm
福州市,2026年9月1日,"
		2026年9月1日福州市主副食品集超均价表_主副食品_
		福州市发展和改革委员会
	",土豆,新鲜,元/500克,2.20,,,,,福州市主副食品集超均价表，集超均价,,,https://fgw.fuzhou.gov.cn/fgwzwgk/fzgggz/jgysf/msspjgxq/zfsp/202609/t20260901_5366129.htm
福州市,2026年9月1日,"
		2026年9月1日福州市主副食品集超均价表_主副食品_
		福州市发展和改革委员会
	",大白菜,新鲜,元/500克,2.27,,,,,福州市主副食品集超均价表，集超均价,,,https://fgw.fuzhou.gov.cn/fgwzwgk/fzgggz/jgysf/msspjgxq/zfsp/202609/t20260901_5366129.htm
福州市,2026年9月1日,"
		2026年9月1日福州市主副食品集超均价表_主副食品_
		福州市发展和改革委员会
	",大豆油,桶装一级,元/5升,58.75,,,,,福州市主副食品集超均价表，集超均价,,,https://fgw.fuzhou.gov.cn/fgwzwgk/fzgggz/jgysf/msspjgxq/zfsp/202609/t20260901_5366129.htm
福州市,2026年9月1日,"
		2026年9月1日福州市主副食品集超均价表_主副食品_
		福州市发展和改革委员会
	",富强粉,,元/500克,3.57,,,,,福州市主副食品集超均价表，集超均价,,,https://fgw.fuzhou.gov.cn/fgwzwgk/fzgggz/jgysf/msspjgxq/zfsp/202609/t20260901_5366129.htm
福州市,2026年9月1日,"
		2026年9月1日福州市主副食品集超均价表_主副食品_
		福州市发展和改革委员会
	",尖椒,新鲜,元/500克,5.47,,,,,福州市主副食品集超均价表，集超均价,,,https://fgw.fuzhou.gov.cn/fgwzwgk/fzgggz/jgysf/msspjgxq/zfsp/202609/t20260901_5366129.htm
福州市,2026年9月1日,"
		2026年9月1日福州市主副食品集超均价表_主副食品_
		福州市发展和改革委员会
	",晚籼米,标一,元/500克,2.68,,,,,福州市主副食品集超均价表，集超均价,,,https://fgw.fuzhou.gov.cn/fgwzwgk/fzgggz/jgysf/msspjgxq/zfsp/202609/t20260901_5366129.htm
福州市,2026年9月1日,"
		2026年9月1日福州市主副食品集超均价表_主副食品_
		福州市发展和改革委员会
	",普通鸡蛋,新鲜完整,元/500克,6.79,,,,,福州市主副食品集超均价表，集超均价,,,https://fgw.fuzhou.gov.cn/fgwzwgk/fzgggz/jgysf/msspjgxq/zfsp/202609/t20260901_5366129.htm
福州市,2026年9月1日,"
		2026年9月1日福州市主副食品集超均价表_主副食品_
		福州市发展和改革委员会
	",普通鸭蛋,新鲜完整,元/500克,8.33,,,,,福州市主副食品集超均价表，集超均价,,,https://fgw.fuzhou.gov.cn/fgwzwgk/fzgggz/jgysf/msspjgxq/zfsp/202609/t20260901_5366129.htm
福州市,2026年9月1日,"
		2026年9月1日福州市主副食品集超均价表_主副食品_
		福州市发展和改革委员会
	",标准粉,,元/500克,2.49,,,,,福州市主副食品集超均价表，集超均价,,,https://fgw.fuzhou.gov.cn/fgwzwgk/fzgggz/jgysf/msspjgxq/zfsp/202609/t20260901_5366129.htm
福州市,2026年9月1日,"
		2026年9月1日福州市主副食品集超均价表_主副食品_
		福州市发展和改革委员会
	",梨,新鲜,元/500克,4.96,,,,,福州市主副食品集超均价表，集超均价,,,https://fgw.fuzhou.gov.cn/fgwzwgk/fzgggz/jgysf/msspjgxq/zfsp/202609/t20260901_5366129.htm
福州市,2026年9月1日,"
		2026年9月1日福州市主副食品集超均价表_主副食品_
		福州市发展和改革委员会
	",油菜(菜心),新鲜,元/500克,4.62,,,,,福州市主副食品集超均价表，集超均价,,,https://fgw.fuzhou.gov.cn/fgwzwgk/fzgggz/jgysf/msspjgxq/zfsp/202609/t20260901_5366129.htm
福州市,2026年9月1日,"
		2026年9月1日福州市主副食品集超均价表_主副食品_
		福州市发展和改革委员会
	",活明虾,鲜活,元/500克,30.15,,,,,福州市主副食品集超均价表，集超均价,,,https://fgw.fuzhou.gov.cn/fgwzwgk/fzgggz/jgysf/msspjgxq/zfsp/202609/t20260901_5366129.htm
福州市,2026年9月1日,"
		2026年9月1日福州市主副食品集超均价表_主副食品_
		福州市发展和改革委员会
	",活花蛤,鲜活,元/500克,10.25,,,,,福州市主副食品集超均价表，集超均价,,,https://fgw.fuzhou.gov.cn/fgwzwgk/fzgggz/jgysf/msspjgxq/zfsp/202609/t20260901_5366129.htm
福州市,2026年9月1日,"
		2026年9月1日福州市主副食品集超均价表_主副食品_
		福州市发展和改革委员会
	",活草鱼,鲜活,元/500克,11.53,,,,,福州市主副食品集超均价表，集超均价,,,https://fgw.fuzhou.gov.cn/fgwzwgk/fzgggz/jgysf/msspjgxq/zfsp/202609/t20260901_5366129.htm
福州市,2026年9月1日,"
		2026年9月1日福州市主副食品集超均价表_主副食品_
		福州市发展和改革委员会
	",活鳙鱼（大头鲢）,鲜活,元/500克,14.08,,,,,福州市主副食品集超均价表，集超均价,,,https://fgw.fuzhou.gov.cn/fgwzwgk/fzgggz/jgysf/msspjgxq/zfsp/202609/t20260901_5366129.htm
福州市,2026年9月1日,"
		2026年9月1日福州市主副食品集超均价表_主副食品_
		福州市发展和改革委员会
	",牛肉,去骨肉,元/500克,47.01,,,,,福州市主副食品集超均价表，集超均价,,,https://fgw.fuzhou.gov.cn/fgwzwgk/fzgggz/jgysf/msspjgxq/zfsp/202609/t20260901_5366129.htm
福州市,2026年9月1日,"
		2026年9月1日福州市主副食品集超均价表_主副食品_
		福州市发展和改革委员会
	",猪瘦肉,新鲜,元/500克,14.72,,,,,福州市主副食品集超均价表，集超均价,,,https://fgw.fuzhou.gov.cn/fgwzwgk/fzgggz/jgysf/msspjgxq/zfsp/202609/t20260901_5366129.htm
福州市,2026年9月1日,"
		2026年9月1日福州市主副食品集超均价表_主副食品_
		福州市发展和改革委员会
	",猪肋条肉,新鲜,元/500克,15.44,,,,,福州市主副食品集超均价表，集超均价,,,https://fgw.fuzhou.gov.cn/fgwzwgk/fzgggz/jgysf/msspjgxq/zfsp/202609/t20260901_5366129.htm
福州市,2026年9月1日,"
		2026年9月1日福州市主副食品集超均价表_主副食品_
		福州市发展和改革委员会
	",白萝卜,新鲜,元/500克,1.68,,,,,福州市主副食品集超均价表，集超均价,,,https://fgw.fuzhou.gov.cn/fgwzwgk/fzgggz/jgysf/msspjgxq/zfsp/202609/t20260901_5366129.htm
福州市,2026年9月1日,"
		2026年9月1日福州市主副食品集超均价表_主副食品_
		福州市发展和改革委员会
	",空心菜,新鲜,元/500克,3.23,,,,,福州市主副食品集超均价表，集超均价,,,https://fgw.fuzhou.gov.cn/fgwzwgk/fzgggz/jgysf/msspjgxq/zfsp/202609/t20260901_5366129.htm
福州市,2026年9月1日,"
		2026年9月1日福州市主副食品集超均价表_主副食品_
		福州市发展和改革委员会
	",粳米,标一,元/500克,2.97,,,,,福州市主副食品集超均价表，集超均价,,,https://fgw.fuzhou.gov.cn/fgwzwgk/fzgggz/jgysf/msspjgxq/zfsp/202609/t20260901_5366129.htm
福州市,2026年9月1日,"
		2026年9月1日福州市主副食品集超均价表_主副食品_
		福州市发展和改革委员会
	",红萝卜,新鲜,元/500克,2.19,,,,,福州市主副食品集超均价表，集超均价,,,https://fgw.fuzhou.gov.cn/fgwzwgk/fzgggz/jgysf/msspjgxq/zfsp/202609/t20260901_5366129.htm
福州市,2026年9月1日,"
		2026年9月1日福州市主副食品集超均价表_主副食品_
		福州市发展和改革委员会
	",纯牛奶,盒装,元/盒(250毫升),2.71,,,,,福州市主副食品集超均价表，集超均价,,,https://fgw.fuzhou.gov.cn/fgwzwgk/fzgggz/jgysf/msspjgxq/zfsp/202609/t20260901_5366129.htm
福州市,2026年9月1日,"
		2026年9月1日福州市主副食品集超均价表_主副食品_
		福州市发展和改革委员会
	",羊肉,带骨肉,元/500克,44.23,,,,,福州市主副食品集超均价表，集超均价,,,https://fgw.fuzhou.gov.cn/fgwzwgk/fzgggz/jgysf/msspjgxq/zfsp/202609/t20260901_5366129.htm
福州市,2026年9月1日,"
		2026年9月1日福州市主副食品集超均价表_主副食品_
		福州市发展和改革委员会
	",脐橙,新鲜,元/500克,4.89,,,,,福州市主副食品集超均价表，集超均价,,,https://fgw.fuzhou.gov.cn/fgwzwgk/fzgggz/jgysf/msspjgxq/zfsp/202609/t20260901_5366129.htm
福州市,2026年9月1日,"
		2026年9月1日福州市主副食品集超均价表_主副食品_
		福州市发展和改革委员会
	",花生油,桶装一级,元/5升,105.24,,,,,福州市主副食品集超均价表，集超均价,,,https://fgw.fuzhou.gov.cn/fgwzwgk/fzgggz/jgysf/msspjgxq/zfsp/202609/t20260901_5366129.htm
福州市,2026年9月1日,"
		2026年9月1日福州市主副食品集超均价表_主副食品_
		福州市发展和改革委员会
	",花菜,新鲜,元/500克,4.82,,,,,福州市主副食品集超均价表，集超均价,,,https://fgw.fuzhou.gov.cn/fgwzwgk/fzgggz/jgysf/msspjgxq/zfsp/202609/t20260901_5366129.htm
福州市,2026年9月1日,"
		2026年9月1日福州市主副食品集超均价表_主副食品_
		福州市发展和改革委员会
	",芹菜,新鲜,元/500克,7.14,,,,,福州市主副食品集超均价表，集超均价,,,https://fgw.fuzhou.gov.cn/fgwzwgk/fzgggz/jgysf/msspjgxq/zfsp/202609/t20260901_5366129.htm
福州市,2026年9月1日,"
		2026年9月1日福州市主副食品集超均价表_主副食品_
		福州市发展和改革委员会
	",苹果,新鲜,元/500克,8.37,,,,,福州市主副食品集超均价表，集超均价,,,https://fgw.fuzhou.gov.cn/fgwzwgk/fzgggz/jgysf/msspjgxq/zfsp/202609/t20260901_5366129.htm
福州市,2026年9月1日,"
		2026年9月1日福州市主副食品集超均价表_主副食品_
		福州市发展和改革委员会
	",茄子,新鲜,元/500克,3.14,,,,,福州市主副食品集超均价表，集超均价,,,https://fgw.fuzhou.gov.cn/fgwzwgk/fzgggz/jgysf/msspjgxq/zfsp/202609/t20260901_5366129.htm
福州市,2026年9月1日,"
		2026年9月1日福州市主副食品集超均价表_主副食品_
		福州市发展和改革委员会
	",菜籽油,桶装一级,元/5升,70.03,,,,,福州市主副食品集超均价表，集超均价,,,https://fgw.fuzhou.gov.cn/fgwzwgk/fzgggz/jgysf/msspjgxq/zfsp/202609/t20260901_5366129.htm
福州市,2026年9月1日,"
		2026年9月1日福州市主副食品集超均价表_主副食品_
		福州市发展和改革委员会
	",蒜苔,新鲜,元/500克,8.26,,,,,福州市主副食品集超均价表，集超均价,,,https://fgw.fuzhou.gov.cn/fgwzwgk/fzgggz/jgysf/msspjgxq/zfsp/202609/t20260901_5366129.htm
福州市,2026年9月1日,"
		2026年9月1日福州市主副食品集超均价表_主副食品_
		福州市发展和改革委员会
	",西红柿,新鲜,元/500克,3.90,,,,,福州市主副食品集超均价表，集超均价,,,https://fgw.fuzhou.gov.cn/fgwzwgk/fzgggz/jgysf/msspjgxq/zfsp/202609/t20260901_5366129.htm
福州市,2026年9月1日,"
		2026年9月1日福州市主副食品集超均价表_主副食品_
		福州市发展和改革委员会
	",调和油,桶装一级,元/5升,66.74,,,,,福州市主副食品集超均价表，集超均价,,,https://fgw.fuzhou.gov.cn/fgwzwgk/fzgggz/jgysf/msspjgxq/zfsp/202609/t20260901_5366129.htm
福州市,2026年9月1日,"
		2026年9月1日福州市主副食品集超均价表_主副食品_
		福州市发展和改革委员会
	",豆角,新鲜,元/500克,7.18,,,,,福州市主副食品集超均价表，集超均价,,,https://fgw.fuzhou.gov.cn/fgwzwgk/fzgggz/jgysf/msspjgxq/zfsp/202609/t20260901_5366129.htm
福州市,2026年9月1日,"
		2026年9月1日福州市主副食品集超均价表_主副食品_
		福州市发展和改革委员会
	",青椒,新鲜,元/500克,6.12,,,,,福州市主副食品集超均价表，集超均价,,,https://fgw.fuzhou.gov.cn/fgwzwgk/fzgggz/jgysf/msspjgxq/zfsp/202609/t20260901_5366129.htm
福州市,2026年9月1日,"
		2026年9月1日福州市主副食品集超均价表_主副食品_
		福州市发展和改革委员会
	",韭菜,新鲜,元/500克,5.82,,,,,福州市主副食品集超均价表，集超均价,,,https://fgw.fuzhou.gov.cn/fgwzwgk/fzgggz/jgysf/msspjgxq/zfsp/202609/t20260901_5366129.htm
福州市,2026年9月1日,"
		2026年9月1日福州市主副食品集超均价表_主副食品_
		福州市发展和改革委员会
	",香蕉,新鲜,元/500克,4.60,,,,,福州市主副食品集超均价表，集超均价,,,https://fgw.fuzhou.gov.cn/fgwzwgk/fzgggz/jgysf/msspjgxq/zfsp/202609/t20260901_5366129.htm
福州市,2026年9月1日,"
		2026年9月1日福州市主副食品集超均价表_主副食品_
		福州市发展和改革委员会
	",马胶鱼,冰鲜,元/500克,27.02,,,,,福州市主副食品集超均价表，集超均价,,,https://fgw.fuzhou.gov.cn/fgwzwgk/fzgggz/jgysf/msspjgxq/zfsp/202609/t20260901_5366129.htm
福州市,2026年9月1日,"
		2026年9月1日福州市主副食品集超均价表_主副食品_
		福州市发展和改革委员会
	",鱿鱼,冰鲜,元/500克,50.45,,,,,福州市主副食品集超均价表，集超均价,,,https://fgw.fuzhou.gov.cn/fgwzwgk/fzgggz/jgysf/msspjgxq/zfsp/202609/t20260901_5366129.htm
福州市,2026年9月1日,"
		2026年9月1日福州市主副食品集超均价表_主副食品_
		福州市发展和改革委员会
	",鸡肉,白条鸡,元/500克,16.17,,,,,福州市主副食品集超均价表，集超均价,,,https://fgw.fuzhou.gov.cn/fgwzwgk/fzgggz/jgysf/msspjgxq/zfsp/202609/t20260901_5366129.htm
福州市,2026年9月1日,"
		2026年9月1日福州市主副食品集超均价表_主副食品_
		福州市发展和改革委员会
	",鸭肉,白条鸭,元/500克,16.77,,,,,福州市主副食品集超均价表，集超均价,,,https://fgw.fuzhou.gov.cn/fgwzwgk/fzgggz/jgysf/msspjgxq/zfsp/202609/t20260901_5366129.htm
福州市,2026年9月1日,"
		2026年9月1日福州市主副食品集超均价表_主副食品_
		福州市发展和改革委员会
	",黄瓜,新鲜,元/500克,3.31,,,,,福州市主副食品集超均价表，集超均价,,,https://fgw.fuzhou.gov.cn/fgwzwgk/fzgggz/jgysf/msspjgxq/zfsp/202609/t20260901_5366129.htm
福州市,2026年9月1日,"
		2026年9月1日福州市主副食品集超均价表_主副食品_
		福州市发展和改革委员会
	",黄瓜鱼,冰鲜,元/500克,28.07,,,,,福州市主副食品集超均价表，集超均价,,,https://fgw.fuzhou.gov.cn/fgwzwgk/fzgggz/jgysf/msspjgxq/zfsp/202609/t20260901_5366129.htm
福州市,2026年9月2日,"
		2026年9月2日福州市主副食品集超均价表_主副食品_
		福州市发展和改革委员会
	",上海青,新鲜,元/500克,4.04,,,,,福州市主副食品集超均价表，集超均价,,,https://fgw.fuzhou.gov.cn/fgwzwgk/fzgggz/jgysf/msspjgxq/zfsp/202609/t20260902_5367075.htm
福州市,2026年9月2日,"
		2026年9月2日福州市主副食品集超均价表_主副食品_
		福州市发展和改革委员会
	",冻带鱼,冷冻,元/500克,22.20,,,,,福州市主副食品集超均价表，集超均价,,,https://fgw.fuzhou.gov.cn/fgwzwgk/fzgggz/jgysf/msspjgxq/zfsp/202609/t20260902_5367075.htm
福州市,2026年9月2日,"
		2026年9月2日福州市主副食品集超均价表_主副食品_
		福州市发展和改革委员会
	",圆白菜,新鲜,元/500克,2.13,,,,,福州市主副食品集超均价表，集超均价,,,https://fgw.fuzhou.gov.cn/fgwzwgk/fzgggz/jgysf/msspjgxq/zfsp/202609/t20260902_5367075.htm
福州市,2026年9月2日,"
		2026年9月2日福州市主副食品集超均价表_主副食品_
		福州市发展和改革委员会
	",土豆,新鲜,元/500克,2.18,,,,,福州市主副食品集超均价表，集超均价,,,https://fgw.fuzhou.gov.cn/fgwzwgk/fzgggz/jgysf/msspjgxq/zfsp/202609/t20260902_5367075.htm
福州市,2026年9月2日,"
		2026年9月2日福州市主副食品集超均价表_主副食品_
		福州市发展和改革委员会
	",大白菜,新鲜,元/500克,2.27,,,,,福州市主副食品集超均价表，集超均价,,,https://fgw.fuzhou.gov.cn/fgwzwgk/fzgggz/jgysf/msspjgxq/zfsp/202609/t20260902_5367075.htm
福州市,2026年9月2日,"
		2026年9月2日福州市主副食品集超均价表_主副食品_
		福州市发展和改革委员会
	",大豆油,桶装一级,元/5升,58.75,,,,,福州市主副食品集超均价表，集超均价,,,https://fgw.fuzhou.gov.cn/fgwzwgk/fzgggz/jgysf/msspjgxq/zfsp/202609/t20260902_5367075.htm
福州市,2026年9月2日,"
		2026年9月2日福州市主副食品集超均价表_主副食品_
		福州市发展和改革委员会
	",富强粉,,元/500克,3.57,,,,,福州市主副食品集超均价表，集超均价,,,https://fgw.fuzhou.gov.cn/fgwzwgk/fzgggz/jgysf/msspjgxq/zfsp/202609/t20260902_5367075.htm
福州市,2026年9月2日,"
		2026年9月2日福州市主副食品集超均价表_主副食品_
		福州市发展和改革委员会
	",尖椒,新鲜,元/500克,5.47,,,,,福州市主副食品集超均价表，集超均价,,,https://fgw.fuzhou.gov.cn/fgwzwgk/fzgggz/jgysf/msspjgxq/zfsp/202609/t20260902_5367075.htm
福州市,2026年9月2日,"
		2026年9月2日福州市主副食品集超均价表_主副食品_
		福州市发展和改革委员会
	",晚籼米,标一,元/500克,2.68,,,,,福州市主副食品集超均价表，集超均价,,,https://fgw.fuzhou.gov.cn/fgwzwgk/fzgggz/jgysf/msspjgxq/zfsp/202609/t20260902_5367075.htm
福州市,2026年9月2日,"
		2026年9月2日福州市主副食品集超均价表_主副食品_
		福州市发展和改革委员会
	",普通鸡蛋,新鲜完整,元/500克,6.76,,,,,福州市主副食品集超均价表，集超均价,,,https://fgw.fuzhou.gov.cn/fgwzwgk/fzgggz/jgysf/msspjgxq/zfsp/202609/t20260902_5367075.htm
福州市,2026年9月2日,"
		2026年9月2日福州市主副食品集超均价表_主副食品_
		福州市发展和改革委员会
	",普通鸭蛋,新鲜完整,元/500克,8.33,,,,,福州市主副食品集超均价表，集超均价,,,https://fgw.fuzhou.gov.cn/fgwzwgk/fzgggz/jgysf/msspjgxq/zfsp/202609/t20260902_5367075.htm
福州市,2026年9月2日,"
		2026年9月2日福州市主副食品集超均价表_主副食品_
		福州市发展和改革委员会
	",标准粉,,元/500克,2.49,,,,,福州市主副食品集超均价表，集超均价,,,https://fgw.fuzhou.gov.cn/fgwzwgk/fzgggz/jgysf/msspjgxq/zfsp/202609/t20260902_5367075.htm
福州市,2026年9月2日,"
		2026年9月2日福州市主副食品集超均价表_主副食品_
		福州市发展和改革委员会
	",梨,新鲜,元/500克,4.96,,,,,福州市主副食品集超均价表，集超均价,,,https://fgw.fuzhou.gov.cn/fgwzwgk/fzgggz/jgysf/msspjgxq/zfsp/202609/t20260902_5367075.htm
福州市,2026年9月2日,"
		2026年9月2日福州市主副食品集超均价表_主副食品_
		福州市发展和改革委员会
	",油菜(菜心),新鲜,元/500克,4.72,,,,,福州市主副食品集超均价表，集超均价,,,https://fgw.fuzhou.gov.cn/fgwzwgk/fzgggz/jgysf/msspjgxq/zfsp/202609/t20260902_5367075.htm
福州市,2026年9月2日,"
		2026年9月2日福州市主副食品集超均价表_主副食品_
		福州市发展和改革委员会
	",活明虾,鲜活,元/500克,30.22,,,,,福州市主副食品集超均价表，集超均价,,,https://fgw.fuzhou.gov.cn/fgwzwgk/fzgggz/jgysf/msspjgxq/zfsp/202609/t20260902_5367075.htm
福州市,2026年9月2日,"
		2026年9月2日福州市主副食品集超均价表_主副食品_
		福州市发展和改革委员会
	",活花蛤,鲜活,元/500克,10.11,,,,,福州市主副食品集超均价表，集超均价,,,https://fgw.fuzhou.gov.cn/fgwzwgk/fzgggz/jgysf/msspjgxq/zfsp/202609/t20260902_5367075.htm
福州市,2026年9月2日,"
		2026年9月2日福州市主副食品集超均价表_主副食品_
		福州市发展和改革委员会
	",活草鱼,鲜活,元/500克,11.17,,,,,福州市主副食品集超均价表，集超均价,,,https://fgw.fuzhou.gov.cn/fgwzwgk/fzgggz/jgysf/msspjgxq/zfsp/202609/t20260902_5367075.htm
福州市,2026年9月2日,"
		2026年9月2日福州市主副食品集超均价表_主副食品_
		福州市发展和改革委员会
	",活鳙鱼（大头鲢）,鲜活,元/500克,14.08,,,,,福州市主副食品集超均价表，集超均价,,,https://fgw.fuzhou.gov.cn/fgwzwgk/fzgggz/jgysf/msspjgxq/zfsp/202609/t20260902_5367075.htm
福州市,2026年9月2日,"
		2026年9月2日福州市主副食品集超均价表_主副食品_
		福州市发展和改革委员会
	",牛肉,去骨肉,元/500克,47.01,,,,,福州市主副食品集超均价表，集超均价,,,https://fgw.fuzhou.gov.cn/fgwzwgk/fzgggz/jgysf/msspjgxq/zfsp/202609/t20260902_5367075.htm
福州市,2026年9月2日,"
		2026年9月2日福州市主副食品集超均价表_主副食品_
		福州市发展和改革委员会
	",猪瘦肉,新鲜,元/500克,14.82,,,,,福州市主副食品集超均价表，集超均价,,,https://fgw.fuzhou.gov.cn/fgwzwgk/fzgggz/jgysf/msspjgxq/zfsp/202609/t20260902_5367075.htm
福州市,2026年9月2日,"
		2026年9月2日福州市主副食品集超均价表_主副食品_
		福州市发展和改革委员会
	",猪肋条肉,新鲜,元/500克,15.47,,,,,福州市主副食品集超均价表，集超均价,,,https://fgw.fuzhou.gov.cn/fgwzwgk/fzgggz/jgysf/msspjgxq/zfsp/202609/t20260902_5367075.htm
福州市,2026年9月2日,"
		2026年9月2日福州市主副食品集超均价表_主副食品_
		福州市发展和改革委员会
	",白萝卜,新鲜,元/500克,1.71,,,,,福州市主副食品集超均价表，集超均价,,,https://fgw.fuzhou.gov.cn/fgwzwgk/fzgggz/jgysf/msspjgxq/zfsp/202609/t20260902_5367075.htm
福州市,2026年9月2日,"
		2026年9月2日福州市主副食品集超均价表_主副食品_
		福州市发展和改革委员会
	",空心菜,新鲜,元/500克,3.40,,,,,福州市主副食品集超均价表，集超均价,,,https://fgw.fuzhou.gov.cn/fgwzwgk/fzgggz/jgysf/msspjgxq/zfsp/202609/t20260902_5367075.htm
福州市,2026年9月2日,"
		2026年9月2日福州市主副食品集超均价表_主副食品_
		福州市发展和改革委员会
	",粳米,标一,元/500克,2.97,,,,,福州市主副食品集超均价表，集超均价,,,https://fgw.fuzhou.gov.cn/fgwzwgk/fzgggz/jgysf/msspjgxq/zfsp/202609/t20260902_5367075.htm
福州市,2026年9月2日,"
		2026年9月2日福州市主副食品集超均价表_主副食品_
		福州市发展和改革委员会
	",红萝卜,新鲜,元/500克,2.15,,,,,福州市主副食品集超均价表，集超均价,,,https://fgw.fuzhou.gov.cn/fgwzwgk/fzgggz/jgysf/msspjgxq/zfsp/202609/t20260902_5367075.htm
福州市,2026年9月2日,"
		2026年9月2日福州市主副食品集超均价表_主副食品_
		福州市发展和改革委员会
	",纯牛奶,盒装,元/盒(250毫升),2.71,,,,,福州市主副食品集超均价表，集超均价,,,https://fgw.fuzhou.gov.cn/fgwzwgk/fzgggz/jgysf/msspjgxq/zfsp/202609/t20260902_5367075.htm
福州市,2026年9月2日,"
		2026年9月2日福州市主副食品集超均价表_主副食品_
		福州市发展和改革委员会
	",羊肉,带骨肉,元/500克,44.51,,,,,福州市主副食品集超均价表，集超均价,,,https://fgw.fuzhou.gov.cn/fgwzwgk/fzgggz/jgysf/msspjgxq/zfsp/202609/t20260902_5367075.htm
福州市,2026年9月2日,"
		2026年9月2日福州市主副食品集超均价表_主副食品_
		福州市发展和改革委员会
	",脐橙,新鲜,元/500克,4.89,,,,,福州市主副食品集超均价表，集超均价,,,https://fgw.fuzhou.gov.cn/fgwzwgk/fzgggz/jgysf/msspjgxq/zfsp/202609/t20260902_5367075.htm
福州市,2026年9月2日,"
		2026年9月2日福州市主副食品集超均价表_主副食品_
		福州市发展和改革委员会
	",花生油,桶装一级,元/5升,105.24,,,,,福州市主副食品集超均价表，集超均价,,,https://fgw.fuzhou.gov.cn/fgwzwgk/fzgggz/jgysf/msspjgxq/zfsp/202609/t20260902_5367075.htm
福州市,2026年9月2日,"
		2026年9月2日福州市主副食品集超均价表_主副食品_
		福州市发展和改革委员会
	",花菜,新鲜,元/500克,4.78,,,,,福州市主副食品集超均价表，集超均价,,,https://fgw.fuzhou.gov.cn/fgwzwgk/fzgggz/jgysf/msspjgxq/zfsp/202609/t20260902_5367075.htm
福州市,2026年9月2日,"
		2026年9月2日福州市主副食品集超均价表_主副食品_
		福州市发展和改革委员会
	",芹菜,新鲜,元/500克,7.14,,,,,福州市主副食品集超均价表，集超均价,,,https://fgw.fuzhou.gov.cn/fgwzwgk/fzgggz/jgysf/msspjgxq/zfsp/202609/t20260902_5367075.htm
福州市,2026年9月2日,"
		2026年9月2日福州市主副食品集超均价表_主副食品_
		福州市发展和改革委员会
	",苹果,新鲜,元/500克,8.30,,,,,福州市主副食品集超均价表，集超均价,,,https://fgw.fuzhou.gov.cn/fgwzwgk/fzgggz/jgysf/msspjgxq/zfsp/202609/t20260902_5367075.htm
福州市,2026年9月2日,"
		2026年9月2日福州市主副食品集超均价表_主副食品_
		福州市发展和改革委员会
	",茄子,新鲜,元/500克,3.19,,,,,福州市主副食品集超均价表，集超均价,,,https://fgw.fuzhou.gov.cn/fgwzwgk/fzgggz/jgysf/msspjgxq/zfsp/202609/t20260902_5367075.htm
福州市,2026年9月2日,"
		2026年9月2日福州市主副食品集超均价表_主副食品_
		福州市发展和改革委员会
	",菜籽油,桶装一级,元/5升,70.03,,,,,福州市主副食品集超均价表，集超均价,,,https://fgw.fuzhou.gov.cn/fgwzwgk/fzgggz/jgysf/msspjgxq/zfsp/202609/t20260902_5367075.htm
福州市,2026年9月2日,"
		2026年9月2日福州市主副食品集超均价表_主副食品_
		福州市发展和改革委员会
	",蒜苔,新鲜,元/500克,8.26,,,,,福州市主副食品集超均价表，集超均价,,,https://fgw.fuzhou.gov.cn/fgwzwgk/fzgggz/jgysf/msspjgxq/zfsp/202609/t20260902_5367075.htm
福州市,2026年9月2日,"
		2026年9月2日福州市主副食品集超均价表_主副食品_
		福州市发展和改革委员会
	",西红柿,新鲜,元/500克,3.89,,,,,福州市主副食品集超均价表，集超均价,,,https://fgw.fuzhou.gov.cn/fgwzwgk/fzgggz/jgysf/msspjgxq/zfsp/202609/t20260902_5367075.htm
福州市,2026年9月2日,"
		2026年9月2日福州市主副食品集超均价表_主副食品_
		福州市发展和改革委员会
	",调和油,桶装一级,元/5升,66.74,,,,,福州市主副食品集超均价表，集超均价,,,https://fgw.fuzhou.gov.cn/fgwzwgk/fzgggz/jgysf/msspjgxq/zfsp/202609/t20260902_5367075.htm
福州市,2026年9月2日,"
		2026年9月2日福州市主副食品集超均价表_主副食品_
		福州市发展和改革委员会
	",豆角,新鲜,元/500克,7.18,,,,,福州市主副食品集超均价表，集超均价,,,https://fgw.fuzhou.gov.cn/fgwzwgk/fzgggz/jgysf/msspjgxq/zfsp/202609/t20260902_5367075.htm
福州市,2026年9月2日,"
		2026年9月2日福州市主副食品集超均价表_主副食品_
		福州市发展和改革委员会
	",青椒,新鲜,元/500克,6.15,,,,,福州市主副食品集超均价表，集超均价,,,https://fgw.fuzhou.gov.cn/fgwzwgk/fzgggz/jgysf/msspjgxq/zfsp/202609/t20260902_5367075.htm
福州市,2026年9月2日,"
		2026年9月2日福州市主副食品集超均价表_主副食品_
		福州市发展和改革委员会
	",韭菜,新鲜,元/500克,5.82,,,,,福州市主副食品集超均价表，集超均价,,,https://fgw.fuzhou.gov.cn/fgwzwgk/fzgggz/jgysf/msspjgxq/zfsp/202609/t20260902_5367075.htm
福州市,2026年9月2日,"
		2026年9月2日福州市主副食品集超均价表_主副食品_
		福州市发展和改革委员会
	",香蕉,新鲜,元/500克,4.60,,,,,福州市主副食品集超均价表，集超均价,,,https://fgw.fuzhou.gov.cn/fgwzwgk/fzgggz/jgysf/msspjgxq/zfsp/202609/t20260902_5367075.htm
福州市,2026年9月2日,"
		2026年9月2日福州市主副食品集超均价表_主副食品_
		福州市发展和改革委员会
	",马胶鱼,冰鲜,元/500克,27.65,,,,,福州市主副食品集超均价表，集超均价,,,https://fgw.fuzhou.gov.cn/fgwzwgk/fzgggz/jgysf/msspjgxq/zfsp/202609/t20260902_5367075.htm
福州市,2026年9月2日,"
		2026年9月2日福州市主副食品集超均价表_主副食品_
		福州市发展和改革委员会
	",鱿鱼,冰鲜,元/500克,50.45,,,,,福州市主副食品集超均价表，集超均价,,,https://fgw.fuzhou.gov.cn/fgwzwgk/fzgggz/jgysf/msspjgxq/zfsp/202609/t20260902_5367075.htm
福州市,2026年9月2日,"
		2026年9月2日福州市主副食品集超均价表_主副食品_
		福州市发展和改革委员会
	",鸡肉,白条鸡,元/500克,16.17,,,,,福州市主副食品集超均价表，集超均价,,,https://fgw.fuzhou.gov.cn/fgwzwgk/fzgggz/jgysf/msspjgxq/zfsp/202609/t20260902_5367075.htm
福州市,2026年9月2日,"
		2026年9月2日福州市主副食品集超均价表_主副食品_
		福州市发展和改革委员会
	",鸭肉,白条鸭,元/500克,16.77,,,,,福州市主副食品集超均价表，集超均价,,,https://fgw.fuzhou.gov.cn/fgwzwgk/fzgggz/jgysf/msspjgxq/zfsp/202609/t20260902_5367075.htm
福州市,2026年9月2日,"
		2026年9月2日福州市主副食品集超均价表_主副食品_
		福州市发展和改革委员会
	",黄瓜,新鲜,元/500克,3.28,,,,,福州市主副食品集超均价表，集超均价,,,https://fgw.fuzhou.gov.cn/fgwzwgk/fzgggz/jgysf/msspjgxq/zfsp/202609/t20260902_5367075.htm
福州市,2026年9月2日,"
		2026年9月2日福州市主副食品集超均价表_主副食品_
		福州市发展和改革委员会
	",黄瓜鱼,冰鲜,元/500克,28.21,,,,,福州市主副食品集超均价表，集超均价,,,https://fgw.fuzhou.gov.cn/fgwzwgk/fzgggz/jgysf/msspjgxq/zfsp/202609/t20260902_5367075.htm
福州市,2026年9月3日,"
		2026年9月3日福州市主副食品集超均价表_主副食品_
		福州市发展和改革委员会
	",上海青,新鲜,元/500克,4.09,,,,,福州市主副食品集超均价表，集超均价,,,https://fgw.fuzhou.gov.cn/fgwzwgk/fzgggz/jgysf/msspjgxq/zfsp/202609/t20260903_5367499.htm
福州市,2026年9月3日,"
		2026年9月3日福州市主副食品集超均价表_主副食品_
		福州市发展和改革委员会
	",冻带鱼,冷冻,元/500克,22.20,,,,,福州市主副食品集超均价表，集超均价,,,https://fgw.fuzhou.gov.cn/fgwzwgk/fzgggz/jgysf/msspjgxq/zfsp/202609/t20260903_5367499.htm
福州市,2026年9月3日,"
		2026年9月3日福州市主副食品集超均价表_主副食品_
		福州市发展和改革委员会
	",圆白菜,新鲜,元/500克,2.15,,,,,福州市主副食品集超均价表，集超均价,,,https://fgw.fuzhou.gov.cn/fgwzwgk/fzgggz/jgysf/msspjgxq/zfsp/202609/t20260903_5367499.htm
福州市,2026年9月3日,"
		2026年9月3日福州市主副食品集超均价表_主副食品_
		福州市发展和改革委员会
	",土豆,新鲜,元/500克,2.18,,,,,福州市主副食品集超均价表，集超均价,,,https://fgw.fuzhou.gov.cn/fgwzwgk/fzgggz/jgysf/msspjgxq/zfsp/202609/t20260903_5367499.htm
福州市,2026年9月3日,"
		2026年9月3日福州市主副食品集超均价表_主副食品_
		福州市发展和改革委员会
	",大白菜,新鲜,元/500克,2.28,,,,,福州市主副食品集超均价表，集超均价,,,https://fgw.fuzhou.gov.cn/fgwzwgk/fzgggz/jgysf/msspjgxq/zfsp/202609/t20260903_5367499.htm
福州市,2026年9月3日,"
		2026年9月3日福州市主副食品集超均价表_主副食品_
		福州市发展和改革委员会
	",大豆油,桶装一级,元/5升,58.75,,,,,福州市主副食品集超均价表，集超均价,,,https://fgw.fuzhou.gov.cn/fgwzwgk/fzgggz/jgysf/msspjgxq/zfsp/202609/t20260903_5367499.htm
福州市,2026年9月3日,"
		2026年9月3日福州市主副食品集超均价表_主副食品_
		福州市发展和改革委员会
	",富强粉,,元/500克,3.60,,,,,福州市主副食品集超均价表，集超均价,,,https://fgw.fuzhou.gov.cn/fgwzwgk/fzgggz/jgysf/msspjgxq/zfsp/202609/t20260903_5367499.htm
福州市,2026年9月3日,"
		2026年9月3日福州市主副食品集超均价表_主副食品_
		福州市发展和改革委员会
	",尖椒,新鲜,元/500克,5.46,,,,,福州市主副食品集超均价表，集超均价,,,https://fgw.fuzhou.gov.cn/fgwzwgk/fzgggz/jgysf/msspjgxq/zfsp/202609/t20260903_5367499.htm
福州市,2026年9月3日,"
		2026年9月3日福州市主副食品集超均价表_主副食品_
		福州市发展和改革委员会
	",晚籼米,标一,元/500克,2.68,,,,,福州市主副食品集超均价表，集超均价,,,https://fgw.fuzhou.gov.cn/fgwzwgk/fzgggz/jgysf/msspjgxq/zfsp/202609/t20260903_5367499.htm
福州市,2026年9月3日,"
		2026年9月3日福州市主副食品集超均价表_主副食品_
		福州市发展和改革委员会
	",普通鸡蛋,新鲜完整,元/500克,6.75,,,,,福州市主副食品集超均价表，集超均价,,,https://fgw.fuzhou.gov.cn/fgwzwgk/fzgggz/jgysf/msspjgxq/zfsp/202609/t20260903_5367499.htm
福州市,2026年9月3日,"
		2026年9月3日福州市主副食品集超均价表_主副食品_
		福州市发展和改革委员会
	",普通鸭蛋,新鲜完整,元/500克,8.33,,,,,福州市主副食品集超均价表，集超均价,,,https://fgw.fuzhou.gov.cn/fgwzwgk/fzgggz/jgysf/msspjgxq/zfsp/202609/t20260903_5367499.htm
福州市,2026年9月3日,"
		2026年9月3日福州市主副食品集超均价表_主副食品_
		福州市发展和改革委员会
	",标准粉,,元/500克,2.40,,,,,福州市主副食品集超均价表，集超均价,,,https://fgw.fuzhou.gov.cn/fgwzwgk/fzgggz/jgysf/msspjgxq/zfsp/202609/t20260903_5367499.htm
福州市,2026年9月3日,"
		2026年9月3日福州市主副食品集超均价表_主副食品_
		福州市发展和改革委员会
	",梨,新鲜,元/500克,4.96,,,,,福州市主副食品集超均价表，集超均价,,,https://fgw.fuzhou.gov.cn/fgwzwgk/fzgggz/jgysf/msspjgxq/zfsp/202609/t20260903_5367499.htm
福州市,2026年9月3日,"
		2026年9月3日福州市主副食品集超均价表_主副食品_
		福州市发展和改革委员会
	",油菜(菜心),新鲜,元/500克,4.83,,,,,福州市主副食品集超均价表，集超均价,,,https://fgw.fuzhou.gov.cn/fgwzwgk/fzgggz/jgysf/msspjgxq/zfsp/202609/t20260903_5367499.htm
福州市,2026年9月3日,"
		2026年9月3日福州市主副食品集超均价表_主副食品_
		福州市发展和改革委员会
	",活明虾,鲜活,元/500克,30.01,,,,,福州市主副食品集超均价表，集超均价,,,https://fgw.fuzhou.gov.cn/fgwzwgk/fzgggz/jgysf/msspjgxq/zfsp/202609/t20260903_5367499.htm
福州市,2026年9月3日,"
		2026年9月3日福州市主副食品集超均价表_主副食品_
		福州市发展和改革委员会
	",活花蛤,鲜活,元/500克,10.25,,,,,福州市主副食品集超均价表，集超均价,,,https://fgw.fuzhou.gov.cn/fgwzwgk/fzgggz/jgysf/msspjgxq/zfsp/202609/t20260903_5367499.htm
福州市,2026年9月3日,"
		2026年9月3日福州市主副食品集超均价表_主副食品_
		福州市发展和改革委员会
	",活草鱼,鲜活,元/500克,11.24,,,,,福州市主副食品集超均价表，集超均价,,,https://fgw.fuzhou.gov.cn/fgwzwgk/fzgggz/jgysf/msspjgxq/zfsp/202609/t20260903_5367499.htm
福州市,2026年9月3日,"
		2026年9月3日福州市主副食品集超均价表_主副食品_
		福州市发展和改革委员会
	",活鳙鱼（大头鲢）,鲜活,元/500克,14.08,,,,,福州市主副食品集超均价表，集超均价,,,https://fgw.fuzhou.gov.cn/fgwzwgk/fzgggz/jgysf/msspjgxq/zfsp/202609/t20260903_5367499.htm
福州市,2026年9月3日,"
		2026年9月3日福州市主副食品集超均价表_主副食品_
		福州市发展和改革委员会
	",牛肉,去骨肉,元/500克,47.08,,,,,福州市主副食品集超均价表，集超均价,,,https://fgw.fuzhou.gov.cn/fgwzwgk/fzgggz/jgysf/msspjgxq/zfsp/202609/t20260903_5367499.htm
福州市,2026年9月3日,"
		2026年9月3日福州市主副食品集超均价表_主副食品_
		福州市发展和改革委员会
	",猪瘦肉,新鲜,元/500克,14.90,,,,,福州市主副食品集超均价表，集超均价,,,https://fgw.fuzhou.gov.cn/fgwzwgk/fzgggz/jgysf/msspjgxq/zfsp/202609/t20260903_5367499.htm
福州市,2026年9月3日,"
		2026年9月3日福州市主副食品集超均价表_主副食品_
		福州市发展和改革委员会
	",猪肋条肉,新鲜,元/500克,15.47,,,,,福州市主副食品集超均价表，集超均价,,,https://fgw.fuzhou.gov.cn/fgwzwgk/fzgggz/jgysf/msspjgxq/zfsp/202609/t20260903_5367499.htm
福州市,2026年9月3日,"
		2026年9月3日福州市主副食品集超均价表_主副食品_
		福州市发展和改革委员会
	",白萝卜,新鲜,元/500克,1.70,,,,,福州市主副食品集超均价表，集超均价,,,https://fgw.fuzhou.gov.cn/fgwzwgk/fzgggz/jgysf/msspjgxq/zfsp/202609/t20260903_5367499.htm
福州市,2026年9月3日,"
		2026年9月3日福州市主副食品集超均价表_主副食品_
		福州市发展和改革委员会
	",空心菜,新鲜,元/500克,3.64,,,,,福州市主副食品集超均价表，集超均价,,,https://fgw.fuzhou.gov.cn/fgwzwgk/fzgggz/jgysf/msspjgxq/zfsp/202609/t20260903_5367499.htm
福州市,2026年9月3日,"
		2026年9月3日福州市主副食品集超均价表_主副食品_
		福州市发展和改革委员会
	",粳米,标一,元/500克,2.97,,,,,福州市主副食品集超均价表，集超均价,,,https://fgw.fuzhou.gov.cn/fgwzwgk/fzgggz/jgysf/msspjgxq/zfsp/202609/t20260903_5367499.htm
福州市,2026年9月3日,"
		2026年9月3日福州市主副食品集超均价表_主副食品_
		福州市发展和改革委员会
	",红萝卜,新鲜,元/500克,2.15,,,,,福州市主副食品集超均价表，集超均价,,,https://fgw.fuzhou.gov.cn/fgwzwgk/fzgggz/jgysf/msspjgxq/zfsp/202609/t20260903_5367499.htm
福州市,2026年9月3日,"
		2026年9月3日福州市主副食品集超均价表_主副食品_
		福州市发展和改革委员会
	",纯牛奶,盒装,元/盒(250毫升),2.71,,,,,福州市主副食品集超均价表，集超均价,,,https://fgw.fuzhou.gov.cn/fgwzwgk/fzgggz/jgysf/msspjgxq/zfsp/202609/t20260903_5367499.htm
福州市,2026年9月3日,"
		2026年9月3日福州市主副食品集超均价表_主副食品_
		福州市发展和改革委员会
	",羊肉,带骨肉,元/500克,44.51,,,,,福州市主副食品集超均价表，集超均价,,,https://fgw.fuzhou.gov.cn/fgwzwgk/fzgggz/jgysf/msspjgxq/zfsp/202609/t20260903_5367499.htm
福州市,2026年9月3日,"
		2026年9月3日福州市主副食品集超均价表_主副食品_
		福州市发展和改革委员会
	",脐橙,新鲜,元/500克,4.89,,,,,福州市主副食品集超均价表，集超均价,,,https://fgw.fuzhou.gov.cn/fgwzwgk/fzgggz/jgysf/msspjgxq/zfsp/202609/t20260903_5367499.htm
福州市,2026年9月3日,"
		2026年9月3日福州市主副食品集超均价表_主副食品_
		福州市发展和改革委员会
	",花生油,桶装一级,元/5升,105.24,,,,,福州市主副食品集超均价表，集超均价,,,https://fgw.fuzhou.gov.cn/fgwzwgk/fzgggz/jgysf/msspjgxq/zfsp/202609/t20260903_5367499.htm
福州市,2026年9月3日,"
		2026年9月3日福州市主副食品集超均价表_主副食品_
		福州市发展和改革委员会
	",花菜,新鲜,元/500克,4.90,,,,,福州市主副食品集超均价表，集超均价,,,https://fgw.fuzhou.gov.cn/fgwzwgk/fzgggz/jgysf/msspjgxq/zfsp/202609/t20260903_5367499.htm
福州市,2026年9月3日,"
		2026年9月3日福州市主副食品集超均价表_主副食品_
		福州市发展和改革委员会
	",芹菜,新鲜,元/500克,7.14,,,,,福州市主副食品集超均价表，集超均价,,,https://fgw.fuzhou.gov.cn/fgwzwgk/fzgggz/jgysf/msspjgxq/zfsp/202609/t20260903_5367499.htm
福州市,2026年9月3日,"
		2026年9月3日福州市主副食品集超均价表_主副食品_
		福州市发展和改革委员会
	",苹果,新鲜,元/500克,8.33,,,,,福州市主副食品集超均价表，集超均价,,,https://fgw.fuzhou.gov.cn/fgwzwgk/fzgggz/jgysf/msspjgxq/zfsp/202609/t20260903_5367499.htm
福州市,2026年9月3日,"
		2026年9月3日福州市主副食品集超均价表_主副食品_
		福州市发展和改革委员会
	",茄子,新鲜,元/500克,3.19,,,,,福州市主副食品集超均价表，集超均价,,,https://fgw.fuzhou.gov.cn/fgwzwgk/fzgggz/jgysf/msspjgxq/zfsp/202609/t20260903_5367499.htm
福州市,2026年9月3日,"
		2026年9月3日福州市主副食品集超均价表_主副食品_
		福州市发展和改革委员会
	",菜籽油,桶装一级,元/5升,70.03,,,,,福州市主副食品集超均价表，集超均价,,,https://fgw.fuzhou.gov.cn/fgwzwgk/fzgggz/jgysf/msspjgxq/zfsp/202609/t20260903_5367499.htm
福州市,2026年9月3日,"
		2026年9月3日福州市主副食品集超均价表_主副食品_
		福州市发展和改革委员会
	",蒜苔,新鲜,元/500克,8.26,,,,,福州市主副食品集超均价表，集超均价,,,https://fgw.fuzhou.gov.cn/fgwzwgk/fzgggz/jgysf/msspjgxq/zfsp/202609/t20260903_5367499.htm
福州市,2026年9月3日,"
		2026年9月3日福州市主副食品集超均价表_主副食品_
		福州市发展和改革委员会
	",西红柿,新鲜,元/500克,3.93,,,,,福州市主副食品集超均价表，集超均价,,,https://fgw.fuzhou.gov.cn/fgwzwgk/fzgggz/jgysf/msspjgxq/zfsp/202609/t20260903_5367499.htm
福州市,2026年9月3日,"
		2026年9月3日福州市主副食品集超均价表_主副食品_
		福州市发展和改革委员会
	",调和油,桶装一级,元/5升,66.74,,,,,福州市主副食品集超均价表，集超均价,,,https://fgw.fuzhou.gov.cn/fgwzwgk/fzgggz/jgysf/msspjgxq/zfsp/202609/t20260903_5367499.htm
福州市,2026年9月3日,"
		2026年9月3日福州市主副食品集超均价表_主副食品_
		福州市发展和改革委员会
	",豆角,新鲜,元/500克,7.25,,,,,福州市主副食品集超均价表，集超均价,,,https://fgw.fuzhou.gov.cn/fgwzwgk/fzgggz/jgysf/msspjgxq/zfsp/202609/t20260903_5367499.htm
福州市,2026年9月3日,"
		2026年9月3日福州市主副食品集超均价表_主副食品_
		福州市发展和改革委员会
	",青椒,新鲜,元/500克,6.19,,,,,福州市主副食品集超均价表，集超均价,,,https://fgw.fuzhou.gov.cn/fgwzwgk/fzgggz/jgysf/msspjgxq/zfsp/202609/t20260903_5367499.htm
福州市,2026年9月3日,"
		2026年9月3日福州市主副食品集超均价表_主副食品_
		福州市发展和改革委员会
	",韭菜,新鲜,元/500克,5.82,,,,,福州市主副食品集超均价表，集超均价,,,https://fgw.fuzhou.gov.cn/fgwzwgk/fzgggz/jgysf/msspjgxq/zfsp/202609/t20260903_5367499.htm
福州市,2026年9月3日,"
		2026年9月3日福州市主副食品集超均价表_主副食品_
		福州市发展和改革委员会
	",香蕉,新鲜,元/500克,4.60,,,,,福州市主副食品集超均价表，集超均价,,,https://fgw.fuzhou.gov.cn/fgwzwgk/fzgggz/jgysf/msspjgxq/zfsp/202609/t20260903_5367499.htm
福州市,2026年9月3日,"
		2026年9月3日福州市主副食品集超均价表_主副食品_
		福州市发展和改革委员会
	",马胶鱼,冰鲜,元/500克,27.37,,,,,福州市主副食品集超均价表，集超均价,,,https://fgw.fuzhou.gov.cn/fgwzwgk/fzgggz/jgysf/msspjgxq/zfsp/202609/t20260903_5367499.htm
福州市,2026年9月3日,"
		2026年9月3日福州市主副食品集超均价表_主副食品_
		福州市发展和改革委员会
	",鱿鱼,冰鲜,元/500克,50.45,,,,,福州市主副食品集超均价表，集超均价,,,https://fgw.fuzhou.gov.cn/fgwzwgk/fzgggz/jgysf/msspjgxq/zfsp/202609/t20260903_5367499.htm
福州市,2026年9月3日,"
		2026年9月3日福州市主副食品集超均价表_主副食品_
		福州市发展和改革委员会
	",鸡肉,白条鸡,元/500克,16.24,,,,,福州市主副食品集超均价表，集超均价,,,https://fgw.fuzhou.gov.cn/fgwzwgk/fzgggz/jgysf/msspjgxq/zfsp/202609/t20260903_5367499.htm
福州市,2026年9月3日,"
		2026年9月3日福州市主副食品集超均价表_主副食品_
		福州市发展和改革委员会
	",鸭肉,白条鸭,元/500克,16.84,,,,,福州市主副食品集超均价表，集超均价,,,https://fgw.fuzhou.gov.cn/fgwzwgk/fzgggz/jgysf/msspjgxq/zfsp/202609/t20260903_5367499.htm
福州市,2026年9月3日,"
		2026年9月3日福州市主副食品集超均价表_主副食品_
		福州市发展和改革委员会
	",黄瓜,新鲜,元/500克,3.32,,,,,福州市主副食品集超均价表，集超均价,,,https://fgw.fuzhou.gov.cn/fgwzwgk/fzgggz/jgysf/msspjgxq/zfsp/202609/t20260903_5367499.htm
福州市,2026年9月3日,"
		2026年9月3日福州市主副食品集超均价表_主副食品_
		福州市发展和改革委员会
	",黄瓜鱼,冰鲜,元/500克,28.28,,,,,福州市主副食品集超均价表，集超均价,,,https://fgw.fuzhou.gov.cn/fgwzwgk/fzgggz/jgysf/msspjgxq/zfsp/202609/t20260903_5367499.htm
福州市,2026年9月4日,"
		2026年9月4日福州市主副食品集超均价表_主副食品_
		福州市发展和改革委员会
	",上海青,新鲜,元/500克,4.18,,,,,福州市主副食品集超均价表，集超均价,,,https://fgw.fuzhou.gov.cn/fgwzwgk/fzgggz/jgysf/msspjgxq/zfsp/202609/t20260904_5367991.htm
福州市,2026年9月4日,"
		2026年9月4日福州市主副食品集超均价表_主副食品_
		福州市发展和改革委员会
	",冻带鱼,冷冻,元/500克,21.71,,,,,福州市主副食品集超均价表，集超均价,,,https://fgw.fuzhou.gov.cn/fgwzwgk/fzgggz/jgysf/msspjgxq/zfsp/202609/t20260904_5367991.htm
福州市,2026年9月4日,"
		2026年9月4日福州市主副食品集超均价表_主副食品_
		福州市发展和改革委员会
	",圆白菜,新鲜,元/500克,2.14,,,,,福州市主副食品集超均价表，集超均价,,,https://fgw.fuzhou.gov.cn/fgwzwgk/fzgggz/jgysf/msspjgxq/zfsp/202609/t20260904_5367991.htm
福州市,2026年9月4日,"
		2026年9月4日福州市主副食品集超均价表_主副食品_
		福州市发展和改革委员会
	",土豆,新鲜,元/500克,2.10,,,,,福州市主副食品集超均价表，集超均价,,,https://fgw.fuzhou.gov.cn/fgwzwgk/fzgggz/jgysf/msspjgxq/zfsp/202609/t20260904_5367991.htm
福州市,2026年9月4日,"
		2026年9月4日福州市主副食品集超均价表_主副食品_
		福州市发展和改革委员会
	",大白菜,新鲜,元/500克,2.32,,,,,福州市主副食品集超均价表，集超均价,,,https://fgw.fuzhou.gov.cn/fgwzwgk/fzgggz/jgysf/msspjgxq/zfsp/202609/t20260904_5367991.htm
福州市,2026年9月4日,"
		2026年9月4日福州市主副食品集超均价表_主副食品_
		福州市发展和改革委员会
	",大豆油,桶装一级,元/5升,58.75,,,,,福州市主副食品集超均价表，集超均价,,,https://fgw.fuzhou.gov.cn/fgwzwgk/fzgggz/jgysf/msspjgxq/zfsp/202609/t20260904_5367991.htm
福州市,2026年9月4日,"
		2026年9月4日福州市主副食品集超均价表_主副食品_
		福州市发展和改革委员会
	",富强粉,,元/500克,3.60,,,,,福州市主副食品集超均价表，集超均价,,,https://fgw.fuzhou.gov.cn/fgwzwgk/fzgggz/jgysf/msspjgxq/zfsp/202609/t20260904_5367991.htm
福州市,2026年9月4日,"
		2026年9月4日福州市主副食品集超均价表_主副食品_
		福州市发展和改革委员会
	",尖椒,新鲜,元/500克,5.44,,,,,福州市主副食品集超均价表，集超均价,,,https://fgw.fuzhou.gov.cn/fgwzwgk/fzgggz/jgysf/msspjgxq/zfsp/202609/t20260904_5367991.htm
福州市,2026年9月4日,"
		2026年9月4日福州市主副食品集超均价表_主副食品_
		福州市发展和改革委员会
	",晚籼米,标一,元/500克,2.68,,,,,福州市主副食品集超均价表，集超均价,,,https://fgw.fuzhou.gov.cn/fgwzwgk/fzgggz/jgysf/msspjgxq/zfsp/202609/t20260904_5367991.htm
福州市,2026年9月4日,"
		2026年9月4日福州市主副食品集超均价表_主副食品_
		福州市发展和改革委员会
	",普通鸡蛋,新鲜完整,元/500克,6.74,,,,,福州市主副食品集超均价表，集超均价,,,https://fgw.fuzhou.gov.cn/fgwzwgk/fzgggz/jgysf/msspjgxq/zfsp/202609/t20260904_5367991.htm
福州市,2026年9月4日,"
		2026年9月4日福州市主副食品集超均价表_主副食品_
		福州市发展和改革委员会
	",普通鸭蛋,新鲜完整,元/500克,8.33,,,,,福州市主副食品集超均价表，集超均价,,,https://fgw.fuzhou.gov.cn/fgwzwgk/fzgggz/jgysf/msspjgxq/zfsp/202609/t20260904_5367991.htm
福州市,2026年9月4日,"
		2026年9月4日福州市主副食品集超均价表_主副食品_
		福州市发展和改革委员会
	",标准粉,,元/500克,2.40,,,,,福州市主副食品集超均价表，集超均价,,,https://fgw.fuzhou.gov.cn/fgwzwgk/fzgggz/jgysf/msspjgxq/zfsp/202609/t20260904_5367991.htm
福州市,2026年9月4日,"
		2026年9月4日福州市主副食品集超均价表_主副食品_
		福州市发展和改革委员会
	",梨,新鲜,元/500克,4.92,,,,,福州市主副食品集超均价表，集超均价,,,https://fgw.fuzhou.gov.cn/fgwzwgk/fzgggz/jgysf/msspjgxq/zfsp/202609/t20260904_5367991.htm
福州市,2026年9月4日,"
		2026年9月4日福州市主副食品集超均价表_主副食品_
		福州市发展和改革委员会
	",油菜(菜心),新鲜,元/500克,4.87,,,,,福州市主副食品集超均价表，集超均价,,,https://fgw.fuzhou.gov.cn/fgwzwgk/fzgggz/jgysf/msspjgxq/zfsp/202609/t20260904_5367991.htm
福州市,2026年9月4日,"
		2026年9月4日福州市主副食品集超均价表_主副食品_
		福州市发展和改革委员会
	",活明虾,鲜活,元/500克,29.59,,,,,福州市主副食品集超均价表，集超均价,,,https://fgw.fuzhou.gov.cn/fgwzwgk/fzgggz/jgysf/msspjgxq/zfsp/202609/t20260904_5367991.htm
福州市,2026年9月4日,"
		2026年9月4日福州市主副食品集超均价表_主副食品_
		福州市发展和改革委员会
	",活花蛤,鲜活,元/500克,10.25,,,,,福州市主副食品集超均价表，集超均价,,,https://fgw.fuzhou.gov.cn/fgwzwgk/fzgggz/jgysf/msspjgxq/zfsp/202609/t20260904_5367991.htm
福州市,2026年9月4日,"
		2026年9月4日福州市主副食品集超均价表_主副食品_
		福州市发展和改革委员会
	",活草鱼,鲜活,元/500克,11.53,,,,,福州市主副食品集超均价表，集超均价,,,https://fgw.fuzhou.gov.cn/fgwzwgk/fzgggz/jgysf/msspjgxq/zfsp/202609/t20260904_5367991.htm
福州市,2026年9月4日,"
		2026年9月4日福州市主副食品集超均价表_主副食品_
		福州市发展和改革委员会
	",活鳙鱼（大头鲢）,鲜活,元/500克,14.08,,,,,福州市主副食品集超均价表，集超均价,,,https://fgw.fuzhou.gov.cn/fgwzwgk/fzgggz/jgysf/msspjgxq/zfsp/202609/t20260904_5367991.htm
福州市,2026年9月4日,"
		2026年9月4日福州市主副食品集超均价表_主副食品_
		福州市发展和改革委员会
	",牛肉,去骨肉,元/500克,47.08,,,,,福州市主副食品集超均价表，集超均价,,,https://fgw.fuzhou.gov.cn/fgwzwgk/fzgggz/jgysf/msspjgxq/zfsp/202609/t20260904_5367991.htm
福州市,2026年9月4日,"
		2026年9月4日福州市主副食品集超均价表_主副食品_
		福州市发展和改革委员会
	",猪瘦肉,新鲜,元/500克,14.70,,,,,福州市主副食品集超均价表，集超均价,,,https://fgw.fuzhou.gov.cn/fgwzwgk/fzgggz/jgysf/msspjgxq/zfsp/202609/t20260904_5367991.htm
福州市,2026年9月4日,"
		2026年9月4日福州市主副食品集超均价表_主副食品_
		福州市发展和改革委员会
	",猪肋条肉,新鲜,元/500克,15.27,,,,,福州市主副食品集超均价表，集超均价,,,https://fgw.fuzhou.gov.cn/fgwzwgk/fzgggz/jgysf/msspjgxq/zfsp/202609/t20260904_5367991.htm
福州市,2026年9月4日,"
		2026年9月4日福州市主副食品集超均价表_主副食品_
		福州市发展和改革委员会
	",白萝卜,新鲜,元/500克,1.73,,,,,福州市主副食品集超均价表，集超均价,,,https://fgw.fuzhou.gov.cn/fgwzwgk/fzgggz/jgysf/msspjgxq/zfsp/202609/t20260904_5367991.htm
福州市,2026年9月4日,"
		2026年9月4日福州市主副食品集超均价表_主副食品_
		福州市发展和改革委员会
	",空心菜,新鲜,元/500克,3.72,,,,,福州市主副食品集超均价表，集超均价,,,https://fgw.fuzhou.gov.cn/fgwzwgk/fzgggz/jgysf/msspjgxq/zfsp/202609/t20260904_5367991.htm
福州市,2026年9月4日,"
		2026年9月4日福州市主副食品集超均价表_主副食品_
		福州市发展和改革委员会
	",粳米,标一,元/500克,2.97,,,,,福州市主副食品集超均价表，集超均价,,,https://fgw.fuzhou.gov.cn/fgwzwgk/fzgggz/jgysf/msspjgxq/zfsp/202609/t20260904_5367991.htm
福州市,2026年9月4日,"
		2026年9月4日福州市主副食品集超均价表_主副食品_
		福州市发展和改革委员会
	",红萝卜,新鲜,元/500克,2.14,,,,,福州市主副食品集超均价表，集超均价,,,https://fgw.fuzhou.gov.cn/fgwzwgk/fzgggz/jgysf/msspjgxq/zfsp/202609/t20260904_5367991.htm
福州市,2026年9月4日,"
		2026年9月4日福州市主副食品集超均价表_主副食品_
		福州市发展和改革委员会
	",纯牛奶,盒装,元/盒(250毫升),2.71,,,,,福州市主副食品集超均价表，集超均价,,,https://fgw.fuzhou.gov.cn/fgwzwgk/fzgggz/jgysf/msspjgxq/zfsp/202609/t20260904_5367991.htm
福州市,2026年9月4日,"
		2026年9月4日福州市主副食品集超均价表_主副食品_
		福州市发展和改革委员会
	",羊肉,带骨肉,元/500克,44.51,,,,,福州市主副食品集超均价表，集超均价,,,https://fgw.fuzhou.gov.cn/fgwzwgk/fzgggz/jgysf/msspjgxq/zfsp/202609/t20260904_5367991.htm
福州市,2026年9月4日,"
		2026年9月4日福州市主副食品集超均价表_主副食品_
		福州市发展和改革委员会
	",脐橙,新鲜,元/500克,4.89,,,,,福州市主副食品集超均价表，集超均价,,,https://fgw.fuzhou.gov.cn/fgwzwgk/fzgggz/jgysf/msspjgxq/zfsp/202609/t20260904_5367991.htm
福州市,2026年9月4日,"
		2026年9月4日福州市主副食品集超均价表_主副食品_
		福州市发展和改革委员会
	",花生油,桶装一级,元/5升,105.24,,,,,福州市主副食品集超均价表，集超均价,,,https://fgw.fuzhou.gov.cn/fgwzwgk/fzgggz/jgysf/msspjgxq/zfsp/202609/t20260904_5367991.htm
福州市,2026年9月4日,"
		2026年9月4日福州市主副食品集超均价表_主副食品_
		福州市发展和改革委员会
	",花菜,新鲜,元/500克,4.89,,,,,福州市主副食品集超均价表，集超均价,,,https://fgw.fuzhou.gov.cn/fgwzwgk/fzgggz/jgysf/msspjgxq/zfsp/202609/t20260904_5367991.htm
福州市,2026年9月4日,"
		2026年9月4日福州市主副食品集超均价表_主副食品_
		福州市发展和改革委员会
	",芹菜,新鲜,元/500克,7.21,,,,,福州市主副食品集超均价表，集超均价,,,https://fgw.fuzhou.gov.cn/fgwzwgk/fzgggz/jgysf/msspjgxq/zfsp/202609/t20260904_5367991.htm
福州市,2026年9月4日,"
		2026年9月4日福州市主副食品集超均价表_主副食品_
		福州市发展和改革委员会
	",苹果,新鲜,元/500克,8.40,,,,,福州市主副食品集超均价表，集超均价,,,https://fgw.fuzhou.gov.cn/fgwzwgk/fzgggz/jgysf/msspjgxq/zfsp/202609/t20260904_5367991.htm
福州市,2026年9月4日,"
		2026年9月4日福州市主副食品集超均价表_主副食品_
		福州市发展和改革委员会
	",茄子,新鲜,元/500克,3.27,,,,,福州市主副食品集超均价表，集超均价,,,https://fgw.fuzhou.gov.cn/fgwzwgk/fzgggz/jgysf/msspjgxq/zfsp/202609/t20260904_5367991.htm
福州市,2026年9月4日,"
		2026年9月4日福州市主副食品集超均价表_主副食品_
		福州市发展和改革委员会
	",菜籽油,桶装一级,元/5升,69.60,,,,,福州市主副食品集超均价表，集超均价,,,https://fgw.fuzhou.gov.cn/fgwzwgk/fzgggz/jgysf/msspjgxq/zfsp/202609/t20260904_5367991.htm
福州市,2026年9月4日,"
		2026年9月4日福州市主副食品集超均价表_主副食品_
		福州市发展和改革委员会
	",蒜苔,新鲜,元/500克,8.23,,,,,福州市主副食品集超均价表，集超均价,,,https://fgw.fuzhou.gov.cn/fgwzwgk/fzgggz/jgysf/msspjgxq/zfsp/202609/t20260904_5367991.htm
福州市,2026年9月4日,"
		2026年9月4日福州市主副食品集超均价表_主副食品_
		福州市发展和改革委员会
	",西红柿,新鲜,元/500克,3.97,,,,,福州市主副食品集超均价表，集超均价,,,https://fgw.fuzhou.gov.cn/fgwzwgk/fzgggz/jgysf/msspjgxq/zfsp/202609/t20260904_5367991.htm
福州市,2026年9月4日,"
		2026年9月4日福州市主副食品集超均价表_主副食品_
		福州市发展和改革委员会
	",调和油,桶装一级,元/5升,67.03,,,,,福州市主副食品集超均价表，集超均价,,,https://fgw.fuzhou.gov.cn/fgwzwgk/fzgggz/jgysf/msspjgxq/zfsp/202609/t20260904_5367991.htm
福州市,2026年9月4日,"
		2026年9月4日福州市主副食品集超均价表_主副食品_
		福州市发展和改革委员会
	",豆角,新鲜,元/500克,7.29,,,,,福州市主副食品集超均价表，集超均价,,,https://fgw.fuzhou.gov.cn/fgwzwgk/fzgggz/jgysf/msspjgxq/zfsp/202609/t20260904_5367991.htm
福州市,2026年9月4日,"
		2026年9月4日福州市主副食品集超均价表_主副食品_
		福州市发展和改革委员会
	",青椒,新鲜,元/500克,6.27,,,,,福州市主副食品集超均价表，集超均价,,,https://fgw.fuzhou.gov.cn/fgwzwgk/fzgggz/jgysf/msspjgxq/zfsp/202609/t20260904_5367991.htm
福州市,2026年9月4日,"
		2026年9月4日福州市主副食品集超均价表_主副食品_
		福州市发展和改革委员会
	",韭菜,新鲜,元/500克,5.82,,,,,福州市主副食品集超均价表，集超均价,,,https://fgw.fuzhou.gov.cn/fgwzwgk/fzgggz/jgysf/msspjgxq/zfsp/202609/t20260904_5367991.htm
福州市,2026年9月4日,"
		2026年9月4日福州市主副食品集超均价表_主副食品_
		福州市发展和改革委员会
	",香蕉,新鲜,元/500克,4.60,,,,,福州市主副食品集超均价表，集超均价,,,https://fgw.fuzhou.gov.cn/fgwzwgk/fzgggz/jgysf/msspjgxq/zfsp/202609/t20260904_5367991.htm
福州市,2026年9月4日,"
		2026年9月4日福州市主副食品集超均价表_主副食品_
		福州市发展和改革委员会
	",马胶鱼,冰鲜,元/500克,27.23,,,,,福州市主副食品集超均价表，集超均价,,,https://fgw.fuzhou.gov.cn/fgwzwgk/fzgggz/jgysf/msspjgxq/zfsp/202609/t20260904_5367991.htm
福州市,2026年9月4日,"
		2026年9月4日福州市主副食品集超均价表_主副食品_
		福州市发展和改革委员会
	",鱿鱼,冰鲜,元/500克,50.45,,,,,福州市主副食品集超均价表，集超均价,,,https://fgw.fuzhou.gov.cn/fgwzwgk/fzgggz/jgysf/msspjgxq/zfsp/202609/t20260904_5367991.htm
福州市,2026年9月4日,"
		2026年9月4日福州市主副食品集超均价表_主副食品_
		福州市发展和改革委员会
	",鸡肉,白条鸡,元/500克,16.24,,,,,福州市主副食品集超均价表，集超均价,,,https://fgw.fuzhou.gov.cn/fgwzwgk/fzgggz/jgysf/msspjgxq/zfsp/202609/t20260904_5367991.htm
福州市,2026年9月4日,"
		2026年9月4日福州市主副食品集超均价表_主副食品_
		福州市发展和改革委员会
	",鸭肉,白条鸭,元/500克,16.84,,,,,福州市主副食品集超均价表，集超均价,,,https://fgw.fuzhou.gov.cn/fgwzwgk/fzgggz/jgysf/msspjgxq/zfsp/202609/t20260904_5367991.htm
福州市,2026年9月4日,"
		2026年9月4日福州市主副食品集超均价表_主副食品_
		福州市发展和改革委员会
	",黄瓜,新鲜,元/500克,3.61,,,,,福州市主副食品集超均价表，集超均价,,,https://fgw.fuzhou.gov.cn/fgwzwgk/fzgggz/jgysf/msspjgxq/zfsp/202609/t20260904_5367991.htm
福州市,2026年9月4日,"
		2026年9月4日福州市主副食品集超均价表_主副食品_
		福州市发展和改革委员会
	",黄瓜鱼,冰鲜,元/500克,28.43,,,,,福州市主副食品集超均价表，集超均价,,,https://fgw.fuzhou.gov.cn/fgwzwgk/fzgggz/jgysf/msspjgxq/zfsp/202609/t20260904_5367991.htm
福州市,2026年9月5日,"
		2026年9月5日福州市主副食品集超均价表_主副食品_
		福州市发展和改革委员会
	",上海青,新鲜,元/500克,4.16,,,,,福州市主副食品集超均价表，集超均价,,,https://fgw.fuzhou.gov.cn/fgwzwgk/fzgggz/jgysf/msspjgxq/zfsp/202609/t20260905_5368362.htm
福州市,2026年9月5日,"
		2026年9月5日福州市主副食品集超均价表_主副食品_
		福州市发展和改革委员会
	",冻带鱼,冷冻,元/500克,21.71,,,,,福州市主副食品集超均价表，集超均价,,,https://fgw.fuzhou.gov.cn/fgwzwgk/fzgggz/jgysf/msspjgxq/zfsp/202609/t20260905_5368362.htm
福州市,2026年9月5日,"
		2026年9月5日福州市主副食品集超均价表_主副食品_
		福州市发展和改革委员会
	",圆白菜,新鲜,元/500克,2.14,,,,,福州市主副食品集超均价表，集超均价,,,https://fgw.fuzhou.gov.cn/fgwzwgk/fzgggz/jgysf/msspjgxq/zfsp/202609/t20260905_5368362.htm
福州市,2026年9月5日,"
		2026年9月5日福州市主副食品集超均价表_主副食品_
		福州市发展和改革委员会
	",土豆,新鲜,元/500克,2.1,,,,,福州市主副食品集超均价表，集超均价,,,https://fgw.fuzhou.gov.cn/fgwzwgk/fzgggz/jgysf/msspjgxq/zfsp/202609/t20260905_5368362.htm
福州市,2026年9月5日,"
		2026年9月5日福州市主副食品集超均价表_主副食品_
		福州市发展和改革委员会
	",大白菜,新鲜,元/500克,2.3,,,,,福州市主副食品集超均价表，集超均价,,,https://fgw.fuzhou.gov.cn/fgwzwgk/fzgggz/jgysf/msspjgxq/zfsp/202609/t20260905_5368362.htm
福州市,2026年9月5日,"
		2026年9月5日福州市主副食品集超均价表_主副食品_
		福州市发展和改革委员会
	",大豆油,桶装一级,元/5升,58.75,,,,,福州市主副食品集超均价表，集超均价,,,https://fgw.fuzhou.gov.cn/fgwzwgk/fzgggz/jgysf/msspjgxq/zfsp/202609/t20260905_5368362.htm
福州市,2026年9月5日,"
		2026年9月5日福州市主副食品集超均价表_主副食品_
		福州市发展和改革委员会
	",富强粉,,元/500克,3.6,,,,,福州市主副食品集超均价表，集超均价,,,https://fgw.fuzhou.gov.cn/fgwzwgk/fzgggz/jgysf/msspjgxq/zfsp/202609/t20260905_5368362.htm
福州市,2026年9月5日,"
		2026年9月5日福州市主副食品集超均价表_主副食品_
		福州市发展和改革委员会
	",尖椒,新鲜,元/500克,5.44,,,,,福州市主副食品集超均价表，集超均价,,,https://fgw.fuzhou.gov.cn/fgwzwgk/fzgggz/jgysf/msspjgxq/zfsp/202609/t20260905_5368362.htm
福州市,2026年9月5日,"
		2026年9月5日福州市主副食品集超均价表_主副食品_
		福州市发展和改革委员会
	",晚籼米,标一,元/500克,2.68,,,,,福州市主副食品集超均价表，集超均价,,,https://fgw.fuzhou.gov.cn/fgwzwgk/fzgggz/jgysf/msspjgxq/zfsp/202609/t20260905_5368362.htm
福州市,2026年9月5日,"
		2026年9月5日福州市主副食品集超均价表_主副食品_
		福州市发展和改革委员会
	",普通鸡蛋,新鲜完整,元/500克,6.75,,,,,福州市主副食品集超均价表，集超均价,,,https://fgw.fuzhou.gov.cn/fgwzwgk/fzgggz/jgysf/msspjgxq/zfsp/202609/t20260905_5368362.htm
福州市,2026年9月5日,"
		2026年9月5日福州市主副食品集超均价表_主副食品_
		福州市发展和改革委员会
	",普通鸭蛋,新鲜完整,元/500克,8.33,,,,,福州市主副食品集超均价表，集超均价,,,https://fgw.fuzhou.gov.cn/fgwzwgk/fzgggz/jgysf/msspjgxq/zfsp/202609/t20260905_5368362.htm
福州市,2026年9月5日,"
		2026年9月5日福州市主副食品集超均价表_主副食品_
		福州市发展和改革委员会
	",标准粉,,元/500克,2.4,,,,,福州市主副食品集超均价表，集超均价,,,https://fgw.fuzhou.gov.cn/fgwzwgk/fzgggz/jgysf/msspjgxq/zfsp/202609/t20260905_5368362.htm
福州市,2026年9月5日,"
		2026年9月5日福州市主副食品集超均价表_主副食品_
		福州市发展和改革委员会
	",梨,新鲜,元/500克,4.92,,,,,福州市主副食品集超均价表，集超均价,,,https://fgw.fuzhou.gov.cn/fgwzwgk/fzgggz/jgysf/msspjgxq/zfsp/202609/t20260905_5368362.htm
福州市,2026年9月5日,"
		2026年9月5日福州市主副食品集超均价表_主副食品_
		福州市发展和改革委员会
	",油菜(菜心),新鲜,元/500克,4.94,,,,,福州市主副食品集超均价表，集超均价,,,https://fgw.fuzhou.gov.cn/fgwzwgk/fzgggz/jgysf/msspjgxq/zfsp/202609/t20260905_5368362.htm
福州市,2026年9月5日,"
		2026年9月5日福州市主副食品集超均价表_主副食品_
		福州市发展和改革委员会
	",活明虾,鲜活,元/500克,29.58,,,,,福州市主副食品集超均价表，集超均价,,,https://fgw.fuzhou.gov.cn/fgwzwgk/fzgggz/jgysf/msspjgxq/zfsp/202609/t20260905_5368362.htm
福州市,2026年9月5日,"
		2026年9月5日福州市主副食品集超均价表_主副食品_
		福州市发展和改革委员会
	",活花蛤,鲜活,元/500克,10.25,,,,,福州市主副食品集超均价表，集超均价,,,https://fgw.fuzhou.gov.cn/fgwzwgk/fzgggz/jgysf/msspjgxq/zfsp/202609/t20260905_5368362.htm
福州市,2026年9月5日,"
		2026年9月5日福州市主副食品集超均价表_主副食品_
		福州市发展和改革委员会
	",活草鱼,鲜活,元/500克,11.59,,,,,福州市主副食品集超均价表，集超均价,,,https://fgw.fuzhou.gov.cn/fgwzwgk/fzgggz/jgysf/msspjgxq/zfsp/202609/t20260905_5368362.htm
福州市,2026年9月5日,"
		2026年9月5日福州市主副食品集超均价表_主副食品_
		福州市发展和改革委员会
	",活鳙鱼（大头鲢）,鲜活,元/500克,14.08,,,,,福州市主副食品集超均价表，集超均价,,,https://fgw.fuzhou.gov.cn/fgwzwgk/fzgggz/jgysf/msspjgxq/zfsp/202609/t20260905_5368362.htm
福州市,2026年9月5日,"
		2026年9月5日福州市主副食品集超均价表_主副食品_
		福州市发展和改革委员会
	",牛肉,去骨肉,元/500克,47.08,,,,,福州市主副食品集超均价表，集超均价,,,https://fgw.fuzhou.gov.cn/fgwzwgk/fzgggz/jgysf/msspjgxq/zfsp/202609/t20260905_5368362.htm
福州市,2026年9月5日,"
		2026年9月5日福州市主副食品集超均价表_主副食品_
		福州市发展和改革委员会
	",猪瘦肉,新鲜,元/500克,14.77,,,,,福州市主副食品集超均价表，集超均价,,,https://fgw.fuzhou.gov.cn/fgwzwgk/fzgggz/jgysf/msspjgxq/zfsp/202609/t20260905_5368362.htm
福州市,2026年9月5日,"
		2026年9月5日福州市主副食品集超均价表_主副食品_
		福州市发展和改革委员会
	",猪肋条肉,新鲜,元/500克,15.52,,,,,福州市主副食品集超均价表，集超均价,,,https://fgw.fuzhou.gov.cn/fgwzwgk/fzgggz/jgysf/msspjgxq/zfsp/202609/t20260905_5368362.htm
福州市,2026年9月5日,"
		2026年9月5日福州市主副食品集超均价表_主副食品_
		福州市发展和改革委员会
	",白萝卜,新鲜,元/500克,1.73,,,,,福州市主副食品集超均价表，集超均价,,,https://fgw.fuzhou.gov.cn/fgwzwgk/fzgggz/jgysf/msspjgxq/zfsp/202609/t20260905_5368362.htm
福州市,2026年9月5日,"
		2026年9月5日福州市主副食品集超均价表_主副食品_
		福州市发展和改革委员会
	",空心菜,新鲜,元/500克,3.82,,,,,福州市主副食品集超均价表，集超均价,,,https://fgw.fuzhou.gov.cn/fgwzwgk/fzgggz/jgysf/msspjgxq/zfsp/202609/t20260905_5368362.htm
福州市,2026年9月5日,"
		2026年9月5日福州市主副食品集超均价表_主副食品_
		福州市发展和改革委员会
	",粳米,标一,元/500克,2.97,,,,,福州市主副食品集超均价表，集超均价,,,https://fgw.fuzhou.gov.cn/fgwzwgk/fzgggz/jgysf/msspjgxq/zfsp/202609/t20260905_5368362.htm
福州市,2026年9月5日,"
		2026年9月5日福州市主副食品集超均价表_主副食品_
		福州市发展和改革委员会
	",红萝卜,新鲜,元/500克,2.15,,,,,福州市主副食品集超均价表，集超均价,,,https://fgw.fuzhou.gov.cn/fgwzwgk/fzgggz/jgysf/msspjgxq/zfsp/202609/t20260905_5368362.htm
福州市,2026年9月5日,"
		2026年9月5日福州市主副食品集超均价表_主副食品_
		福州市发展和改革委员会
	",纯牛奶,盒装,元/盒(250毫升),2.71,,,,,福州市主副食品集超均价表，集超均价,,,https://fgw.fuzhou.gov.cn/fgwzwgk/fzgggz/jgysf/msspjgxq/zfsp/202609/t20260905_5368362.htm
福州市,2026年9月5日,"
		2026年9月5日福州市主副食品集超均价表_主副食品_
		福州市发展和改革委员会
	",羊肉,带骨肉,元/500克,44.72,,,,,福州市主副食品集超均价表，集超均价,,,https://fgw.fuzhou.gov.cn/fgwzwgk/fzgggz/jgysf/msspjgxq/zfsp/202609/t20260905_5368362.htm
福州市,2026年9月5日,"
		2026年9月5日福州市主副食品集超均价表_主副食品_
		福州市发展和改革委员会
	",脐橙,新鲜,元/500克,4.89,,,,,福州市主副食品集超均价表，集超均价,,,https://fgw.fuzhou.gov.cn/fgwzwgk/fzgggz/jgysf/msspjgxq/zfsp/202609/t20260905_5368362.htm
福州市,2026年9月5日,"
		2026年9月5日福州市主副食品集超均价表_主副食品_
		福州市发展和改革委员会
	",花生油,桶装一级,元/5升,105.24,,,,,福州市主副食品集超均价表，集超均价,,,https://fgw.fuzhou.gov.cn/fgwzwgk/fzgggz/jgysf/msspjgxq/zfsp/202609/t20260905_5368362.htm
福州市,2026年9月5日,"
		2026年9月5日福州市主副食品集超均价表_主副食品_
		福州市发展和改革委员会
	",花菜,新鲜,元/500克,4.92,,,,,福州市主副食品集超均价表，集超均价,,,https://fgw.fuzhou.gov.cn/fgwzwgk/fzgggz/jgysf/msspjgxq/zfsp/202609/t20260905_5368362.htm
福州市,2026年9月5日,"
		2026年9月5日福州市主副食品集超均价表_主副食品_
		福州市发展和改革委员会
	",芹菜,新鲜,元/500克,7.21,,,,,福州市主副食品集超均价表，集超均价,,,https://fgw.fuzhou.gov.cn/fgwzwgk/fzgggz/jgysf/msspjgxq/zfsp/202609/t20260905_5368362.htm
福州市,2026年9月5日,"
		2026年9月5日福州市主副食品集超均价表_主副食品_
		福州市发展和改革委员会
	",苹果,新鲜,元/500克,8.42,,,,,福州市主副食品集超均价表，集超均价,,,https://fgw.fuzhou.gov.cn/fgwzwgk/fzgggz/jgysf/msspjgxq/zfsp/202609/t20260905_5368362.htm
福州市,2026年9月5日,"
		2026年9月5日福州市主副食品集超均价表_主副食品_
		福州市发展和改革委员会
	",茄子,新鲜,元/500克,3.32,,,,,福州市主副食品集超均价表，集超均价,,,https://fgw.fuzhou.gov.cn/fgwzwgk/fzgggz/jgysf/msspjgxq/zfsp/202609/t20260905_5368362.htm
福州市,2026年9月5日,"
		2026年9月5日福州市主副食品集超均价表_主副食品_
		福州市发展和改革委员会
	",菜籽油,桶装一级,元/5升,69.6,,,,,福州市主副食品集超均价表，集超均价,,,https://fgw.fuzhou.gov.cn/fgwzwgk/fzgggz/jgysf/msspjgxq/zfsp/202609/t20260905_5368362.htm
福州市,2026年9月5日,"
		2026年9月5日福州市主副食品集超均价表_主副食品_
		福州市发展和改革委员会
	",蒜苔,新鲜,元/500克,8.23,,,,,福州市主副食品集超均价表，集超均价,,,https://fgw.fuzhou.gov.cn/fgwzwgk/fzgggz/jgysf/msspjgxq/zfsp/202609/t20260905_5368362.htm
福州市,2026年9月5日,"
		2026年9月5日福州市主副食品集超均价表_主副食品_
		福州市发展和改革委员会
	",西红柿,新鲜,元/500克,3.97,,,,,福州市主副食品集超均价表，集超均价,,,https://fgw.fuzhou.gov.cn/fgwzwgk/fzgggz/jgysf/msspjgxq/zfsp/202609/t20260905_5368362.htm
福州市,2026年9月5日,"
		2026年9月5日福州市主副食品集超均价表_主副食品_
		福州市发展和改革委员会
	",调和油,桶装一级,元/5升,67.03,,,,,福州市主副食品集超均价表，集超均价,,,https://fgw.fuzhou.gov.cn/fgwzwgk/fzgggz/jgysf/msspjgxq/zfsp/202609/t20260905_5368362.htm
福州市,2026年9月5日,"
		2026年9月5日福州市主副食品集超均价表_主副食品_
		福州市发展和改革委员会
	",豆角,新鲜,元/500克,7.22,,,,,福州市主副食品集超均价表，集超均价,,,https://fgw.fuzhou.gov.cn/fgwzwgk/fzgggz/jgysf/msspjgxq/zfsp/202609/t20260905_5368362.htm
福州市,2026年9月5日,"
		2026年9月5日福州市主副食品集超均价表_主副食品_
		福州市发展和改革委员会
	",青椒,新鲜,元/500克,6.41,,,,,福州市主副食品集超均价表，集超均价,,,https://fgw.fuzhou.gov.cn/fgwzwgk/fzgggz/jgysf/msspjgxq/zfsp/202609/t20260905_5368362.htm
福州市,2026年9月5日,"
		2026年9月5日福州市主副食品集超均价表_主副食品_
		福州市发展和改革委员会
	",韭菜,新鲜,元/500克,5.82,,,,,福州市主副食品集超均价表，集超均价,,,https://fgw.fuzhou.gov.cn/fgwzwgk/fzgggz/jgysf/msspjgxq/zfsp/202609/t20260905_5368362.htm
福州市,2026年9月5日,"
		2026年9月5日福州市主副食品集超均价表_主副食品_
		福州市发展和改革委员会
	",香蕉,新鲜,元/500克,4.6,,,,,福州市主副食品集超均价表，集超均价,,,https://fgw.fuzhou.gov.cn/fgwzwgk/fzgggz/jgysf/msspjgxq/zfsp/202609/t20260905_5368362.htm
福州市,2026年9月5日,"
		2026年9月5日福州市主副食品集超均价表_主副食品_
		福州市发展和改革委员会
	",马胶鱼,冰鲜,元/500克,27.23,,,,,福州市主副食品集超均价表，集超均价,,,https://fgw.fuzhou.gov.cn/fgwzwgk/fzgggz/jgysf/msspjgxq/zfsp/202609/t20260905_5368362.htm
福州市,2026年9月5日,"
		2026年9月5日福州市主副食品集超均价表_主副食品_
		福州市发展和改革委员会
	",鱿鱼,冰鲜,元/500克,50.38,,,,,福州市主副食品集超均价表，集超均价,,,https://fgw.fuzhou.gov.cn/fgwzwgk/fzgggz/jgysf/msspjgxq/zfsp/202609/t20260905_5368362.htm
福州市,2026年9月5日,"
		2026年9月5日福州市主副食品集超均价表_主副食品_
		福州市发展和改革委员会
	",鸡肉,白条鸡,元/500克,16.24,,,,,福州市主副食品集超均价表，集超均价,,,https://fgw.fuzhou.gov.cn/fgwzwgk/fzgggz/jgysf/msspjgxq/zfsp/202609/t20260905_5368362.htm
福州市,2026年9月5日,"
		2026年9月5日福州市主副食品集超均价表_主副食品_
		福州市发展和改革委员会
	",鸭肉,白条鸭,元/500克,16.49,,,,,福州市主副食品集超均价表，集超均价,,,https://fgw.fuzhou.gov.cn/fgwzwgk/fzgggz/jgysf/msspjgxq/zfsp/202609/t20260905_5368362.htm
福州市,2026年9月5日,"
		2026年9月5日福州市主副食品集超均价表_主副食品_
		福州市发展和改革委员会
	",黄瓜,新鲜,元/500克,3.71,,,,,福州市主副食品集超均价表，集超均价,,,https://fgw.fuzhou.gov.cn/fgwzwgk/fzgggz/jgysf/msspjgxq/zfsp/202609/t20260905_5368362.htm
福州市,2026年9月5日,"
		2026年9月5日福州市主副食品集超均价表_主副食品_
		福州市发展和改革委员会
	",黄瓜鱼,冰鲜,元/500克,28.43,,,,,福州市主副食品集超均价表，集超均价,,,https://fgw.fuzhou.gov.cn/fgwzwgk/fzgggz/jgysf/msspjgxq/zfsp/202609/t20260905_5368362.htm
福州市,2026年9月6日,"
		2026年9月6日福州市主副食品集超均价表_主副食品_
		福州市发展和改革委员会
	",上海青,新鲜,元/500克,4.10,,,,,福州市主副食品集超均价表，集超均价,,,https://fgw.fuzhou.gov.cn/fgwzwgk/fzgggz/jgysf/msspjgxq/zfsp/202609/t20260906_5368380.htm
福州市,2026年9月6日,"
		2026年9月6日福州市主副食品集超均价表_主副食品_
		福州市发展和改革委员会
	",冻带鱼,冷冻,元/500克,21.71,,,,,福州市主副食品集超均价表，集超均价,,,https://fgw.fuzhou.gov.cn/fgwzwgk/fzgggz/jgysf/msspjgxq/zfsp/202609/t20260906_5368380.htm
福州市,2026年9月6日,"
		2026年9月6日福州市主副食品集超均价表_主副食品_
		福州市发展和改革委员会
	",圆白菜,新鲜,元/500克,2.15,,,,,福州市主副食品集超均价表，集超均价,,,https://fgw.fuzhou.gov.cn/fgwzwgk/fzgggz/jgysf/msspjgxq/zfsp/202609/t20260906_5368380.htm
福州市,2026年9月6日,"
		2026年9月6日福州市主副食品集超均价表_主副食品_
		福州市发展和改革委员会
	",土豆,新鲜,元/500克,2.10,,,,,福州市主副食品集超均价表，集超均价,,,https://fgw.fuzhou.gov.cn/fgwzwgk/fzgggz/jgysf/msspjgxq/zfsp/202609/t20260906_5368380.htm
福州市,2026年9月6日,"
		2026年9月6日福州市主副食品集超均价表_主副食品_
		福州市发展和改革委员会
	",大白菜,新鲜,元/500克,2.30,,,,,福州市主副食品集超均价表，集超均价,,,https://fgw.fuzhou.gov.cn/fgwzwgk/fzgggz/jgysf/msspjgxq/zfsp/202609/t20260906_5368380.htm
福州市,2026年9月6日,"
		2026年9月6日福州市主副食品集超均价表_主副食品_
		福州市发展和改革委员会
	",大豆油,桶装一级,元/5升,58.75,,,,,福州市主副食品集超均价表，集超均价,,,https://fgw.fuzhou.gov.cn/fgwzwgk/fzgggz/jgysf/msspjgxq/zfsp/202609/t20260906_5368380.htm
福州市,2026年9月6日,"
		2026年9月6日福州市主副食品集超均价表_主副食品_
		福州市发展和改革委员会
	",富强粉,,元/500克,3.60,,,,,福州市主副食品集超均价表，集超均价,,,https://fgw.fuzhou.gov.cn/fgwzwgk/fzgggz/jgysf/msspjgxq/zfsp/202609/t20260906_5368380.htm
福州市,2026年9月6日,"
		2026年9月6日福州市主副食品集超均价表_主副食品_
		福州市发展和改革委员会
	",尖椒,新鲜,元/500克,5.39,,,,,福州市主副食品集超均价表，集超均价,,,https://fgw.fuzhou.gov.cn/fgwzwgk/fzgggz/jgysf/msspjgxq/zfsp/202609/t20260906_5368380.htm
福州市,2026年9月6日,"
		2026年9月6日福州市主副食品集超均价表_主副食品_
		福州市发展和改革委员会
	",晚籼米,标一,元/500克,2.68,,,,,福州市主副食品集超均价表，集超均价,,,https://fgw.fuzhou.gov.cn/fgwzwgk/fzgggz/jgysf/msspjgxq/zfsp/202609/t20260906_5368380.htm
福州市,2026年9月6日,"
		2026年9月6日福州市主副食品集超均价表_主副食品_
		福州市发展和改革委员会
	",普通鸡蛋,新鲜完整,元/500克,6.74,,,,,福州市主副食品集超均价表，集超均价,,,https://fgw.fuzhou.gov.cn/fgwzwgk/fzgggz/jgysf/msspjgxq/zfsp/202609/t20260906_5368380.htm
福州市,2026年9月6日,"
		2026年9月6日福州市主副食品集超均价表_主副食品_
		福州市发展和改革委员会
	",普通鸭蛋,新鲜完整,元/500克,8.33,,,,,福州市主副食品集超均价表，集超均价,,,https://fgw.fuzhou.gov.cn/fgwzwgk/fzgggz/jgysf/msspjgxq/zfsp/202609/t20260906_5368380.htm
福州市,2026年9月6日,"
		2026年9月6日福州市主副食品集超均价表_主副食品_
		福州市发展和改革委员会
	",标准粉,,元/500克,2.40,,,,,福州市主副食品集超均价表，集超均价,,,https://fgw.fuzhou.gov.cn/fgwzwgk/fzgggz/jgysf/msspjgxq/zfsp/202609/t20260906_5368380.htm
福州市,2026年9月6日,"
		2026年9月6日福州市主副食品集超均价表_主副食品_
		福州市发展和改革委员会
	",梨,新鲜,元/500克,4.90,,,,,福州市主副食品集超均价表，集超均价,,,https://fgw.fuzhou.gov.cn/fgwzwgk/fzgggz/jgysf/msspjgxq/zfsp/202609/t20260906_5368380.htm
福州市,2026年9月6日,"
		2026年9月6日福州市主副食品集超均价表_主副食品_
		福州市发展和改革委员会
	",油菜(菜心),新鲜,元/500克,4.92,,,,,福州市主副食品集超均价表，集超均价,,,https://fgw.fuzhou.gov.cn/fgwzwgk/fzgggz/jgysf/msspjgxq/zfsp/202609/t20260906_5368380.htm
福州市,2026年9月6日,"
		2026年9月6日福州市主副食品集超均价表_主副食品_
		福州市发展和改革委员会
	",活明虾,鲜活,元/500克,29.58,,,,,福州市主副食品集超均价表，集超均价,,,https://fgw.fuzhou.gov.cn/fgwzwgk/fzgggz/jgysf/msspjgxq/zfsp/202609/t20260906_5368380.htm
福州市,2026年9月6日,"
		2026年9月6日福州市主副食品集超均价表_主副食品_
		福州市发展和改革委员会
	",活花蛤,鲜活,元/500克,10.25,,,,,福州市主副食品集超均价表，集超均价,,,https://fgw.fuzhou.gov.cn/fgwzwgk/fzgggz/jgysf/msspjgxq/zfsp/202609/t20260906_5368380.htm
福州市,2026年9月6日,"
		2026年9月6日福州市主副食品集超均价表_主副食品_
		福州市发展和改革委员会
	",活草鱼,鲜活,元/500克,11.74,,,,,福州市主副食品集超均价表，集超均价,,,https://fgw.fuzhou.gov.cn/fgwzwgk/fzgggz/jgysf/msspjgxq/zfsp/202609/t20260906_5368380.htm
福州市,2026年9月6日,"
		2026年9月6日福州市主副食品集超均价表_主副食品_
		福州市发展和改革委员会
	",活鳙鱼（大头鲢）,鲜活,元/500克,14.08,,,,,福州市主副食品集超均价表，集超均价,,,https://fgw.fuzhou.gov.cn/fgwzwgk/fzgggz/jgysf/msspjgxq/zfsp/202609/t20260906_5368380.htm
福州市,2026年9月6日,"
		2026年9月6日福州市主副食品集超均价表_主副食品_
		福州市发展和改革委员会
	",牛肉,去骨肉,元/500克,47.08,,,,,福州市主副食品集超均价表，集超均价,,,https://fgw.fuzhou.gov.cn/fgwzwgk/fzgggz/jgysf/msspjgxq/zfsp/202609/t20260906_5368380.htm
福州市,2026年9月6日,"
		2026年9月6日福州市主副食品集超均价表_主副食品_
		福州市发展和改革委员会
	",猪瘦肉,新鲜,元/500克,14.77,,,,,福州市主副食品集超均价表，集超均价,,,https://fgw.fuzhou.gov.cn/fgwzwgk/fzgggz/jgysf/msspjgxq/zfsp/202609/t20260906_5368380.htm
福州市,2026年9月6日,"
		2026年9月6日福州市主副食品集超均价表_主副食品_
		福州市发展和改革委员会
	",猪肋条肉,新鲜,元/500克,15.52,,,,,福州市主副食品集超均价表，集超均价,,,https://fgw.fuzhou.gov.cn/fgwzwgk/fzgggz/jgysf/msspjgxq/zfsp/202609/t20260906_5368380.htm
福州市,2026年9月6日,"
		2026年9月6日福州市主副食品集超均价表_主副食品_
		福州市发展和改革委员会
	",白萝卜,新鲜,元/500克,1.76,,,,,福州市主副食品集超均价表，集超均价,,,https://fgw.fuzhou.gov.cn/fgwzwgk/fzgggz/jgysf/msspjgxq/zfsp/202609/t20260906_5368380.htm
福州市,2026年9月6日,"
		2026年9月6日福州市主副食品集超均价表_主副食品_
		福州市发展和改革委员会
	",空心菜,新鲜,元/500克,3.90,,,,,福州市主副食品集超均价表，集超均价,,,https://fgw.fuzhou.gov.cn/fgwzwgk/fzgggz/jgysf/msspjgxq/zfsp/202609/t20260906_5368380.htm
福州市,2026年9月6日,"
		2026年9月6日福州市主副食品集超均价表_主副食品_
		福州市发展和改革委员会
	",粳米,标一,元/500克,2.97,,,,,福州市主副食品集超均价表，集超均价,,,https://fgw.fuzhou.gov.cn/fgwzwgk/fzgggz/jgysf/msspjgxq/zfsp/202609/t20260906_5368380.htm
福州市,2026年9月6日,"
		2026年9月6日福州市主副食品集超均价表_主副食品_
		福州市发展和改革委员会
	",红萝卜,新鲜,元/500克,2.17,,,,,福州市主副食品集超均价表，集超均价,,,https://fgw.fuzhou.gov.cn/fgwzwgk/fzgggz/jgysf/msspjgxq/zfsp/202609/t20260906_5368380.htm
福州市,2026年9月6日,"
		2026年9月6日福州市主副食品集超均价表_主副食品_
		福州市发展和改革委员会
	",纯牛奶,盒装,元/盒(250毫升),2.71,,,,,福州市主副食品集超均价表，集超均价,,,https://fgw.fuzhou.gov.cn/fgwzwgk/fzgggz/jgysf/msspjgxq/zfsp/202609/t20260906_5368380.htm
福州市,2026年9月6日,"
		2026年9月6日福州市主副食品集超均价表_主副食品_
		福州市发展和改革委员会
	",羊肉,带骨肉,元/500克,44.72,,,,,福州市主副食品集超均价表，集超均价,,,https://fgw.fuzhou.gov.cn/fgwzwgk/fzgggz/jgysf/msspjgxq/zfsp/202609/t20260906_5368380.htm
福州市,2026年9月6日,"
		2026年9月6日福州市主副食品集超均价表_主副食品_
		福州市发展和改革委员会
	",脐橙,新鲜,元/500克,4.89,,,,,福州市主副食品集超均价表，集超均价,,,https://fgw.fuzhou.gov.cn/fgwzwgk/fzgggz/jgysf/msspjgxq/zfsp/202609/t20260906_5368380.htm
福州市,2026年9月6日,"
		2026年9月6日福州市主副食品集超均价表_主副食品_
		福州市发展和改革委员会
	",花生油,桶装一级,元/5升,105.24,,,,,福州市主副食品集超均价表，集超均价,,,https://fgw.fuzhou.gov.cn/fgwzwgk/fzgggz/jgysf/msspjgxq/zfsp/202609/t20260906_5368380.htm
福州市,2026年9月6日,"
		2026年9月6日福州市主副食品集超均价表_主副食品_
		福州市发展和改革委员会
	",花菜,新鲜,元/500克,4.96,,,,,福州市主副食品集超均价表，集超均价,,,https://fgw.fuzhou.gov.cn/fgwzwgk/fzgggz/jgysf/msspjgxq/zfsp/202609/t20260906_5368380.htm
福州市,2026年9月6日,"
		2026年9月6日福州市主副食品集超均价表_主副食品_
		福州市发展和改革委员会
	",芹菜,新鲜,元/500克,7.18,,,,,福州市主副食品集超均价表，集超均价,,,https://fgw.fuzhou.gov.cn/fgwzwgk/fzgggz/jgysf/msspjgxq/zfsp/202609/t20260906_5368380.htm
福州市,2026年9月6日,"
		2026年9月6日福州市主副食品集超均价表_主副食品_
		福州市发展和改革委员会
	",苹果,新鲜,元/500克,8.35,,,,,福州市主副食品集超均价表，集超均价,,,https://fgw.fuzhou.gov.cn/fgwzwgk/fzgggz/jgysf/msspjgxq/zfsp/202609/t20260906_5368380.htm
福州市,2026年9月6日,"
		2026年9月6日福州市主副食品集超均价表_主副食品_
		福州市发展和改革委员会
	",茄子,新鲜,元/500克,3.29,,,,,福州市主副食品集超均价表，集超均价,,,https://fgw.fuzhou.gov.cn/fgwzwgk/fzgggz/jgysf/msspjgxq/zfsp/202609/t20260906_5368380.htm
福州市,2026年9月6日,"
		2026年9月6日福州市主副食品集超均价表_主副食品_
		福州市发展和改革委员会
	",菜籽油,桶装一级,元/5升,69.60,,,,,福州市主副食品集超均价表，集超均价,,,https://fgw.fuzhou.gov.cn/fgwzwgk/fzgggz/jgysf/msspjgxq/zfsp/202609/t20260906_5368380.htm
福州市,2026年9月6日,"
		2026年9月6日福州市主副食品集超均价表_主副食品_
		福州市发展和改革委员会
	",蒜苔,新鲜,元/500克,8.40,,,,,福州市主副食品集超均价表，集超均价,,,https://fgw.fuzhou.gov.cn/fgwzwgk/fzgggz/jgysf/msspjgxq/zfsp/202609/t20260906_5368380.htm
福州市,2026年9月6日,"
		2026年9月6日福州市主副食品集超均价表_主副食品_
		福州市发展和改革委员会
	",西红柿,新鲜,元/500克,3.93,,,,,福州市主副食品集超均价表，集超均价,,,https://fgw.fuzhou.gov.cn/fgwzwgk/fzgggz/jgysf/msspjgxq/zfsp/202609/t20260906_5368380.htm
福州市,2026年9月6日,"
		2026年9月6日福州市主副食品集超均价表_主副食品_
		福州市发展和改革委员会
	",调和油,桶装一级,元/5升,67.03,,,,,福州市主副食品集超均价表，集超均价,,,https://fgw.fuzhou.gov.cn/fgwzwgk/fzgggz/jgysf/msspjgxq/zfsp/202609/t20260906_5368380.htm
福州市,2026年9月6日,"
		2026年9月6日福州市主副食品集超均价表_主副食品_
		福州市发展和改革委员会
	",豆角,新鲜,元/500克,7.42,,,,,福州市主副食品集超均价表，集超均价,,,https://fgw.fuzhou.gov.cn/fgwzwgk/fzgggz/jgysf/msspjgxq/zfsp/202609/t20260906_5368380.htm
福州市,2026年9月6日,"
		2026年9月6日福州市主副食品集超均价表_主副食品_
		福州市发展和改革委员会
	",青椒,新鲜,元/500克,6.41,,,,,福州市主副食品集超均价表，集超均价,,,https://fgw.fuzhou.gov.cn/fgwzwgk/fzgggz/jgysf/msspjgxq/zfsp/202609/t20260906_5368380.htm
福州市,2026年9月6日,"
		2026年9月6日福州市主副食品集超均价表_主副食品_
		福州市发展和改革委员会
	",韭菜,新鲜,元/500克,5.82,,,,,福州市主副食品集超均价表，集超均价,,,https://fgw.fuzhou.gov.cn/fgwzwgk/fzgggz/jgysf/msspjgxq/zfsp/202609/t20260906_5368380.htm
福州市,2026年9月6日,"
		2026年9月6日福州市主副食品集超均价表_主副食品_
		福州市发展和改革委员会
	",香蕉,新鲜,元/500克,4.60,,,,,福州市主副食品集超均价表，集超均价,,,https://fgw.fuzhou.gov.cn/fgwzwgk/fzgggz/jgysf/msspjgxq/zfsp/202609/t20260906_5368380.htm
福州市,2026年9月6日,"
		2026年9月6日福州市主副食品集超均价表_主副食品_
		福州市发展和改革委员会
	",马胶鱼,冰鲜,元/500克,27.16,,,,,福州市主副食品集超均价表，集超均价,,,https://fgw.fuzhou.gov.cn/fgwzwgk/fzgggz/jgysf/msspjgxq/zfsp/202609/t20260906_5368380.htm
福州市,2026年9月6日,"
		2026年9月6日福州市主副食品集超均价表_主副食品_
		福州市发展和改革委员会
	",鱿鱼,冰鲜,元/500克,50.38,,,,,福州市主副食品集超均价表，集超均价,,,https://fgw.fuzhou.gov.cn/fgwzwgk/fzgggz/jgysf/msspjgxq/zfsp/202609/t20260906_5368380.htm
福州市,2026年9月6日,"
		2026年9月6日福州市主副食品集超均价表_主副食品_
		福州市发展和改革委员会
	",鸡肉,白条鸡,元/500克,16.24,,,,,福州市主副食品集超均价表，集超均价,,,https://fgw.fuzhou.gov.cn/fgwzwgk/fzgggz/jgysf/msspjgxq/zfsp/202609/t20260906_5368380.htm
福州市,2026年9月6日,"
		2026年9月6日福州市主副食品集超均价表_主副食品_
		福州市发展和改革委员会
	",鸭肉,白条鸭,元/500克,16.49,,,,,福州市主副食品集超均价表，集超均价,,,https://fgw.fuzhou.gov.cn/fgwzwgk/fzgggz/jgysf/msspjgxq/zfsp/202609/t20260906_5368380.htm
福州市,2026年9月6日,"
		2026年9月6日福州市主副食品集超均价表_主副食品_
		福州市发展和改革委员会
	",黄瓜,新鲜,元/500克,3.72,,,,,福州市主副食品集超均价表，集超均价,,,https://fgw.fuzhou.gov.cn/fgwzwgk/fzgggz/jgysf/msspjgxq/zfsp/202609/t20260906_5368380.htm
福州市,2026年9月6日,"
		2026年9月6日福州市主副食品集超均价表_主副食品_
		福州市发展和改革委员会
	",黄瓜鱼,冰鲜,元/500克,28.36,,,,,福州市主副食品集超均价表，集超均价,,,https://fgw.fuzhou.gov.cn/fgwzwgk/fzgggz/jgysf/msspjgxq/zfsp/202609/t20260906_5368380.htm
福州市,2026年9月7日,"
		2026年9月7日福州市主副食品集超均价表_主副食品_
		福州市发展和改革委员会
	",上海青,新鲜,元/500克,4.14,,,,,福州市主副食品集超均价表，集超均价,,,https://fgw.fuzhou.gov.cn/fgwzwgk/fzgggz/jgysf/msspjgxq/zfsp/202609/t20260907_5368550.htm
福州市,2026年9月7日,"
		2026年9月7日福州市主副食品集超均价表_主副食品_
		福州市发展和改革委员会
	",冻带鱼,冷冻,元/500克,21.71,,,,,福州市主副食品集超均价表，集超均价,,,https://fgw.fuzhou.gov.cn/fgwzwgk/fzgggz/jgysf/msspjgxq/zfsp/202609/t20260907_5368550.htm
福州市,2026年9月7日,"
		2026年9月7日福州市主副食品集超均价表_主副食品_
		福州市发展和改革委员会
	",圆白菜,新鲜,元/500克,2.16,,,,,福州市主副食品集超均价表，集超均价,,,https://fgw.fuzhou.gov.cn/fgwzwgk/fzgggz/jgysf/msspjgxq/zfsp/202609/t20260907_5368550.htm
福州市,2026年9月7日,"
		2026年9月7日福州市主副食品集超均价表_主副食品_
		福州市发展和改革委员会
	",土豆,新鲜,元/500克,2.17,,,,,福州市主副食品集超均价表，集超均价,,,https://fgw.fuzhou.gov.cn/fgwzwgk/fzgggz/jgysf/msspjgxq/zfsp/202609/t20260907_5368550.htm
福州市,2026年9月7日,"
		2026年9月7日福州市主副食品集超均价表_主副食品_
		福州市发展和改革委员会
	",大白菜,新鲜,元/500克,2.36,,,,,福州市主副食品集超均价表，集超均价,,,https://fgw.fuzhou.gov.cn/fgwzwgk/fzgggz/jgysf/msspjgxq/zfsp/202609/t20260907_5368550.htm
福州市,2026年9月7日,"
		2026年9月7日福州市主副食品集超均价表_主副食品_
		福州市发展和改革委员会
	",大豆油,桶装一级,元/5升,58.75,,,,,福州市主副食品集超均价表，集超均价,,,https://fgw.fuzhou.gov.cn/fgwzwgk/fzgggz/jgysf/msspjgxq/zfsp/202609/t20260907_5368550.htm
福州市,2026年9月7日,"
		2026年9月7日福州市主副食品集超均价表_主副食品_
		福州市发展和改革委员会
	",富强粉,,元/500克,3.6,,,,,福州市主副食品集超均价表，集超均价,,,https://fgw.fuzhou.gov.cn/fgwzwgk/fzgggz/jgysf/msspjgxq/zfsp/202609/t20260907_5368550.htm
福州市,2026年9月7日,"
		2026年9月7日福州市主副食品集超均价表_主副食品_
		福州市发展和改革委员会
	",尖椒,新鲜,元/500克,5.47,,,,,福州市主副食品集超均价表，集超均价,,,https://fgw.fuzhou.gov.cn/fgwzwgk/fzgggz/jgysf/msspjgxq/zfsp/202609/t20260907_5368550.htm
福州市,2026年9月7日,"
		2026年9月7日福州市主副食品集超均价表_主副食品_
		福州市发展和改革委员会
	",晚籼米,标一,元/500克,2.68,,,,,福州市主副食品集超均价表，集超均价,,,https://fgw.fuzhou.gov.cn/fgwzwgk/fzgggz/jgysf/msspjgxq/zfsp/202609/t20260907_5368550.htm
福州市,2026年9月7日,"
		2026年9月7日福州市主副食品集超均价表_主副食品_
		福州市发展和改革委员会
	",普通鸡蛋,新鲜完整,元/500克,6.74,,,,,福州市主副食品集超均价表，集超均价,,,https://fgw.fuzhou.gov.cn/fgwzwgk/fzgggz/jgysf/msspjgxq/zfsp/202609/t20260907_5368550.htm
福州市,2026年9月7日,"
		2026年9月7日福州市主副食品集超均价表_主副食品_
		福州市发展和改革委员会
	",普通鸭蛋,新鲜完整,元/500克,8.33,,,,,福州市主副食品集超均价表，集超均价,,,https://fgw.fuzhou.gov.cn/fgwzwgk/fzgggz/jgysf/msspjgxq/zfsp/202609/t20260907_5368550.htm
福州市,2026年9月7日,"
		2026年9月7日福州市主副食品集超均价表_主副食品_
		福州市发展和改革委员会
	",标准粉,,元/500克,2.4,,,,,福州市主副食品集超均价表，集超均价,,,https://fgw.fuzhou.gov.cn/fgwzwgk/fzgggz/jgysf/msspjgxq/zfsp/202609/t20260907_5368550.htm
福州市,2026年9月7日,"
		2026年9月7日福州市主副食品集超均价表_主副食品_
		福州市发展和改革委员会
	",梨,新鲜,元/500克,4.9,,,,,福州市主副食品集超均价表，集超均价,,,https://fgw.fuzhou.gov.cn/fgwzwgk/fzgggz/jgysf/msspjgxq/zfsp/202609/t20260907_5368550.htm
福州市,2026年9月7日,"
		2026年9月7日福州市主副食品集超均价表_主副食品_
		福州市发展和改革委员会
	",油菜(菜心),新鲜,元/500克,4.89,,,,,福州市主副食品集超均价表，集超均价,,,https://fgw.fuzhou.gov.cn/fgwzwgk/fzgggz/jgysf/msspjgxq/zfsp/202609/t20260907_5368550.htm
福州市,2026年9月7日,"
		2026年9月7日福州市主副食品集超均价表_主副食品_
		福州市发展和改革委员会
	",活明虾,鲜活,元/500克,29.86,,,,,福州市主副食品集超均价表，集超均价,,,https://fgw.fuzhou.gov.cn/fgwzwgk/fzgggz/jgysf/msspjgxq/zfsp/202609/t20260907_5368550.htm
福州市,2026年9月7日,"
		2026年9月7日福州市主副食品集超均价表_主副食品_
		福州市发展和改革委员会
	",活花蛤,鲜活,元/500克,10.25,,,,,福州市主副食品集超均价表，集超均价,,,https://fgw.fuzhou.gov.cn/fgwzwgk/fzgggz/jgysf/msspjgxq/zfsp/202609/t20260907_5368550.htm
福州市,2026年9月7日,"
		2026年9月7日福州市主副食品集超均价表_主副食品_
		福州市发展和改革委员会
	",活草鱼,鲜活,元/500克,11.81,,,,,福州市主副食品集超均价表，集超均价,,,https://fgw.fuzhou.gov.cn/fgwzwgk/fzgggz/jgysf/msspjgxq/zfsp/202609/t20260907_5368550.htm
福州市,2026年9月7日,"
		2026年9月7日福州市主副食品集超均价表_主副食品_
		福州市发展和改革委员会
	",活鳙鱼（大头鲢）,鲜活,元/500克,14.08,,,,,福州市主副食品集超均价表，集超均价,,,https://fgw.fuzhou.gov.cn/fgwzwgk/fzgggz/jgysf/msspjgxq/zfsp/202609/t20260907_5368550.htm
福州市,2026年9月7日,"
		2026年9月7日福州市主副食品集超均价表_主副食品_
		福州市发展和改革委员会
	",牛肉,去骨肉,元/500克,47.08,,,,,福州市主副食品集超均价表，集超均价,,,https://fgw.fuzhou.gov.cn/fgwzwgk/fzgggz/jgysf/msspjgxq/zfsp/202609/t20260907_5368550.htm
福州市,2026年9月7日,"
		2026年9月7日福州市主副食品集超均价表_主副食品_
		福州市发展和改革委员会
	",猪瘦肉,新鲜,元/500克,14.77,,,,,福州市主副食品集超均价表，集超均价,,,https://fgw.fuzhou.gov.cn/fgwzwgk/fzgggz/jgysf/msspjgxq/zfsp/202609/t20260907_5368550.htm
福州市,2026年9月7日,"
		2026年9月7日福州市主副食品集超均价表_主副食品_
		福州市发展和改革委员会
	",猪肋条肉,新鲜,元/500克,15.49,,,,,福州市主副食品集超均价表，集超均价,,,https://fgw.fuzhou.gov.cn/fgwzwgk/fzgggz/jgysf/msspjgxq/zfsp/202609/t20260907_5368550.htm
福州市,2026年9月7日,"
		2026年9月7日福州市主副食品集超均价表_主副食品_
		福州市发展和改革委员会
	",白萝卜,新鲜,元/500克,1.76,,,,,福州市主副食品集超均价表，集超均价,,,https://fgw.fuzhou.gov.cn/fgwzwgk/fzgggz/jgysf/msspjgxq/zfsp/202609/t20260907_5368550.htm
福州市,2026年9月7日,"
		2026年9月7日福州市主副食品集超均价表_主副食品_
		福州市发展和改革委员会
	",空心菜,新鲜,元/500克,4.07,,,,,福州市主副食品集超均价表，集超均价,,,https://fgw.fuzhou.gov.cn/fgwzwgk/fzgggz/jgysf/msspjgxq/zfsp/202609/t20260907_5368550.htm
福州市,2026年9月7日,"
		2026年9月7日福州市主副食品集超均价表_主副食品_
		福州市发展和改革委员会
	",粳米,标一,元/500克,2.97,,,,,福州市主副食品集超均价表，集超均价,,,https://fgw.fuzhou.gov.cn/fgwzwgk/fzgggz/jgysf/msspjgxq/zfsp/202609/t20260907_5368550.htm
福州市,2026年9月7日,"
		2026年9月7日福州市主副食品集超均价表_主副食品_
		福州市发展和改革委员会
	",红萝卜,新鲜,元/500克,2.2,,,,,福州市主副食品集超均价表，集超均价,,,https://fgw.fuzhou.gov.cn/fgwzwgk/fzgggz/jgysf/msspjgxq/zfsp/202609/t20260907_5368550.htm
福州市,2026年9月7日,"
		2026年9月7日福州市主副食品集超均价表_主副食品_
		福州市发展和改革委员会
	",纯牛奶,盒装,元/盒(250毫升),2.71,,,,,福州市主副食品集超均价表，集超均价,,,https://fgw.fuzhou.gov.cn/fgwzwgk/fzgggz/jgysf/msspjgxq/zfsp/202609/t20260907_5368550.htm
福州市,2026年9月7日,"
		2026年9月7日福州市主副食品集超均价表_主副食品_
		福州市发展和改革委员会
	",羊肉,带骨肉,元/500克,44.72,,,,,福州市主副食品集超均价表，集超均价,,,https://fgw.fuzhou.gov.cn/fgwzwgk/fzgggz/jgysf/msspjgxq/zfsp/202609/t20260907_5368550.htm
福州市,2026年9月7日,"
		2026年9月7日福州市主副食品集超均价表_主副食品_
		福州市发展和改革委员会
	",脐橙,新鲜,元/500克,4.89,,,,,福州市主副食品集超均价表，集超均价,,,https://fgw.fuzhou.gov.cn/fgwzwgk/fzgggz/jgysf/msspjgxq/zfsp/202609/t20260907_5368550.htm
福州市,2026年9月7日,"
		2026年9月7日福州市主副食品集超均价表_主副食品_
		福州市发展和改革委员会
	",花生油,桶装一级,元/5升,105.24,,,,,福州市主副食品集超均价表，集超均价,,,https://fgw.fuzhou.gov.cn/fgwzwgk/fzgggz/jgysf/msspjgxq/zfsp/202609/t20260907_5368550.htm
福州市,2026年9月7日,"
		2026年9月7日福州市主副食品集超均价表_主副食品_
		福州市发展和改革委员会
	",花菜,新鲜,元/500克,5.17,,,,,福州市主副食品集超均价表，集超均价,,,https://fgw.fuzhou.gov.cn/fgwzwgk/fzgggz/jgysf/msspjgxq/zfsp/202609/t20260907_5368550.htm
福州市,2026年9月7日,"
		2026年9月7日福州市主副食品集超均价表_主副食品_
		福州市发展和改革委员会
	",芹菜,新鲜,元/500克,7.23,,,,,福州市主副食品集超均价表，集超均价,,,https://fgw.fuzhou.gov.cn/fgwzwgk/fzgggz/jgysf/msspjgxq/zfsp/202609/t20260907_5368550.htm
福州市,2026年9月7日,"
		2026年9月7日福州市主副食品集超均价表_主副食品_
		福州市发展和改革委员会
	",苹果,新鲜,元/500克,8.35,,,,,福州市主副食品集超均价表，集超均价,,,https://fgw.fuzhou.gov.cn/fgwzwgk/fzgggz/jgysf/msspjgxq/zfsp/202609/t20260907_5368550.htm
福州市,2026年9月7日,"
		2026年9月7日福州市主副食品集超均价表_主副食品_
		福州市发展和改革委员会
	",茄子,新鲜,元/500克,3.33,,,,,福州市主副食品集超均价表，集超均价,,,https://fgw.fuzhou.gov.cn/fgwzwgk/fzgggz/jgysf/msspjgxq/zfsp/202609/t20260907_5368550.htm
福州市,2026年9月7日,"
		2026年9月7日福州市主副食品集超均价表_主副食品_
		福州市发展和改革委员会
	",菜籽油,桶装一级,元/5升,69.6,,,,,福州市主副食品集超均价表，集超均价,,,https://fgw.fuzhou.gov.cn/fgwzwgk/fzgggz/jgysf/msspjgxq/zfsp/202609/t20260907_5368550.htm
福州市,2026年9月7日,"
		2026年9月7日福州市主副食品集超均价表_主副食品_
		福州市发展和改革委员会
	",蒜苔,新鲜,元/500克,8.4,,,,,福州市主副食品集超均价表，集超均价,,,https://fgw.fuzhou.gov.cn/fgwzwgk/fzgggz/jgysf/msspjgxq/zfsp/202609/t20260907_5368550.htm
福州市,2026年9月7日,"
		2026年9月7日福州市主副食品集超均价表_主副食品_
		福州市发展和改革委员会
	",西红柿,新鲜,元/500克,3.89,,,,,福州市主副食品集超均价表，集超均价,,,https://fgw.fuzhou.gov.cn/fgwzwgk/fzgggz/jgysf/msspjgxq/zfsp/202609/t20260907_5368550.htm
福州市,2026年9月7日,"
		2026年9月7日福州市主副食品集超均价表_主副食品_
		福州市发展和改革委员会
	",调和油,桶装一级,元/5升,67.03,,,,,福州市主副食品集超均价表，集超均价,,,https://fgw.fuzhou.gov.cn/fgwzwgk/fzgggz/jgysf/msspjgxq/zfsp/202609/t20260907_5368550.htm
福州市,2026年9月7日,"
		2026年9月7日福州市主副食品集超均价表_主副食品_
		福州市发展和改革委员会
	",豆角,新鲜,元/500克,7.49,,,,,福州市主副食品集超均价表，集超均价,,,https://fgw.fuzhou.gov.cn/fgwzwgk/fzgggz/jgysf/msspjgxq/zfsp/202609/t20260907_5368550.htm
福州市,2026年9月7日,"
		2026年9月7日福州市主副食品集超均价表_主副食品_
		福州市发展和改革委员会
	",青椒,新鲜,元/500克,6.23,,,,,福州市主副食品集超均价表，集超均价,,,https://fgw.fuzhou.gov.cn/fgwzwgk/fzgggz/jgysf/msspjgxq/zfsp/202609/t20260907_5368550.htm
福州市,2026年9月7日,"
		2026年9月7日福州市主副食品集超均价表_主副食品_
		福州市发展和改革委员会
	",韭菜,新鲜,元/500克,5.82,,,,,福州市主副食品集超均价表，集超均价,,,https://fgw.fuzhou.gov.cn/fgwzwgk/fzgggz/jgysf/msspjgxq/zfsp/202609/t20260907_5368550.htm
福州市,2026年9月7日,"
		2026年9月7日福州市主副食品集超均价表_主副食品_
		福州市发展和改革委员会
	",香蕉,新鲜,元/500克,4.6,,,,,福州市主副食品集超均价表，集超均价,,,https://fgw.fuzhou.gov.cn/fgwzwgk/fzgggz/jgysf/msspjgxq/zfsp/202609/t20260907_5368550.htm
福州市,2026年9月7日,"
		2026年9月7日福州市主副食品集超均价表_主副食品_
		福州市发展和改革委员会
	",马胶鱼,冰鲜,元/500克,27.16,,,,,福州市主副食品集超均价表，集超均价,,,https://fgw.fuzhou.gov.cn/fgwzwgk/fzgggz/jgysf/msspjgxq/zfsp/202609/t20260907_5368550.htm
福州市,2026年9月7日,"
		2026年9月7日福州市主副食品集超均价表_主副食品_
		福州市发展和改革委员会
	",鱿鱼,冰鲜,元/500克,50.38,,,,,福州市主副食品集超均价表，集超均价,,,https://fgw.fuzhou.gov.cn/fgwzwgk/fzgggz/jgysf/msspjgxq/zfsp/202609/t20260907_5368550.htm
福州市,2026年9月7日,"
		2026年9月7日福州市主副食品集超均价表_主副食品_
		福州市发展和改革委员会
	",鸡肉,白条鸡,元/500克,16.24,,,,,福州市主副食品集超均价表，集超均价,,,https://fgw.fuzhou.gov.cn/fgwzwgk/fzgggz/jgysf/msspjgxq/zfsp/202609/t20260907_5368550.htm
福州市,2026年9月7日,"
		2026年9月7日福州市主副食品集超均价表_主副食品_
		福州市发展和改革委员会
	",鸭肉,白条鸭,元/500克,16.49,,,,,福州市主副食品集超均价表，集超均价,,,https://fgw.fuzhou.gov.cn/fgwzwgk/fzgggz/jgysf/msspjgxq/zfsp/202609/t20260907_5368550.htm
福州市,2026年9月7日,"
		2026年9月7日福州市主副食品集超均价表_主副食品_
		福州市发展和改革委员会
	",黄瓜,新鲜,元/500克,3.8,,,,,福州市主副食品集超均价表，集超均价,,,https://fgw.fuzhou.gov.cn/fgwzwgk/fzgggz/jgysf/msspjgxq/zfsp/202609/t20260907_5368550.htm
福州市,2026年9月7日,"
		2026年9月7日福州市主副食品集超均价表_主副食品_
		福州市发展和改革委员会
	",黄瓜鱼,冰鲜,元/500克,28.36,,,,,福州市主副食品集超均价表，集超均价,,,https://fgw.fuzhou.gov.cn/fgwzwgk/fzgggz/jgysf/msspjgxq/zfsp/202609/t20260907_5368550.htm
东莞市,2026-01-12,东莞市2026年第2周（1月5日至1月9日）,叶菜类,13种叶菜类农贸市场零售均价,元/500克,4.97,,,,,农贸市场监测均价,,0.00%,https://dgdp.dg.gov.cn/jggl/spjg/content/post_4488182.html
东莞市,2026-01-12,东莞市2026年第2周（1月5日至1月9日）,大米,3种大米农贸市场零售均价,元/500克,3.32,,,,,农贸市场监测均价,,0.00%,https://dgdp.dg.gov.cn/jggl/spjg/content/post_4488182.html
东莞市,2026-01-12,东莞市2026年第2周（1月5日至1月9日）,总肉,总肉批发均价,元/500克,10.80,,,,,农贸市场监测均价,,1.41%,https://dgdp.dg.gov.cn/jggl/spjg/content/post_4488182.html
东莞市,2026-01-12,东莞市2026年第2周（1月5日至1月9日）,牛肉,农贸市场零售均价,元/500克,47.64,,,,,农贸市场监测均价,,-0.19%,https://dgdp.dg.gov.cn/jggl/spjg/content/post_4488182.html
东莞市,2026-01-12,东莞市2026年第2周（1月5日至1月9日）,猪肉,4种猪肉农贸市场零售均价,元/500克,21.30,,,,,农贸市场监测均价,,-0.05%,https://dgdp.dg.gov.cn/jggl/spjg/content/post_4488182.html
东莞市,2026-01-12,东莞市2026年第2周（1月5日至1月9日）,生猪,生猪出场价格,元/公斤,13.40,,,,,农贸市场监测均价,,9.84%,https://dgdp.dg.gov.cn/jggl/spjg/content/post_4488182.html
东莞市,2026-01-12,东莞市2026年第2周（1月5日至1月9日）,粮食,4种粮食农贸市场零售均价,元/500克,3.33,,,,,农贸市场监测均价,,0.00%,https://dgdp.dg.gov.cn/jggl/spjg/content/post_4488182.html
东莞市,2026-01-12,东莞市2026年第2周（1月5日至1月9日）,蔬菜,30种蔬菜农贸市场零售均价,元/500克,4.81,,,,,农贸市场监测均价,,0.00%,https://dgdp.dg.gov.cn/jggl/spjg/content/post_4488182.html
东莞市,2026-01-12,东莞市2026年第2周（1月5日至1月9日）,非叶菜类,17种非叶菜类农贸市场零售均价,元/500克,4.68,,,,,农贸市场监测均价,,0.21%,https://dgdp.dg.gov.cn/jggl/spjg/content/post_4488182.html
东莞市,2026-01-12,东莞市2026年第2周（1月5日至1月9日）,面粉,农贸市场零售均价,元/500克,3.36,,,,,农贸市场监测均价,,0.00%,https://dgdp.dg.gov.cn/jggl/spjg/content/post_4488182.html
东莞市,2026-01-12,东莞市2026年第2周（1月5日至1月9日）,食用油,5升桶装农贸市场零售均价,元/桶,95.75,,,,,农贸市场监测均价,,-0.05%,https://dgdp.dg.gov.cn/jggl/spjg/content/post_4488182.html
东莞市,2026-01-12,东莞市2026年第2周（1月5日至1月9日）,鸡肉,农贸市场零售均价,元/500克,16.91,,,,,农贸市场监测均价,,0.00%,https://dgdp.dg.gov.cn/jggl/spjg/content/post_4488182.html
东莞市,2026-01-12,东莞市2026年第2周（1月5日至1月9日）,鸡蛋,农贸市场零售均价,元/500克,7.34,,,,,农贸市场监测均价,,0.00%,https://dgdp.dg.gov.cn/jggl/spjg/content/post_4488182.html
东莞市,2026-02-02,东莞市2026年第5周（1月26日至1月30日）,叶菜类,13种叶菜类农贸市场零售均价,元/500克,4.93,,,,,农贸市场监测均价,,0.00%,https://dgdp.dg.gov.cn/jggl/spjg/content/post_4496698.html
东莞市,2026-02-02,东莞市2026年第5周（1月26日至1月30日）,大米,3种大米农贸市场零售均价,元/500克,3.32,,,,,农贸市场监测均价,,0.00%,https://dgdp.dg.gov.cn/jggl/spjg/content/post_4496698.html
东莞市,2026-02-02,东莞市2026年第5周（1月26日至1月30日）,总肉,总肉批发均价,元/500克,11.30,,,,,农贸市场监测均价,,0.00%,https://dgdp.dg.gov.cn/jggl/spjg/content/post_4496698.html
东莞市,2026-02-02,东莞市2026年第5周（1月26日至1月30日）,牛肉,农贸市场零售均价,元/500克,47.70,,,,,农贸市场监测均价,,-0.06%,https://dgdp.dg.gov.cn/jggl/spjg/content/post_4496698.html
东莞市,2026-02-02,东莞市2026年第5周（1月26日至1月30日）,猪肉,4种猪肉农贸市场零售均价,元/500克,21.24,,,,,农贸市场监测均价,,-0.28%,https://dgdp.dg.gov.cn/jggl/spjg/content/post_4496698.html
东莞市,2026-02-02,东莞市2026年第5周（1月26日至1月30日）,生猪,生猪出场价格,元/公斤,13.60,,,,,农贸市场监测均价,,-1.45%,https://dgdp.dg.gov.cn/jggl/spjg/content/post_4496698.html
东莞市,2026-02-02,东莞市2026年第5周（1月26日至1月30日）,粮食,4种粮食农贸市场零售均价,元/500克,3.33,,,,,农贸市场监测均价,,0.00%,https://dgdp.dg.gov.cn/jggl/spjg/content/post_4496698.html
东莞市,2026-02-02,东莞市2026年第5周（1月26日至1月30日）,蔬菜,30种蔬菜农贸市场零售均价,元/500克,4.78,,,,,农贸市场监测均价,,0.00%,https://dgdp.dg.gov.cn/jggl/spjg/content/post_4496698.html
东莞市,2026-02-02,东莞市2026年第5周（1月26日至1月30日）,非叶菜类,17种非叶菜类农贸市场零售均价,元/500克,4.66,,,,,农贸市场监测均价,,-0.21%,https://dgdp.dg.gov.cn/jggl/spjg/content/post_4496698.html
东莞市,2026-02-02,东莞市2026年第5周（1月26日至1月30日）,面粉,农贸市场零售均价,元/500克,3.36,,,,,农贸市场监测均价,,0.00%,https://dgdp.dg.gov.cn/jggl/spjg/content/post_4496698.html
东莞市,2026-02-02,东莞市2026年第5周（1月26日至1月30日）,食用油,5升桶装农贸市场零售均价,元/桶,95.30,,,,,农贸市场监测均价,,-0.24%,https://dgdp.dg.gov.cn/jggl/spjg/content/post_4496698.html
东莞市,2026-02-02,东莞市2026年第5周（1月26日至1月30日）,鸡肉,农贸市场零售均价,元/500克,16.77,,,,,农贸市场监测均价,,-0.83%,https://dgdp.dg.gov.cn/jggl/spjg/content/post_4496698.html
东莞市,2026-02-02,东莞市2026年第5周（1月26日至1月30日）,鸡蛋,农贸市场零售均价,元/500克,7.36,,,,,农贸市场监测均价,,0.27%,https://dgdp.dg.gov.cn/jggl/spjg/content/post_4496698.html
东莞市,2026-02-28,东莞市2026年第9周（2月23日至2月27日）,叶菜类,13种叶菜类农贸市场零售均价,元/500克,4.98,,,,,农贸市场监测均价,,2.26%,https://dgdp.dg.gov.cn/jggl/spjg/content/post_4504713.html
东莞市,2026-02-28,东莞市2026年第9周（2月23日至2月27日）,大米,3种大米农贸市场零售均价,元/500克,3.32,,,,,农贸市场监测均价,,0.91%,https://dgdp.dg.gov.cn/jggl/spjg/content/post_4504713.html
东莞市,2026-02-28,东莞市2026年第9周（2月23日至2月27日）,总肉,总肉批发均价,元/500克,10.80,,,,,农贸市场监测均价,,0.00%,https://dgdp.dg.gov.cn/jggl/spjg/content/post_4504713.html
东莞市,2026-02-28,东莞市2026年第9周（2月23日至2月27日）,牛肉,农贸市场零售均价,元/500克,48.16,,,,,农贸市场监测均价,,-0.04%,https://dgdp.dg.gov.cn/jggl/spjg/content/post_4504713.html
东莞市,2026-02-28,东莞市2026年第9周（2月23日至2月27日）,猪肉,4种猪肉农贸市场零售均价,元/500克,21.74,,,,,农贸市场监测均价,,3.47%,https://dgdp.dg.gov.cn/jggl/spjg/content/post_4504713.html
东莞市,2026-02-28,东莞市2026年第9周（2月23日至2月27日）,生猪,生猪出场价格,元/公斤,12.80,,,,,农贸市场监测均价,,4.92%,https://dgdp.dg.gov.cn/jggl/spjg/content/post_4504713.html
东莞市,2026-02-28,东莞市2026年第9周（2月23日至2月27日）,粮食,4种粮食农贸市场零售均价,元/500克,3.33,,,,,农贸市场监测均价,,0.91%,https://dgdp.dg.gov.cn/jggl/spjg/content/post_4504713.html
东莞市,2026-02-28,东莞市2026年第9周（2月23日至2月27日）,蔬菜,30种蔬菜农贸市场零售均价,元/500克,4.88,,,,,农贸市场监测均价,,2.74%,https://dgdp.dg.gov.cn/jggl/spjg/content/post_4504713.html
东莞市,2026-02-28,东莞市2026年第9周（2月23日至2月27日）,非叶菜类,17种非叶菜类农贸市场零售均价,元/500克,4.80,,,,,农贸市场监测均价,,3.00%,https://dgdp.dg.gov.cn/jggl/spjg/content/post_4504713.html
东莞市,2026-02-28,东莞市2026年第9周（2月23日至2月27日）,面粉,农贸市场零售均价,元/500克,3.36,,,,,农贸市场监测均价,,0.60%,https://dgdp.dg.gov.cn/jggl/spjg/content/post_4504713.html
东莞市,2026-02-28,东莞市2026年第9周（2月23日至2月27日）,食用油,5升桶装农贸市场零售均价,元/桶,95.13,,,,,农贸市场监测均价,,0.01%,https://dgdp.dg.gov.cn/jggl/spjg/content/post_4504713.html
东莞市,2026-02-28,东莞市2026年第9周（2月23日至2月27日）,鸡肉,农贸市场零售均价,元/500克,17.14,,,,,农贸市场监测均价,,-0.23%,https://dgdp.dg.gov.cn/jggl/spjg/content/post_4504713.html
东莞市,2026-02-28,东莞市2026年第9周（2月23日至2月27日）,鸡蛋,农贸市场零售均价,元/500克,7.38,,,,,农贸市场监测均价,,0.00%,https://dgdp.dg.gov.cn/jggl/spjg/content/post_4504713.html
东莞市,2026-03-09,东莞市2026年第10周（3月2日至3月6日）,叶菜类,13种叶菜类农贸市场零售均价,元/500克,4.93,,,,,农贸市场监测均价,,-1.00%,https://dgdp.dg.gov.cn/jggl/spjg/content/post_4508169.html
东莞市,2026-03-09,东莞市2026年第10周（3月2日至3月6日）,大米,3种大米农贸市场零售均价,元/500克,3.31,,,,,农贸市场监测均价,,-0.30%,https://dgdp.dg.gov.cn/jggl/spjg/content/post_4508169.html
东莞市,2026-03-09,东莞市2026年第10周（3月2日至3月6日）,总肉,总肉批发均价,元/500克,10.65,,,,,农贸市场监测均价,,-1.39%,https://dgdp.dg.gov.cn/jggl/spjg/content/post_4508169.html
东莞市,2026-03-09,东莞市2026年第10周（3月2日至3月6日）,牛肉,农贸市场零售均价,元/500克,48.09,,,,,农贸市场监测均价,,-0.15%,https://dgdp.dg.gov.cn/jggl/spjg/content/post_4508169.html
东莞市,2026-03-09,东莞市2026年第10周（3月2日至3月6日）,猪肉,4种猪肉农贸市场零售均价,元/500克,21.53,,,,,农贸市场监测均价,,-0.97%,https://dgdp.dg.gov.cn/jggl/spjg/content/post_4508169.html
东莞市,2026-03-09,东莞市2026年第10周（3月2日至3月6日）,生猪,生猪出场价格,元/公斤,11.80,,,,,农贸市场监测均价,,-7.81%,https://dgdp.dg.gov.cn/jggl/spjg/content/post_4508169.html
东莞市,2026-03-09,东莞市2026年第10周（3月2日至3月6日）,粮食,4种粮食农贸市场零售均价,元/500克,3.33,,,,,农贸市场监测均价,,0.00%,https://dgdp.dg.gov.cn/jggl/spjg/content/post_4508169.html
东莞市,2026-03-09,东莞市2026年第10周（3月2日至3月6日）,蔬菜,30种蔬菜农贸市场零售均价,元/500克,4.76,,,,,农贸市场监测均价,,-2.46%,https://dgdp.dg.gov.cn/jggl/spjg/content/post_4508169.html
东莞市,2026-03-09,东莞市2026年第10周（3月2日至3月6日）,非叶菜类,17种非叶菜类农贸市场零售均价,元/500克,4.63,,,,,农贸市场监测均价,,-3.54%,https://dgdp.dg.gov.cn/jggl/spjg/content/post_4508169.html
东莞市,2026-03-09,东莞市2026年第10周（3月2日至3月6日）,面粉,农贸市场零售均价,元/500克,3.36,,,,,农贸市场监测均价,,0.00%,https://dgdp.dg.gov.cn/jggl/spjg/content/post_4508169.html
东莞市,2026-03-09,东莞市2026年第10周（3月2日至3月6日）,食用油,5升桶装农贸市场零售均价,元/桶,95.11,,,,,农贸市场监测均价,,-0.02%,https://dgdp.dg.gov.cn/jggl/spjg/content/post_4508169.html
东莞市,2026-03-09,东莞市2026年第10周（3月2日至3月6日）,鸡肉,农贸市场零售均价,元/500克,16.91,,,,,农贸市场监测均价,,-1.34%,https://dgdp.dg.gov.cn/jggl/spjg/content/post_4508169.html
东莞市,2026-03-09,东莞市2026年第10周（3月2日至3月6日）,鸡蛋,农贸市场零售均价,元/500克,7.38,,,,,农贸市场监测均价,,0.00%,https://dgdp.dg.gov.cn/jggl/spjg/content/post_4508169.html
东莞市,2026-03-16,东莞市2026年第11周（3月9日至3月13日）,叶菜类,13种叶菜类农贸市场零售均价,元/500克,4.80,,,,,农贸市场监测均价,,-2.04%,https://dgdp.dg.gov.cn/jggl/spjg/content/post_4513593.html
东莞市,2026-03-16,东莞市2026年第11周（3月9日至3月13日）,大米,3种大米农贸市场零售均价,元/500克,3.31,,,,,农贸市场监测均价,,0.00%,https://dgdp.dg.gov.cn/jggl/spjg/content/post_4513593.html
东莞市,2026-03-16,东莞市2026年第11周（3月9日至3月13日）,总肉,总肉批发均价,元/500克,10.45,,,,,农贸市场监测均价,,-1.88%,https://dgdp.dg.gov.cn/jggl/spjg/content/post_4513593.html
东莞市,2026-03-16,东莞市2026年第11周（3月9日至3月13日）,牛肉,农贸市场零售均价,元/500克,47.91,,,,,农贸市场监测均价,,-0.37%,https://dgdp.dg.gov.cn/jggl/spjg/content/post_4513593.html
东莞市,2026-03-16,东莞市2026年第11周（3月9日至3月13日）,猪肉,4种猪肉农贸市场零售均价,元/500克,21.44,,,,,农贸市场监测均价,,-0.09%,https://dgdp.dg.gov.cn/jggl/spjg/content/post_4513593.html
东莞市,2026-03-16,东莞市2026年第11周（3月9日至3月13日）,生猪,生猪出场价格,元/公斤,11.20,,,,,农贸市场监测均价,,-5.08%,https://dgdp.dg.gov.cn/jggl/spjg/content/post_4513593.html
东莞市,2026-03-16,东莞市2026年第11周（3月9日至3月13日）,粮食,4种粮食农贸市场零售均价,元/500克,3.33,,,,,农贸市场监测均价,,0.00%,https://dgdp.dg.gov.cn/jggl/spjg/content/post_4513593.html
东莞市,2026-03-16,东莞市2026年第11周（3月9日至3月13日）,蔬菜,30种蔬菜农贸市场零售均价,元/500克,4.66,,,,,农贸市场监测均价,,-1.69%,https://dgdp.dg.gov.cn/jggl/spjg/content/post_4513593.html
东莞市,2026-03-16,东莞市2026年第11周（3月9日至3月13日）,非叶菜类,17种非叶菜类农贸市场零售均价,元/500克,4.55,,,,,农贸市场监测均价,,-1.30%,https://dgdp.dg.gov.cn/jggl/spjg/content/post_4513593.html
东莞市,2026-03-16,东莞市2026年第11周（3月9日至3月13日）,面粉,农贸市场零售均价,元/500克,3.36,,,,,农贸市场监测均价,,0.00%,https://dgdp.dg.gov.cn/jggl/spjg/content/post_4513593.html
东莞市,2026-03-16,东莞市2026年第11周（3月9日至3月13日）,食用油,5升桶装农贸市场零售均价,元/桶,95.14,,,,,农贸市场监测均价,,0.03%,https://dgdp.dg.gov.cn/jggl/spjg/content/post_4513593.html
东莞市,2026-03-16,东莞市2026年第11周（3月9日至3月13日）,鸡肉,农贸市场零售均价,元/500克,16.91,,,,,农贸市场监测均价,,0.00%,https://dgdp.dg.gov.cn/jggl/spjg/content/post_4513593.html
东莞市,2026-03-16,东莞市2026年第11周（3月9日至3月13日）,鸡蛋,农贸市场零售均价,元/500克,7.40,,,,,农贸市场监测均价,,0.27%,https://dgdp.dg.gov.cn/jggl/spjg/content/post_4513593.html
东莞市,2026-03-30,东莞市2026年第13周（3月23日至3月27日）,叶菜类,13种叶菜类农贸市场零售均价,元/500克,4.71,,,,,农贸市场监测均价,,-1.88%,https://dgdp.dg.gov.cn/jggl/spjg/content/post_4520296.html
东莞市,2026-03-30,东莞市2026年第13周（3月23日至3月27日）,大米,3种大米农贸市场零售均价,元/500克,3.31,,,,,农贸市场监测均价,,0.00%,https://dgdp.dg.gov.cn/jggl/spjg/content/post_4520296.html
东莞市,2026-03-30,东莞市2026年第13周（3月23日至3月27日）,总肉,总肉批发均价,元/500克,9.95,,,,,农贸市场监测均价,,-2.93%,https://dgdp.dg.gov.cn/jggl/spjg/content/post_4520296.html
东莞市,2026-03-30,东莞市2026年第13周（3月23日至3月27日）,牛肉,农贸市场零售均价,元/500克,47.91,,,,,农贸市场监测均价,,-0.08%,https://dgdp.dg.gov.cn/jggl/spjg/content/post_4520296.html
东莞市,2026-03-30,东莞市2026年第13周（3月23日至3月27日）,猪肉,4种猪肉农贸市场零售均价,元/500克,20.94,,,,,农贸市场监测均价,,-1.37%,https://dgdp.dg.gov.cn/jggl/spjg/content/post_4520296.html
东莞市,2026-03-30,东莞市2026年第13周（3月23日至3月27日）,生猪,生猪出场价格,元/公斤,10.80,,,,,农贸市场监测均价,,-3.57%,https://dgdp.dg.gov.cn/jggl/spjg/content/post_4520296.html
东莞市,2026-03-30,东莞市2026年第13周（3月23日至3月27日）,粮食,4种粮食农贸市场零售均价,元/500克,3.33,,,,,农贸市场监测均价,,0.00%,https://dgdp.dg.gov.cn/jggl/spjg/content/post_4520296.html
东莞市,2026-03-30,东莞市2026年第13周（3月23日至3月27日）,蔬菜,30种蔬菜农贸市场零售均价,元/500克,4.61,,,,,农贸市场监测均价,,-0.86%,https://dgdp.dg.gov.cn/jggl/spjg/content/post_4520296.html
东莞市,2026-03-30,东莞市2026年第13周（3月23日至3月27日）,非叶菜类,17种非叶菜类农贸市场零售均价,元/500克,4.54,,,,,农贸市场监测均价,,0.22%,https://dgdp.dg.gov.cn/jggl/spjg/content/post_4520296.html
东莞市,2026-03-30,东莞市2026年第13周（3月23日至3月27日）,面粉,农贸市场零售均价,元/500克,3.36,,,,,农贸市场监测均价,,0.00%,https://dgdp.dg.gov.cn/jggl/spjg/content/post_4520296.html
东莞市,2026-03-30,东莞市2026年第13周（3月23日至3月27日）,食用油,5升桶装农贸市场零售均价,元/桶,95.23,,,,,农贸市场监测均价,,0.05%,https://dgdp.dg.gov.cn/jggl/spjg/content/post_4520296.html
东莞市,2026-03-30,东莞市2026年第13周（3月23日至3月27日）,鸡肉,农贸市场零售均价,元/500克,16.89,,,,,农贸市场监测均价,,0.18%,https://dgdp.dg.gov.cn/jggl/spjg/content/post_4520296.html
东莞市,2026-03-30,东莞市2026年第13周（3月23日至3月27日）,鸡蛋,农贸市场零售均价,元/500克,7.38,,,,,农贸市场监测均价,,0.00%,https://dgdp.dg.gov.cn/jggl/spjg/content/post_4520296.html
东莞市,2026-01-19,东莞市2026年第3周（1月12日至1月16日）,叶菜类,13种叶菜类农贸市场零售均价,元/500克,4.87,,,,,农贸市场监测均价,,-2.01%,https://dgdp.dg.gov.cn/jggl/spjg/content/post_4490846.html
东莞市,2026-01-19,东莞市2026年第3周（1月12日至1月16日）,大米,3种大米农贸市场零售均价,元/500克,3.32,,,,,农贸市场监测均价,,0.00%,https://dgdp.dg.gov.cn/jggl/spjg/content/post_4490846.html
东莞市,2026-01-19,东莞市2026年第3周（1月12日至1月16日）,总肉,总肉批发均价,元/500克,11.00,,,,,农贸市场监测均价,,1.85%,https://dgdp.dg.gov.cn/jggl/spjg/content/post_4490846.html
东莞市,2026-01-19,东莞市2026年第3周（1月12日至1月16日）,牛肉,农贸市场零售均价,元/500克,47.64,,,,,农贸市场监测均价,,0.00%,https://dgdp.dg.gov.cn/jggl/spjg/content/post_4490846.html
东莞市,2026-01-19,东莞市2026年第3周（1月12日至1月16日）,猪肉,4种猪肉农贸市场零售均价,元/500克,21.34,,,,,农贸市场监测均价,,0.19%,https://dgdp.dg.gov.cn/jggl/spjg/content/post_4490846.html
东莞市,2026-01-19,东莞市2026年第3周（1月12日至1月16日）,生猪,生猪出场价格,元/公斤,13.30,,,,,农贸市场监测均价,,-0.75%,https://dgdp.dg.gov.cn/jggl/spjg/content/post_4490846.html
东莞市,2026-01-19,东莞市2026年第3周（1月12日至1月16日）,粮食,4种粮食农贸市场零售均价,元/500克,3.33,,,,,农贸市场监测均价,,0.00%,https://dgdp.dg.gov.cn/jggl/spjg/content/post_4490846.html
东莞市,2026-01-19,东莞市2026年第3周（1月12日至1月16日）,蔬菜,30种蔬菜农贸市场零售均价,元/500克,4.75,,,,,农贸市场监测均价,,-1.25%,https://dgdp.dg.gov.cn/jggl/spjg/content/post_4490846.html
东莞市,2026-01-19,东莞市2026年第3周（1月12日至1月16日）,非叶菜类,17种非叶菜类农贸市场零售均价,元/500克,4.67,,,,,农贸市场监测均价,,-0.21%,https://dgdp.dg.gov.cn/jggl/spjg/content/post_4490846.html
东莞市,2026-01-19,东莞市2026年第3周（1月12日至1月16日）,面粉,农贸市场零售均价,元/500克,3.36,,,,,农贸市场监测均价,,0.00%,https://dgdp.dg.gov.cn/jggl/spjg/content/post_4490846.html
东莞市,2026-01-19,东莞市2026年第3周（1月12日至1月16日）,食用油,5升桶装农贸市场零售均价,元/桶,95.82,,,,,农贸市场监测均价,,0.07%,https://dgdp.dg.gov.cn/jggl/spjg/content/post_4490846.html
东莞市,2026-01-19,东莞市2026年第3周（1月12日至1月16日）,鸡肉,农贸市场零售均价,元/500克,16.93,,,,,农贸市场监测均价,,0.12%,https://dgdp.dg.gov.cn/jggl/spjg/content/post_4490846.html
东莞市,2026-01-19,东莞市2026年第3周（1月12日至1月16日）,鸡蛋,农贸市场零售均价,元/500克,7.34,,,,,农贸市场监测均价,,0.00%,https://dgdp.dg.gov.cn/jggl/spjg/content/post_4490846.html
东莞市,2026-01-26,东莞市2026年第4周（1月19日至1月23日）,叶菜类,13种叶菜类农贸市场零售均价,元/500克,4.93,,,,,农贸市场监测均价,,1.23%,https://dgdp.dg.gov.cn/jggl/spjg/content/post_4493217.html
东莞市,2026-01-26,东莞市2026年第4周（1月19日至1月23日）,大米,3种大米农贸市场零售均价,元/500克,3.32,,,,,农贸市场监测均价,,0.00%,https://dgdp.dg.gov.cn/jggl/spjg/content/post_4493217.html
东莞市,2026-01-26,东莞市2026年第4周（1月19日至1月23日）,总肉,总肉批发均价,元/500克,11.30,,,,,农贸市场监测均价,,2.73%,https://dgdp.dg.gov.cn/jggl/spjg/content/post_4493217.html
东莞市,2026-01-26,东莞市2026年第4周（1月19日至1月23日）,牛肉,农贸市场零售均价,元/500克,47.73,,,,,农贸市场监测均价,,0.19%,https://dgdp.dg.gov.cn/jggl/spjg/content/post_4493217.html
东莞市,2026-01-26,东莞市2026年第4周（1月19日至1月23日）,猪肉,4种猪肉农贸市场零售均价,元/500克,21.30,,,,,农贸市场监测均价,,-0.19%,https://dgdp.dg.gov.cn/jggl/spjg/content/post_4493217.html
东莞市,2026-01-26,东莞市2026年第4周（1月19日至1月23日）,生猪,生猪出场价格,元/公斤,13.80,,,,,农贸市场监测均价,,3.76%,https://dgdp.dg.gov.cn/jggl/spjg/content/post_4493217.html
东莞市,2026-01-26,东莞市2026年第4周（1月19日至1月23日）,粮食,4种粮食农贸市场零售均价,元/500克,3.33,,,,,农贸市场监测均价,,0.00%,https://dgdp.dg.gov.cn/jggl/spjg/content/post_4493217.html
东莞市,2026-01-26,东莞市2026年第4周（1月19日至1月23日）,蔬菜,30种蔬菜农贸市场零售均价,元/500克,4.78,,,,,农贸市场监测均价,,0.63%,https://dgdp.dg.gov.cn/jggl/spjg/content/post_4493217.html
东莞市,2026-01-26,东莞市2026年第4周（1月19日至1月23日）,非叶菜类,17种非叶菜类农贸市场零售均价,元/500克,4.67,,,,,农贸市场监测均价,,0.00%,https://dgdp.dg.gov.cn/jggl/spjg/content/post_4493217.html
东莞市,2026-01-26,东莞市2026年第4周（1月19日至1月23日）,面粉,农贸市场零售均价,元/500克,3.36,,,,,农贸市场监测均价,,0.00%,https://dgdp.dg.gov.cn/jggl/spjg/content/post_4493217.html
东莞市,2026-01-26,东莞市2026年第4周（1月19日至1月23日）,食用油,5升桶装农贸市场零售均价,元/桶,95.53,,,,,农贸市场监测均价,,-0.30%,https://dgdp.dg.gov.cn/jggl/spjg/content/post_4493217.html
东莞市,2026-01-26,东莞市2026年第4周（1月19日至1月23日）,鸡肉,农贸市场零售均价,元/500克,16.91,,,,,农贸市场监测均价,,-0.12%,https://dgdp.dg.gov.cn/jggl/spjg/content/post_4493217.html
东莞市,2026-01-26,东莞市2026年第4周（1月19日至1月23日）,鸡蛋,农贸市场零售均价,元/500克,7.34,,,,,农贸市场监测均价,,0.00%,https://dgdp.dg.gov.cn/jggl/spjg/content/post_4493217.html
东莞市,2026-02-09,东莞市2026年第6周（2月2日至2月6日）,叶菜类,13种叶菜类农贸市场零售均价,元/500克,4.85,,,,,农贸市场监测均价,,-1.62%,https://dgdp.dg.gov.cn/jggl/spjg/content/post_4499424.html
东莞市,2026-02-09,东莞市2026年第6周（2月2日至2月6日）,大米,3种大米农贸市场零售均价,元/500克,3.32,,,,,农贸市场监测均价,,0.00%,https://dgdp.dg.gov.cn/jggl/spjg/content/post_4499424.html
东莞市,2026-02-09,东莞市2026年第6周（2月2日至2月6日）,总肉,总肉批发均价,元/500克,11.05,,,,,农贸市场监测均价,,-2.21%,https://dgdp.dg.gov.cn/jggl/spjg/content/post_4499424.html
东莞市,2026-02-09,东莞市2026年第6周（2月2日至2月6日）,牛肉,农贸市场零售均价,元/500克,47.70,,,,,农贸市场监测均价,,0.00%,https://dgdp.dg.gov.cn/jggl/spjg/content/post_4499424.html
东莞市,2026-02-09,东莞市2026年第6周（2月2日至2月6日）,猪肉,4种猪肉农贸市场零售均价,元/500克,21.12,,,,,农贸市场监测均价,,-0.56%,https://dgdp.dg.gov.cn/jggl/spjg/content/post_4499424.html
东莞市,2026-02-09,东莞市2026年第6周（2月2日至2月6日）,生猪,生猪出场价格,元/公斤,12.80,,,,,农贸市场监测均价,,-5.88%,https://dgdp.dg.gov.cn/jggl/spjg/content/post_4499424.html
东莞市,2026-02-09,东莞市2026年第6周（2月2日至2月6日）,粮食,4种粮食农贸市场零售均价,元/500克,3.33,,,,,农贸市场监测均价,,0.00%,https://dgdp.dg.gov.cn/jggl/spjg/content/post_4499424.html
东莞市,2026-02-09,东莞市2026年第6周（2月2日至2月6日）,蔬菜,30种蔬菜农贸市场零售均价,元/500克,4.72,,,,,农贸市场监测均价,,-1.26%,https://dgdp.dg.gov.cn/jggl/spjg/content/post_4499424.html
东莞市,2026-02-09,东莞市2026年第6周（2月2日至2月6日）,非叶菜类,17种非叶菜类农贸市场零售均价,元/500克,4.63,,,,,农贸市场监测均价,,-0.64%,https://dgdp.dg.gov.cn/jggl/spjg/content/post_4499424.html
东莞市,2026-02-09,东莞市2026年第6周（2月2日至2月6日）,面粉,农贸市场零售均价,元/500克,3.36,,,,,农贸市场监测均价,,0.00%,https://dgdp.dg.gov.cn/jggl/spjg/content/post_4499424.html
东莞市,2026-02-09,东莞市2026年第6周（2月2日至2月6日）,食用油,5升桶装农贸市场零售均价,元/桶,95.32,,,,,农贸市场监测均价,,0.02%,https://dgdp.dg.gov.cn/jggl/spjg/content/post_4499424.html
东莞市,2026-02-09,东莞市2026年第6周（2月2日至2月6日）,鸡肉,农贸市场零售均价,元/500克,16.95,,,,,农贸市场监测均价,,1.07%,https://dgdp.dg.gov.cn/jggl/spjg/content/post_4499424.html
东莞市,2026-02-09,东莞市2026年第6周（2月2日至2月6日）,鸡蛋,农贸市场零售均价,元/500克,7.38,,,,,农贸市场监测均价,,0.27%,https://dgdp.dg.gov.cn/jggl/spjg/content/post_4499424.html
东莞市,2026-02-13,东莞市2026年第7周（2月9日至2月13日）,叶菜类,13种叶菜类农贸市场零售均价,元/500克,4.87,,,,,农贸市场监测均价,,0.41%,https://dgdp.dg.gov.cn/jggl/spjg/content/post_4501507.html
东莞市,2026-02-13,东莞市2026年第7周（2月9日至2月13日）,大米,3种大米农贸市场零售均价,元/500克,3.29,,,,,农贸市场监测均价,,-0.90%,https://dgdp.dg.gov.cn/jggl/spjg/content/post_4501507.html
东莞市,2026-02-13,东莞市2026年第7周（2月9日至2月13日）,总肉,总肉批发均价,元/500克,10.80,,,,,农贸市场监测均价,,-2.26%,https://dgdp.dg.gov.cn/jggl/spjg/content/post_4501507.html
东莞市,2026-02-13,东莞市2026年第7周（2月9日至2月13日）,牛肉,农贸市场零售均价,元/500克,48.18,,,,,农贸市场监测均价,,1.01%,https://dgdp.dg.gov.cn/jggl/spjg/content/post_4501507.html
东莞市,2026-02-13,东莞市2026年第7周（2月9日至2月13日）,猪肉,4种猪肉农贸市场零售均价,元/500克,21.01,,,,,农贸市场监测均价,,-0.52%,https://dgdp.dg.gov.cn/jggl/spjg/content/post_4501507.html
东莞市,2026-02-13,东莞市2026年第7周（2月9日至2月13日）,生猪,生猪出场价格,元/公斤,12.20,,,,,农贸市场监测均价,,-4.69%,https://dgdp.dg.gov.cn/jggl/spjg/content/post_4501507.html
东莞市,2026-02-13,东莞市2026年第7周（2月9日至2月13日）,粮食,4种粮食农贸市场零售均价,元/500克,3.30,,,,,农贸市场监测均价,,-0.90%,https://dgdp.dg.gov.cn/jggl/spjg/content/post_4501507.html
东莞市,2026-02-13,东莞市2026年第7周（2月9日至2月13日）,蔬菜,30种蔬菜农贸市场零售均价,元/500克,4.75,,,,,农贸市场监测均价,,0.64%,https://dgdp.dg.gov.cn/jggl/spjg/content/post_4501507.html
东莞市,2026-02-13,东莞市2026年第7周（2月9日至2月13日）,非叶菜类,17种非叶菜类农贸市场零售均价,元/500克,4.66,,,,,农贸市场监测均价,,0.65%,https://dgdp.dg.gov.cn/jggl/spjg/content/post_4501507.html
东莞市,2026-02-13,东莞市2026年第7周（2月9日至2月13日）,面粉,农贸市场零售均价,元/500克,3.34,,,,,农贸市场监测均价,,-0.60%,https://dgdp.dg.gov.cn/jggl/spjg/content/post_4501507.html
东莞市,2026-02-13,东莞市2026年第7周（2月9日至2月13日）,食用油,5升桶装农贸市场零售均价,元/桶,95.12,,,,,农贸市场监测均价,,-0.21%,https://dgdp.dg.gov.cn/jggl/spjg/content/post_4501507.html
东莞市,2026-02-13,东莞市2026年第7周（2月9日至2月13日）,鸡肉,农贸市场零售均价,元/500克,17.18,,,,,农贸市场监测均价,,1.36%,https://dgdp.dg.gov.cn/jggl/spjg/content/post_4501507.html
东莞市,2026-02-13,东莞市2026年第7周（2月9日至2月13日）,鸡蛋,农贸市场零售均价,元/500克,7.38,,,,,农贸市场监测均价,,0.00%,https://dgdp.dg.gov.cn/jggl/spjg/content/post_4501507.html
东莞市,2026-03-23,东莞市2026年第12周（3月16日至3月20日）,叶菜类,13种叶菜类农贸市场零售均价,元/500克,4.80,,,,,农贸市场监测均价,,0.00%,https://dgdp.dg.gov.cn/jggl/spjg/content/post_4517511.html
东莞市,2026-03-23,东莞市2026年第12周（3月16日至3月20日）,大米,3种大米农贸市场零售均价,元/500克,3.31,,,,,农贸市场监测均价,,0.00%,https://dgdp.dg.gov.cn/jggl/spjg/content/post_4517511.html
东莞市,2026-03-23,东莞市2026年第12周（3月16日至3月20日）,总肉,总肉批发均价,元/500克,10.25,,,,,农贸市场监测均价,,-1.91%,https://dgdp.dg.gov.cn/jggl/spjg/content/post_4517511.html
东莞市,2026-03-23,东莞市2026年第12周（3月16日至3月20日）,牛肉,农贸市场零售均价,元/500克,47.95,,,,,农贸市场监测均价,,0.08%,https://dgdp.dg.gov.cn/jggl/spjg/content/post_4517511.html
东莞市,2026-03-23,东莞市2026年第12周（3月16日至3月20日）,猪肉,4种猪肉农贸市场零售均价,元/500克,21.23,,,,,农贸市场监测均价,,-0.98%,https://dgdp.dg.gov.cn/jggl/spjg/content/post_4517511.html
东莞市,2026-03-23,东莞市2026年第12周（3月16日至3月20日）,生猪,生猪出场价格,元/公斤,11.20,,,,,农贸市场监测均价,,0.00%,https://dgdp.dg.gov.cn/jggl/spjg/content/post_4517511.html
东莞市,2026-03-23,东莞市2026年第12周（3月16日至3月20日）,粮食,4种粮食农贸市场零售均价,元/500克,3.33,,,,,农贸市场监测均价,,0.00%,https://dgdp.dg.gov.cn/jggl/spjg/content/post_4517511.html
东莞市,2026-03-23,东莞市2026年第12周（3月16日至3月20日）,蔬菜,30种蔬菜农贸市场零售均价,元/500克,4.65,,,,,农贸市场监测均价,,-0.21%,https://dgdp.dg.gov.cn/jggl/spjg/content/post_4517511.html
东莞市,2026-03-23,东莞市2026年第12周（3月16日至3月20日）,非叶菜类,17种非叶菜类农贸市场零售均价,元/500克,4.53,,,,,农贸市场监测均价,,-0.44%,https://dgdp.dg.gov.cn/jggl/spjg/content/post_4517511.html
东莞市,2026-03-23,东莞市2026年第12周（3月16日至3月20日）,面粉,农贸市场零售均价,元/500克,3.36,,,,,农贸市场监测均价,,0.00%,https://dgdp.dg.gov.cn/jggl/spjg/content/post_4517511.html
东莞市,2026-03-23,东莞市2026年第12周（3月16日至3月20日）,食用油,5升桶装农贸市场零售均价,元/桶,95.18,,,,,农贸市场监测均价,,0.04%,https://dgdp.dg.gov.cn/jggl/spjg/content/post_4517511.html
东莞市,2026-03-23,东莞市2026年第12周（3月16日至3月20日）,鸡肉,农贸市场零售均价,元/500克,16.86,,,,,农贸市场监测均价,,-0.30%,https://dgdp.dg.gov.cn/jggl/spjg/content/post_4517511.html
东莞市,2026-03-23,东莞市2026年第12周（3月16日至3月20日）,鸡蛋,农贸市场零售均价,元/500克,7.38,,,,,农贸市场监测均价,,-0.27%,https://dgdp.dg.gov.cn/jggl/spjg/content/post_4517511.html
东莞市,2026-04-07,东莞市2026年第14周（3月30日至4月3日）,叶菜类,13种叶菜类农贸市场零售均价,元/500克,4.64,,,,,农贸市场监测均价,,-1.49%,https://dgdp.dg.gov.cn/jggl/spjg/content/post_4523992.html
东莞市,2026-04-07,东莞市2026年第14周（3月30日至4月3日）,大米,3种大米农贸市场零售均价,元/500克,3.31,,,,,农贸市场监测均价,,0.00%,https://dgdp.dg.gov.cn/jggl/spjg/content/post_4523992.html
东莞市,2026-04-07,东莞市2026年第14周（3月30日至4月3日）,总肉,总肉批发均价,元/500克,9.85,,,,,农贸市场监测均价,,-1.01%,https://dgdp.dg.gov.cn/jggl/spjg/content/post_4523992.html
东莞市,2026-04-07,东莞市2026年第14周（3月30日至4月3日）,牛肉,农贸市场零售均价,元/500克,47.95,,,,,农贸市场监测均价,,0.08%,https://dgdp.dg.gov.cn/jggl/spjg/content/post_4523992.html
东莞市,2026-04-07,东莞市2026年第14周（3月30日至4月3日）,猪肉,4种猪肉农贸市场零售均价,元/500克,20.96,,,,,农贸市场监测均价,,0.10%,https://dgdp.dg.gov.cn/jggl/spjg/content/post_4523992.html
东莞市,2026-04-07,东莞市2026年第14周（3月30日至4月3日）,生猪,生猪出场价格,元/公斤,10.40,,,,,农贸市场监测均价,,-3.70%,https://dgdp.dg.gov.cn/jggl/spjg/content/post_4523992.html
东莞市,2026-04-07,东莞市2026年第14周（3月30日至4月3日）,粮食,4种粮食农贸市场零售均价,元/500克,3.32,,,,,农贸市场监测均价,,-0.30%,https://dgdp.dg.gov.cn/jggl/spjg/content/post_4523992.html
东莞市,2026-04-07,东莞市2026年第14周（3月30日至4月3日）,蔬菜,30种蔬菜农贸市场零售均价,元/500克,4.57,,,,,农贸市场监测均价,,-0.87%,https://dgdp.dg.gov.cn/jggl/spjg/content/post_4523992.html
东莞市,2026-04-07,东莞市2026年第14周（3月30日至4月3日）,非叶菜类,17种非叶菜类农贸市场零售均价,元/500克,4.52,,,,,农贸市场监测均价,,-0.44%,https://dgdp.dg.gov.cn/jggl/spjg/content/post_4523992.html
东莞市,2026-04-07,东莞市2026年第14周（3月30日至4月3日）,面粉,农贸市场零售均价,元/500克,3.36,,,,,农贸市场监测均价,,0.00%,https://dgdp.dg.gov.cn/jggl/spjg/content/post_4523992.html
东莞市,2026-04-07,东莞市2026年第14周（3月30日至4月3日）,食用油,5升桶装农贸市场零售均价,元/桶,95.27,,,,,农贸市场监测均价,,0.04%,https://dgdp.dg.gov.cn/jggl/spjg/content/post_4523992.html
东莞市,2026-04-07,东莞市2026年第14周（3月30日至4月3日）,鸡肉,农贸市场零售均价,元/500克,16.82,,,,,农贸市场监测均价,,-0.41%,https://dgdp.dg.gov.cn/jggl/spjg/content/post_4523992.html
东莞市,2026-04-07,东莞市2026年第14周（3月30日至4月3日）,鸡蛋,农贸市场零售均价,元/500克,7.40,,,,,农贸市场监测均价,,0.27%,https://dgdp.dg.gov.cn/jggl/spjg/content/post_4523992.html
东莞市,2026-04-27,东莞市2026年第17周（4月20日至4月24日）,叶菜类,13种叶菜类农贸市场零售均价,元/500克,4.66,,,,,农贸市场监测均价,,0.00%,https://dgdp.dg.gov.cn/jggl/spjg/content/post_4532656.html
东莞市,2026-04-27,东莞市2026年第17周（4月20日至4月24日）,大米,3种大米农贸市场零售均价,元/500克,3.32,,,,,农贸市场监测均价,,0.00%,https://dgdp.dg.gov.cn/jggl/spjg/content/post_4532656.html
东莞市,2026-04-27,东莞市2026年第17周（4月20日至4月24日）,总肉,总肉批发均价,元/500克,9.55,,,,,农贸市场监测均价,,1.60%,https://dgdp.dg.gov.cn/jggl/spjg/content/post_4532656.html
东莞市,2026-04-27,东莞市2026年第17周（4月20日至4月24日）,牛肉,农贸市场零售均价,元/500克,48.05,,,,,农贸市场监测均价,,0.00%,https://dgdp.dg.gov.cn/jggl/spjg/content/post_4532656.html
东莞市,2026-04-27,东莞市2026年第17周（4月20日至4月24日）,猪肉,4种猪肉农贸市场零售均价,元/500克,20.76,,,,,农贸市场监测均价,,-0.14%,https://dgdp.dg.gov.cn/jggl/spjg/content/post_4532656.html
东莞市,2026-04-27,东莞市2026年第17周（4月20日至4月24日）,生猪,生猪出场价格,元/公斤,10.00,,,,,农贸市场监测均价,,3.09%,https://dgdp.dg.gov.cn/jggl/spjg/content/post_4532656.html
东莞市,2026-04-27,东莞市2026年第17周（4月20日至4月24日）,粮食,4种粮食农贸市场零售均价,元/500克,3.33,,,,,农贸市场监测均价,,0.00%,https://dgdp.dg.gov.cn/jggl/spjg/content/post_4532656.html
东莞市,2026-04-27,东莞市2026年第17周（4月20日至4月24日）,蔬菜,30种蔬菜农贸市场零售均价,元/500克,4.52,,,,,农贸市场监测均价,,-0.22%,https://dgdp.dg.gov.cn/jggl/spjg/content/post_4532656.html
东莞市,2026-04-27,东莞市2026年第17周（4月20日至4月24日）,非叶菜类,17种非叶菜类农贸市场零售均价,元/500克,4.42,,,,,农贸市场监测均价,,-0.23%,https://dgdp.dg.gov.cn/jggl/spjg/content/post_4532656.html
东莞市,2026-04-27,东莞市2026年第17周（4月20日至4月24日）,面粉,农贸市场零售均价,元/500克,3.36,,,,,农贸市场监测均价,,0.00%,https://dgdp.dg.gov.cn/jggl/spjg/content/post_4532656.html
东莞市,2026-04-27,东莞市2026年第17周（4月20日至4月24日）,食用油,5升桶装农贸市场零售均价,元/桶,95.17,,,,,农贸市场监测均价,,-0.05%,https://dgdp.dg.gov.cn/jggl/spjg/content/post_4532656.html
东莞市,2026-04-27,东莞市2026年第17周（4月20日至4月24日）,鸡肉,农贸市场零售均价,元/500克,16.73,,,,,农贸市场监测均价,,-0.95%,https://dgdp.dg.gov.cn/jggl/spjg/content/post_4532656.html
东莞市,2026-04-27,东莞市2026年第17周（4月20日至4月24日）,鸡蛋,农贸市场零售均价,元/500克,7.38,,,,,农贸市场监测均价,,0.00%,https://dgdp.dg.gov.cn/jggl/spjg/content/post_4532656.html
东莞市,2026-05-06,东莞市2026年第18周（4月27日至4月30日）,叶菜类,13种叶菜类农贸市场零售均价,元/500克,4.69,,,,,农贸市场监测均价,,0.64%,https://dgdp.dg.gov.cn/jggl/spjg/content/post_4535231.html
东莞市,2026-05-06,东莞市2026年第18周（4月27日至4月30日）,大米,3种大米农贸市场零售均价,元/500克,3.32,,,,,农贸市场监测均价,,0.00%,https://dgdp.dg.gov.cn/jggl/spjg/content/post_4535231.html
东莞市,2026-05-06,东莞市2026年第18周（4月27日至4月30日）,总肉,总肉批发均价,元/500克,9.65,,,,,农贸市场监测均价,,1.05%,https://dgdp.dg.gov.cn/jggl/spjg/content/post_4535231.html
东莞市,2026-05-06,东莞市2026年第18周（4月27日至4月30日）,牛肉,农贸市场零售均价,元/500克,48.05,,,,,农贸市场监测均价,,0.00%,https://dgdp.dg.gov.cn/jggl/spjg/content/post_4535231.html
东莞市,2026-05-06,东莞市2026年第18周（4月27日至4月30日）,猪肉,4种猪肉农贸市场零售均价,元/500克,20.53,,,,,农贸市场监测均价,,-1.11%,https://dgdp.dg.gov.cn/jggl/spjg/content/post_4535231.html
东莞市,2026-05-06,东莞市2026年第18周（4月27日至4月30日）,生猪,生猪出场价格,元/公斤,10.10,,,,,农贸市场监测均价,,1.00%,https://dgdp.dg.gov.cn/jggl/spjg/content/post_4535231.html
东莞市,2026-05-06,东莞市2026年第18周（4月27日至4月30日）,粮食,4种粮食农贸市场零售均价,元/500克,3.33,,,,,农贸市场监测均价,,0.00%,https://dgdp.dg.gov.cn/jggl/spjg/content/post_4535231.html
东莞市,2026-05-06,东莞市2026年第18周（4月27日至4月30日）,蔬菜,30种蔬菜农贸市场零售均价,元/500克,4.57,,,,,农贸市场监测均价,,1.11%,https://dgdp.dg.gov.cn/jggl/spjg/content/post_4535231.html
东莞市,2026-05-06,东莞市2026年第18周（4月27日至4月30日）,非叶菜类,17种非叶菜类农贸市场零售均价,元/500克,4.47,,,,,农贸市场监测均价,,1.13%,https://dgdp.dg.gov.cn/jggl/spjg/content/post_4535231.html
东莞市,2026-05-06,东莞市2026年第18周（4月27日至4月30日）,面粉,农贸市场零售均价,元/500克,3.36,,,,,农贸市场监测均价,,0.00%,https://dgdp.dg.gov.cn/jggl/spjg/content/post_4535231.html
东莞市,2026-05-06,东莞市2026年第18周（4月27日至4月30日）,食用油,5升桶装农贸市场零售均价,元/桶,95.17,,,,,农贸市场监测均价,,0.00%,https://dgdp.dg.gov.cn/jggl/spjg/content/post_4535231.html
东莞市,2026-05-06,东莞市2026年第18周（4月27日至4月30日）,鸡肉,农贸市场零售均价,元/500克,16.73,,,,,农贸市场监测均价,,0.00%,https://dgdp.dg.gov.cn/jggl/spjg/content/post_4535231.html
东莞市,2026-05-06,东莞市2026年第18周（4月27日至4月30日）,鸡蛋,农贸市场零售均价,元/500克,7.34,,,,,农贸市场监测均价,,-0.54%,https://dgdp.dg.gov.cn/jggl/spjg/content/post_4535231.html
东莞市,2026-05-11,东莞市2026年第19周（5月6日至5月9日）,叶菜类,13种叶菜类农贸市场零售均价,元/500克,4.72,,,,,农贸市场监测均价,,0.64%,https://dgdp.dg.gov.cn/jggl/spjg/content/post_4537360.html
东莞市,2026-05-11,东莞市2026年第19周（5月6日至5月9日）,大米,3种大米农贸市场零售均价,元/500克,3.32,,,,,农贸市场监测均价,,0.00%,https://dgdp.dg.gov.cn/jggl/spjg/content/post_4537360.html
东莞市,2026-05-11,东莞市2026年第19周（5月6日至5月9日）,总肉,总肉批发均价,元/500克,9.80,,,,,农贸市场监测均价,,1.55%,https://dgdp.dg.gov.cn/jggl/spjg/content/post_4537360.html
东莞市,2026-05-11,东莞市2026年第19周（5月6日至5月9日）,牛肉,农贸市场零售均价,元/500克,48.36,,,,,农贸市场监测均价,,0.65%,https://dgdp.dg.gov.cn/jggl/spjg/content/post_4537360.html
东莞市,2026-05-11,东莞市2026年第19周（5月6日至5月9日）,猪肉,4种猪肉农贸市场零售均价,元/500克,20.57,,,,,农贸市场监测均价,,0.19%,https://dgdp.dg.gov.cn/jggl/spjg/content/post_4537360.html
东莞市,2026-05-11,东莞市2026年第19周（5月6日至5月9日）,生猪,生猪出场价格,元/公斤,10.80,,,,,农贸市场监测均价,,6.93%,https://dgdp.dg.gov.cn/jggl/spjg/content/post_4537360.html
东莞市,2026-05-11,东莞市2026年第19周（5月6日至5月9日）,粮食,4种粮食农贸市场零售均价,元/500克,3.33,,,,,农贸市场监测均价,,0.00%,https://dgdp.dg.gov.cn/jggl/spjg/content/post_4537360.html
东莞市,2026-05-11,东莞市2026年第19周（5月6日至5月9日）,蔬菜,30种蔬菜农贸市场零售均价,元/500克,4.58,,,,,农贸市场监测均价,,0.22%,https://dgdp.dg.gov.cn/jggl/spjg/content/post_4537360.html
东莞市,2026-05-11,东莞市2026年第19周（5月6日至5月9日）,非叶菜类,17种非叶菜类农贸市场零售均价,元/500克,4.47,,,,,农贸市场监测均价,,0.00%,https://dgdp.dg.gov.cn/jggl/spjg/content/post_4537360.html
东莞市,2026-05-11,东莞市2026年第19周（5月6日至5月9日）,面粉,农贸市场零售均价,元/500克,3.36,,,,,农贸市场监测均价,,0.00%,https://dgdp.dg.gov.cn/jggl/spjg/content/post_4537360.html
东莞市,2026-05-11,东莞市2026年第19周（5月6日至5月9日）,食用油,5升桶装农贸市场零售均价,元/桶,95.15,,,,,农贸市场监测均价,,-0.02%,https://dgdp.dg.gov.cn/jggl/spjg/content/post_4537360.html
东莞市,2026-05-11,东莞市2026年第19周（5月6日至5月9日）,鸡肉,农贸市场零售均价,元/500克,16.82,,,,,农贸市场监测均价,,0.54%,https://dgdp.dg.gov.cn/jggl/spjg/content/post_4537360.html
东莞市,2026-05-11,东莞市2026年第19周（5月6日至5月9日）,鸡蛋,农贸市场零售均价,元/500克,7.38,,,,,农贸市场监测均价,,0.54%,https://dgdp.dg.gov.cn/jggl/spjg/content/post_4537360.html
东莞市,2026-05-18,东莞市2026年第20周（5月11日至5月15日）,叶菜类,13种叶菜类农贸市场零售均价,元/500克,4.69,,,,,农贸市场监测均价,,-0.64%,https://dgdp.dg.gov.cn/jggl/spjg/content/post_4539609.html
东莞市,2026-05-18,东莞市2026年第20周（5月11日至5月15日）,大米,3种大米农贸市场零售均价,元/500克,3.33,,,,,农贸市场监测均价,,0.30%,https://dgdp.dg.gov.cn/jggl/spjg/content/post_4539609.html
东莞市,2026-05-18,东莞市2026年第20周（5月11日至5月15日）,总肉,总肉批发均价,元/500克,9.75,,,,,农贸市场监测均价,,-0.51%,https://dgdp.dg.gov.cn/jggl/spjg/content/post_4539609.html
东莞市,2026-05-18,东莞市2026年第20周（5月11日至5月15日）,牛肉,农贸市场零售均价,元/500克,48.36,,,,,农贸市场监测均价,,0.00%,https://dgdp.dg.gov.cn/jggl/spjg/content/post_4539609.html
东莞市,2026-05-18,东莞市2026年第20周（5月11日至5月15日）,猪肉,4种猪肉农贸市场零售均价,元/500克,20.48,,,,,农贸市场监测均价,,-0.44%,https://dgdp.dg.gov.cn/jggl/spjg/content/post_4539609.html
东莞市,2026-05-18,东莞市2026年第20周（5月11日至5月15日）,生猪,生猪出场价格,元/公斤,10.40,,,,,农贸市场监测均价,,-3.70%,https://dgdp.dg.gov.cn/jggl/spjg/content/post_4539609.html
东莞市,2026-05-18,东莞市2026年第20周（5月11日至5月15日）,粮食,4种粮食农贸市场零售均价,元/500克,3.34,,,,,农贸市场监测均价,,0.30%,https://dgdp.dg.gov.cn/jggl/spjg/content/post_4539609.html
东莞市,2026-05-18,东莞市2026年第20周（5月11日至5月15日）,蔬菜,30种蔬菜农贸市场零售均价,元/500克,4.53,,,,,农贸市场监测均价,,-1.09%,https://dgdp.dg.gov.cn/jggl/spjg/content/post_4539609.html
东莞市,2026-05-18,东莞市2026年第20周（5月11日至5月15日）,非叶菜类,17种非叶菜类农贸市场零售均价,元/500克,4.41,,,,,农贸市场监测均价,,-1.34%,https://dgdp.dg.gov.cn/jggl/spjg/content/post_4539609.html
东莞市,2026-05-18,东莞市2026年第20周（5月11日至5月15日）,面粉,农贸市场零售均价,元/500克,3.36,,,,,农贸市场监测均价,,0.00%,https://dgdp.dg.gov.cn/jggl/spjg/content/post_4539609.html
东莞市,2026-05-18,东莞市2026年第20周（5月11日至5月15日）,食用油,5升桶装农贸市场零售均价,元/桶,95.32,,,,,农贸市场监测均价,,0.18%,https://dgdp.dg.gov.cn/jggl/spjg/content/post_4539609.html
东莞市,2026-05-18,东莞市2026年第20周（5月11日至5月15日）,鸡肉,农贸市场零售均价,元/500克,16.82,,,,,农贸市场监测均价,,0.00%,https://dgdp.dg.gov.cn/jggl/spjg/content/post_4539609.html
东莞市,2026-05-18,东莞市2026年第20周（5月11日至5月15日）,鸡蛋,农贸市场零售均价,元/500克,7.38,,,,,农贸市场监测均价,,0.00%,https://dgdp.dg.gov.cn/jggl/spjg/content/post_4539609.html
东莞市,2026-05-25,东莞市2026年第21周（5月18日至5月22日）,叶菜类,13种叶菜类农贸市场零售均价,元/500克,4.59,,,,,农贸市场监测均价,,-2.13%,https://dgdp.dg.gov.cn/jggl/spjg/content/post_4542179.html
东莞市,2026-05-25,东莞市2026年第21周（5月18日至5月22日）,大米,3种大米农贸市场零售均价,元/500克,3.33,,,,,农贸市场监测均价,,0.00%,https://dgdp.dg.gov.cn/jggl/spjg/content/post_4542179.html
东莞市,2026-05-25,东莞市2026年第21周（5月18日至5月22日）,总肉,总肉批发均价,元/500克,9.80,,,,,农贸市场监测均价,,0.51%,https://dgdp.dg.gov.cn/jggl/spjg/content/post_4542179.html
东莞市,2026-05-25,东莞市2026年第21周（5月18日至5月22日）,牛肉,农贸市场零售均价,元/500克,48.36,,,,,农贸市场监测均价,,0.00%,https://dgdp.dg.gov.cn/jggl/spjg/content/post_4542179.html
东莞市,2026-05-25,东莞市2026年第21周（5月18日至5月22日）,猪肉,4种猪肉农贸市场零售均价,元/500克,20.35,,,,,农贸市场监测均价,,-0.63%,https://dgdp.dg.gov.cn/jggl/spjg/content/post_4542179.html
东莞市,2026-05-25,东莞市2026年第21周（5月18日至5月22日）,生猪,生猪出场价格,元/公斤,10.60,,,,,农贸市场监测均价,,1.92%,https://dgdp.dg.gov.cn/jggl/spjg/content/post_4542179.html
东莞市,2026-05-25,东莞市2026年第21周（5月18日至5月22日）,粮食,4种粮食农贸市场零售均价,元/500克,3.34,,,,,农贸市场监测均价,,0.00%,https://dgdp.dg.gov.cn/jggl/spjg/content/post_4542179.html
东莞市,2026-05-25,东莞市2026年第21周（5月18日至5月22日）,蔬菜,30种蔬菜农贸市场零售均价,元/500克,4.49,,,,,农贸市场监测均价,,-0.88%,https://dgdp.dg.gov.cn/jggl/spjg/content/post_4542179.html
东莞市,2026-05-25,东莞市2026年第21周（5月18日至5月22日）,非叶菜类,17种非叶菜类农贸市场零售均价,元/500克,4.41,,,,,农贸市场监测均价,,0.00%,https://dgdp.dg.gov.cn/jggl/spjg/content/post_4542179.html
东莞市,2026-05-25,东莞市2026年第21周（5月18日至5月22日）,面粉,农贸市场零售均价,元/500克,3.36,,,,,农贸市场监测均价,,0.00%,https://dgdp.dg.gov.cn/jggl/spjg/content/post_4542179.html
东莞市,2026-05-25,东莞市2026年第21周（5月18日至5月22日）,食用油,5升桶装农贸市场零售均价,元/桶,95.32,,,,,农贸市场监测均价,,0.00%,https://dgdp.dg.gov.cn/jggl/spjg/content/post_4542179.html
东莞市,2026-05-25,东莞市2026年第21周（5月18日至5月22日）,鸡肉,农贸市场零售均价,元/500克,16.73,,,,,农贸市场监测均价,,-0.54%,https://dgdp.dg.gov.cn/jggl/spjg/content/post_4542179.html
东莞市,2026-05-25,东莞市2026年第21周（5月18日至5月22日）,鸡蛋,农贸市场零售均价,元/500克,7.47,,,,,农贸市场监测均价,,1.22%,https://dgdp.dg.gov.cn/jggl/spjg/content/post_4542179.html
东莞市,2026-06-01,东莞市2026年第22周（5月25日至5月29日）,叶菜类,13种叶菜类农贸市场零售均价,元/500克,4.55,,,,,农贸市场监测均价,,-0.87%,https://dgdp.dg.gov.cn/jggl/spjg/content/post_4544910.html
东莞市,2026-06-01,东莞市2026年第22周（5月25日至5月29日）,大米,3种大米农贸市场零售均价,元/500克,3.33,,,,,农贸市场监测均价,,0.00%,https://dgdp.dg.gov.cn/jggl/spjg/content/post_4544910.html
东莞市,2026-06-01,东莞市2026年第22周（5月25日至5月29日）,总肉,总肉批发均价,元/500克,9.90,,,,,农贸市场监测均价,,1.02%,https://dgdp.dg.gov.cn/jggl/spjg/content/post_4544910.html
东莞市,2026-06-01,东莞市2026年第22周（5月25日至5月29日）,牛肉,农贸市场零售均价,元/500克,48.41,,,,,农贸市场监测均价,,0.10%,https://dgdp.dg.gov.cn/jggl/spjg/content/post_4544910.html
东莞市,2026-06-01,东莞市2026年第22周（5月25日至5月29日）,猪肉,4种猪肉农贸市场零售均价,元/500克,20.31,,,,,农贸市场监测均价,,-0.20%,https://dgdp.dg.gov.cn/jggl/spjg/content/post_4544910.html
东莞市,2026-06-01,东莞市2026年第22周（5月25日至5月29日）,生猪,生猪出场价格,元/公斤,10.80,,,,,农贸市场监测均价,,1.89%,https://dgdp.dg.gov.cn/jggl/spjg/content/post_4544910.html
东莞市,2026-06-01,东莞市2026年第22周（5月25日至5月29日）,粮食,4种粮食农贸市场零售均价,元/500克,3.34,,,,,农贸市场监测均价,,0.00%,https://dgdp.dg.gov.cn/jggl/spjg/content/post_4544910.html
东莞市,2026-06-01,东莞市2026年第22周（5月25日至5月29日）,蔬菜,30种蔬菜农贸市场零售均价,元/500克,4.48,,,,,农贸市场监测均价,,-0.22%,https://dgdp.dg.gov.cn/jggl/spjg/content/post_4544910.html
东莞市,2026-06-01,东莞市2026年第22周（5月25日至5月29日）,非叶菜类,17种非叶菜类农贸市场零售均价,元/500克,4.42,,,,,农贸市场监测均价,,0.23%,https://dgdp.dg.gov.cn/jggl/spjg/content/post_4544910.html
东莞市,2026-06-01,东莞市2026年第22周（5月25日至5月29日）,面粉,农贸市场零售均价,元/500克,3.36,,,,,农贸市场监测均价,,0.00%,https://dgdp.dg.gov.cn/jggl/spjg/content/post_4544910.html
东莞市,2026-06-01,东莞市2026年第22周（5月25日至5月29日）,食用油,5升桶装农贸市场零售均价,元/桶,95.34,,,,,农贸市场监测均价,,0.02%,https://dgdp.dg.gov.cn/jggl/spjg/content/post_4544910.html
东莞市,2026-06-01,东莞市2026年第22周（5月25日至5月29日）,鸡肉,农贸市场零售均价,元/500克,16.68,,,,,农贸市场监测均价,,-0.30%,https://dgdp.dg.gov.cn/jggl/spjg/content/post_4544910.html
东莞市,2026-06-01,东莞市2026年第22周（5月25日至5月29日）,鸡蛋,农贸市场零售均价,元/500克,7.50,,,,,农贸市场监测均价,,0.40%,https://dgdp.dg.gov.cn/jggl/spjg/content/post_4544910.html
东莞市,2026-06-08,东莞市2026年第23周（6月1日至6月5日）,叶菜类,13种叶菜类农贸市场零售均价,元/500克,4.63,,,,,农贸市场监测均价,,1.76%,https://dgdp.dg.gov.cn/jggl/spjg/content/post_4547361.html
东莞市,2026-06-08,东莞市2026年第23周（6月1日至6月5日）,大米,3种大米农贸市场零售均价,元/500克,3.33,,,,,农贸市场监测均价,,0.00%,https://dgdp.dg.gov.cn/jggl/spjg/content/post_4547361.html
东莞市,2026-06-08,东莞市2026年第23周（6月1日至6月5日）,总肉,总肉批发均价,元/500克,9.85,,,,,农贸市场监测均价,,-0.51%,https://dgdp.dg.gov.cn/jggl/spjg/content/post_4547361.html
东莞市,2026-06-08,东莞市2026年第23周（6月1日至6月5日）,牛肉,农贸市场零售均价,元/500克,47.82,,,,,农贸市场监测均价,,-1.22%,https://dgdp.dg.gov.cn/jggl/spjg/content/post_4547361.html
东莞市,2026-06-08,东莞市2026年第23周（6月1日至6月5日）,猪肉,4种猪肉农贸市场零售均价,元/500克,19.97,,,,,农贸市场监测均价,,-1.67%,https://dgdp.dg.gov.cn/jggl/spjg/content/post_4547361.html
东莞市,2026-06-08,东莞市2026年第23周（6月1日至6月5日）,生猪,生猪出场价格,元/公斤,10.80,,,,,农贸市场监测均价,,0.00%,https://dgdp.dg.gov.cn/jggl/spjg/content/post_4547361.html
东莞市,2026-06-08,东莞市2026年第23周（6月1日至6月5日）,粮食,4种粮食农贸市场零售均价,元/500克,3.34,,,,,农贸市场监测均价,,0.00%,https://dgdp.dg.gov.cn/jggl/spjg/content/post_4547361.html
东莞市,2026-06-08,东莞市2026年第23周（6月1日至6月5日）,蔬菜,30种蔬菜农贸市场零售均价,元/500克,4.48,,,,,农贸市场监测均价,,0.00%,https://dgdp.dg.gov.cn/jggl/spjg/content/post_4547361.html
东莞市,2026-06-08,东莞市2026年第23周（6月1日至6月5日）,非叶菜类,17种非叶菜类农贸市场零售均价,元/500克,4.37,,,,,农贸市场监测均价,,-1.13%,https://dgdp.dg.gov.cn/jggl/spjg/content/post_4547361.html
东莞市,2026-06-08,东莞市2026年第23周（6月1日至6月5日）,面粉,农贸市场零售均价,元/500克,3.36,,,,,农贸市场监测均价,,0.00%,https://dgdp.dg.gov.cn/jggl/spjg/content/post_4547361.html
东莞市,2026-06-08,东莞市2026年第23周（6月1日至6月5日）,食用油,5升桶装农贸市场零售均价,元/桶,95.03,,,,,农贸市场监测均价,,-0.33%,https://dgdp.dg.gov.cn/jggl/spjg/content/post_4547361.html
东莞市,2026-06-08,东莞市2026年第23周（6月1日至6月5日）,鸡肉,农贸市场零售均价,元/500克,16.59,,,,,农贸市场监测均价,,-0.54%,https://dgdp.dg.gov.cn/jggl/spjg/content/post_4547361.html
东莞市,2026-06-08,东莞市2026年第23周（6月1日至6月5日）,鸡蛋,农贸市场零售均价,元/500克,7.43,,,,,农贸市场监测均价,,-0.93%,https://dgdp.dg.gov.cn/jggl/spjg/content/post_4547361.html
东莞市,2026-06-15,东莞市2026年第24周（6月8日至6月12日）,叶菜类,13种叶菜类农贸市场零售均价,元/500克,4.61,,,,,农贸市场监测均价,,-0.43%,https://dgdp.dg.gov.cn/jggl/spjg/content/post_4549688.html
东莞市,2026-06-15,东莞市2026年第24周（6月8日至6月12日）,大米,3种大米农贸市场零售均价,元/500克,3.33,,,,,农贸市场监测均价,,0.00%,https://dgdp.dg.gov.cn/jggl/spjg/content/post_4549688.html
东莞市,2026-06-15,东莞市2026年第24周（6月8日至6月12日）,总肉,总肉批发均价,元/500克,10.05,,,,,农贸市场监测均价,,2.03%,https://dgdp.dg.gov.cn/jggl/spjg/content/post_4549688.html
东莞市,2026-06-15,东莞市2026年第24周（6月8日至6月12日）,牛肉,农贸市场零售均价,元/500克,47.86,,,,,农贸市场监测均价,,0.08%,https://dgdp.dg.gov.cn/jggl/spjg/content/post_4549688.html
东莞市,2026-06-15,东莞市2026年第24周（6月8日至6月12日）,猪肉,4种猪肉农贸市场零售均价,元/500克,20.04,,,,,农贸市场监测均价,,0.35%,https://dgdp.dg.gov.cn/jggl/spjg/content/post_4549688.html
东莞市,2026-06-15,东莞市2026年第24周（6月8日至6月12日）,生猪,生猪出场价格,元/公斤,10.80,,,,,农贸市场监测均价,,0.00%,https://dgdp.dg.gov.cn/jggl/spjg/content/post_4549688.html
东莞市,2026-06-15,东莞市2026年第24周（6月8日至6月12日）,粮食,4种粮食农贸市场零售均价,元/500克,3.33,,,,,农贸市场监测均价,,-0.30%,https://dgdp.dg.gov.cn/jggl/spjg/content/post_4549688.html
东莞市,2026-06-15,东莞市2026年第24周（6月8日至6月12日）,蔬菜,30种蔬菜农贸市场零售均价,元/500克,4.46,,,,,农贸市场监测均价,,-0.45%,https://dgdp.dg.gov.cn/jggl/spjg/content/post_4549688.html
东莞市,2026-06-15,东莞市2026年第24周（6月8日至6月12日）,非叶菜类,17种非叶菜类农贸市场零售均价,元/500克,4.35,,,,,农贸市场监测均价,,-0.46%,https://dgdp.dg.gov.cn/jggl/spjg/content/post_4549688.html
东莞市,2026-06-15,东莞市2026年第24周（6月8日至6月12日）,面粉,农贸市场零售均价,元/500克,3.31,,,,,农贸市场监测均价,,-1.49%,https://dgdp.dg.gov.cn/jggl/spjg/content/post_4549688.html
东莞市,2026-06-15,东莞市2026年第24周（6月8日至6月12日）,食用油,5升桶装农贸市场零售均价,元/桶,95.01,,,,,农贸市场监测均价,,-0.02%,https://dgdp.dg.gov.cn/jggl/spjg/content/post_4549688.html
东莞市,2026-06-15,东莞市2026年第24周（6月8日至6月12日）,鸡肉,农贸市场零售均价,元/500克,16.68,,,,,农贸市场监测均价,,0.54%,https://dgdp.dg.gov.cn/jggl/spjg/content/post_4549688.html
东莞市,2026-06-15,东莞市2026年第24周（6月8日至6月12日）,鸡蛋,农贸市场零售均价,元/500克,7.50,,,,,农贸市场监测均价,,0.94%,https://dgdp.dg.gov.cn/jggl/spjg/content/post_4549688.html
东莞市,2026-06-22,东莞市2026年第25周（6月15日至6月18日）,叶菜类,13种叶菜类农贸市场零售均价,元/500克,4.67,,,,,农贸市场监测均价,,1.30%,https://dgdp.dg.gov.cn/jggl/spjg/content/post_4552064.html
东莞市,2026-06-22,东莞市2026年第25周（6月15日至6月18日）,大米,3种大米农贸市场零售均价,元/500克,3.33,,,,,农贸市场监测均价,,0.00%,https://dgdp.dg.gov.cn/jggl/spjg/content/post_4552064.html
东莞市,2026-06-22,东莞市2026年第25周（6月15日至6月18日）,总肉,总肉批发均价,元/500克,9.88,,,,,农贸市场监测均价,,-1.69%,https://dgdp.dg.gov.cn/jggl/spjg/content/post_4552064.html
东莞市,2026-06-22,东莞市2026年第25周（6月15日至6月18日）,牛肉,农贸市场零售均价,元/500克,47.91,,,,,农贸市场监测均价,,0.10%,https://dgdp.dg.gov.cn/jggl/spjg/content/post_4552064.html
东莞市,2026-06-22,东莞市2026年第25周（6月15日至6月18日）,猪肉,4种猪肉农贸市场零售均价,元/500克,19.88,,,,,农贸市场监测均价,,-0.80%,https://dgdp.dg.gov.cn/jggl/spjg/content/post_4552064.html
东莞市,2026-06-22,东莞市2026年第25周（6月15日至6月18日）,生猪,生猪出场价格,元/公斤,11.00,,,,,农贸市场监测均价,,1.85%,https://dgdp.dg.gov.cn/jggl/spjg/content/post_4552064.html
东莞市,2026-06-22,东莞市2026年第25周（6月15日至6月18日）,粮食,4种粮食农贸市场零售均价,元/500克,3.33,,,,,农贸市场监测均价,,0.00%,https://dgdp.dg.gov.cn/jggl/spjg/content/post_4552064.html
东莞市,2026-06-22,东莞市2026年第25周（6月15日至6月18日）,蔬菜,30种蔬菜农贸市场零售均价,元/500克,4.51,,,,,农贸市场监测均价,,1.12%,https://dgdp.dg.gov.cn/jggl/spjg/content/post_4552064.html
东莞市,2026-06-22,东莞市2026年第25周（6月15日至6月18日）,非叶菜类,17种非叶菜类农贸市场零售均价,元/500克,4.40,,,,,农贸市场监测均价,,1.15%,https://dgdp.dg.gov.cn/jggl/spjg/content/post_4552064.html
东莞市,2026-06-22,东莞市2026年第25周（6月15日至6月18日）,面粉,农贸市场零售均价,元/500克,3.31,,,,,农贸市场监测均价,,0.00%,https://dgdp.dg.gov.cn/jggl/spjg/content/post_4552064.html
东莞市,2026-06-22,东莞市2026年第25周（6月15日至6月18日）,食用油,5升桶装农贸市场零售均价,元/桶,95.31,,,,,农贸市场监测均价,,0.32%,https://dgdp.dg.gov.cn/jggl/spjg/content/post_4552064.html
东莞市,2026-06-22,东莞市2026年第25周（6月15日至6月18日）,鸡肉,农贸市场零售均价,元/500克,16.77,,,,,农贸市场监测均价,,0.54%,https://dgdp.dg.gov.cn/jggl/spjg/content/post_4552064.html
东莞市,2026-06-22,东莞市2026年第25周（6月15日至6月18日）,鸡蛋,农贸市场零售均价,元/500克,7.52,,,,,农贸市场监测均价,,0.27%,https://dgdp.dg.gov.cn/jggl/spjg/content/post_4552064.html
东莞市,2026-06-29,东莞市2026年第26周（6月22日至6月26日）,叶菜类,13种叶菜类农贸市场零售均价,元/500克,4.73,,,,,农贸市场监测均价,,1.28%,https://dgdp.dg.gov.cn/jggl/spjg/content/post_4554751.html
东莞市,2026-06-29,东莞市2026年第26周（6月22日至6月26日）,大米,3种大米农贸市场零售均价,元/500克,3.33,,,,,农贸市场监测均价,,0.00%,https://dgdp.dg.gov.cn/jggl/spjg/content/post_4554751.html
东莞市,2026-06-29,东莞市2026年第26周（6月22日至6月26日）,总肉,总肉批发均价,元/500克,9.90,,,,,农贸市场监测均价,,0.20%,https://dgdp.dg.gov.cn/jggl/spjg/content/post_4554751.html
东莞市,2026-06-29,东莞市2026年第26周（6月22日至6月26日）,牛肉,农贸市场零售均价,元/500克,47.27,,,,,农贸市场监测均价,,-1.34%,https://dgdp.dg.gov.cn/jggl/spjg/content/post_4554751.html
东莞市,2026-06-29,东莞市2026年第26周（6月22日至6月26日）,猪肉,4种猪肉农贸市场零售均价,元/500克,19.88,,,,,农贸市场监测均价,,0.00%,https://dgdp.dg.gov.cn/jggl/spjg/content/post_4554751.html
东莞市,2026-06-29,东莞市2026年第26周（6月22日至6月26日）,生猪,生猪出场价格,元/公斤,11.00,,,,,农贸市场监测均价,,0.00%,https://dgdp.dg.gov.cn/jggl/spjg/content/post_4554751.html
东莞市,2026-06-29,东莞市2026年第26周（6月22日至6月26日）,粮食,4种粮食农贸市场零售均价,元/500克,3.30,,,,,农贸市场监测均价,,-0.90%,https://dgdp.dg.gov.cn/jggl/spjg/content/post_4554751.html
东莞市,2026-06-29,东莞市2026年第26周（6月22日至6月26日）,蔬菜,30种蔬菜农贸市场零售均价,元/500克,4.56,,,,,农贸市场监测均价,,1.11%,https://dgdp.dg.gov.cn/jggl/spjg/content/post_4554751.html
东莞市,2026-06-29,东莞市2026年第26周（6月22日至6月26日）,非叶菜类,17种非叶菜类农贸市场零售均价,元/500克,4.42,,,,,农贸市场监测均价,,0.45%,https://dgdp.dg.gov.cn/jggl/spjg/content/post_4554751.html
东莞市,2026-06-29,东莞市2026年第26周（6月22日至6月26日）,面粉,农贸市场零售均价,元/500克,3.20,,,,,农贸市场监测均价,,-3.32%,https://dgdp.dg.gov.cn/jggl/spjg/content/post_4554751.html
东莞市,2026-06-29,东莞市2026年第26周（6月22日至6月26日）,食用油,5升桶装农贸市场零售均价,元/桶,95.31,,,,,农贸市场监测均价,,0.00%,https://dgdp.dg.gov.cn/jggl/spjg/content/post_4554751.html
东莞市,2026-06-29,东莞市2026年第26周（6月22日至6月26日）,鸡肉,农贸市场零售均价,元/500克,16.89,,,,,农贸市场监测均价,,0.72%,https://dgdp.dg.gov.cn/jggl/spjg/content/post_4554751.html
东莞市,2026-06-29,东莞市2026年第26周（6月22日至6月26日）,鸡蛋,农贸市场零售均价,元/500克,7.47,,,,,农贸市场监测均价,,-0.66%,https://dgdp.dg.gov.cn/jggl/spjg/content/post_4554751.html
东莞市,2026-07-06,东莞市2026年第27周（6月29日至7月3日）,叶菜类,13种叶菜类农贸市场零售均价,元/500克,4.72,,,,,农贸市场监测均价,,-0.21%,https://dgdp.dg.gov.cn/jggl/spjg/content/post_4557436.html
东莞市,2026-07-06,东莞市2026年第27周（6月29日至7月3日）,大米,3种大米农贸市场零售均价,元/500克,3.33,,,,,农贸市场监测均价,,0.00%,https://dgdp.dg.gov.cn/jggl/spjg/content/post_4557436.html
东莞市,2026-07-06,东莞市2026年第27周（6月29日至7月3日）,总肉,总肉批发均价,元/500克,9.95,,,,,农贸市场监测均价,,0.51%,https://dgdp.dg.gov.cn/jggl/spjg/content/post_4557436.html
东莞市,2026-07-06,东莞市2026年第27周（6月29日至7月3日）,牛肉,农贸市场零售均价,元/500克,47.36,,,,,农贸市场监测均价,,0.19%,https://dgdp.dg.gov.cn/jggl/spjg/content/post_4557436.html
东莞市,2026-07-06,东莞市2026年第27周（6月29日至7月3日）,猪肉,4种猪肉农贸市场零售均价,元/500克,19.95,,,,,农贸市场监测均价,,0.35%,https://dgdp.dg.gov.cn/jggl/spjg/content/post_4557436.html
东莞市,2026-07-06,东莞市2026年第27周（6月29日至7月3日）,生猪,生猪出场价格,元/公斤,11.20,,,,,农贸市场监测均价,,1.82%,https://dgdp.dg.gov.cn/jggl/spjg/content/post_4557436.html
东莞市,2026-07-06,东莞市2026年第27周（6月29日至7月3日）,粮食,4种粮食农贸市场零售均价,元/500克,3.30,,,,,农贸市场监测均价,,0.00%,https://dgdp.dg.gov.cn/jggl/spjg/content/post_4557436.html
东莞市,2026-07-06,东莞市2026年第27周（6月29日至7月3日）,蔬菜,30种蔬菜农贸市场零售均价,元/500克,4.54,,,,,农贸市场监测均价,,-0.44%,https://dgdp.dg.gov.cn/jggl/spjg/content/post_4557436.html
东莞市,2026-07-06,东莞市2026年第27周（6月29日至7月3日）,非叶菜类,17种非叶菜类农贸市场零售均价,元/500克,4.40,,,,,农贸市场监测均价,,-0.45%,https://dgdp.dg.gov.cn/jggl/spjg/content/post_4557436.html
东莞市,2026-07-06,东莞市2026年第27周（6月29日至7月3日）,面粉,农贸市场零售均价,元/500克,3.20,,,,,农贸市场监测均价,,0.00%,https://dgdp.dg.gov.cn/jggl/spjg/content/post_4557436.html
东莞市,2026-07-06,东莞市2026年第27周（6月29日至7月3日）,食用油,5升桶装农贸市场零售均价,元/桶,95.31,,,,,农贸市场监测均价,,0.00%,https://dgdp.dg.gov.cn/jggl/spjg/content/post_4557436.html
东莞市,2026-07-06,东莞市2026年第27周（6月29日至7月3日）,鸡肉,农贸市场零售均价,元/500克,16.91,,,,,农贸市场监测均价,,0.12%,https://dgdp.dg.gov.cn/jggl/spjg/content/post_4557436.html
东莞市,2026-07-06,东莞市2026年第27周（6月29日至7月3日）,鸡蛋,农贸市场零售均价,元/500克,7.47,,,,,农贸市场监测均价,,0.00%,https://dgdp.dg.gov.cn/jggl/spjg/content/post_4557436.html
东莞市,2026-07-13,东莞市2026年第28周（7月6日至7月10日）,叶菜类,13种叶菜类农贸市场零售均价,元/500克,4.75,,,,,农贸市场监测均价,,0.64%,https://dgdp.dg.gov.cn/jggl/spjg/content/post_4559747.html
东莞市,2026-07-13,东莞市2026年第28周（7月6日至7月10日）,大米,3种大米农贸市场零售均价,元/500克,3.33,,,,,农贸市场监测均价,,0.00%,https://dgdp.dg.gov.cn/jggl/spjg/content/post_4559747.html
东莞市,2026-07-13,东莞市2026年第28周（7月6日至7月10日）,总肉,总肉批发均价,元/500克,10.60,,,,,农贸市场监测均价,,6.53%,https://dgdp.dg.gov.cn/jggl/spjg/content/post_4559747.html
东莞市,2026-07-13,东莞市2026年第28周（7月6日至7月10日）,牛肉,农贸市场零售均价,元/500克,47.77,,,,,农贸市场监测均价,,0.87%,https://dgdp.dg.gov.cn/jggl/spjg/content/post_4559747.html
东莞市,2026-07-13,东莞市2026年第28周（7月6日至7月10日）,猪肉,4种猪肉农贸市场零售均价,元/500克,19.98,,,,,农贸市场监测均价,,0.15%,https://dgdp.dg.gov.cn/jggl/spjg/content/post_4559747.html
东莞市,2026-07-13,东莞市2026年第28周（7月6日至7月10日）,生猪,生猪出场价格,元/公斤,12.70,,,,,农贸市场监测均价,,13.39%,https://dgdp.dg.gov.cn/jggl/spjg/content/post_4559747.html
东莞市,2026-07-13,东莞市2026年第28周（7月6日至7月10日）,粮食,4种粮食农贸市场零售均价,元/500克,3.30,,,,,农贸市场监测均价,,0.00%,https://dgdp.dg.gov.cn/jggl/spjg/content/post_4559747.html
东莞市,2026-07-13,东莞市2026年第28周（7月6日至7月10日）,蔬菜,30种蔬菜农贸市场零售均价,元/500克,4.56,,,,,农贸市场监测均价,,0.44%,https://dgdp.dg.gov.cn/jggl/spjg/content/post_4559747.html
东莞市,2026-07-13,东莞市2026年第28周（7月6日至7月10日）,非叶菜类,17种非叶菜类农贸市场零售均价,元/500克,4.41,,,,,农贸市场监测均价,,0.23%,https://dgdp.dg.gov.cn/jggl/spjg/content/post_4559747.html
东莞市,2026-07-13,东莞市2026年第28周（7月6日至7月10日）,面粉,农贸市场零售均价,元/500克,3.20,,,,,农贸市场监测均价,,0.00%,https://dgdp.dg.gov.cn/jggl/spjg/content/post_4559747.html
东莞市,2026-07-13,东莞市2026年第28周（7月6日至7月10日）,食用油,5升桶装农贸市场零售均价,元/桶,95.31,,,,,农贸市场监测均价,,0.00%,https://dgdp.dg.gov.cn/jggl/spjg/content/post_4559747.html
东莞市,2026-07-13,东莞市2026年第28周（7月6日至7月10日）,鸡肉,农贸市场零售均价,元/500克,16.82,,,,,农贸市场监测均价,,-0.53%,https://dgdp.dg.gov.cn/jggl/spjg/content/post_4559747.html
东莞市,2026-07-13,东莞市2026年第28周（7月6日至7月10日）,鸡蛋,农贸市场零售均价,元/500克,7.47,,,,,农贸市场监测均价,,0.00%,https://dgdp.dg.gov.cn/jggl/spjg/content/post_4559747.html
东莞市,2026-07-20,东莞市2026年第29周（7月13日至7月17日）,叶菜类,13种叶菜类农贸市场零售均价,元/500克,4.83,,,,,农贸市场监测均价,,1.68%,https://dgdp.dg.gov.cn/jggl/spjg/content/post_4563638.html
东莞市,2026-07-20,东莞市2026年第29周（7月13日至7月17日）,大米,3种大米农贸市场零售均价,元/500克,3.33,,,,,农贸市场监测均价,,0.00%,https://dgdp.dg.gov.cn/jggl/spjg/content/post_4563638.html
东莞市,2026-07-20,东莞市2026年第29周（7月13日至7月17日）,总肉,总肉批发均价,元/500克,10.30,,,,,农贸市场监测均价,,-2.83%,https://dgdp.dg.gov.cn/jggl/spjg/content/post_4563638.html
东莞市,2026-07-20,东莞市2026年第29周（7月13日至7月17日）,牛肉,农贸市场零售均价,元/500克,47.82,,,,,农贸市场监测均价,,0.10%,https://dgdp.dg.gov.cn/jggl/spjg/content/post_4563638.html
东莞市,2026-07-20,东莞市2026年第29周（7月13日至7月17日）,猪肉,4种猪肉农贸市场零售均价,元/500克,19.95,,,,,农贸市场监测均价,,-0.15%,https://dgdp.dg.gov.cn/jggl/spjg/content/post_4563638.html
东莞市,2026-07-20,东莞市2026年第29周（7月13日至7月17日）,生猪,生猪出场价格,元/公斤,13.00,,,,,农贸市场监测均价,,2.36%,https://dgdp.dg.gov.cn/jggl/spjg/content/post_4563638.html
东莞市,2026-07-20,东莞市2026年第29周（7月13日至7月17日）,粮食,4种粮食农贸市场零售均价,元/500克,3.30,,,,,农贸市场监测均价,,0.00%,https://dgdp.dg.gov.cn/jggl/spjg/content/post_4563638.html
东莞市,2026-07-20,东莞市2026年第29周（7月13日至7月17日）,蔬菜,30种蔬菜农贸市场零售均价,元/500克,4.56,,,,,农贸市场监测均价,,0.00%,https://dgdp.dg.gov.cn/jggl/spjg/content/post_4563638.html
东莞市,2026-07-20,东莞市2026年第29周（7月13日至7月17日）,非叶菜类,17种非叶菜类农贸市场零售均价,元/500克,4.35,,,,,农贸市场监测均价,,-1.36%,https://dgdp.dg.gov.cn/jggl/spjg/content/post_4563638.html
东莞市,2026-07-20,东莞市2026年第29周（7月13日至7月17日）,面粉,农贸市场零售均价,元/500克,3.20,,,,,农贸市场监测均价,,0.00%,https://dgdp.dg.gov.cn/jggl/spjg/content/post_4563638.html
东莞市,2026-07-20,东莞市2026年第29周（7月13日至7月17日）,食用油,5升桶装农贸市场零售均价,元/桶,95.31,,,,,农贸市场监测均价,,0.00%,https://dgdp.dg.gov.cn/jggl/spjg/content/post_4563638.html
东莞市,2026-07-20,东莞市2026年第29周（7月13日至7月17日）,鸡肉,农贸市场零售均价,元/500克,16.89,,,,,农贸市场监测均价,,0.42%,https://dgdp.dg.gov.cn/jggl/spjg/content/post_4563638.html
东莞市,2026-07-20,东莞市2026年第29周（7月13日至7月17日）,鸡蛋,农贸市场零售均价,元/500克,7.47,,,,,农贸市场监测均价,,0.00%,https://dgdp.dg.gov.cn/jggl/spjg/content/post_4563638.html
