地区,日期,期次/发布日期,商品,规格,单位,价格,日变化,日变化率,月变化,月变化率,口径,采价点数,官方环比,来源链接
北京市,2026-01-02,2025 W52 (2025-12-27 to 2026-01-02; published 2026-01-09),农产品批发价格指数,综合指数,指数点,98.73,,,,,国家发展改革委价格监测中心发布的北京市农产品批发价格指数,,-0.0127,https://www.ndrc.gov.cn/fgsj/dfjgzs/bjncppfzs/202602/t20260213_1403780.html
北京市,2026-01-09,2026 W01 (2026-01-03 to 2026-01-09; published 2026-01-16),农产品批发价格指数,综合指数,指数点,99.74,,,,,国家发展改革委价格监测中心发布的北京市农产品批发价格指数,,-0.0026,https://www.ndrc.gov.cn/fgsj/dfjgzs/bjncppfzs/202602/t20260213_1403781.html
北京市,2026-01-16,2026 W02 (2026-01-10 to 2026-01-16; published 2026-01-23),农产品批发价格指数,综合指数,指数点,99.49,,,,,国家发展改革委价格监测中心发布的北京市农产品批发价格指数,,-0.0051,https://www.ndrc.gov.cn/fgsj/dfjgzs/bjncppfzs/202602/t20260213_1403782.html
北京市,2026-01-23,2026 W03 (2026-01-17 to 2026-01-23; published 2026-01-30),农产品批发价格指数,综合指数,指数点,104,,,,,国家发展改革委价格监测中心发布的北京市农产品批发价格指数,,0.04,https://www.ndrc.gov.cn/fgsj/dfjgzs/bjncppfzs/202602/t20260213_1403783.html
北京市,2026-01-30,2026 W04 (2026-01-24 to 2026-01-30; published 2026-02-06),农产品批发价格指数,综合指数,指数点,100.98,,,,,国家发展改革委价格监测中心发布的北京市农产品批发价格指数,,0.0098,https://www.ndrc.gov.cn/fgsj/dfjgzs/bjncppfzs/202602/t20260213_1403784.html
北京市,2026-02-06,2026 W05 (2026-01-31 to 2026-02-06; published 2026-02-12),农产品批发价格指数,综合指数,指数点,98.57,,,,,国家发展改革委价格监测中心发布的北京市农产品批发价格指数,,-0.0143,https://www.ndrc.gov.cn/fgsj/dfjgzs/bjncppfzs/202602/t20260213_1403785.html
北京市,2026-02-27,2026 W08 (2026-02-21 to 2026-02-27; published 2026-03-06),农产品批发价格指数,综合指数,指数点,96.06,,,,,国家发展改革委价格监测中心发布的北京市农产品批发价格指数,,-0.0394,https://www.ndrc.gov.cn/fgsj/dfjgzs/bjncppfzs/202606/t20260618_1405971.html
北京市,2026-03-06,2026 W09 (2026-02-28 to 2026-03-06; published 2026-03-13),农产品批发价格指数,综合指数,指数点,95.07,,,,,国家发展改革委价格监测中心发布的北京市农产品批发价格指数,,-0.0493,https://www.ndrc.gov.cn/fgsj/dfjgzs/bjncppfzs/202606/t20260618_1405972.html
北京市,2026-03-13,2026 W10 (2026-03-07 to 2026-03-13; published 2026-03-19),农产品批发价格指数,综合指数,指数点,99.52,,,,,国家发展改革委价格监测中心发布的北京市农产品批发价格指数,,-0.0048,https://www.ndrc.gov.cn/fgsj/dfjgzs/bjncppfzs/202606/t20260618_1405973.html
北京市,2026-03-20,2026 W11 (2026-03-14 to 2026-03-20; published 2026-04-01),农产品批发价格指数,综合指数,指数点,98.4,,,,,国家发展改革委价格监测中心发布的北京市农产品批发价格指数,,-0.016,https://www.ndrc.gov.cn/fgsj/dfjgzs/bjncppfzs/202606/t20260618_1405974.html
北京市,2026-03-27,2026 W12 (2026-03-21 to 2026-03-27; published 2026-04-01),农产品批发价格指数,综合指数,指数点,98.48,,,,,国家发展改革委价格监测中心发布的北京市农产品批发价格指数,,-0.0152,https://www.ndrc.gov.cn/fgsj/dfjgzs/bjncppfzs/202606/t20260618_1405975.html
北京市,2026-04-03,2026 W13 (2026-03-28 to 2026-04-03; published 2026-04-10),农产品批发价格指数,综合指数,指数点,97.53,,,,,国家发展改革委价格监测中心发布的北京市农产品批发价格指数,,-0.0247,https://www.ndrc.gov.cn/fgsj/dfjgzs/bjncppfzs/202606/t20260626_1406098.html
北京市,2026-04-17,2026 W15 (2026-04-11 to 2026-04-17; published 2026-04-23),农产品批发价格指数,综合指数,指数点,99.87,,,,,国家发展改革委价格监测中心发布的北京市农产品批发价格指数,,-0.0013,https://www.ndrc.gov.cn/fgsj/dfjgzs/bjncppfzs/202606/t20260626_1406099.html
北京市,2026-04-24,2026 W16 (2026-04-18 to 2026-04-24; published 2026-04-30),农产品批发价格指数,综合指数,指数点,99.2,,,,,国家发展改革委价格监测中心发布的北京市农产品批发价格指数,,-0.008,https://www.ndrc.gov.cn/fgsj/dfjgzs/bjncppfzs/202606/t20260626_1406100.html
北京市,2026-05-08,2026 W18 (2026-05-02 to 2026-05-08; published 2026-05-15),农产品批发价格指数,综合指数,指数点,99.8,,,,,国家发展改革委价格监测中心发布的北京市农产品批发价格指数,,-0.002,https://www.ndrc.gov.cn/fgsj/dfjgzs/bjncppfzs/202606/t20260626_1406101.html
北京市,2026-05-15,2026 W19 (2026-05-09 to 2026-05-15; published 2026-05-22),农产品批发价格指数,综合指数,指数点,97.35,,,,,国家发展改革委价格监测中心发布的北京市农产品批发价格指数,,-0.0265,https://www.ndrc.gov.cn/fgsj/dfjgzs/bjncppfzs/202606/t20260626_1406102.html
北京市,2026-05-22,2026 W20 (2026-05-16 to 2026-05-22; published 2026-05-29),农产品批发价格指数,综合指数,指数点,96.87,,,,,国家发展改革委价格监测中心发布的北京市农产品批发价格指数,,-0.0313,https://www.ndrc.gov.cn/fgsj/dfjgzs/bjncppfzs/202606/t20260626_1406103.html
北京市,2026-05-29,2026 W21 (2026-05-23 to 2026-05-29; published 2026-06-05),农产品批发价格指数,综合指数,指数点,100.38,,,,,国家发展改革委价格监测中心发布的北京市农产品批发价格指数,,0.0038,https://www.ndrc.gov.cn/fgsj/dfjgzs/bjncppfzs/202606/t20260626_1406104.html
北京市,2026-06-05,2026 W22 (2026-05-30 to 2026-06-05; published 2026-06-12),农产品批发价格指数,综合指数,指数点,101.43,,,,,国家发展改革委价格监测中心发布的北京市农产品批发价格指数,,0.0143,https://www.ndrc.gov.cn/fgsj/dfjgzs/bjncppfzs/202606/t20260626_1406105.html
大连市,2026-01-04,2025-12-29至2026-01-04（发布2026-01-06）,大豆油,桶装,元/5升,64,,,,,市发展改革研究中心25种主要农副产品零售价格监测,,0,https://www.dl.gov.cn/art/2026/1/6/art_1437_2494290.html
大连市,2026-01-04,2025-12-29至2026-01-04（发布2026-01-06）,花生油,桶装,元/5升,149.67,,,,,市发展改革研究中心25种主要农副产品零售价格监测,,0,https://www.dl.gov.cn/art/2026/1/6/art_1437_2494290.html
大连市,2026-01-04,2025-12-29至2026-01-04（发布2026-01-06）,鸡蛋,零售均价,元/500克,3.93,,,,,市发展改革研究中心25种主要农副产品零售价格监测,,-0.0025,https://www.dl.gov.cn/art/2026/1/6/art_1437_2494290.html
大连市,2026-01-04,2025-12-29至2026-01-04（发布2026-01-06）,鸡肉,零售均价,元/500克,11.2,,,,,市发展改革研究中心25种主要农副产品零售价格监测,,0,https://www.dl.gov.cn/art/2026/1/6/art_1437_2494290.html
大连市,2026-01-04,2025-12-29至2026-01-04（发布2026-01-06）,粳米,零售均价,元/500克,3.17,,,,,市发展改革研究中心25种主要农副产品零售价格监测,,0,https://www.dl.gov.cn/art/2026/1/6/art_1437_2494290.html
大连市,2026-01-04,2025-12-29至2026-01-04（发布2026-01-06）,面粉,零售均价,元/500克,2.95,,,,,市发展改革研究中心25种主要农副产品零售价格监测,,0,https://www.dl.gov.cn/art/2026/1/6/art_1437_2494290.html
大连市,2026-01-04,2025-12-29至2026-01-04（发布2026-01-06）,牛肉,零售均价,元/500克,35.4,,,,,市发展改革研究中心25种主要农副产品零售价格监测,,0.0045,https://www.dl.gov.cn/art/2026/1/6/art_1437_2494290.html
大连市,2026-01-04,2025-12-29至2026-01-04（发布2026-01-06）,蔬菜,15种监测蔬菜平均价,元/500克,4.65,,,,,市发展改革研究中心25种主要农副产品零售价格监测,,0.0096,https://www.dl.gov.cn/art/2026/1/6/art_1437_2494290.html
大连市,2026-01-04,2025-12-29至2026-01-04（发布2026-01-06）,羊肉,零售均价,元/500克,34.83,,,,,市发展改革研究中心25种主要农副产品零售价格监测,,0,https://www.dl.gov.cn/art/2026/1/6/art_1437_2494290.html
大连市,2026-01-04,2025-12-29至2026-01-04（发布2026-01-06）,猪精瘦肉,零售均价,元/500克,13.17,,,,,市发展改革研究中心25种主要农副产品零售价格监测,,0,https://www.dl.gov.cn/art/2026/1/6/art_1437_2494290.html
大连市,2026-05-11,2026-05-11至2026-05-15（发布2026-05-19）,大豆油,桶装,元/5升,61.82,,,,,市发展改革研究中心25种主要农副产品零售价格监测,,0,https://www.dl.gov.cn/art/2026/5/19/art_1437_2512578.html
大连市,2026-05-11,2026-05-11至2026-05-15（发布2026-05-19）,花生油,桶装,元/5升,152.95,,,,,市发展改革研究中心25种主要农副产品零售价格监测,,0,https://www.dl.gov.cn/art/2026/5/19/art_1437_2512578.html
大连市,2026-05-11,2026-05-11至2026-05-15（发布2026-05-19）,鸡蛋,零售均价,元/500克,4.73,,,,,市发展改革研究中心25种主要农副产品零售价格监测,,0.0021,https://www.dl.gov.cn/art/2026/5/19/art_1437_2512578.html
大连市,2026-05-11,2026-05-11至2026-05-15（发布2026-05-19）,鸡肉,零售均价,元/500克,10.78,,,,,市发展改革研究中心25种主要农副产品零售价格监测,,0,https://www.dl.gov.cn/art/2026/5/19/art_1437_2512578.html
大连市,2026-05-11,2026-05-11至2026-05-15（发布2026-05-19）,粳米,零售均价,元/500克,3.1,,,,,市发展改革研究中心25种主要农副产品零售价格监测,,-0.0032,https://www.dl.gov.cn/art/2026/5/19/art_1437_2512578.html
大连市,2026-05-11,2026-05-11至2026-05-15（发布2026-05-19）,面粉,零售均价,元/500克,2.84,,,,,市发展改革研究中心25种主要农副产品零售价格监测,,-0.0035,https://www.dl.gov.cn/art/2026/5/19/art_1437_2512578.html
大连市,2026-05-11,2026-05-11至2026-05-15（发布2026-05-19）,牛肉,零售均价,元/500克,34.78,,,,,市发展改革研究中心25种主要农副产品零售价格监测,,0.0009,https://www.dl.gov.cn/art/2026/5/19/art_1437_2512578.html
大连市,2026-05-11,2026-05-11至2026-05-15（发布2026-05-19）,蔬菜,15种监测蔬菜平均价,元/500克,2.9,,,,,市发展改革研究中心25种主要农副产品零售价格监测,,-0.0136,https://www.dl.gov.cn/art/2026/5/19/art_1437_2512578.html
大连市,2026-05-11,2026-05-11至2026-05-15（发布2026-05-19）,羊肉,零售均价,元/500克,35.44,,,,,市发展改革研究中心25种主要农副产品零售价格监测,,0,https://www.dl.gov.cn/art/2026/5/19/art_1437_2512578.html
大连市,2026-05-11,2026-05-11至2026-05-15（发布2026-05-19）,猪精瘦肉,零售均价,元/500克,11.52,,,,,市发展改革研究中心25种主要农副产品零售价格监测,,0.0024,https://www.dl.gov.cn/art/2026/5/19/art_1437_2512578.html
大连市,2026-05-18,2026-05-18至2026-05-22（发布2026-05-27）,大豆油,桶装,元/5升,61.82,,,,,市发展改革研究中心25种主要农副产品零售价格监测,,0,https://www.dl.gov.cn/art/2026/5/27/art_1437_2513504.html
大连市,2026-05-18,2026-05-18至2026-05-22（发布2026-05-27）,花生油,桶装,元/5升,152.95,,,,,市发展改革研究中心25种主要农副产品零售价格监测,,0,https://www.dl.gov.cn/art/2026/5/27/art_1437_2513504.html
大连市,2026-05-18,2026-05-18至2026-05-22（发布2026-05-27）,鸡蛋,零售均价,元/500克,4.86,,,,,市发展改革研究中心25种主要农副产品零售价格监测,,0.0275,https://www.dl.gov.cn/art/2026/5/27/art_1437_2513504.html
大连市,2026-05-18,2026-05-18至2026-05-22（发布2026-05-27）,鸡肉,零售均价,元/500克,10.78,,,,,市发展改革研究中心25种主要农副产品零售价格监测,,0,https://www.dl.gov.cn/art/2026/5/27/art_1437_2513504.html
大连市,2026-05-18,2026-05-18至2026-05-22（发布2026-05-27）,粳米,零售均价,元/500克,3.1,,,,,市发展改革研究中心25种主要农副产品零售价格监测,,0,https://www.dl.gov.cn/art/2026/5/27/art_1437_2513504.html
大连市,2026-05-18,2026-05-18至2026-05-22（发布2026-05-27）,面粉,零售均价,元/500克,2.84,,,,,市发展改革研究中心25种主要农副产品零售价格监测,,0,https://www.dl.gov.cn/art/2026/5/27/art_1437_2513504.html
大连市,2026-05-18,2026-05-18至2026-05-22（发布2026-05-27）,牛肉,零售均价,元/500克,34.74,,,,,市发展改革研究中心25种主要农副产品零售价格监测,,-0.0012,https://www.dl.gov.cn/art/2026/5/27/art_1437_2513504.html
大连市,2026-05-18,2026-05-18至2026-05-22（发布2026-05-27）,蔬菜,15种监测蔬菜平均价,元/500克,2.81,,,,,市发展改革研究中心25种主要农副产品零售价格监测,,-0.031,https://www.dl.gov.cn/art/2026/5/27/art_1437_2513504.html
大连市,2026-05-18,2026-05-18至2026-05-22（发布2026-05-27）,羊肉,零售均价,元/500克,35.44,,,,,市发展改革研究中心25种主要农副产品零售价格监测,,0,https://www.dl.gov.cn/art/2026/5/27/art_1437_2513504.html
大连市,2026-05-18,2026-05-18至2026-05-22（发布2026-05-27）,猪精瘦肉,零售均价,元/500克,11.5,,,,,市发展改革研究中心25种主要农副产品零售价格监测,,-0.0015,https://www.dl.gov.cn/art/2026/5/27/art_1437_2513504.html
大连市,2026-05-25,2026-05-25至2026-05-29（发布2026-06-04）,大豆油,桶装,元/5升,61.82,,,,,市发展改革研究中心25种主要农副产品零售价格监测,,0,https://www.dl.gov.cn/art/2026/6/4/art_1437_2515065.html
大连市,2026-05-25,2026-05-25至2026-05-29（发布2026-06-04）,花生油,桶装,元/5升,152.95,,,,,市发展改革研究中心25种主要农副产品零售价格监测,,0,https://www.dl.gov.cn/art/2026/6/4/art_1437_2515065.html
大连市,2026-05-25,2026-05-25至2026-05-29（发布2026-06-04）,鸡蛋,零售均价,元/500克,5.13,,,,,市发展改革研究中心25种主要农副产品零售价格监测,,0.0556,https://www.dl.gov.cn/art/2026/6/4/art_1437_2515065.html
大连市,2026-05-25,2026-05-25至2026-05-29（发布2026-06-04）,鸡肉,零售均价,元/500克,10.78,,,,,市发展改革研究中心25种主要农副产品零售价格监测,,0,https://www.dl.gov.cn/art/2026/6/4/art_1437_2515065.html
大连市,2026-05-25,2026-05-25至2026-05-29（发布2026-06-04）,粳米,零售均价,元/500克,3.1,,,,,市发展改革研究中心25种主要农副产品零售价格监测,,0,https://www.dl.gov.cn/art/2026/6/4/art_1437_2515065.html
大连市,2026-05-25,2026-05-25至2026-05-29（发布2026-06-04）,面粉,零售均价,元/500克,2.84,,,,,市发展改革研究中心25种主要农副产品零售价格监测,,0,https://www.dl.gov.cn/art/2026/6/4/art_1437_2515065.html
大连市,2026-05-25,2026-05-25至2026-05-29（发布2026-06-04）,牛肉,零售均价,元/500克,34.57,,,,,市发展改革研究中心25种主要农副产品零售价格监测,,-0.0049,https://www.dl.gov.cn/art/2026/6/4/art_1437_2515065.html
大连市,2026-05-25,2026-05-25至2026-05-29（发布2026-06-04）,蔬菜,15种监测蔬菜平均价,元/500克,2.73,,,,,市发展改革研究中心25种主要农副产品零售价格监测,,-0.0285,https://www.dl.gov.cn/art/2026/6/4/art_1437_2515065.html
大连市,2026-05-25,2026-05-25至2026-05-29（发布2026-06-04）,羊肉,零售均价,元/500克,35.44,,,,,市发展改革研究中心25种主要农副产品零售价格监测,,0,https://www.dl.gov.cn/art/2026/6/4/art_1437_2515065.html
大连市,2026-05-25,2026-05-25至2026-05-29（发布2026-06-04）,猪精瘦肉,零售均价,元/500克,11.3,,,,,市发展改革研究中心25种主要农副产品零售价格监测,,-0.0174,https://www.dl.gov.cn/art/2026/6/4/art_1437_2515065.html
大连市,2026-06-08,2026-06-08至2026-06-12（发布2026-06-17）,大豆油,桶装,元/5升,61.82,,,,,市发展改革研究中心25种主要农副产品零售价格监测,,0,https://www.dl.gov.cn/art/2026/6/17/art_1437_2518784.html
大连市,2026-06-08,2026-06-08至2026-06-12（发布2026-06-17）,花生油,桶装,元/5升,153.32,,,,,市发展改革研究中心25种主要农副产品零售价格监测,,0.0024,https://www.dl.gov.cn/art/2026/6/17/art_1437_2518784.html
大连市,2026-06-08,2026-06-08至2026-06-12（发布2026-06-17）,鸡蛋,零售均价,元/500克,5.88,,,,,市发展改革研究中心25种主要农副产品零售价格监测,,0.0208,https://www.dl.gov.cn/art/2026/6/17/art_1437_2518784.html
大连市,2026-06-08,2026-06-08至2026-06-12（发布2026-06-17）,鸡肉,零售均价,元/500克,10.72,,,,,市发展改革研究中心25种主要农副产品零售价格监测,,-0.0019,https://www.dl.gov.cn/art/2026/6/17/art_1437_2518784.html
大连市,2026-06-08,2026-06-08至2026-06-12（发布2026-06-17）,粳米,零售均价,元/500克,3.1,,,,,市发展改革研究中心25种主要农副产品零售价格监测,,0,https://www.dl.gov.cn/art/2026/6/17/art_1437_2518784.html
大连市,2026-06-08,2026-06-08至2026-06-12（发布2026-06-17）,面粉,零售均价,元/500克,2.84,,,,,市发展改革研究中心25种主要农副产品零售价格监测,,0,https://www.dl.gov.cn/art/2026/6/17/art_1437_2518784.html
大连市,2026-06-08,2026-06-08至2026-06-12（发布2026-06-17）,牛肉,零售均价,元/500克,34.82,,,,,市发展改革研究中心25种主要农副产品零售价格监测,,0.0029,https://www.dl.gov.cn/art/2026/6/17/art_1437_2518784.html
大连市,2026-06-08,2026-06-08至2026-06-12（发布2026-06-17）,蔬菜,15种监测蔬菜平均价,元/500克,2.87,,,,,市发展改革研究中心25种主要农副产品零售价格监测,,0.007,https://www.dl.gov.cn/art/2026/6/17/art_1437_2518784.html
大连市,2026-06-08,2026-06-08至2026-06-12（发布2026-06-17）,羊肉,零售均价,元/500克,35.32,,,,,市发展改革研究中心25种主要农副产品零售价格监测,,-0.0011,https://www.dl.gov.cn/art/2026/6/17/art_1437_2518784.html
大连市,2026-06-08,2026-06-08至2026-06-12（发布2026-06-17）,猪精瘦肉,零售均价,元/500克,11.47,,,,,市发展改革研究中心25种主要农副产品零售价格监测,,0.0017,https://www.dl.gov.cn/art/2026/6/17/art_1437_2518784.html
大连市,2026-06-22,2026-06-22至2026-06-26（发布2026-07-03）,大豆油,桶装,元/5升,61.82,,,,,市发展改革研究中心25种主要农副产品零售价格监测,,0,https://www.dl.gov.cn/art/2026/7/3/art_1437_2521697.html
大连市,2026-06-22,2026-06-22至2026-06-26（发布2026-07-03）,花生油,桶装,元/5升,153.32,,,,,市发展改革研究中心25种主要农副产品零售价格监测,,0,https://www.dl.gov.cn/art/2026/7/3/art_1437_2521697.html
大连市,2026-06-22,2026-06-22至2026-06-26（发布2026-07-03）,鸡蛋,零售均价,元/500克,5.53,,,,,市发展改革研究中心25种主要农副产品零售价格监测,,-0.0595,https://www.dl.gov.cn/art/2026/7/3/art_1437_2521697.html
大连市,2026-06-22,2026-06-22至2026-06-26（发布2026-07-03）,鸡肉,零售均价,元/500克,10.75,,,,,市发展改革研究中心25种主要农副产品零售价格监测,,0.0028,https://www.dl.gov.cn/art/2026/7/3/art_1437_2521697.html
大连市,2026-06-22,2026-06-22至2026-06-26（发布2026-07-03）,粳米,零售均价,元/500克,3.1,,,,,市发展改革研究中心25种主要农副产品零售价格监测,,0,https://www.dl.gov.cn/art/2026/7/3/art_1437_2521697.html
大连市,2026-06-22,2026-06-22至2026-06-26（发布2026-07-03）,面粉,零售均价,元/500克,2.84,,,,,市发展改革研究中心25种主要农副产品零售价格监测,,0,https://www.dl.gov.cn/art/2026/7/3/art_1437_2521697.html
大连市,2026-06-22,2026-06-22至2026-06-26（发布2026-07-03）,牛肉,零售均价,元/500克,34.7,,,,,市发展改革研究中心25种主要农副产品零售价格监测,,-0.0034,https://www.dl.gov.cn/art/2026/7/3/art_1437_2521697.html
大连市,2026-06-22,2026-06-22至2026-06-26（发布2026-07-03）,蔬菜,15种监测蔬菜平均价,元/500克,2.71,,,,,市发展改革研究中心25种主要农副产品零售价格监测,,-0.0557,https://www.dl.gov.cn/art/2026/7/3/art_1437_2521697.html
大连市,2026-06-22,2026-06-22至2026-06-26（发布2026-07-03）,羊肉,零售均价,元/500克,35.34,,,,,市发展改革研究中心25种主要农副产品零售价格监测,,0.0006,https://www.dl.gov.cn/art/2026/7/3/art_1437_2521697.html
大连市,2026-06-22,2026-06-22至2026-06-26（发布2026-07-03）,猪精瘦肉,零售均价,元/500克,11.15,,,,,市发展改革研究中心25种主要农副产品零售价格监测,,-0.0279,https://www.dl.gov.cn/art/2026/7/3/art_1437_2521697.html
大连市,2026-07-06,2026-07-06至2026-07-10（发布2026-07-15）,大豆油,桶装,元/5升,61.82,,,,,市发展改革研究中心25种主要农副产品零售价格监测,,0,https://www.dl.gov.cn/art/2026/7/15/art_1437_2523382.html
大连市,2026-07-06,2026-07-06至2026-07-10（发布2026-07-15）,花生油,桶装,元/5升,153.32,,,,,市发展改革研究中心25种主要农副产品零售价格监测,,0,https://www.dl.gov.cn/art/2026/7/15/art_1437_2523382.html
大连市,2026-07-06,2026-07-06至2026-07-10（发布2026-07-15）,鸡蛋,零售均价,元/500克,4.87,,,,,市发展改革研究中心25种主要农副产品零售价格监测,,-0.0221,https://www.dl.gov.cn/art/2026/7/15/art_1437_2523382.html
大连市,2026-07-06,2026-07-06至2026-07-10（发布2026-07-15）,鸡肉,零售均价,元/500克,10.63,,,,,市发展改革研究中心25种主要农副产品零售价格监测,,-0.013,https://www.dl.gov.cn/art/2026/7/15/art_1437_2523382.html
大连市,2026-07-06,2026-07-06至2026-07-10（发布2026-07-15）,粳米,零售均价,元/500克,3.09,,,,,市发展改革研究中心25种主要农副产品零售价格监测,,-0.0032,https://www.dl.gov.cn/art/2026/7/15/art_1437_2523382.html
大连市,2026-07-06,2026-07-06至2026-07-10（发布2026-07-15）,面粉,零售均价,元/500克,2.84,,,,,市发展改革研究中心25种主要农副产品零售价格监测,,0,https://www.dl.gov.cn/art/2026/7/15/art_1437_2523382.html
大连市,2026-07-06,2026-07-06至2026-07-10（发布2026-07-15）,牛肉,零售均价,元/500克,35.02,,,,,市发展改革研究中心25种主要农副产品零售价格监测,,0.0148,https://www.dl.gov.cn/art/2026/7/15/art_1437_2523382.html
大连市,2026-07-06,2026-07-06至2026-07-10（发布2026-07-15）,蔬菜,15种监测蔬菜平均价,元/500克,2.56,,,,,市发展改革研究中心25种主要农副产品零售价格监测,,-0.0266,https://www.dl.gov.cn/art/2026/7/15/art_1437_2523382.html
大连市,2026-07-06,2026-07-06至2026-07-10（发布2026-07-15）,羊肉,零售均价,元/500克,35.61,,,,,市发展改革研究中心25种主要农副产品零售价格监测,,0.0065,https://www.dl.gov.cn/art/2026/7/15/art_1437_2523382.html
大连市,2026-07-06,2026-07-06至2026-07-10（发布2026-07-15）,猪精瘦肉,零售均价,元/500克,11.35,,,,,市发展改革研究中心25种主要农副产品零售价格监测,,0.0152,https://www.dl.gov.cn/art/2026/7/15/art_1437_2523382.html
大连市,2026-07-13,2026-07-13至2026-07-17（发布2026-07-22）,大豆油,桶装,元/5升,61.82,,,,,市发展改革研究中心25种主要农副产品零售价格监测,,0,https://www.dl.gov.cn/art/2026/7/22/art_1437_2526199.html
大连市,2026-07-13,2026-07-13至2026-07-17（发布2026-07-22）,花生油,桶装,元/5升,153.32,,,,,市发展改革研究中心25种主要农副产品零售价格监测,,0,https://www.dl.gov.cn/art/2026/7/22/art_1437_2526199.html
大连市,2026-07-13,2026-07-13至2026-07-17（发布2026-07-22）,鸡蛋,零售均价,元/500克,5.03,,,,,市发展改革研究中心25种主要农副产品零售价格监测,,0.0329,https://www.dl.gov.cn/art/2026/7/22/art_1437_2526199.html
大连市,2026-07-13,2026-07-13至2026-07-17（发布2026-07-22）,鸡肉,零售均价,元/500克,10.64,,,,,市发展改革研究中心25种主要农副产品零售价格监测,,0.0009,https://www.dl.gov.cn/art/2026/7/22/art_1437_2526199.html
大连市,2026-07-13,2026-07-13至2026-07-17（发布2026-07-22）,粳米,零售均价,元/500克,3.09,,,,,市发展改革研究中心25种主要农副产品零售价格监测,,0,https://www.dl.gov.cn/art/2026/7/22/art_1437_2526199.html
大连市,2026-07-13,2026-07-13至2026-07-17（发布2026-07-22）,面粉,零售均价,元/500克,2.84,,,,,市发展改革研究中心25种主要农副产品零售价格监测,,0,https://www.dl.gov.cn/art/2026/7/22/art_1437_2526199.html
大连市,2026-07-13,2026-07-13至2026-07-17（发布2026-07-22）,牛肉,零售均价,元/500克,35.06,,,,,市发展改革研究中心25种主要农副产品零售价格监测,,0.0011,https://www.dl.gov.cn/art/2026/7/22/art_1437_2526199.html
大连市,2026-07-13,2026-07-13至2026-07-17（发布2026-07-22）,蔬菜,15种监测蔬菜平均价,元/500克,2.61,,,,,市发展改革研究中心25种主要农副产品零售价格监测,,0.0195,https://www.dl.gov.cn/art/2026/7/22/art_1437_2526199.html
大连市,2026-07-13,2026-07-13至2026-07-17（发布2026-07-22）,羊肉,零售均价,元/500克,35.86,,,,,市发展改革研究中心25种主要农副产品零售价格监测,,0.007,https://www.dl.gov.cn/art/2026/7/22/art_1437_2526199.html
大连市,2026-07-13,2026-07-13至2026-07-17（发布2026-07-22）,猪精瘦肉,零售均价,元/500克,11.53,,,,,市发展改革研究中心25种主要农副产品零售价格监测,,0.0159,https://www.dl.gov.cn/art/2026/7/22/art_1437_2526199.html
广州,2026-02-23,2026-02-23至2026-03-01（发布 2026-03-04）,光鸡,零售均价,元/500克,19.67,,,,,官方综合零售均价,,-0.0066,https://fgw.gz.gov.cn/zmhd/zsk/msjg/content/post_10709350.html
广州,2026-02-23,2026-02-23至2026-03-01（发布 2026-03-04）,鸡蛋,零售均价,元/500克,5.71,,,,,官方综合零售均价,,-0.0149,https://fgw.gz.gov.cn/zmhd/zsk/msjg/content/post_10709350.html
广州,2026-02-23,2026-02-23至2026-03-01（发布 2026-03-04）,水产品,草鱼、鳙鱼、鲫鱼、罗非鱼和鲈鱼综合零售均价,元/500克,13.98,,,,,官方综合零售均价,,-0.0196,https://fgw.gz.gov.cn/zmhd/zsk/msjg/content/post_10709350.html
广州,2026-02-23,2026-02-23至2026-03-01（发布 2026-03-04）,猪肉,瘦肉、有皮上肉、五花肉和排骨综合零售均价,元/500克,20.42,,,,,官方综合零售均价,,-0.0305,https://fgw.gz.gov.cn/zmhd/zsk/msjg/content/post_10709350.html
广州,2026-02-23,2026-02-23至2026-03-01（发布 2026-03-04）,主要蔬菜,32种主要蔬菜综合零售均价,元/500克,4.57,,,,,官方综合零售均价,,-0.0389,https://fgw.gz.gov.cn/zmhd/zsk/msjg/content/post_10709350.html
广州,2026-03-09,2026-03-09至2026-03-15（发布 2026-03-18）,光鸡,零售均价,元/500克,19.6,,,,,官方综合零售均价,,-0.0027,https://fgw.gz.gov.cn/zmhd/zsk/msjg/content/post_10731840.html
广州,2026-03-09,2026-03-09至2026-03-15（发布 2026-03-18）,鸡蛋,零售均价,元/500克,5.71,,,,,官方综合零售均价,,0.0013,https://fgw.gz.gov.cn/zmhd/zsk/msjg/content/post_10731840.html
广州,2026-03-09,2026-03-09至2026-03-15（发布 2026-03-18）,水产品,草鱼、鳙鱼、鲫鱼、罗非鱼和鲈鱼综合零售均价,元/500克,13.74,,,,,官方综合零售均价,,-0.0092,https://fgw.gz.gov.cn/zmhd/zsk/msjg/content/post_10731840.html
广州,2026-03-09,2026-03-09至2026-03-15（发布 2026-03-18）,猪肉,瘦肉、有皮上肉、五花肉和排骨综合零售均价,元/500克,19.76,,,,,官方综合零售均价,,-0.0117,https://fgw.gz.gov.cn/zmhd/zsk/msjg/content/post_10731840.html
广州,2026-03-09,2026-03-09至2026-03-15（发布 2026-03-18）,主要蔬菜,32种主要蔬菜综合零售均价,元/500克,4.4,,,,,官方综合零售均价,,-0.0051,https://fgw.gz.gov.cn/zmhd/zsk/msjg/content/post_10731840.html
广州,2026-03-30,2026-03-30至2026-04-05（发布 2026-04-08）,光鸡,零售均价,元/500克,19.57,,,,,官方综合零售均价,,0.001,https://fgw.gz.gov.cn/zmhd/zsk/msjg/content/post_10759942.html
广州,2026-03-30,2026-03-30至2026-04-05（发布 2026-04-08）,鸡蛋,零售均价,元/500克,5.58,,,,,官方综合零售均价,,-0.0083,https://fgw.gz.gov.cn/zmhd/zsk/msjg/content/post_10759942.html
广州,2026-03-30,2026-03-30至2026-04-05（发布 2026-04-08）,水产品,草鱼、鳙鱼、鲫鱼、罗非鱼和鲈鱼综合零售均价,元/500克,13.57,,,,,官方综合零售均价,,-0.0023,https://fgw.gz.gov.cn/zmhd/zsk/msjg/content/post_10759942.html
广州,2026-03-30,2026-03-30至2026-04-05（发布 2026-04-08）,猪肉,瘦肉、有皮上肉、五花肉和排骨综合零售均价,元/500克,19.32,,,,,官方综合零售均价,,-0.0182,https://fgw.gz.gov.cn/zmhd/zsk/msjg/content/post_10759942.html
广州,2026-03-30,2026-03-30至2026-04-05（发布 2026-04-08）,主要蔬菜,32种主要蔬菜综合零售均价,元/500克,4.26,,,,,官方综合零售均价,,-0.006,https://fgw.gz.gov.cn/zmhd/zsk/msjg/content/post_10759942.html
广州,2026-04-20,2026-04-20至2026-04-26（发布 2026-04-29）,光鸡,零售均价,元/500克,19.55,,,,,官方综合零售均价,,-0.0017,https://fgw.gz.gov.cn/zmhd/zsk/msjg/content/post_10792993.html
广州,2026-04-20,2026-04-20至2026-04-26（发布 2026-04-29）,鸡蛋,零售均价,元/500克,5.97,,,,,官方综合零售均价,,0.0364,https://fgw.gz.gov.cn/zmhd/zsk/msjg/content/post_10792993.html
广州,2026-04-20,2026-04-20至2026-04-26（发布 2026-04-29）,水产品,草鱼、鳙鱼、鲫鱼、罗非鱼和鲈鱼综合零售均价,元/500克,13.47,,,,,官方综合零售均价,,0.001,https://fgw.gz.gov.cn/zmhd/zsk/msjg/content/post_10792993.html
广州,2026-04-20,2026-04-20至2026-04-26（发布 2026-04-29）,猪肉,瘦肉、有皮上肉、五花肉和排骨综合零售均价,元/500克,18.53,,,,,官方综合零售均价,,-0.009,https://fgw.gz.gov.cn/zmhd/zsk/msjg/content/post_10792993.html
广州,2026-04-20,2026-04-20至2026-04-26（发布 2026-04-29）,主要蔬菜,32种主要蔬菜综合零售均价,元/500克,4.27,,,,,官方综合零售均价,,0.0046,https://fgw.gz.gov.cn/zmhd/zsk/msjg/content/post_10792993.html
广州,2026-06-08,2026-06-08至2026-06-14（发布 2026-06-17）,光鸡,零售均价,元/500克,19.56,,,,,官方综合零售均价,,-0.0002,https://fgw.gz.gov.cn/zmhd/zsk/msjg/content/post_10860077.html
广州,2026-06-08,2026-06-08至2026-06-14（发布 2026-06-17）,鸡蛋,零售均价,元/500克,6.53,,,,,官方综合零售均价,,0.0262,https://fgw.gz.gov.cn/zmhd/zsk/msjg/content/post_10860077.html
广州,2026-06-08,2026-06-08至2026-06-14（发布 2026-06-17）,水产品,草鱼、鳙鱼、鲫鱼、罗非鱼和鲈鱼综合零售均价,元/500克,13.59,,,,,官方综合零售均价,,-0.0015,https://fgw.gz.gov.cn/zmhd/zsk/msjg/content/post_10860077.html
广州,2026-06-08,2026-06-08至2026-06-14（发布 2026-06-17）,猪肉,瘦肉、有皮上肉、五花肉和排骨综合零售均价,元/500克,18.01,,,,,官方综合零售均价,,-0.0044,https://fgw.gz.gov.cn/zmhd/zsk/msjg/content/post_10860077.html
广州,2026-06-08,2026-06-08至2026-06-14（发布 2026-06-17）,主要蔬菜,32种主要蔬菜综合零售均价,元/500克,4.26,,,,,官方综合零售均价,,-0.0085,https://fgw.gz.gov.cn/zmhd/zsk/msjg/content/post_10860077.html
广州,2026-06-15,2026-06-15至2026-06-21（发布 2026-06-24）,光鸡,零售均价,元/500克,19.65,,,,,官方综合零售均价,,0.0045,https://fgw.gz.gov.cn/zmhd/zsk/msjg/content/post_10871019.html
广州,2026-06-15,2026-06-15至2026-06-21（发布 2026-06-24）,鸡蛋,零售均价,元/500克,6.69,,,,,官方综合零售均价,,0.0245,https://fgw.gz.gov.cn/zmhd/zsk/msjg/content/post_10871019.html
广州,2026-06-15,2026-06-15至2026-06-21（发布 2026-06-24）,水产品,草鱼、鳙鱼、鲫鱼、罗非鱼和鲈鱼综合零售均价,元/500克,13.65,,,,,官方综合零售均价,,0.0047,https://fgw.gz.gov.cn/zmhd/zsk/msjg/content/post_10871019.html
广州,2026-06-15,2026-06-15至2026-06-21（发布 2026-06-24）,猪肉,瘦肉、有皮上肉、五花肉和排骨综合零售均价,元/500克,18.01,,,,,官方综合零售均价,,0,https://fgw.gz.gov.cn/zmhd/zsk/msjg/content/post_10871019.html
广州,2026-06-15,2026-06-15至2026-06-21（发布 2026-06-24）,主要蔬菜,32种主要蔬菜综合零售均价,元/500克,4.29,,,,,官方综合零售均价,,0.0072,https://fgw.gz.gov.cn/zmhd/zsk/msjg/content/post_10871019.html
广州,2026-07-13,2026-07-13至2026-07-19（发布 2026-07-22）,光鸡,零售均价,元/500克,19.62,,,,,官方综合零售均价,,-0.0015,https://fgw.gz.gov.cn/zmhd/zsk/msjg/content/post_10912228.html
广州,2026-07-13,2026-07-13至2026-07-19（发布 2026-07-22）,鸡蛋,零售均价,元/500克,6.7,,,,,官方综合零售均价,,0.0018,https://fgw.gz.gov.cn/zmhd/zsk/msjg/content/post_10912228.html
广州,2026-07-13,2026-07-13至2026-07-19（发布 2026-07-22）,水产品,草鱼、鳙鱼、鲫鱼、罗非鱼和鲈鱼综合零售均价,元/500克,13.63,,,,,官方综合零售均价,,-0.0024,https://fgw.gz.gov.cn/zmhd/zsk/msjg/content/post_10912228.html
广州,2026-07-13,2026-07-13至2026-07-19（发布 2026-07-22）,猪肉,瘦肉、有皮上肉、五花肉和排骨综合零售均价,元/500克,18.36,,,,,官方综合零售均价,,0.0173,https://fgw.gz.gov.cn/zmhd/zsk/msjg/content/post_10912228.html
广州,2026-07-13,2026-07-13至2026-07-19（发布 2026-07-22）,主要蔬菜,32种主要蔬菜综合零售均价,元/500克,4.42,,,,,官方综合零售均价,,0.0084,https://fgw.gz.gov.cn/zmhd/zsk/msjg/content/post_10912228.html
海南,2026-07-21,2026-07-21,菜心,青梗菜，新鲜一级,元/500克,4.6052,,,,,省内公开采价点简单平均（非官方发布综合均价）,100,0,https://plan.hainan.gov.cn/sfgw/scrb/202607/57384b465f86466c8af67b60325379b9.shtml
海南,2026-07-21,2026-07-21,草鱼,鲜活,元/500克,11.675,,,,,省内公开采价点简单平均（非官方发布综合均价）,24,0,https://plan.hainan.gov.cn/sfgw/scrb/202607/57384b465f86466c8af67b60325379b9.shtml
海南,2026-07-21,2026-07-21,大白菜,黄芽菜，新鲜一级,元/500克,2.2554,,,,,省内公开采价点简单平均（非官方发布综合均价）,79,0,https://plan.hainan.gov.cn/sfgw/scrb/202607/57384b465f86466c8af67b60325379b9.shtml
海南,2026-07-21,2026-07-21,大豆油,金龙鱼，桶装一级,元/桶（5L）,55.8563,,,,,省内公开采价点简单平均（非官方发布综合均价）,32,0,https://plan.hainan.gov.cn/sfgw/scrb/202607/57384b465f86466c8af67b60325379b9.shtml
海南,2026-07-21,2026-07-21,带鱼,冰鲜,元/500克,29.576,,,,,省内公开采价点简单平均（非官方发布综合均价）,25,0,https://plan.hainan.gov.cn/sfgw/scrb/202607/57384b465f86466c8af67b60325379b9.shtml
海南,2026-07-21,2026-07-21,地瓜叶,红薯叶，新鲜一级,元/500克,2.7115,,,,,省内公开采价点简单平均（非官方发布综合均价）,92,0,https://plan.hainan.gov.cn/sfgw/scrb/202607/57384b465f86466c8af67b60325379b9.shtml
海南,2026-07-21,2026-07-21,冬瓜,新鲜一级,元/500克,2.2718,,,,,省内公开采价点简单平均（非官方发布综合均价）,100,0,https://plan.hainan.gov.cn/sfgw/scrb/202607/57384b465f86466c8af67b60325379b9.shtml
海南,2026-07-21,2026-07-21,豆角,长豆角，新鲜一级,元/500克,4.5133,,,,,省内公开采价点简单平均（非官方发布综合均价）,92,0,https://plan.hainan.gov.cn/sfgw/scrb/202607/57384b465f86466c8af67b60325379b9.shtml
海南,2026-07-21,2026-07-21,鹅肉,当地主销白条鹅,元/500克,22.4983,,,,,省内公开采价点简单平均（非官方发布综合均价）,12,0,https://plan.hainan.gov.cn/sfgw/scrb/202607/57384b465f86466c8af67b60325379b9.shtml
海南,2026-07-21,2026-07-21,海白,鲜活，20-25个/500克,元/500克,7.14,,,,,省内公开采价点简单平均（非官方发布综合均价）,32,0,https://plan.hainan.gov.cn/sfgw/scrb/202607/57384b465f86466c8af67b60325379b9.shtml
海南,2026-07-21,2026-07-21,胡萝卜,黄萝卜，新鲜一级,元/500克,2.7792,,,,,省内公开采价点简单平均（非官方发布综合均价）,100,0,https://plan.hainan.gov.cn/sfgw/scrb/202607/57384b465f86466c8af67b60325379b9.shtml
海南,2026-07-21,2026-07-21,花生油,金龙鱼，桶装一级,元/桶（5L）,115.625,,,,,省内公开采价点简单平均（非官方发布综合均价）,36,0,https://plan.hainan.gov.cn/sfgw/scrb/202607/57384b465f86466c8af67b60325379b9.shtml
海南,2026-07-21,2026-07-21,黄瓜,青瓜，新鲜一级,元/500克,3.5164,,,,,省内公开采价点简单平均（非官方发布综合均价）,100,0,https://plan.hainan.gov.cn/sfgw/scrb/202607/57384b465f86466c8af67b60325379b9.shtml
海南,2026-07-21,2026-07-21,火龙果,新鲜一级，红心,元/500克,4.362,,,,,省内公开采价点简单平均（非官方发布综合均价）,46,0,https://plan.hainan.gov.cn/sfgw/scrb/202607/57384b465f86466c8af67b60325379b9.shtml
海南,2026-07-21,2026-07-21,鸡蛋,新鲜散装　鸡场蛋,元/500克,6.3683,,,,,省内公开采价点简单平均（非官方发布综合均价）,47,0,https://plan.hainan.gov.cn/sfgw/scrb/202607/57384b465f86466c8af67b60325379b9.shtml
海南,2026-07-21,2026-07-21,鸡蛋,新鲜散装　土鸡蛋,元/500克,11.0563,,,,,省内公开采价点简单平均（非官方发布综合均价）,32,0,https://plan.hainan.gov.cn/sfgw/scrb/202607/57384b465f86466c8af67b60325379b9.shtml
海南,2026-07-21,2026-07-21,鸡肉,白条鸡、开膛普通,元/500克,13.6576,,,,,省内公开采价点简单平均（非官方发布综合均价）,33,0,https://plan.hainan.gov.cn/sfgw/scrb/202607/57384b465f86466c8af67b60325379b9.shtml
海南,2026-07-21,2026-07-21,茄子,紫长茄，新鲜一级,元/500克,3.2569,,,,,省内公开采价点简单平均（非官方发布综合均价）,97,0,https://plan.hainan.gov.cn/sfgw/scrb/202607/57384b465f86466c8af67b60325379b9.shtml
海南,2026-07-21,2026-07-21,尖椒,青尖椒，新鲜一级,元/500克,5.1414,,,,,省内公开采价点简单平均（非官方发布综合均价）,100,0,https://plan.hainan.gov.cn/sfgw/scrb/202607/57384b465f86466c8af67b60325379b9.shtml
海南,2026-07-21,2026-07-21,金线鱼,冰鲜一级,元/500克,35.18,,,,,省内公开采价点简单平均（非官方发布综合均价）,30,0,https://plan.hainan.gov.cn/sfgw/scrb/202607/57384b465f86466c8af67b60325379b9.shtml
海南,2026-07-21,2026-07-21,粳米,东北米、散装,元/500克,2.8382,,,,,省内公开采价点简单平均（非官方发布综合均价）,44,0,https://plan.hainan.gov.cn/sfgw/scrb/202607/57384b465f86466c8af67b60325379b9.shtml
海南,2026-07-21,2026-07-21,精瘦肉,鲜白猪肉,元/500克,13.4806,,,,,省内公开采价点简单平均（非官方发布综合均价）,70,0,https://plan.hainan.gov.cn/sfgw/scrb/202607/57384b465f86466c8af67b60325379b9.shtml
海南,2026-07-21,2026-07-21,精瘦肉,鲜黑猪肉,元/500克,18.6153,,,,,省内公开采价点简单平均（非官方发布综合均价）,64,0,https://plan.hainan.gov.cn/sfgw/scrb/202607/57384b465f86466c8af67b60325379b9.shtml
海南,2026-07-21,2026-07-21,韭菜,新鲜一级,元/500克,4.2828,,,,,省内公开采价点简单平均（非官方发布综合均价）,99,0,https://plan.hainan.gov.cn/sfgw/scrb/202607/57384b465f86466c8af67b60325379b9.shtml
海南,2026-07-21,2026-07-21,空心菜,通心菜，新鲜一级,元/500克,3.4465,,,,,省内公开采价点简单平均（非官方发布综合均价）,95,0,https://plan.hainan.gov.cn/sfgw/scrb/202607/57384b465f86466c8af67b60325379b9.shtml
海南,2026-07-21,2026-07-21,苦瓜,凉瓜，新鲜一级,元/500克,4.4742,,,,,省内公开采价点简单平均（非官方发布综合均价）,100,0,https://plan.hainan.gov.cn/sfgw/scrb/202607/57384b465f86466c8af67b60325379b9.shtml
海南,2026-07-21,2026-07-21,兰花蟹,鲜活，2至3只/500克,元/500克,66.7647,,,,,省内公开采价点简单平均（非官方发布综合均价）,17,0,https://plan.hainan.gov.cn/sfgw/scrb/202607/57384b465f86466c8af67b60325379b9.shtml
海南,2026-07-21,2026-07-21,肋条肉,鲜白猪肉,元/500克,13.9685,,,,,省内公开采价点简单平均（非官方发布综合均价）,71,0,https://plan.hainan.gov.cn/sfgw/scrb/202607/57384b465f86466c8af67b60325379b9.shtml
海南,2026-07-21,2026-07-21,肋条肉,鲜黑猪肉,元/500克,18.4009,,,,,省内公开采价点简单平均（非官方发布综合均价）,64,0,https://plan.hainan.gov.cn/sfgw/scrb/202607/57384b465f86466c8af67b60325379b9.shtml
海南,2026-07-21,2026-07-21,罗非鱼,鲜活，重量约2斤,元/500克,8.2088,,,,,省内公开采价点简单平均（非官方发布综合均价）,32,0,https://plan.hainan.gov.cn/sfgw/scrb/202607/57384b465f86466c8af67b60325379b9.shtml
海南,2026-07-21,2026-07-21,萝卜,白萝卜，新鲜一级,元/500克,2.3086,,,,,省内公开采价点简单平均（非官方发布综合均价）,100,0,https://plan.hainan.gov.cn/sfgw/scrb/202607/57384b465f86466c8af67b60325379b9.shtml
海南,2026-07-21,2026-07-21,面粉,富强粉,元/500克,3.1766,,,,,省内公开采价点简单平均（非官方发布综合均价）,47,0,https://plan.hainan.gov.cn/sfgw/scrb/202607/57384b465f86466c8af67b60325379b9.shtml
海南,2026-07-21,2026-07-21,木瓜,新鲜一级,元/500克,3.0377,,,,,省内公开采价点简单平均（非官方发布综合均价）,35,0,https://plan.hainan.gov.cn/sfgw/scrb/202607/57384b465f86466c8af67b60325379b9.shtml
海南,2026-07-21,2026-07-21,牛肉,去骨净肉,元/500克,51.9705,,,,,省内公开采价点简单平均（非官方发布综合均价）,41,0,https://plan.hainan.gov.cn/sfgw/scrb/202607/57384b465f86466c8af67b60325379b9.shtml
海南,2026-07-21,2026-07-21,排骨,鲜白猪肉,元/500克,25.7454,,,,,省内公开采价点简单平均（非官方发布综合均价）,70,0,https://plan.hainan.gov.cn/sfgw/scrb/202607/57384b465f86466c8af67b60325379b9.shtml
海南,2026-07-21,2026-07-21,排骨,鲜黑猪肉,元/500克,34.0372,,,,,省内公开采价点简单平均（非官方发布综合均价）,64,0,https://plan.hainan.gov.cn/sfgw/scrb/202607/57384b465f86466c8af67b60325379b9.shtml
海南,2026-07-21,2026-07-21,苹果,红富士,元/500克,7.8057,,,,,省内公开采价点简单平均（非官方发布综合均价）,47,0,https://plan.hainan.gov.cn/sfgw/scrb/202607/57384b465f86466c8af67b60325379b9.shtml
海南,2026-07-21,2026-07-21,芹菜,西芹，新鲜一级,元/500克,3.8556,,,,,省内公开采价点简单平均（非官方发布综合均价）,100,0,https://plan.hainan.gov.cn/sfgw/scrb/202607/57384b465f86466c8af67b60325379b9.shtml
海南,2026-07-21,2026-07-21,青椒,青圆椒，新鲜一级,元/500克,4.8106,,,,,省内公开采价点简单平均（非官方发布综合均价）,100,0,https://plan.hainan.gov.cn/sfgw/scrb/202607/57384b465f86466c8af67b60325379b9.shtml
海南,2026-07-21,2026-07-21,上海青,瓢儿白，新鲜一级,元/500克,3.5484,,,,,省内公开采价点简单平均（非官方发布综合均价）,100,0,https://plan.hainan.gov.cn/sfgw/scrb/202607/57384b465f86466c8af67b60325379b9.shtml
海南,2026-07-21,2026-07-21,生菜,包饭菜，新鲜一级,元/500克,3.7818,,,,,省内公开采价点简单平均（非官方发布综合均价）,100,0,https://plan.hainan.gov.cn/sfgw/scrb/202607/57384b465f86466c8af67b60325379b9.shtml
海南,2026-07-21,2026-07-21,石斑鱼,鲜活，重量约2斤,元/500克,35.4056,,,,,省内公开采价点简单平均（非官方发布综合均价）,18,0,https://plan.hainan.gov.cn/sfgw/scrb/202607/57384b465f86466c8af67b60325379b9.shtml
海南,2026-07-21,2026-07-21,食用调和油,金龙鱼二代，桶装一级,元/桶（5L）,66.9556,,,,,省内公开采价点简单平均（非官方发布综合均价）,45,0,https://plan.hainan.gov.cn/sfgw/scrb/202607/57384b465f86466c8af67b60325379b9.shtml
海南,2026-07-21,2026-07-21,蒜苔,蒜薹，新鲜一级,元/500克,6.7249,,,,,省内公开采价点简单平均（非官方发布综合均价）,98,0,https://plan.hainan.gov.cn/sfgw/scrb/202607/57384b465f86466c8af67b60325379b9.shtml
海南,2026-07-21,2026-07-21,土豆,马铃薯，新鲜一级,元/500克,2.8642,,,,,省内公开采价点简单平均（非官方发布综合均价）,100,0,https://plan.hainan.gov.cn/sfgw/scrb/202607/57384b465f86466c8af67b60325379b9.shtml
海南,2026-07-21,2026-07-21,晚籼米,海南产、散装、本地米,元/500克,2.8578,,,,,省内公开采价点简单平均（非官方发布综合均价）,36,0,https://plan.hainan.gov.cn/sfgw/scrb/202607/57384b465f86466c8af67b60325379b9.shtml
海南,2026-07-21,2026-07-21,文昌鸡肉,白条鸡，开膛普通,元/500克,17.5388,,,,,省内公开采价点简单平均（非官方发布综合均价）,33,0,https://plan.hainan.gov.cn/sfgw/scrb/202607/57384b465f86466c8af67b60325379b9.shtml
海南,2026-07-21,2026-07-21,西瓜,麒麟瓜，新鲜一级,元/500克,3.4834,,,,,省内公开采价点简单平均（非官方发布综合均价）,47,0,https://plan.hainan.gov.cn/sfgw/scrb/202607/57384b465f86466c8af67b60325379b9.shtml
海南,2026-07-21,2026-07-21,西红柿,番茄，新鲜一级,元/500克,4.2036,,,,,省内公开采价点简单平均（非官方发布综合均价）,100,0,https://plan.hainan.gov.cn/sfgw/scrb/202607/57384b465f86466c8af67b60325379b9.shtml
海南,2026-07-21,2026-07-21,虾,鲜活，25-30尾/斤,元/500克,29.9469,,,,,省内公开采价点简单平均（非官方发布综合均价）,32,0,https://plan.hainan.gov.cn/sfgw/scrb/202607/57384b465f86466c8af67b60325379b9.shtml
海南,2026-07-21,2026-07-21,香蕉,本地产、新鲜一级,元/500克,3.4169,,,,,省内公开采价点简单平均（非官方发布综合均价）,45,0,https://plan.hainan.gov.cn/sfgw/scrb/202607/57384b465f86466c8af67b60325379b9.shtml
海南,2026-07-21,2026-07-21,小白菜,金丝白，新鲜一级,元/500克,3.9901,,,,,省内公开采价点简单平均（非官方发布综合均价）,99,0,https://plan.hainan.gov.cn/sfgw/scrb/202607/57384b465f86466c8af67b60325379b9.shtml
海南,2026-07-21,2026-07-21,鸭蛋,新鲜散装　当地主销,元/500克,8.1452,,,,,省内公开采价点简单平均（非官方发布综合均价）,31,0,https://plan.hainan.gov.cn/sfgw/scrb/202607/57384b465f86466c8af67b60325379b9.shtml
海南,2026-07-21,2026-07-21,鸭肉,当地主销白条鸭,元/500克,10.8971,,,,,省内公开采价点简单平均（非官方发布综合均价）,34,0,https://plan.hainan.gov.cn/sfgw/scrb/202607/57384b465f86466c8af67b60325379b9.shtml
海南,2026-07-21,2026-07-21,羊肉,带骨鲜肉,元/500克,50.4107,,,,,省内公开采价点简单平均（非官方发布综合均价）,28,0,https://plan.hainan.gov.cn/sfgw/scrb/202607/57384b465f86466c8af67b60325379b9.shtml
海南,2026-07-21,2026-07-21,椰子,新鲜青椰，未剥皮,元/个,7.52,,,,,省内公开采价点简单平均（非官方发布综合均价）,25,0,https://plan.hainan.gov.cn/sfgw/scrb/202607/57384b465f86466c8af67b60325379b9.shtml
海南,2026-07-21,2026-07-21,圆白菜,包菜，新鲜一级,元/500克,2.5434,,,,,省内公开采价点简单平均（非官方发布综合均价）,100,0,https://plan.hainan.gov.cn/sfgw/scrb/202607/57384b465f86466c8af67b60325379b9.shtml
海南,2026-07-22,2026-07-22,菜心,青梗菜，新鲜一级,元/500克,4.6605,0.0553,0.012008,,,省内公开采价点简单平均（非官方发布综合均价）,101,0,https://plan.hainan.gov.cn/sfgw/scrb/202607/978c6a15df774dfd8d6166e9385f08aa.shtml
海南,2026-07-22,2026-07-22,草鱼,鲜活,元/500克,11.7478,0.0728,0.006236,,,省内公开采价点简单平均（非官方发布综合均价）,23,0,https://plan.hainan.gov.cn/sfgw/scrb/202607/978c6a15df774dfd8d6166e9385f08aa.shtml
海南,2026-07-22,2026-07-22,大白菜,黄芽菜，新鲜一级,元/500克,2.2972,0.0418,0.018533,,,省内公开采价点简单平均（非官方发布综合均价）,79,0,https://plan.hainan.gov.cn/sfgw/scrb/202607/978c6a15df774dfd8d6166e9385f08aa.shtml
海南,2026-07-22,2026-07-22,大豆油,金龙鱼，桶装一级,元/桶（5L）,55.8563,0,0,,,省内公开采价点简单平均（非官方发布综合均价）,32,0,https://plan.hainan.gov.cn/sfgw/scrb/202607/978c6a15df774dfd8d6166e9385f08aa.shtml
海南,2026-07-22,2026-07-22,带鱼,冰鲜,元/500克,29.6308,0.0548,0.001853,,,省内公开采价点简单平均（非官方发布综合均价）,26,0,https://plan.hainan.gov.cn/sfgw/scrb/202607/978c6a15df774dfd8d6166e9385f08aa.shtml
海南,2026-07-22,2026-07-22,地瓜叶,红薯叶，新鲜一级,元/500克,2.7144,0.0029,0.00107,,,省内公开采价点简单平均（非官方发布综合均价）,94,0,https://plan.hainan.gov.cn/sfgw/scrb/202607/978c6a15df774dfd8d6166e9385f08aa.shtml
海南,2026-07-22,2026-07-22,冬瓜,新鲜一级,元/500克,2.3135,0.0417,0.018355,,,省内公开采价点简单平均（非官方发布综合均价）,101,0,https://plan.hainan.gov.cn/sfgw/scrb/202607/978c6a15df774dfd8d6166e9385f08aa.shtml
海南,2026-07-22,2026-07-22,豆角,长豆角，新鲜一级,元/500克,4.5339,0.0206,0.004564,,,省内公开采价点简单平均（非官方发布综合均价）,95,0,https://plan.hainan.gov.cn/sfgw/scrb/202607/978c6a15df774dfd8d6166e9385f08aa.shtml
海南,2026-07-22,2026-07-22,鹅肉,当地主销白条鹅,元/500克,22.5817,0.0834,0.003707,,,省内公开采价点简单平均（非官方发布综合均价）,12,0,https://plan.hainan.gov.cn/sfgw/scrb/202607/978c6a15df774dfd8d6166e9385f08aa.shtml
海南,2026-07-22,2026-07-22,海白,鲜活，20-25个/500克,元/500克,7.14,0,0,,,省内公开采价点简单平均（非官方发布综合均价）,32,0,https://plan.hainan.gov.cn/sfgw/scrb/202607/978c6a15df774dfd8d6166e9385f08aa.shtml
海南,2026-07-22,2026-07-22,胡萝卜,黄萝卜，新鲜一级,元/500克,2.8398,0.0606,0.021805,,,省内公开采价点简单平均（非官方发布综合均价）,101,0,https://plan.hainan.gov.cn/sfgw/scrb/202607/978c6a15df774dfd8d6166e9385f08aa.shtml
海南,2026-07-22,2026-07-22,花生油,金龙鱼，桶装一级,元/桶（5L）,115.625,0,0,,,省内公开采价点简单平均（非官方发布综合均价）,36,0,https://plan.hainan.gov.cn/sfgw/scrb/202607/978c6a15df774dfd8d6166e9385f08aa.shtml
海南,2026-07-22,2026-07-22,黄瓜,青瓜，新鲜一级,元/500克,3.6143,0.0979,0.027841,,,省内公开采价点简单平均（非官方发布综合均价）,101,0,https://plan.hainan.gov.cn/sfgw/scrb/202607/978c6a15df774dfd8d6166e9385f08aa.shtml
海南,2026-07-22,2026-07-22,火龙果,新鲜一级，红心,元/500克,4.3446,-0.0174,-0.003989,,,省内公开采价点简单平均（非官方发布综合均价）,46,0,https://plan.hainan.gov.cn/sfgw/scrb/202607/978c6a15df774dfd8d6166e9385f08aa.shtml
海南,2026-07-22,2026-07-22,鸡蛋,新鲜散装　鸡场蛋,元/500克,6.3747,0.0064,0.001005,,,省内公开采价点简单平均（非官方发布综合均价）,47,0,https://plan.hainan.gov.cn/sfgw/scrb/202607/978c6a15df774dfd8d6166e9385f08aa.shtml
海南,2026-07-22,2026-07-22,鸡蛋,新鲜散装　土鸡蛋,元/500克,11.0563,0,0,,,省内公开采价点简单平均（非官方发布综合均价）,32,0,https://plan.hainan.gov.cn/sfgw/scrb/202607/978c6a15df774dfd8d6166e9385f08aa.shtml
海南,2026-07-22,2026-07-22,鸡肉,白条鸡、开膛普通,元/500克,13.7758,0.1182,0.008655,,,省内公开采价点简单平均（非官方发布综合均价）,33,0,https://plan.hainan.gov.cn/sfgw/scrb/202607/978c6a15df774dfd8d6166e9385f08aa.shtml
海南,2026-07-22,2026-07-22,茄子,紫长茄，新鲜一级,元/500克,3.2927,0.0358,0.010992,,,省内公开采价点简单平均（非官方发布综合均价）,96,0,https://plan.hainan.gov.cn/sfgw/scrb/202607/978c6a15df774dfd8d6166e9385f08aa.shtml
海南,2026-07-22,2026-07-22,尖椒,青尖椒，新鲜一级,元/500克,5.1816,0.0402,0.007819,,,省内公开采价点简单平均（非官方发布综合均价）,101,0,https://plan.hainan.gov.cn/sfgw/scrb/202607/978c6a15df774dfd8d6166e9385f08aa.shtml
海南,2026-07-22,2026-07-22,金线鱼,冰鲜一级,元/500克,35.18,0,0,,,省内公开采价点简单平均（非官方发布综合均价）,30,0,https://plan.hainan.gov.cn/sfgw/scrb/202607/978c6a15df774dfd8d6166e9385f08aa.shtml
海南,2026-07-22,2026-07-22,粳米,东北米、散装,元/500克,2.8382,0,0,,,省内公开采价点简单平均（非官方发布综合均价）,44,0,https://plan.hainan.gov.cn/sfgw/scrb/202607/978c6a15df774dfd8d6166e9385f08aa.shtml
海南,2026-07-22,2026-07-22,精瘦肉,鲜白猪肉,元/500克,13.4806,0,0,,,省内公开采价点简单平均（非官方发布综合均价）,70,0,https://plan.hainan.gov.cn/sfgw/scrb/202607/978c6a15df774dfd8d6166e9385f08aa.shtml
海南,2026-07-22,2026-07-22,精瘦肉,鲜黑猪肉,元/500克,18.5997,-0.0156,-0.000838,,,省内公开采价点简单平均（非官方发布综合均价）,64,0,https://plan.hainan.gov.cn/sfgw/scrb/202607/978c6a15df774dfd8d6166e9385f08aa.shtml
海南,2026-07-22,2026-07-22,韭菜,新鲜一级,元/500克,4.3471,0.0643,0.015014,,,省内公开采价点简单平均（非官方发布综合均价）,97,0,https://plan.hainan.gov.cn/sfgw/scrb/202607/978c6a15df774dfd8d6166e9385f08aa.shtml
海南,2026-07-22,2026-07-22,空心菜,通心菜，新鲜一级,元/500克,3.5199,0.0734,0.021297,,,省内公开采价点简单平均（非官方发布综合均价）,96,0,https://plan.hainan.gov.cn/sfgw/scrb/202607/978c6a15df774dfd8d6166e9385f08aa.shtml
海南,2026-07-22,2026-07-22,苦瓜,凉瓜，新鲜一级,元/500克,4.4952,0.021,0.004694,,,省内公开采价点简单平均（非官方发布综合均价）,101,0,https://plan.hainan.gov.cn/sfgw/scrb/202607/978c6a15df774dfd8d6166e9385f08aa.shtml
海南,2026-07-22,2026-07-22,兰花蟹,鲜活，2至3只/500克,元/500克,65.8333,-0.9314,-0.01395,,,省内公开采价点简单平均（非官方发布综合均价）,18,0,https://plan.hainan.gov.cn/sfgw/scrb/202607/978c6a15df774dfd8d6166e9385f08aa.shtml
海南,2026-07-22,2026-07-22,肋条肉,鲜白猪肉,元/500克,13.9262,-0.0423,-0.003028,,,省内公开采价点简单平均（非官方发布综合均价）,71,0,https://plan.hainan.gov.cn/sfgw/scrb/202607/978c6a15df774dfd8d6166e9385f08aa.shtml
海南,2026-07-22,2026-07-22,肋条肉,鲜黑猪肉,元/500克,18.3541,-0.0468,-0.002543,,,省内公开采价点简单平均（非官方发布综合均价）,64,0,https://plan.hainan.gov.cn/sfgw/scrb/202607/978c6a15df774dfd8d6166e9385f08aa.shtml
海南,2026-07-22,2026-07-22,罗非鱼,鲜活，重量约2斤,元/500克,8.2088,0,0,,,省内公开采价点简单平均（非官方发布综合均价）,32,0,https://plan.hainan.gov.cn/sfgw/scrb/202607/978c6a15df774dfd8d6166e9385f08aa.shtml
海南,2026-07-22,2026-07-22,萝卜,白萝卜，新鲜一级,元/500克,2.3739,0.0653,0.028286,,,省内公开采价点简单平均（非官方发布综合均价）,101,0,https://plan.hainan.gov.cn/sfgw/scrb/202607/978c6a15df774dfd8d6166e9385f08aa.shtml
海南,2026-07-22,2026-07-22,面粉,富强粉,元/500克,3.2126,0.036,0.011333,,,省内公开采价点简单平均（非官方发布综合均价）,47,0,https://plan.hainan.gov.cn/sfgw/scrb/202607/978c6a15df774dfd8d6166e9385f08aa.shtml
海南,2026-07-22,2026-07-22,木瓜,新鲜一级,元/500克,3.0377,0,0,,,省内公开采价点简单平均（非官方发布综合均价）,35,0,https://plan.hainan.gov.cn/sfgw/scrb/202607/978c6a15df774dfd8d6166e9385f08aa.shtml
海南,2026-07-22,2026-07-22,牛肉,去骨净肉,元/500克,52.0924,0.1219,0.002346,,,省内公开采价点简单平均（非官方发布综合均价）,41,0,https://plan.hainan.gov.cn/sfgw/scrb/202607/978c6a15df774dfd8d6166e9385f08aa.shtml
海南,2026-07-22,2026-07-22,排骨,鲜白猪肉,元/500克,25.7454,0,0,,,省内公开采价点简单平均（非官方发布综合均价）,70,0,https://plan.hainan.gov.cn/sfgw/scrb/202607/978c6a15df774dfd8d6166e9385f08aa.shtml
海南,2026-07-22,2026-07-22,排骨,鲜黑猪肉,元/500克,34.0372,0,0,,,省内公开采价点简单平均（非官方发布综合均价）,64,0,https://plan.hainan.gov.cn/sfgw/scrb/202607/978c6a15df774dfd8d6166e9385f08aa.shtml
海南,2026-07-22,2026-07-22,苹果,红富士,元/500克,7.8057,0,0,,,省内公开采价点简单平均（非官方发布综合均价）,47,0,https://plan.hainan.gov.cn/sfgw/scrb/202607/978c6a15df774dfd8d6166e9385f08aa.shtml
海南,2026-07-22,2026-07-22,芹菜,西芹，新鲜一级,元/500克,3.9126,0.057,0.014784,,,省内公开采价点简单平均（非官方发布综合均价）,100,0,https://plan.hainan.gov.cn/sfgw/scrb/202607/978c6a15df774dfd8d6166e9385f08aa.shtml
海南,2026-07-22,2026-07-22,青椒,青圆椒，新鲜一级,元/500克,4.9283,0.1177,0.024467,,,省内公开采价点简单平均（非官方发布综合均价）,101,0,https://plan.hainan.gov.cn/sfgw/scrb/202607/978c6a15df774dfd8d6166e9385f08aa.shtml
海南,2026-07-22,2026-07-22,上海青,瓢儿白，新鲜一级,元/500克,3.6417,0.0933,0.026294,,,省内公开采价点简单平均（非官方发布综合均价）,99,0,https://plan.hainan.gov.cn/sfgw/scrb/202607/978c6a15df774dfd8d6166e9385f08aa.shtml
海南,2026-07-22,2026-07-22,生菜,包饭菜，新鲜一级,元/500克,3.8779,0.0961,0.025411,,,省内公开采价点简单平均（非官方发布综合均价）,101,0,https://plan.hainan.gov.cn/sfgw/scrb/202607/978c6a15df774dfd8d6166e9385f08aa.shtml
海南,2026-07-22,2026-07-22,石斑鱼,鲜活，重量约2斤,元/500克,35.4056,0,0,,,省内公开采价点简单平均（非官方发布综合均价）,18,0,https://plan.hainan.gov.cn/sfgw/scrb/202607/978c6a15df774dfd8d6166e9385f08aa.shtml
海南,2026-07-22,2026-07-22,食用调和油,金龙鱼二代，桶装一级,元/桶（5L）,66.9556,0,0,,,省内公开采价点简单平均（非官方发布综合均价）,45,0,https://plan.hainan.gov.cn/sfgw/scrb/202607/978c6a15df774dfd8d6166e9385f08aa.shtml
海南,2026-07-22,2026-07-22,蒜苔,蒜薹，新鲜一级,元/500克,6.8667,0.1418,0.021086,,,省内公开采价点简单平均（非官方发布综合均价）,92,0,https://plan.hainan.gov.cn/sfgw/scrb/202607/978c6a15df774dfd8d6166e9385f08aa.shtml
海南,2026-07-22,2026-07-22,土豆,马铃薯，新鲜一级,元/500克,2.899,0.0348,0.01215,,,省内公开采价点简单平均（非官方发布综合均价）,101,0,https://plan.hainan.gov.cn/sfgw/scrb/202607/978c6a15df774dfd8d6166e9385f08aa.shtml
海南,2026-07-22,2026-07-22,晚籼米,海南产、散装、本地米,元/500克,2.8578,0,0,,,省内公开采价点简单平均（非官方发布综合均价）,36,0,https://plan.hainan.gov.cn/sfgw/scrb/202607/978c6a15df774dfd8d6166e9385f08aa.shtml
海南,2026-07-22,2026-07-22,文昌鸡肉,白条鸡，开膛普通,元/500克,17.4176,-0.1212,-0.00691,,,省内公开采价点简单平均（非官方发布综合均价）,33,0,https://plan.hainan.gov.cn/sfgw/scrb/202607/978c6a15df774dfd8d6166e9385f08aa.shtml
海南,2026-07-22,2026-07-22,西瓜,麒麟瓜，新鲜一级,元/500克,3.5111,0.0277,0.007952,,,省内公开采价点简单平均（非官方发布综合均价）,47,0,https://plan.hainan.gov.cn/sfgw/scrb/202607/978c6a15df774dfd8d6166e9385f08aa.shtml
海南,2026-07-22,2026-07-22,西红柿,番茄，新鲜一级,元/500克,4.2422,0.0386,0.009183,,,省内公开采价点简单平均（非官方发布综合均价）,101,0,https://plan.hainan.gov.cn/sfgw/scrb/202607/978c6a15df774dfd8d6166e9385f08aa.shtml
海南,2026-07-22,2026-07-22,虾,鲜活，25-30尾/斤,元/500克,29.8806,-0.0663,-0.002214,,,省内公开采价点简单平均（非官方发布综合均价）,31,0,https://plan.hainan.gov.cn/sfgw/scrb/202607/978c6a15df774dfd8d6166e9385f08aa.shtml
海南,2026-07-22,2026-07-22,香蕉,本地产、新鲜一级,元/500克,3.4041,-0.0128,-0.003746,,,省内公开采价点简单平均（非官方发布综合均价）,44,0,https://plan.hainan.gov.cn/sfgw/scrb/202607/978c6a15df774dfd8d6166e9385f08aa.shtml
海南,2026-07-22,2026-07-22,小白菜,金丝白，新鲜一级,元/500克,4.0472,0.0571,0.01431,,,省内公开采价点简单平均（非官方发布综合均价）,100,0,https://plan.hainan.gov.cn/sfgw/scrb/202607/978c6a15df774dfd8d6166e9385f08aa.shtml
海南,2026-07-22,2026-07-22,鸭蛋,新鲜散装　当地主销,元/500克,8.2156,0.0704,0.008643,,,省内公开采价点简单平均（非官方发布综合均价）,32,0,https://plan.hainan.gov.cn/sfgw/scrb/202607/978c6a15df774dfd8d6166e9385f08aa.shtml
海南,2026-07-22,2026-07-22,鸭肉,当地主销白条鸭,元/500克,10.8971,0,0,,,省内公开采价点简单平均（非官方发布综合均价）,34,0,https://plan.hainan.gov.cn/sfgw/scrb/202607/978c6a15df774dfd8d6166e9385f08aa.shtml
海南,2026-07-22,2026-07-22,羊肉,带骨鲜肉,元/500克,50.4107,0,0,,,省内公开采价点简单平均（非官方发布综合均价）,28,0,https://plan.hainan.gov.cn/sfgw/scrb/202607/978c6a15df774dfd8d6166e9385f08aa.shtml
海南,2026-07-22,2026-07-22,椰子,新鲜青椰，未剥皮,元/个,7.52,0,0,,,省内公开采价点简单平均（非官方发布综合均价）,25,0,https://plan.hainan.gov.cn/sfgw/scrb/202607/978c6a15df774dfd8d6166e9385f08aa.shtml
海南,2026-07-22,2026-07-22,圆白菜,包菜，新鲜一级,元/500克,2.6204,0.077,0.030274,,,省内公开采价点简单平均（非官方发布综合均价）,100,0,https://plan.hainan.gov.cn/sfgw/scrb/202607/978c6a15df774dfd8d6166e9385f08aa.shtml
吉林省,2026-01-14,2026年1月上半月吉林省农产品市场价格（发布 2026-01-14）,白菜,市场平均价,元/500克,1.15,,,,,全省14个农产品价格监测基点县采集的市场平均价格,14,,https://agri.jl.gov.cn/zt/nywsp/nypf/202601/t20260114_3545677.html
吉林省,2026-01-14,2026年1月上半月吉林省农产品市场价格（发布 2026-01-14）,菜椒,市场平均价,元/500克,3.62,,,,,全省14个农产品价格监测基点县采集的市场平均价格,14,,https://agri.jl.gov.cn/zt/nywsp/nypf/202601/t20260114_3545677.html
吉林省,2026-01-14,2026年1月上半月吉林省农产品市场价格（发布 2026-01-14）,大豆,市场平均价,元/500克,1.84,,,,,全省14个农产品价格监测基点县采集的市场平均价格,14,,https://agri.jl.gov.cn/zt/nywsp/nypf/202601/t20260114_3545677.html
吉林省,2026-01-14,2026年1月上半月吉林省农产品市场价格（发布 2026-01-14）,黄瓜,市场平均价,元/500克,3.24,,,,,全省14个农产品价格监测基点县采集的市场平均价格,14,,https://agri.jl.gov.cn/zt/nywsp/nypf/202601/t20260114_3545677.html
吉林省,2026-01-14,2026年1月上半月吉林省农产品市场价格（发布 2026-01-14）,粳稻,市场平均价,元/500克,1.59,,,,,全省14个农产品价格监测基点县采集的市场平均价格,14,,https://agri.jl.gov.cn/zt/nywsp/nypf/202601/t20260114_3545677.html
吉林省,2026-01-14,2026年1月上半月吉林省农产品市场价格（发布 2026-01-14）,土豆,市场平均价,元/500克,1.52,,,,,全省14个农产品价格监测基点县采集的市场平均价格,14,,https://agri.jl.gov.cn/zt/nywsp/nypf/202601/t20260114_3545677.html
吉林省,2026-01-14,2026年1月上半月吉林省农产品市场价格（发布 2026-01-14）,西红柿,市场平均价,元/500克,3.53,,,,,全省14个农产品价格监测基点县采集的市场平均价格,14,,https://agri.jl.gov.cn/zt/nywsp/nypf/202601/t20260114_3545677.html
吉林省,2026-01-14,2026年1月上半月吉林省农产品市场价格（发布 2026-01-14）,玉米,市场平均价,元/500克,1.04,,,,,全省14个农产品价格监测基点县采集的市场平均价格,14,,https://agri.jl.gov.cn/zt/nywsp/nypf/202601/t20260114_3545677.html
吉林省,2026-01-30,2026年1月下半月吉林省农产品市场价格（发布 2026-01-30）,白菜,市场平均价,元/500克,1.18,,,,,全省14个农产品价格监测基点县采集的市场平均价格,14,,https://agri.jl.gov.cn/zt/nywsp/nypf/202601/t20260130_3551501.html
吉林省,2026-01-30,2026年1月下半月吉林省农产品市场价格（发布 2026-01-30）,菜椒,市场平均价,元/500克,3.69,,,,,全省14个农产品价格监测基点县采集的市场平均价格,14,,https://agri.jl.gov.cn/zt/nywsp/nypf/202601/t20260130_3551501.html
吉林省,2026-01-30,2026年1月下半月吉林省农产品市场价格（发布 2026-01-30）,大豆,市场平均价,元/500克,1.85,,,,,全省14个农产品价格监测基点县采集的市场平均价格,14,,https://agri.jl.gov.cn/zt/nywsp/nypf/202601/t20260130_3551501.html
吉林省,2026-01-30,2026年1月下半月吉林省农产品市场价格（发布 2026-01-30）,黄瓜,市场平均价,元/500克,3.4,,,,,全省14个农产品价格监测基点县采集的市场平均价格,14,,https://agri.jl.gov.cn/zt/nywsp/nypf/202601/t20260130_3551501.html
吉林省,2026-01-30,2026年1月下半月吉林省农产品市场价格（发布 2026-01-30）,粳稻,市场平均价,元/500克,1.59,,,,,全省14个农产品价格监测基点县采集的市场平均价格,14,,https://agri.jl.gov.cn/zt/nywsp/nypf/202601/t20260130_3551501.html
吉林省,2026-01-30,2026年1月下半月吉林省农产品市场价格（发布 2026-01-30）,土豆,市场平均价,元/500克,1.52,,,,,全省14个农产品价格监测基点县采集的市场平均价格,14,,https://agri.jl.gov.cn/zt/nywsp/nypf/202601/t20260130_3551501.html
吉林省,2026-01-30,2026年1月下半月吉林省农产品市场价格（发布 2026-01-30）,西红柿,市场平均价,元/500克,3.67,,,,,全省14个农产品价格监测基点县采集的市场平均价格,14,,https://agri.jl.gov.cn/zt/nywsp/nypf/202601/t20260130_3551501.html
吉林省,2026-01-30,2026年1月下半月吉林省农产品市场价格（发布 2026-01-30）,玉米,市场平均价,元/500克,1.05,,,,,全省14个农产品价格监测基点县采集的市场平均价格,14,,https://agri.jl.gov.cn/zt/nywsp/nypf/202601/t20260130_3551501.html
吉林省,2026-02-12,2026年2月上半月吉林省农产品市场价格（发布 2026-02-12）,白菜,市场平均价,元/500克,1.24,,,,,全省14个农产品价格监测基点县采集的市场平均价格,14,,https://agri.jl.gov.cn/zt/nywsp/nypf/202602/t20260212_3554339.html
吉林省,2026-02-12,2026年2月上半月吉林省农产品市场价格（发布 2026-02-12）,菜椒,市场平均价,元/500克,3.89,,,,,全省14个农产品价格监测基点县采集的市场平均价格,14,,https://agri.jl.gov.cn/zt/nywsp/nypf/202602/t20260212_3554339.html
吉林省,2026-02-12,2026年2月上半月吉林省农产品市场价格（发布 2026-02-12）,大豆,市场平均价,元/500克,1.86,,,,,全省14个农产品价格监测基点县采集的市场平均价格,14,,https://agri.jl.gov.cn/zt/nywsp/nypf/202602/t20260212_3554339.html
吉林省,2026-02-12,2026年2月上半月吉林省农产品市场价格（发布 2026-02-12）,黄瓜,市场平均价,元/500克,3.62,,,,,全省14个农产品价格监测基点县采集的市场平均价格,14,,https://agri.jl.gov.cn/zt/nywsp/nypf/202602/t20260212_3554339.html
吉林省,2026-02-12,2026年2月上半月吉林省农产品市场价格（发布 2026-02-12）,粳稻,市场平均价,元/500克,1.6,,,,,全省14个农产品价格监测基点县采集的市场平均价格,14,,https://agri.jl.gov.cn/zt/nywsp/nypf/202602/t20260212_3554339.html
吉林省,2026-02-12,2026年2月上半月吉林省农产品市场价格（发布 2026-02-12）,土豆,市场平均价,元/500克,1.59,,,,,全省14个农产品价格监测基点县采集的市场平均价格,14,,https://agri.jl.gov.cn/zt/nywsp/nypf/202602/t20260212_3554339.html
吉林省,2026-02-12,2026年2月上半月吉林省农产品市场价格（发布 2026-02-12）,西红柿,市场平均价,元/500克,3.92,,,,,全省14个农产品价格监测基点县采集的市场平均价格,14,,https://agri.jl.gov.cn/zt/nywsp/nypf/202602/t20260212_3554339.html
吉林省,2026-02-12,2026年2月上半月吉林省农产品市场价格（发布 2026-02-12）,玉米,市场平均价,元/500克,1.05,,,,,全省14个农产品价格监测基点县采集的市场平均价格,14,,https://agri.jl.gov.cn/zt/nywsp/nypf/202602/t20260212_3554339.html
吉林省,2026-02-28,2026年2月下半月吉林省农产品市场价格（发布 2026-02-28）,白菜,市场平均价,元/500克,1.3,,,,,全省14个农产品价格监测基点县采集的市场平均价格,14,,https://agri.jl.gov.cn/zt/nywsp/nypf/202602/t20260228_3579122.html
吉林省,2026-02-28,2026年2月下半月吉林省农产品市场价格（发布 2026-02-28）,菜椒,市场平均价,元/500克,3.93,,,,,全省14个农产品价格监测基点县采集的市场平均价格,14,,https://agri.jl.gov.cn/zt/nywsp/nypf/202602/t20260228_3579122.html
吉林省,2026-02-28,2026年2月下半月吉林省农产品市场价格（发布 2026-02-28）,大豆,市场平均价,元/500克,1.87,,,,,全省14个农产品价格监测基点县采集的市场平均价格,14,,https://agri.jl.gov.cn/zt/nywsp/nypf/202602/t20260228_3579122.html
吉林省,2026-02-28,2026年2月下半月吉林省农产品市场价格（发布 2026-02-28）,黄瓜,市场平均价,元/500克,3.6,,,,,全省14个农产品价格监测基点县采集的市场平均价格,14,,https://agri.jl.gov.cn/zt/nywsp/nypf/202602/t20260228_3579122.html
吉林省,2026-02-28,2026年2月下半月吉林省农产品市场价格（发布 2026-02-28）,粳稻,市场平均价,元/500克,1.6,,,,,全省14个农产品价格监测基点县采集的市场平均价格,14,,https://agri.jl.gov.cn/zt/nywsp/nypf/202602/t20260228_3579122.html
吉林省,2026-02-28,2026年2月下半月吉林省农产品市场价格（发布 2026-02-28）,土豆,市场平均价,元/500克,1.59,,,,,全省14个农产品价格监测基点县采集的市场平均价格,14,,https://agri.jl.gov.cn/zt/nywsp/nypf/202602/t20260228_3579122.html
吉林省,2026-02-28,2026年2月下半月吉林省农产品市场价格（发布 2026-02-28）,西红柿,市场平均价,元/500克,3.67,,,,,全省14个农产品价格监测基点县采集的市场平均价格,14,,https://agri.jl.gov.cn/zt/nywsp/nypf/202602/t20260228_3579122.html
吉林省,2026-02-28,2026年2月下半月吉林省农产品市场价格（发布 2026-02-28）,玉米,市场平均价,元/500克,1.06,,,,,全省14个农产品价格监测基点县采集的市场平均价格,14,,https://agri.jl.gov.cn/zt/nywsp/nypf/202602/t20260228_3579122.html
吉林省,2026-04-01,2026年3月下半月吉林省农产品市场价格（发布 2026-04-01）,白菜,市场平均价,元/500克,1.28,,,,,全省14个农产品价格监测基点县采集的市场平均价格,14,,https://agri.jl.gov.cn/zt/nywsp/nypf/202604/t20260401_3599662.html
吉林省,2026-04-01,2026年3月下半月吉林省农产品市场价格（发布 2026-04-01）,菜椒,市场平均价,元/500克,3.85,,,,,全省14个农产品价格监测基点县采集的市场平均价格,14,,https://agri.jl.gov.cn/zt/nywsp/nypf/202604/t20260401_3599662.html
吉林省,2026-04-01,2026年3月下半月吉林省农产品市场价格（发布 2026-04-01）,大豆,市场平均价,元/500克,1.93,,,,,全省14个农产品价格监测基点县采集的市场平均价格,14,,https://agri.jl.gov.cn/zt/nywsp/nypf/202604/t20260401_3599662.html
吉林省,2026-04-01,2026年3月下半月吉林省农产品市场价格（发布 2026-04-01）,黄瓜,市场平均价,元/500克,3.64,,,,,全省14个农产品价格监测基点县采集的市场平均价格,14,,https://agri.jl.gov.cn/zt/nywsp/nypf/202604/t20260401_3599662.html
吉林省,2026-04-01,2026年3月下半月吉林省农产品市场价格（发布 2026-04-01）,粳稻,市场平均价,元/500克,1.61,,,,,全省14个农产品价格监测基点县采集的市场平均价格,14,,https://agri.jl.gov.cn/zt/nywsp/nypf/202604/t20260401_3599662.html
吉林省,2026-04-01,2026年3月下半月吉林省农产品市场价格（发布 2026-04-01）,土豆,市场平均价,元/500克,1.6,,,,,全省14个农产品价格监测基点县采集的市场平均价格,14,,https://agri.jl.gov.cn/zt/nywsp/nypf/202604/t20260401_3599662.html
吉林省,2026-04-01,2026年3月下半月吉林省农产品市场价格（发布 2026-04-01）,西红柿,市场平均价,元/500克,3.68,,,,,全省14个农产品价格监测基点县采集的市场平均价格,14,,https://agri.jl.gov.cn/zt/nywsp/nypf/202604/t20260401_3599662.html
吉林省,2026-04-01,2026年3月下半月吉林省农产品市场价格（发布 2026-04-01）,玉米,市场平均价,元/500克,1.08,,,,,全省14个农产品价格监测基点县采集的市场平均价格,14,,https://agri.jl.gov.cn/zt/nywsp/nypf/202604/t20260401_3599662.html
吉林省,2026-04-15,2026年4月上半月吉林省农产品市场价格（发布 2026-04-15）,白菜,市场平均价,元/500克,1.29,,,,,全省14个农产品价格监测基点县采集的市场平均价格,14,,https://agri.jl.gov.cn/zt/nywsp/nypf/202604/t20260415_3623438.html
吉林省,2026-04-15,2026年4月上半月吉林省农产品市场价格（发布 2026-04-15）,菜椒,市场平均价,元/500克,3.84,,,,,全省14个农产品价格监测基点县采集的市场平均价格,14,,https://agri.jl.gov.cn/zt/nywsp/nypf/202604/t20260415_3623438.html
吉林省,2026-04-15,2026年4月上半月吉林省农产品市场价格（发布 2026-04-15）,大豆,市场平均价,元/500克,1.92,,,,,全省14个农产品价格监测基点县采集的市场平均价格,14,,https://agri.jl.gov.cn/zt/nywsp/nypf/202604/t20260415_3623438.html
吉林省,2026-04-15,2026年4月上半月吉林省农产品市场价格（发布 2026-04-15）,黄瓜,市场平均价,元/500克,3.54,,,,,全省14个农产品价格监测基点县采集的市场平均价格,14,,https://agri.jl.gov.cn/zt/nywsp/nypf/202604/t20260415_3623438.html
吉林省,2026-04-15,2026年4月上半月吉林省农产品市场价格（发布 2026-04-15）,粳稻,市场平均价,元/500克,1.61,,,,,全省14个农产品价格监测基点县采集的市场平均价格,14,,https://agri.jl.gov.cn/zt/nywsp/nypf/202604/t20260415_3623438.html
吉林省,2026-04-15,2026年4月上半月吉林省农产品市场价格（发布 2026-04-15）,土豆,市场平均价,元/500克,1.61,,,,,全省14个农产品价格监测基点县采集的市场平均价格,14,,https://agri.jl.gov.cn/zt/nywsp/nypf/202604/t20260415_3623438.html
吉林省,2026-04-15,2026年4月上半月吉林省农产品市场价格（发布 2026-04-15）,西红柿,市场平均价,元/500克,3.54,,,,,全省14个农产品价格监测基点县采集的市场平均价格,14,,https://agri.jl.gov.cn/zt/nywsp/nypf/202604/t20260415_3623438.html
吉林省,2026-04-15,2026年4月上半月吉林省农产品市场价格（发布 2026-04-15）,玉米,市场平均价,元/500克,1.08,,,,,全省14个农产品价格监测基点县采集的市场平均价格,14,,https://agri.jl.gov.cn/zt/nywsp/nypf/202604/t20260415_3623438.html
吉林省,2026-05-08,2026年4月下半月吉林省农产品市场价格（发布 2026-05-08）,白菜,市场平均价,元/500克,1.13,,,,,全省14个农产品价格监测基点县采集的市场平均价格,14,,https://agri.jl.gov.cn/zt/nywsp/nypf/202605/t20260508_3629369.html
吉林省,2026-05-08,2026年4月下半月吉林省农产品市场价格（发布 2026-05-08）,菜椒,市场平均价,元/500克,3.59,,,,,全省14个农产品价格监测基点县采集的市场平均价格,14,,https://agri.jl.gov.cn/zt/nywsp/nypf/202605/t20260508_3629369.html
吉林省,2026-05-08,2026年4月下半月吉林省农产品市场价格（发布 2026-05-08）,大豆,市场平均价,元/500克,1.9,,,,,全省14个农产品价格监测基点县采集的市场平均价格,14,,https://agri.jl.gov.cn/zt/nywsp/nypf/202605/t20260508_3629369.html
吉林省,2026-05-08,2026年4月下半月吉林省农产品市场价格（发布 2026-05-08）,黄瓜,市场平均价,元/500克,3.27,,,,,全省14个农产品价格监测基点县采集的市场平均价格,14,,https://agri.jl.gov.cn/zt/nywsp/nypf/202605/t20260508_3629369.html
吉林省,2026-05-08,2026年4月下半月吉林省农产品市场价格（发布 2026-05-08）,粳稻,市场平均价,元/500克,1.62,,,,,全省14个农产品价格监测基点县采集的市场平均价格,14,,https://agri.jl.gov.cn/zt/nywsp/nypf/202605/t20260508_3629369.html
吉林省,2026-05-08,2026年4月下半月吉林省农产品市场价格（发布 2026-05-08）,土豆,市场平均价,元/500克,1.57,,,,,全省14个农产品价格监测基点县采集的市场平均价格,14,,https://agri.jl.gov.cn/zt/nywsp/nypf/202605/t20260508_3629369.html
吉林省,2026-05-08,2026年4月下半月吉林省农产品市场价格（发布 2026-05-08）,西红柿,市场平均价,元/500克,3.46,,,,,全省14个农产品价格监测基点县采集的市场平均价格,14,,https://agri.jl.gov.cn/zt/nywsp/nypf/202605/t20260508_3629369.html
吉林省,2026-05-08,2026年4月下半月吉林省农产品市场价格（发布 2026-05-08）,玉米,市场平均价,元/500克,1.08,,,,,全省14个农产品价格监测基点县采集的市场平均价格,14,,https://agri.jl.gov.cn/zt/nywsp/nypf/202605/t20260508_3629369.html
吉林省,2026-05-14,2026年5月上半月吉林省农产品市场价格（发布 2026-05-14）,白菜,市场平均价,元/500克,1.11,,,,,全省14个农产品价格监测基点县采集的市场平均价格,14,,https://agri.jl.gov.cn/zt/nywsp/nypf/202605/t20260514_3630741.html
吉林省,2026-05-14,2026年5月上半月吉林省农产品市场价格（发布 2026-05-14）,菜椒,市场平均价,元/500克,3.57,,,,,全省14个农产品价格监测基点县采集的市场平均价格,14,,https://agri.jl.gov.cn/zt/nywsp/nypf/202605/t20260514_3630741.html
吉林省,2026-05-14,2026年5月上半月吉林省农产品市场价格（发布 2026-05-14）,大豆,市场平均价,元/500克,1.93,,,,,全省14个农产品价格监测基点县采集的市场平均价格,14,,https://agri.jl.gov.cn/zt/nywsp/nypf/202605/t20260514_3630741.html
吉林省,2026-05-14,2026年5月上半月吉林省农产品市场价格（发布 2026-05-14）,黄瓜,市场平均价,元/500克,3.25,,,,,全省14个农产品价格监测基点县采集的市场平均价格,14,,https://agri.jl.gov.cn/zt/nywsp/nypf/202605/t20260514_3630741.html
吉林省,2026-05-14,2026年5月上半月吉林省农产品市场价格（发布 2026-05-14）,粳稻,市场平均价,元/500克,1.62,,,,,全省14个农产品价格监测基点县采集的市场平均价格,14,,https://agri.jl.gov.cn/zt/nywsp/nypf/202605/t20260514_3630741.html
吉林省,2026-05-14,2026年5月上半月吉林省农产品市场价格（发布 2026-05-14）,土豆,市场平均价,元/500克,1.58,,,,,全省14个农产品价格监测基点县采集的市场平均价格,14,,https://agri.jl.gov.cn/zt/nywsp/nypf/202605/t20260514_3630741.html
吉林省,2026-05-14,2026年5月上半月吉林省农产品市场价格（发布 2026-05-14）,西红柿,市场平均价,元/500克,3.39,,,,,全省14个农产品价格监测基点县采集的市场平均价格,14,,https://agri.jl.gov.cn/zt/nywsp/nypf/202605/t20260514_3630741.html
吉林省,2026-05-14,2026年5月上半月吉林省农产品市场价格（发布 2026-05-14）,玉米,市场平均价,元/500克,1.09,,,,,全省14个农产品价格监测基点县采集的市场平均价格,14,,https://agri.jl.gov.cn/zt/nywsp/nypf/202605/t20260514_3630741.html
吉林市,2026-01-03,Official Jilin City retail price notice; date 2026-01-03,白条鸡,开膛上等,元/500克,8.38,,,,,Official Jilin City DRC market retail price monitoring table,,,http://xxgk.jlcity.gov.cn/gzbm/fgw_2/xbgkml/202601/t20260104_1302269.html
吉林市,2026-01-03,Official Jilin City retail price notice; date 2026-01-03,菠菜,圆叶,元/500克,5.5,,,,,Official Jilin City DRC market retail price monitoring table,,,http://xxgk.jlcity.gov.cn/gzbm/fgw_2/xbgkml/202601/t20260104_1302269.html
吉林市,2026-01-03,Official Jilin City retail price notice; date 2026-01-03,大白菜,季节主流,元/500克,1.83,,,,,Official Jilin City DRC market retail price monitoring table,,,http://xxgk.jlcity.gov.cn/gzbm/fgw_2/xbgkml/202601/t20260104_1302269.html
吉林市,2026-01-03,Official Jilin City retail price notice; date 2026-01-03,大米,普通二级大米,元/500克,2.61,,,,,Official Jilin City DRC market retail price monitoring table,,,http://xxgk.jlcity.gov.cn/gzbm/fgw_2/xbgkml/202601/t20260104_1302269.html
吉林市,2026-01-03,Official Jilin City retail price notice; date 2026-01-03,豆角,菜豆角,元/500克,8,,,,,Official Jilin City DRC market retail price monitoring table,,,http://xxgk.jlcity.gov.cn/gzbm/fgw_2/xbgkml/202601/t20260104_1302269.html
吉林市,2026-01-03,Official Jilin City retail price notice; date 2026-01-03,豆油,5L桶装(浸出一级),元/500克,64.75,,,,,Official Jilin City DRC market retail price monitoring table,,,http://xxgk.jlcity.gov.cn/gzbm/fgw_2/xbgkml/202601/t20260104_1302269.html
吉林市,2026-01-03,Official Jilin City retail price notice; date 2026-01-03,干豆腐,Not stated,元/500克,5.95,,,,,Official Jilin City DRC market retail price monitoring table,,,http://xxgk.jlcity.gov.cn/gzbm/fgw_2/xbgkml/202601/t20260104_1302269.html
吉林市,2026-01-03,Official Jilin City retail price notice; date 2026-01-03,活鲤鱼,2斤左右,元/500克,7.75,,,,,Official Jilin City DRC market retail price monitoring table,,,http://xxgk.jlcity.gov.cn/gzbm/fgw_2/xbgkml/202601/t20260104_1302269.html
吉林市,2026-01-03,Official Jilin City retail price notice; date 2026-01-03,鸡蛋,完整,元/500克,3.98,,,,,Official Jilin City DRC market retail price monitoring table,,,http://xxgk.jlcity.gov.cn/gzbm/fgw_2/xbgkml/202601/t20260104_1302269.html
吉林市,2026-01-03,Official Jilin City retail price notice; date 2026-01-03,茄子,紫皮长圆柱形,元/500克,5.25,,,,,Official Jilin City DRC market retail price monitoring table,,,http://xxgk.jlcity.gov.cn/gzbm/fgw_2/xbgkml/202601/t20260104_1302269.html
吉林市,2026-01-03,Official Jilin City retail price notice; date 2026-01-03,尖椒,长10cm-15cm,元/500克,5.88,,,,,Official Jilin City DRC market retail price monitoring table,,,http://xxgk.jlcity.gov.cn/gzbm/fgw_2/xbgkml/202601/t20260104_1302269.html
吉林市,2026-01-03,Official Jilin City retail price notice; date 2026-01-03,韭菜,细叶,元/500克,7.25,,,,,Official Jilin City DRC market retail price monitoring table,,,http://xxgk.jlcity.gov.cn/gzbm/fgw_2/xbgkml/202601/t20260104_1302269.html
吉林市,2026-01-03,Official Jilin City retail price notice; date 2026-01-03,梨,鸭梨,元/500克,4.24,,,,,Official Jilin City DRC market retail price monitoring table,,,http://xxgk.jlcity.gov.cn/gzbm/fgw_2/xbgkml/202601/t20260104_1302269.html
吉林市,2026-01-03,Official Jilin City retail price notice; date 2026-01-03,面粉,标准粉,元/500克,3.08,,,,,Official Jilin City DRC market retail price monitoring table,,,http://xxgk.jlcity.gov.cn/gzbm/fgw_2/xbgkml/202601/t20260104_1302269.html
吉林市,2026-01-03,Official Jilin City retail price notice; date 2026-01-03,牛奶,250ml左右纯牛奶,元/500克,3.5,,,,,Official Jilin City DRC market retail price monitoring table,,,http://xxgk.jlcity.gov.cn/gzbm/fgw_2/xbgkml/202601/t20260104_1302269.html
吉林市,2026-01-03,Official Jilin City retail price notice; date 2026-01-03,牛肉,去骨后腿肉,元/500克,32,,,,,Official Jilin City DRC market retail price monitoring table,,,http://xxgk.jlcity.gov.cn/gzbm/fgw_2/xbgkml/202601/t20260104_1302269.html
吉林市,2026-01-03,Official Jilin City retail price notice; date 2026-01-03,苹果,红富士 中型果,元/500克,7.14,,,,,Official Jilin City DRC market retail price monitoring table,,,http://xxgk.jlcity.gov.cn/gzbm/fgw_2/xbgkml/202601/t20260104_1302269.html
吉林市,2026-01-03,Official Jilin City retail price notice; date 2026-01-03,芹菜,本芹,元/500克,3.38,,,,,Official Jilin City DRC market retail price monitoring table,,,http://xxgk.jlcity.gov.cn/gzbm/fgw_2/xbgkml/202601/t20260104_1302269.html
吉林市,2026-01-03,Official Jilin City retail price notice; date 2026-01-03,青椒,厚皮  橫径6cm左右,元/500克,6.25,,,,,Official Jilin City DRC market retail price monitoring table,,,http://xxgk.jlcity.gov.cn/gzbm/fgw_2/xbgkml/202601/t20260104_1302269.html
吉林市,2026-01-03,Official Jilin City retail price notice; date 2026-01-03,水黄瓜,中等长度（20cm左右）,元/500克,4.88,,,,,Official Jilin City DRC market retail price monitoring table,,,http://xxgk.jlcity.gov.cn/gzbm/fgw_2/xbgkml/202601/t20260104_1302269.html
吉林市,2026-01-03,Official Jilin City retail price notice; date 2026-01-03,蒜苔,中等长度（40-50cm）,元/500克,8.23,,,,,Official Jilin City DRC market retail price monitoring table,,,http://xxgk.jlcity.gov.cn/gzbm/fgw_2/xbgkml/202601/t20260104_1302269.html
吉林市,2026-01-03,Official Jilin City retail price notice; date 2026-01-03,土豆,单薯质量150g左右,元/500克,1.95,,,,,Official Jilin City DRC market retail price monitoring table,,,http://xxgk.jlcity.gov.cn/gzbm/fgw_2/xbgkml/202601/t20260104_1302269.html
吉林市,2026-01-03,Official Jilin City retail price notice; date 2026-01-03,西红柿,普通粉果,元/500克,6.5,,,,,Official Jilin City DRC market retail price monitoring table,,,http://xxgk.jlcity.gov.cn/gzbm/fgw_2/xbgkml/202601/t20260104_1302269.html
吉林市,2026-01-03,Official Jilin City retail price notice; date 2026-01-03,香蕉,国产,元/500克,3.99,,,,,Official Jilin City DRC market retail price monitoring table,,,http://xxgk.jlcity.gov.cn/gzbm/fgw_2/xbgkml/202601/t20260104_1302269.html
吉林市,2026-01-03,Official Jilin City retail price notice; date 2026-01-03,羊肉,去骨后腿肉,元/500克,34.5,,,,,Official Jilin City DRC market retail price monitoring table,,,http://xxgk.jlcity.gov.cn/gzbm/fgw_2/xbgkml/202601/t20260104_1302269.html
吉林市,2026-01-03,Official Jilin City retail price notice; date 2026-01-03,猪后鞧,Not stated,元/500克,10.75,,,,,Official Jilin City DRC market retail price monitoring table,,,http://xxgk.jlcity.gov.cn/gzbm/fgw_2/xbgkml/202601/t20260104_1302269.html
吉林市,2026-01-05,Official Jilin City retail price notice; date 2026-01-05,白条鸡,开膛上等,元/500克,7.63,,,,,Official Jilin City DRC market retail price monitoring table,,,http://xxgk.jlcity.gov.cn/gzbm/fgw_2/xbgkml/202601/t20260105_1302669.html
吉林市,2026-01-05,Official Jilin City retail price notice; date 2026-01-05,菠菜,圆叶,元/500克,5.25,,,,,Official Jilin City DRC market retail price monitoring table,,,http://xxgk.jlcity.gov.cn/gzbm/fgw_2/xbgkml/202601/t20260105_1302669.html
吉林市,2026-01-05,Official Jilin City retail price notice; date 2026-01-05,大白菜,季节主流,元/500克,1.78,,,,,Official Jilin City DRC market retail price monitoring table,,,http://xxgk.jlcity.gov.cn/gzbm/fgw_2/xbgkml/202601/t20260105_1302669.html
吉林市,2026-01-05,Official Jilin City retail price notice; date 2026-01-05,大米,普通二级大米,元/500克,2.64,,,,,Official Jilin City DRC market retail price monitoring table,,,http://xxgk.jlcity.gov.cn/gzbm/fgw_2/xbgkml/202601/t20260105_1302669.html
吉林市,2026-01-05,Official Jilin City retail price notice; date 2026-01-05,豆角,菜豆角,元/500克,8,,,,,Official Jilin City DRC market retail price monitoring table,,,http://xxgk.jlcity.gov.cn/gzbm/fgw_2/xbgkml/202601/t20260105_1302669.html
吉林市,2026-01-05,Official Jilin City retail price notice; date 2026-01-05,豆油,5L桶装(浸出一级),元/500克,63.5,,,,,Official Jilin City DRC market retail price monitoring table,,,http://xxgk.jlcity.gov.cn/gzbm/fgw_2/xbgkml/202601/t20260105_1302669.html
吉林市,2026-01-05,Official Jilin City retail price notice; date 2026-01-05,干豆腐,Not stated,元/500克,5.95,,,,,Official Jilin City DRC market retail price monitoring table,,,http://xxgk.jlcity.gov.cn/gzbm/fgw_2/xbgkml/202601/t20260105_1302669.html
吉林市,2026-01-05,Official Jilin City retail price notice; date 2026-01-05,活鲤鱼,2斤左右,元/500克,7.75,,,,,Official Jilin City DRC market retail price monitoring table,,,http://xxgk.jlcity.gov.cn/gzbm/fgw_2/xbgkml/202601/t20260105_1302669.html
吉林市,2026-01-05,Official Jilin City retail price notice; date 2026-01-05,鸡蛋,完整,元/500克,3.88,,,,,Official Jilin City DRC market retail price monitoring table,,,http://xxgk.jlcity.gov.cn/gzbm/fgw_2/xbgkml/202601/t20260105_1302669.html
吉林市,2026-01-05,Official Jilin City retail price notice; date 2026-01-05,茄子,紫皮长圆柱形,元/500克,5.5,,,,,Official Jilin City DRC market retail price monitoring table,,,http://xxgk.jlcity.gov.cn/gzbm/fgw_2/xbgkml/202601/t20260105_1302669.html
吉林市,2026-01-05,Official Jilin City retail price notice; date 2026-01-05,尖椒,长10cm-15cm,元/500克,6,,,,,Official Jilin City DRC market retail price monitoring table,,,http://xxgk.jlcity.gov.cn/gzbm/fgw_2/xbgkml/202601/t20260105_1302669.html
吉林市,2026-01-05,Official Jilin City retail price notice; date 2026-01-05,韭菜,细叶,元/500克,7.25,,,,,Official Jilin City DRC market retail price monitoring table,,,http://xxgk.jlcity.gov.cn/gzbm/fgw_2/xbgkml/202601/t20260105_1302669.html
吉林市,2026-01-05,Official Jilin City retail price notice; date 2026-01-05,梨,鸭梨,元/500克,4.24,,,,,Official Jilin City DRC market retail price monitoring table,,,http://xxgk.jlcity.gov.cn/gzbm/fgw_2/xbgkml/202601/t20260105_1302669.html
吉林市,2026-01-05,Official Jilin City retail price notice; date 2026-01-05,面粉,标准粉,元/500克,3.08,,,,,Official Jilin City DRC market retail price monitoring table,,,http://xxgk.jlcity.gov.cn/gzbm/fgw_2/xbgkml/202601/t20260105_1302669.html
吉林市,2026-01-05,Official Jilin City retail price notice; date 2026-01-05,牛奶,250ml左右纯牛奶,元/500克,3.5,,,,,Official Jilin City DRC market retail price monitoring table,,,http://xxgk.jlcity.gov.cn/gzbm/fgw_2/xbgkml/202601/t20260105_1302669.html
吉林市,2026-01-05,Official Jilin City retail price notice; date 2026-01-05,牛肉,去骨后腿肉,元/500克,32.25,,,,,Official Jilin City DRC market retail price monitoring table,,,http://xxgk.jlcity.gov.cn/gzbm/fgw_2/xbgkml/202601/t20260105_1302669.html
吉林市,2026-01-05,Official Jilin City retail price notice; date 2026-01-05,苹果,红富士 中型果,元/500克,7.15,,,,,Official Jilin City DRC market retail price monitoring table,,,http://xxgk.jlcity.gov.cn/gzbm/fgw_2/xbgkml/202601/t20260105_1302669.html
吉林市,2026-01-05,Official Jilin City retail price notice; date 2026-01-05,芹菜,本芹,元/500克,3.25,,,,,Official Jilin City DRC market retail price monitoring table,,,http://xxgk.jlcity.gov.cn/gzbm/fgw_2/xbgkml/202601/t20260105_1302669.html
吉林市,2026-01-05,Official Jilin City retail price notice; date 2026-01-05,青椒,厚皮  橫径6cm左右,元/500克,6.38,,,,,Official Jilin City DRC market retail price monitoring table,,,http://xxgk.jlcity.gov.cn/gzbm/fgw_2/xbgkml/202601/t20260105_1302669.html
吉林市,2026-01-05,Official Jilin City retail price notice; date 2026-01-05,水黄瓜,中等长度（20cm左右）,元/500克,4.88,,,,,Official Jilin City DRC market retail price monitoring table,,,http://xxgk.jlcity.gov.cn/gzbm/fgw_2/xbgkml/202601/t20260105_1302669.html
吉林市,2026-01-05,Official Jilin City retail price notice; date 2026-01-05,蒜苔,中等长度（40-50cm）,元/500克,8.25,,,,,Official Jilin City DRC market retail price monitoring table,,,http://xxgk.jlcity.gov.cn/gzbm/fgw_2/xbgkml/202601/t20260105_1302669.html
吉林市,2026-01-05,Official Jilin City retail price notice; date 2026-01-05,土豆,单薯质量150g左右,元/500克,1.95,,,,,Official Jilin City DRC market retail price monitoring table,,,http://xxgk.jlcity.gov.cn/gzbm/fgw_2/xbgkml/202601/t20260105_1302669.html
吉林市,2026-01-05,Official Jilin City retail price notice; date 2026-01-05,西红柿,普通粉果,元/500克,6.5,,,,,Official Jilin City DRC market retail price monitoring table,,,http://xxgk.jlcity.gov.cn/gzbm/fgw_2/xbgkml/202601/t20260105_1302669.html
吉林市,2026-01-05,Official Jilin City retail price notice; date 2026-01-05,香蕉,国产,元/500克,3.99,,,,,Official Jilin City DRC market retail price monitoring table,,,http://xxgk.jlcity.gov.cn/gzbm/fgw_2/xbgkml/202601/t20260105_1302669.html
吉林市,2026-01-05,Official Jilin City retail price notice; date 2026-01-05,羊肉,去骨后腿肉,元/500克,34.25,,,,,Official Jilin City DRC market retail price monitoring table,,,http://xxgk.jlcity.gov.cn/gzbm/fgw_2/xbgkml/202601/t20260105_1302669.html
吉林市,2026-01-05,Official Jilin City retail price notice; date 2026-01-05,猪后鞧,Not stated,元/500克,10.25,,,,,Official Jilin City DRC market retail price monitoring table,,,http://xxgk.jlcity.gov.cn/gzbm/fgw_2/xbgkml/202601/t20260105_1302669.html
吉林市,2026-01-12,Official Jilin City retail price notice; date 2026-01-12,白条鸡,开膛上等,元/500克,7.63,,,,,Official Jilin City DRC market retail price monitoring table,,,http://xxgk.jlcity.gov.cn/gzbm/fgw_2/xbgkml/202601/t20260112_1303612.html
吉林市,2026-01-12,Official Jilin City retail price notice; date 2026-01-12,菠菜,圆叶,元/500克,5.25,,,,,Official Jilin City DRC market retail price monitoring table,,,http://xxgk.jlcity.gov.cn/gzbm/fgw_2/xbgkml/202601/t20260112_1303612.html
吉林市,2026-01-12,Official Jilin City retail price notice; date 2026-01-12,大白菜,季节主流,元/500克,1.78,,,,,Official Jilin City DRC market retail price monitoring table,,,http://xxgk.jlcity.gov.cn/gzbm/fgw_2/xbgkml/202601/t20260112_1303612.html
吉林市,2026-01-12,Official Jilin City retail price notice; date 2026-01-12,大米,普通二级大米,元/500克,2.64,,,,,Official Jilin City DRC market retail price monitoring table,,,http://xxgk.jlcity.gov.cn/gzbm/fgw_2/xbgkml/202601/t20260112_1303612.html
吉林市,2026-01-12,Official Jilin City retail price notice; date 2026-01-12,豆角,菜豆角,元/500克,8,,,,,Official Jilin City DRC market retail price monitoring table,,,http://xxgk.jlcity.gov.cn/gzbm/fgw_2/xbgkml/202601/t20260112_1303612.html
吉林市,2026-01-12,Official Jilin City retail price notice; date 2026-01-12,豆油,5L桶装(浸出一级),元/500克,63.5,,,,,Official Jilin City DRC market retail price monitoring table,,,http://xxgk.jlcity.gov.cn/gzbm/fgw_2/xbgkml/202601/t20260112_1303612.html
吉林市,2026-01-12,Official Jilin City retail price notice; date 2026-01-12,干豆腐,Not stated,元/500克,5.95,,,,,Official Jilin City DRC market retail price monitoring table,,,http://xxgk.jlcity.gov.cn/gzbm/fgw_2/xbgkml/202601/t20260112_1303612.html
吉林市,2026-01-12,Official Jilin City retail price notice; date 2026-01-12,活鲤鱼,2斤左右,元/500克,7.75,,,,,Official Jilin City DRC market retail price monitoring table,,,http://xxgk.jlcity.gov.cn/gzbm/fgw_2/xbgkml/202601/t20260112_1303612.html
吉林市,2026-01-12,Official Jilin City retail price notice; date 2026-01-12,鸡蛋,完整,元/500克,3.88,,,,,Official Jilin City DRC market retail price monitoring table,,,http://xxgk.jlcity.gov.cn/gzbm/fgw_2/xbgkml/202601/t20260112_1303612.html
吉林市,2026-01-12,Official Jilin City retail price notice; date 2026-01-12,茄子,紫皮长圆柱形,元/500克,5.5,,,,,Official Jilin City DRC market retail price monitoring table,,,http://xxgk.jlcity.gov.cn/gzbm/fgw_2/xbgkml/202601/t20260112_1303612.html
吉林市,2026-01-12,Official Jilin City retail price notice; date 2026-01-12,尖椒,长10cm-15cm,元/500克,6,,,,,Official Jilin City DRC market retail price monitoring table,,,http://xxgk.jlcity.gov.cn/gzbm/fgw_2/xbgkml/202601/t20260112_1303612.html
吉林市,2026-01-12,Official Jilin City retail price notice; date 2026-01-12,韭菜,细叶,元/500克,7.25,,,,,Official Jilin City DRC market retail price monitoring table,,,http://xxgk.jlcity.gov.cn/gzbm/fgw_2/xbgkml/202601/t20260112_1303612.html
吉林市,2026-01-12,Official Jilin City retail price notice; date 2026-01-12,梨,鸭梨,元/500克,4.24,,,,,Official Jilin City DRC market retail price monitoring table,,,http://xxgk.jlcity.gov.cn/gzbm/fgw_2/xbgkml/202601/t20260112_1303612.html
吉林市,2026-01-12,Official Jilin City retail price notice; date 2026-01-12,面粉,标准粉,元/500克,3.08,,,,,Official Jilin City DRC market retail price monitoring table,,,http://xxgk.jlcity.gov.cn/gzbm/fgw_2/xbgkml/202601/t20260112_1303612.html
吉林市,2026-01-12,Official Jilin City retail price notice; date 2026-01-12,牛奶,250ml左右纯牛奶,元/500克,3.5,,,,,Official Jilin City DRC market retail price monitoring table,,,http://xxgk.jlcity.gov.cn/gzbm/fgw_2/xbgkml/202601/t20260112_1303612.html
吉林市,2026-01-12,Official Jilin City retail price notice; date 2026-01-12,牛肉,去骨后腿肉,元/500克,32.25,,,,,Official Jilin City DRC market retail price monitoring table,,,http://xxgk.jlcity.gov.cn/gzbm/fgw_2/xbgkml/202601/t20260112_1303612.html
吉林市,2026-01-12,Official Jilin City retail price notice; date 2026-01-12,苹果,红富士 中型果,元/500克,7.15,,,,,Official Jilin City DRC market retail price monitoring table,,,http://xxgk.jlcity.gov.cn/gzbm/fgw_2/xbgkml/202601/t20260112_1303612.html
吉林市,2026-01-12,Official Jilin City retail price notice; date 2026-01-12,芹菜,本芹,元/500克,3.25,,,,,Official Jilin City DRC market retail price monitoring table,,,http://xxgk.jlcity.gov.cn/gzbm/fgw_2/xbgkml/202601/t20260112_1303612.html
吉林市,2026-01-12,Official Jilin City retail price notice; date 2026-01-12,青椒,厚皮  橫径6cm左右,元/500克,6.38,,,,,Official Jilin City DRC market retail price monitoring table,,,http://xxgk.jlcity.gov.cn/gzbm/fgw_2/xbgkml/202601/t20260112_1303612.html
吉林市,2026-01-12,Official Jilin City retail price notice; date 2026-01-12,水黄瓜,中等长度（20cm左右）,元/500克,4.88,,,,,Official Jilin City DRC market retail price monitoring table,,,http://xxgk.jlcity.gov.cn/gzbm/fgw_2/xbgkml/202601/t20260112_1303612.html
吉林市,2026-01-12,Official Jilin City retail price notice; date 2026-01-12,蒜苔,中等长度（40-50cm）,元/500克,8.25,,,,,Official Jilin City DRC market retail price monitoring table,,,http://xxgk.jlcity.gov.cn/gzbm/fgw_2/xbgkml/202601/t20260112_1303612.html
吉林市,2026-01-12,Official Jilin City retail price notice; date 2026-01-12,土豆,单薯质量150g左右,元/500克,1.95,,,,,Official Jilin City DRC market retail price monitoring table,,,http://xxgk.jlcity.gov.cn/gzbm/fgw_2/xbgkml/202601/t20260112_1303612.html
吉林市,2026-01-12,Official Jilin City retail price notice; date 2026-01-12,西红柿,普通粉果,元/500克,6.5,,,,,Official Jilin City DRC market retail price monitoring table,,,http://xxgk.jlcity.gov.cn/gzbm/fgw_2/xbgkml/202601/t20260112_1303612.html
吉林市,2026-01-12,Official Jilin City retail price notice; date 2026-01-12,香蕉,国产,元/500克,3.99,,,,,Official Jilin City DRC market retail price monitoring table,,,http://xxgk.jlcity.gov.cn/gzbm/fgw_2/xbgkml/202601/t20260112_1303612.html
吉林市,2026-01-12,Official Jilin City retail price notice; date 2026-01-12,羊肉,去骨后腿肉,元/500克,34.25,,,,,Official Jilin City DRC market retail price monitoring table,,,http://xxgk.jlcity.gov.cn/gzbm/fgw_2/xbgkml/202601/t20260112_1303612.html
吉林市,2026-01-12,Official Jilin City retail price notice; date 2026-01-12,猪后鞧,Not stated,元/500克,10.25,,,,,Official Jilin City DRC market retail price monitoring table,,,http://xxgk.jlcity.gov.cn/gzbm/fgw_2/xbgkml/202601/t20260112_1303612.html
吉林市,2026-01-26,Official Jilin City retail price notice; date 2026-01-26,白条鸡,开膛上等,元/500克,7.75,,,,,Official Jilin City DRC market retail price monitoring table,,,http://xxgk.jlcity.gov.cn/gzbm/fgw_2/xbgkml/202601/t20260127_1305572.html
吉林市,2026-01-26,Official Jilin City retail price notice; date 2026-01-26,菠菜,圆叶,元/500克,6,,,,,Official Jilin City DRC market retail price monitoring table,,,http://xxgk.jlcity.gov.cn/gzbm/fgw_2/xbgkml/202601/t20260127_1305572.html
吉林市,2026-01-26,Official Jilin City retail price notice; date 2026-01-26,大白菜,季节主流,元/500克,1.775,,,,,Official Jilin City DRC market retail price monitoring table,,,http://xxgk.jlcity.gov.cn/gzbm/fgw_2/xbgkml/202601/t20260127_1305572.html
吉林市,2026-01-26,Official Jilin City retail price notice; date 2026-01-26,大米,普通二级大米,元/500克,2.6375,,,,,Official Jilin City DRC market retail price monitoring table,,,http://xxgk.jlcity.gov.cn/gzbm/fgw_2/xbgkml/202601/t20260127_1305572.html
吉林市,2026-01-26,Official Jilin City retail price notice; date 2026-01-26,豆角,菜豆角,元/500克,7.75,,,,,Official Jilin City DRC market retail price monitoring table,,,http://xxgk.jlcity.gov.cn/gzbm/fgw_2/xbgkml/202601/t20260127_1305572.html
吉林市,2026-01-26,Official Jilin City retail price notice; date 2026-01-26,豆油,5L桶装(浸出一级),元/500克,63.5,,,,,Official Jilin City DRC market retail price monitoring table,,,http://xxgk.jlcity.gov.cn/gzbm/fgw_2/xbgkml/202601/t20260127_1305572.html
吉林市,2026-01-26,Official Jilin City retail price notice; date 2026-01-26,干豆腐,Not stated,元/500克,5.95,,,,,Official Jilin City DRC market retail price monitoring table,,,http://xxgk.jlcity.gov.cn/gzbm/fgw_2/xbgkml/202601/t20260127_1305572.html
吉林市,2026-01-26,Official Jilin City retail price notice; date 2026-01-26,活鲤鱼,2斤左右,元/500克,7.75,,,,,Official Jilin City DRC market retail price monitoring table,,,http://xxgk.jlcity.gov.cn/gzbm/fgw_2/xbgkml/202601/t20260127_1305572.html
吉林市,2026-01-26,Official Jilin City retail price notice; date 2026-01-26,鸡蛋,完整,元/500克,4.475,,,,,Official Jilin City DRC market retail price monitoring table,,,http://xxgk.jlcity.gov.cn/gzbm/fgw_2/xbgkml/202601/t20260127_1305572.html
吉林市,2026-01-26,Official Jilin City retail price notice; date 2026-01-26,茄子,紫皮长圆柱形,元/500克,5.875,,,,,Official Jilin City DRC market retail price monitoring table,,,http://xxgk.jlcity.gov.cn/gzbm/fgw_2/xbgkml/202601/t20260127_1305572.html
吉林市,2026-01-26,Official Jilin City retail price notice; date 2026-01-26,尖椒,长10cm-15cm,元/500克,6.625,,,,,Official Jilin City DRC market retail price monitoring table,,,http://xxgk.jlcity.gov.cn/gzbm/fgw_2/xbgkml/202601/t20260127_1305572.html
吉林市,2026-01-26,Official Jilin City retail price notice; date 2026-01-26,韭菜,细叶,元/500克,7.25,,,,,Official Jilin City DRC market retail price monitoring table,,,http://xxgk.jlcity.gov.cn/gzbm/fgw_2/xbgkml/202601/t20260127_1305572.html
吉林市,2026-01-26,Official Jilin City retail price notice; date 2026-01-26,梨,鸭梨,元/500克,4.24,,,,,Official Jilin City DRC market retail price monitoring table,,,http://xxgk.jlcity.gov.cn/gzbm/fgw_2/xbgkml/202601/t20260127_1305572.html
吉林市,2026-01-26,Official Jilin City retail price notice; date 2026-01-26,面粉,标准粉,元/500克,3.0775,,,,,Official Jilin City DRC market retail price monitoring table,,,http://xxgk.jlcity.gov.cn/gzbm/fgw_2/xbgkml/202601/t20260127_1305572.html
吉林市,2026-01-26,Official Jilin City retail price notice; date 2026-01-26,牛奶,250ml左右纯牛奶,元/500克,3.5,,,,,Official Jilin City DRC market retail price monitoring table,,,http://xxgk.jlcity.gov.cn/gzbm/fgw_2/xbgkml/202601/t20260127_1305572.html
吉林市,2026-01-26,Official Jilin City retail price notice; date 2026-01-26,牛肉,去骨后腿肉,元/500克,31.75,,,,,Official Jilin City DRC market retail price monitoring table,,,http://xxgk.jlcity.gov.cn/gzbm/fgw_2/xbgkml/202601/t20260127_1305572.html
吉林市,2026-01-26,Official Jilin City retail price notice; date 2026-01-26,苹果,红富士 中型果,元/500克,7.395,,,,,Official Jilin City DRC market retail price monitoring table,,,http://xxgk.jlcity.gov.cn/gzbm/fgw_2/xbgkml/202601/t20260127_1305572.html
吉林市,2026-01-26,Official Jilin City retail price notice; date 2026-01-26,芹菜,本芹,元/500克,3.375,,,,,Official Jilin City DRC market retail price monitoring table,,,http://xxgk.jlcity.gov.cn/gzbm/fgw_2/xbgkml/202601/t20260127_1305572.html
吉林市,2026-01-26,Official Jilin City retail price notice; date 2026-01-26,青椒,厚皮  橫径6cm左右,元/500克,6.75,,,,,Official Jilin City DRC market retail price monitoring table,,,http://xxgk.jlcity.gov.cn/gzbm/fgw_2/xbgkml/202601/t20260127_1305572.html
吉林市,2026-01-26,Official Jilin City retail price notice; date 2026-01-26,水黄瓜,中等长度（20cm左右）,元/500克,5.25,,,,,Official Jilin City DRC market retail price monitoring table,,,http://xxgk.jlcity.gov.cn/gzbm/fgw_2/xbgkml/202601/t20260127_1305572.html
吉林市,2026-01-26,Official Jilin City retail price notice; date 2026-01-26,蒜苔,中等长度（40-50cm）,元/500克,8.25,,,,,Official Jilin City DRC market retail price monitoring table,,,http://xxgk.jlcity.gov.cn/gzbm/fgw_2/xbgkml/202601/t20260127_1305572.html
吉林市,2026-01-26,Official Jilin City retail price notice; date 2026-01-26,土豆,单薯质量150g左右,元/500克,1.9,,,,,Official Jilin City DRC market retail price monitoring table,,,http://xxgk.jlcity.gov.cn/gzbm/fgw_2/xbgkml/202601/t20260127_1305572.html
吉林市,2026-01-26,Official Jilin City retail price notice; date 2026-01-26,西红柿,普通粉果,元/500克,7,,,,,Official Jilin City DRC market retail price monitoring table,,,http://xxgk.jlcity.gov.cn/gzbm/fgw_2/xbgkml/202601/t20260127_1305572.html
吉林市,2026-01-26,Official Jilin City retail price notice; date 2026-01-26,香蕉,国产,元/500克,4.115,,,,,Official Jilin City DRC market retail price monitoring table,,,http://xxgk.jlcity.gov.cn/gzbm/fgw_2/xbgkml/202601/t20260127_1305572.html
吉林市,2026-01-26,Official Jilin City retail price notice; date 2026-01-26,羊肉,去骨后腿肉,元/500克,36,,,,,Official Jilin City DRC market retail price monitoring table,,,http://xxgk.jlcity.gov.cn/gzbm/fgw_2/xbgkml/202601/t20260127_1305572.html
吉林市,2026-01-26,Official Jilin City retail price notice; date 2026-01-26,猪后鞧,Not stated,元/500克,10.375,,,,,Official Jilin City DRC market retail price monitoring table,,,http://xxgk.jlcity.gov.cn/gzbm/fgw_2/xbgkml/202601/t20260127_1305572.html
吉林市,2026-02-09,Official Jilin City retail price notice; date 2026-02-09,白条鸡,开膛上等,元/500克,7.5,,,,,Official Jilin City DRC market retail price monitoring table,,,http://xxgk.jlcity.gov.cn/gzbm/fgw_2/xbgkml/202602/t20260209_1307110.html
吉林市,2026-02-09,Official Jilin City retail price notice; date 2026-02-09,菠菜,圆叶,元/500克,5.5,,,,,Official Jilin City DRC market retail price monitoring table,,,http://xxgk.jlcity.gov.cn/gzbm/fgw_2/xbgkml/202602/t20260209_1307110.html
吉林市,2026-02-09,Official Jilin City retail price notice; date 2026-02-09,大白菜,季节主流,元/500克,1.85,,,,,Official Jilin City DRC market retail price monitoring table,,,http://xxgk.jlcity.gov.cn/gzbm/fgw_2/xbgkml/202602/t20260209_1307110.html
吉林市,2026-02-09,Official Jilin City retail price notice; date 2026-02-09,大米,普通二级大米,元/500克,2.64,,,,,Official Jilin City DRC market retail price monitoring table,,,http://xxgk.jlcity.gov.cn/gzbm/fgw_2/xbgkml/202602/t20260209_1307110.html
吉林市,2026-02-09,Official Jilin City retail price notice; date 2026-02-09,豆角,菜豆角,元/500克,7.5,,,,,Official Jilin City DRC market retail price monitoring table,,,http://xxgk.jlcity.gov.cn/gzbm/fgw_2/xbgkml/202602/t20260209_1307110.html
吉林市,2026-02-09,Official Jilin City retail price notice; date 2026-02-09,豆油,5L桶装(浸出一级),元/500克,63.5,,,,,Official Jilin City DRC market retail price monitoring table,,,http://xxgk.jlcity.gov.cn/gzbm/fgw_2/xbgkml/202602/t20260209_1307110.html
吉林市,2026-02-09,Official Jilin City retail price notice; date 2026-02-09,干豆腐,Not stated,元/500克,5.95,,,,,Official Jilin City DRC market retail price monitoring table,,,http://xxgk.jlcity.gov.cn/gzbm/fgw_2/xbgkml/202602/t20260209_1307110.html
吉林市,2026-02-09,Official Jilin City retail price notice; date 2026-02-09,活鲤鱼,2斤左右,元/500克,7.75,,,,,Official Jilin City DRC market retail price monitoring table,,,http://xxgk.jlcity.gov.cn/gzbm/fgw_2/xbgkml/202602/t20260209_1307110.html
吉林市,2026-02-09,Official Jilin City retail price notice; date 2026-02-09,鸡蛋,完整,元/500克,4.5,,,,,Official Jilin City DRC market retail price monitoring table,,,http://xxgk.jlcity.gov.cn/gzbm/fgw_2/xbgkml/202602/t20260209_1307110.html
吉林市,2026-02-09,Official Jilin City retail price notice; date 2026-02-09,茄子,紫皮长圆柱形,元/500克,5.88,,,,,Official Jilin City DRC market retail price monitoring table,,,http://xxgk.jlcity.gov.cn/gzbm/fgw_2/xbgkml/202602/t20260209_1307110.html
吉林市,2026-02-09,Official Jilin City retail price notice; date 2026-02-09,尖椒,长10cm-15cm,元/500克,7.75,,,,,Official Jilin City DRC market retail price monitoring table,,,http://xxgk.jlcity.gov.cn/gzbm/fgw_2/xbgkml/202602/t20260209_1307110.html
吉林市,2026-02-09,Official Jilin City retail price notice; date 2026-02-09,韭菜,细叶,元/500克,6.5,,,,,Official Jilin City DRC market retail price monitoring table,,,http://xxgk.jlcity.gov.cn/gzbm/fgw_2/xbgkml/202602/t20260209_1307110.html
吉林市,2026-02-09,Official Jilin City retail price notice; date 2026-02-09,梨,鸭梨,元/500克,4.49,,,,,Official Jilin City DRC market retail price monitoring table,,,http://xxgk.jlcity.gov.cn/gzbm/fgw_2/xbgkml/202602/t20260209_1307110.html
吉林市,2026-02-09,Official Jilin City retail price notice; date 2026-02-09,面粉,标准粉,元/500克,3.08,,,,,Official Jilin City DRC market retail price monitoring table,,,http://xxgk.jlcity.gov.cn/gzbm/fgw_2/xbgkml/202602/t20260209_1307110.html
吉林市,2026-02-09,Official Jilin City retail price notice; date 2026-02-09,牛奶,250ml左右纯牛奶,元/500克,3.5,,,,,Official Jilin City DRC market retail price monitoring table,,,http://xxgk.jlcity.gov.cn/gzbm/fgw_2/xbgkml/202602/t20260209_1307110.html
吉林市,2026-02-09,Official Jilin City retail price notice; date 2026-02-09,牛肉,去骨后腿肉,元/500克,32.25,,,,,Official Jilin City DRC market retail price monitoring table,,,http://xxgk.jlcity.gov.cn/gzbm/fgw_2/xbgkml/202602/t20260209_1307110.html
吉林市,2026-02-09,Official Jilin City retail price notice; date 2026-02-09,苹果,红富士 中型果,元/500克,7.15,,,,,Official Jilin City DRC market retail price monitoring table,,,http://xxgk.jlcity.gov.cn/gzbm/fgw_2/xbgkml/202602/t20260209_1307110.html
吉林市,2026-02-09,Official Jilin City retail price notice; date 2026-02-09,芹菜,本芹,元/500克,3.75,,,,,Official Jilin City DRC market retail price monitoring table,,,http://xxgk.jlcity.gov.cn/gzbm/fgw_2/xbgkml/202602/t20260209_1307110.html
吉林市,2026-02-09,Official Jilin City retail price notice; date 2026-02-09,青椒,厚皮  橫径6cm左右,元/500克,7.75,,,,,Official Jilin City DRC market retail price monitoring table,,,http://xxgk.jlcity.gov.cn/gzbm/fgw_2/xbgkml/202602/t20260209_1307110.html
吉林市,2026-02-09,Official Jilin City retail price notice; date 2026-02-09,水黄瓜,中等长度（20cm左右）,元/500克,5.75,,,,,Official Jilin City DRC market retail price monitoring table,,,http://xxgk.jlcity.gov.cn/gzbm/fgw_2/xbgkml/202602/t20260209_1307110.html
吉林市,2026-02-09,Official Jilin City retail price notice; date 2026-02-09,蒜苔,中等长度（40-50cm）,元/500克,8.75,,,,,Official Jilin City DRC market retail price monitoring table,,,http://xxgk.jlcity.gov.cn/gzbm/fgw_2/xbgkml/202602/t20260209_1307110.html
吉林市,2026-02-09,Official Jilin City retail price notice; date 2026-02-09,土豆,单薯质量150g左右,元/500克,1.9,,,,,Official Jilin City DRC market retail price monitoring table,,,http://xxgk.jlcity.gov.cn/gzbm/fgw_2/xbgkml/202602/t20260209_1307110.html
吉林市,2026-02-09,Official Jilin City retail price notice; date 2026-02-09,西红柿,普通粉果,元/500克,6.5,,,,,Official Jilin City DRC market retail price monitoring table,,,http://xxgk.jlcity.gov.cn/gzbm/fgw_2/xbgkml/202602/t20260209_1307110.html
吉林市,2026-02-09,Official Jilin City retail price notice; date 2026-02-09,香蕉,国产,元/500克,4.99,,,,,Official Jilin City DRC market retail price monitoring table,,,http://xxgk.jlcity.gov.cn/gzbm/fgw_2/xbgkml/202602/t20260209_1307110.html
吉林市,2026-02-09,Official Jilin City retail price notice; date 2026-02-09,羊肉,去骨后腿肉,元/500克,37,,,,,Official Jilin City DRC market retail price monitoring table,,,http://xxgk.jlcity.gov.cn/gzbm/fgw_2/xbgkml/202602/t20260209_1307110.html
吉林市,2026-02-09,Official Jilin City retail price notice; date 2026-02-09,猪后鞧,Not stated,元/500克,10.63,,,,,Official Jilin City DRC market retail price monitoring table,,,http://xxgk.jlcity.gov.cn/gzbm/fgw_2/xbgkml/202602/t20260209_1307110.html
吉林市,2026-02-15,Official Jilin City retail price notice; date 2026-02-15,白条鸡,开膛上等,元/500克,7.75,,,,,Official Jilin City DRC market retail price monitoring table,,,http://xxgk.jlcity.gov.cn/gzbm/fgw_2/xbgkml/202602/t20260217_1308008.html
吉林市,2026-02-15,Official Jilin City retail price notice; date 2026-02-15,菠菜,圆叶,元/500克,6.75,,,,,Official Jilin City DRC market retail price monitoring table,,,http://xxgk.jlcity.gov.cn/gzbm/fgw_2/xbgkml/202602/t20260217_1308008.html
吉林市,2026-02-15,Official Jilin City retail price notice; date 2026-02-15,大白菜,季节主流,元/500克,2.03,,,,,Official Jilin City DRC market retail price monitoring table,,,http://xxgk.jlcity.gov.cn/gzbm/fgw_2/xbgkml/202602/t20260217_1308008.html
吉林市,2026-02-15,Official Jilin City retail price notice; date 2026-02-15,大米,普通二级大米,元/500克,2.64,,,,,Official Jilin City DRC market retail price monitoring table,,,http://xxgk.jlcity.gov.cn/gzbm/fgw_2/xbgkml/202602/t20260217_1308008.html
吉林市,2026-02-15,Official Jilin City retail price notice; date 2026-02-15,豆角,菜豆角,元/500克,8.5,,,,,Official Jilin City DRC market retail price monitoring table,,,http://xxgk.jlcity.gov.cn/gzbm/fgw_2/xbgkml/202602/t20260217_1308008.html
吉林市,2026-02-15,Official Jilin City retail price notice; date 2026-02-15,豆油,5L桶装(浸出一级),元/500克,63.5,,,,,Official Jilin City DRC market retail price monitoring table,,,http://xxgk.jlcity.gov.cn/gzbm/fgw_2/xbgkml/202602/t20260217_1308008.html
吉林市,2026-02-15,Official Jilin City retail price notice; date 2026-02-15,干豆腐,Not stated,元/500克,5.95,,,,,Official Jilin City DRC market retail price monitoring table,,,http://xxgk.jlcity.gov.cn/gzbm/fgw_2/xbgkml/202602/t20260217_1308008.html
吉林市,2026-02-15,Official Jilin City retail price notice; date 2026-02-15,活鲤鱼,2斤左右,元/500克,8,,,,,Official Jilin City DRC market retail price monitoring table,,,http://xxgk.jlcity.gov.cn/gzbm/fgw_2/xbgkml/202602/t20260217_1308008.html
吉林市,2026-02-15,Official Jilin City retail price notice; date 2026-02-15,鸡蛋,完整,元/500克,4.55,,,,,Official Jilin City DRC market retail price monitoring table,,,http://xxgk.jlcity.gov.cn/gzbm/fgw_2/xbgkml/202602/t20260217_1308008.html
吉林市,2026-02-15,Official Jilin City retail price notice; date 2026-02-15,茄子,紫皮长圆柱形,元/500克,6.38,,,,,Official Jilin City DRC market retail price monitoring table,,,http://xxgk.jlcity.gov.cn/gzbm/fgw_2/xbgkml/202602/t20260217_1308008.html
吉林市,2026-02-15,Official Jilin City retail price notice; date 2026-02-15,尖椒,长10cm-15cm,元/500克,8,,,,,Official Jilin City DRC market retail price monitoring table,,,http://xxgk.jlcity.gov.cn/gzbm/fgw_2/xbgkml/202602/t20260217_1308008.html
吉林市,2026-02-15,Official Jilin City retail price notice; date 2026-02-15,韭菜,细叶,元/500克,7.5,,,,,Official Jilin City DRC market retail price monitoring table,,,http://xxgk.jlcity.gov.cn/gzbm/fgw_2/xbgkml/202602/t20260217_1308008.html
吉林市,2026-02-15,Official Jilin City retail price notice; date 2026-02-15,梨,鸭梨,元/500克,4.49,,,,,Official Jilin City DRC market retail price monitoring table,,,http://xxgk.jlcity.gov.cn/gzbm/fgw_2/xbgkml/202602/t20260217_1308008.html
吉林市,2026-02-15,Official Jilin City retail price notice; date 2026-02-15,面粉,标准粉,元/500克,3.08,,,,,Official Jilin City DRC market retail price monitoring table,,,http://xxgk.jlcity.gov.cn/gzbm/fgw_2/xbgkml/202602/t20260217_1308008.html
吉林市,2026-02-15,Official Jilin City retail price notice; date 2026-02-15,牛奶,250ml左右纯牛奶,元/500克,3.5,,,,,Official Jilin City DRC market retail price monitoring table,,,http://xxgk.jlcity.gov.cn/gzbm/fgw_2/xbgkml/202602/t20260217_1308008.html
吉林市,2026-02-15,Official Jilin City retail price notice; date 2026-02-15,牛肉,去骨后腿肉,元/500克,32.25,,,,,Official Jilin City DRC market retail price monitoring table,,,http://xxgk.jlcity.gov.cn/gzbm/fgw_2/xbgkml/202602/t20260217_1308008.html
吉林市,2026-02-15,Official Jilin City retail price notice; date 2026-02-15,苹果,红富士 中型果,元/500克,7.15,,,,,Official Jilin City DRC market retail price monitoring table,,,http://xxgk.jlcity.gov.cn/gzbm/fgw_2/xbgkml/202602/t20260217_1308008.html
吉林市,2026-02-15,Official Jilin City retail price notice; date 2026-02-15,芹菜,本芹,元/500克,3.75,,,,,Official Jilin City DRC market retail price monitoring table,,,http://xxgk.jlcity.gov.cn/gzbm/fgw_2/xbgkml/202602/t20260217_1308008.html
吉林市,2026-02-15,Official Jilin City retail price notice; date 2026-02-15,青椒,厚皮  橫径6cm左右,元/500克,7.75,,,,,Official Jilin City DRC market retail price monitoring table,,,http://xxgk.jlcity.gov.cn/gzbm/fgw_2/xbgkml/202602/t20260217_1308008.html
吉林市,2026-02-15,Official Jilin City retail price notice; date 2026-02-15,水黄瓜,中等长度（20cm左右）,元/500克,6,,,,,Official Jilin City DRC market retail price monitoring table,,,http://xxgk.jlcity.gov.cn/gzbm/fgw_2/xbgkml/202602/t20260217_1308008.html
吉林市,2026-02-15,Official Jilin City retail price notice; date 2026-02-15,蒜苔,中等长度（40-50cm）,元/500克,9,,,,,Official Jilin City DRC market retail price monitoring table,,,http://xxgk.jlcity.gov.cn/gzbm/fgw_2/xbgkml/202602/t20260217_1308008.html
吉林市,2026-02-15,Official Jilin City retail price notice; date 2026-02-15,土豆,单薯质量150g左右,元/500克,2.08,,,,,Official Jilin City DRC market retail price monitoring table,,,http://xxgk.jlcity.gov.cn/gzbm/fgw_2/xbgkml/202602/t20260217_1308008.html
吉林市,2026-02-15,Official Jilin City retail price notice; date 2026-02-15,西红柿,普通粉果,元/500克,7,,,,,Official Jilin City DRC market retail price monitoring table,,,http://xxgk.jlcity.gov.cn/gzbm/fgw_2/xbgkml/202602/t20260217_1308008.html
吉林市,2026-02-15,Official Jilin City retail price notice; date 2026-02-15,香蕉,国产,元/500克,4.99,,,,,Official Jilin City DRC market retail price monitoring table,,,http://xxgk.jlcity.gov.cn/gzbm/fgw_2/xbgkml/202602/t20260217_1308008.html
吉林市,2026-02-15,Official Jilin City retail price notice; date 2026-02-15,羊肉,去骨后腿肉,元/500克,37,,,,,Official Jilin City DRC market retail price monitoring table,,,http://xxgk.jlcity.gov.cn/gzbm/fgw_2/xbgkml/202602/t20260217_1308008.html
吉林市,2026-02-15,Official Jilin City retail price notice; date 2026-02-15,猪后鞧,Not stated,元/500克,10.88,,,,,Official Jilin City DRC market retail price monitoring table,,,http://xxgk.jlcity.gov.cn/gzbm/fgw_2/xbgkml/202602/t20260217_1308008.html
吉林市,2026-02-20,Official Jilin City retail price notice; date 2026-02-20,白条鸡,开膛上等,元/500克,7.75,,,,,Official Jilin City DRC market retail price monitoring table,,,http://xxgk.jlcity.gov.cn/gzbm/fgw_2/xbgkml/202602/t20260224_1308228.html
吉林市,2026-02-20,Official Jilin City retail price notice; date 2026-02-20,菠菜,圆叶,元/500克,7,,,,,Official Jilin City DRC market retail price monitoring table,,,http://xxgk.jlcity.gov.cn/gzbm/fgw_2/xbgkml/202602/t20260224_1308228.html
吉林市,2026-02-20,Official Jilin City retail price notice; date 2026-02-20,大白菜,季节主流,元/500克,2.03,,,,,Official Jilin City DRC market retail price monitoring table,,,http://xxgk.jlcity.gov.cn/gzbm/fgw_2/xbgkml/202602/t20260224_1308228.html
吉林市,2026-02-20,Official Jilin City retail price notice; date 2026-02-20,大米,普通二级大米,元/500克,2.64,,,,,Official Jilin City DRC market retail price monitoring table,,,http://xxgk.jlcity.gov.cn/gzbm/fgw_2/xbgkml/202602/t20260224_1308228.html
吉林市,2026-02-20,Official Jilin City retail price notice; date 2026-02-20,豆角,菜豆角,元/500克,8.5,,,,,Official Jilin City DRC market retail price monitoring table,,,http://xxgk.jlcity.gov.cn/gzbm/fgw_2/xbgkml/202602/t20260224_1308228.html
吉林市,2026-02-20,Official Jilin City retail price notice; date 2026-02-20,豆油,5L桶装(浸出一级),元/500克,63.5,,,,,Official Jilin City DRC market retail price monitoring table,,,http://xxgk.jlcity.gov.cn/gzbm/fgw_2/xbgkml/202602/t20260224_1308228.html
吉林市,2026-02-20,Official Jilin City retail price notice; date 2026-02-20,干豆腐,Not stated,元/500克,5.95,,,,,Official Jilin City DRC market retail price monitoring table,,,http://xxgk.jlcity.gov.cn/gzbm/fgw_2/xbgkml/202602/t20260224_1308228.html
吉林市,2026-02-20,Official Jilin City retail price notice; date 2026-02-20,活鲤鱼,2斤左右,元/500克,8,,,,,Official Jilin City DRC market retail price monitoring table,,,http://xxgk.jlcity.gov.cn/gzbm/fgw_2/xbgkml/202602/t20260224_1308228.html
吉林市,2026-02-20,Official Jilin City retail price notice; date 2026-02-20,鸡蛋,完整,元/500克,4.5,,,,,Official Jilin City DRC market retail price monitoring table,,,http://xxgk.jlcity.gov.cn/gzbm/fgw_2/xbgkml/202602/t20260224_1308228.html
吉林市,2026-02-20,Official Jilin City retail price notice; date 2026-02-20,茄子,紫皮长圆柱形,元/500克,6.38,,,,,Official Jilin City DRC market retail price monitoring table,,,http://xxgk.jlcity.gov.cn/gzbm/fgw_2/xbgkml/202602/t20260224_1308228.html
吉林市,2026-02-20,Official Jilin City retail price notice; date 2026-02-20,尖椒,长10cm-15cm,元/500克,7.75,,,,,Official Jilin City DRC market retail price monitoring table,,,http://xxgk.jlcity.gov.cn/gzbm/fgw_2/xbgkml/202602/t20260224_1308228.html
吉林市,2026-02-20,Official Jilin City retail price notice; date 2026-02-20,韭菜,细叶,元/500克,7,,,,,Official Jilin City DRC market retail price monitoring table,,,http://xxgk.jlcity.gov.cn/gzbm/fgw_2/xbgkml/202602/t20260224_1308228.html
吉林市,2026-02-20,Official Jilin City retail price notice; date 2026-02-20,梨,鸭梨,元/500克,4.49,,,,,Official Jilin City DRC market retail price monitoring table,,,http://xxgk.jlcity.gov.cn/gzbm/fgw_2/xbgkml/202602/t20260224_1308228.html
吉林市,2026-02-20,Official Jilin City retail price notice; date 2026-02-20,面粉,标准粉,元/500克,3.08,,,,,Official Jilin City DRC market retail price monitoring table,,,http://xxgk.jlcity.gov.cn/gzbm/fgw_2/xbgkml/202602/t20260224_1308228.html
吉林市,2026-02-20,Official Jilin City retail price notice; date 2026-02-20,牛奶,250ml左右纯牛奶,元/500克,3.5,,,,,Official Jilin City DRC market retail price monitoring table,,,http://xxgk.jlcity.gov.cn/gzbm/fgw_2/xbgkml/202602/t20260224_1308228.html
吉林市,2026-02-20,Official Jilin City retail price notice; date 2026-02-20,牛肉,去骨后腿肉,元/500克,32.25,,,,,Official Jilin City DRC market retail price monitoring table,,,http://xxgk.jlcity.gov.cn/gzbm/fgw_2/xbgkml/202602/t20260224_1308228.html
吉林市,2026-02-20,Official Jilin City retail price notice; date 2026-02-20,苹果,红富士 中型果,元/500克,7.67,,,,,Official Jilin City DRC market retail price monitoring table,,,http://xxgk.jlcity.gov.cn/gzbm/fgw_2/xbgkml/202602/t20260224_1308228.html
吉林市,2026-02-20,Official Jilin City retail price notice; date 2026-02-20,芹菜,本芹,元/500克,3.75,,,,,Official Jilin City DRC market retail price monitoring table,,,http://xxgk.jlcity.gov.cn/gzbm/fgw_2/xbgkml/202602/t20260224_1308228.html
吉林市,2026-02-20,Official Jilin City retail price notice; date 2026-02-20,青椒,厚皮  橫径6cm左右,元/500克,7.5,,,,,Official Jilin City DRC market retail price monitoring table,,,http://xxgk.jlcity.gov.cn/gzbm/fgw_2/xbgkml/202602/t20260224_1308228.html
吉林市,2026-02-20,Official Jilin City retail price notice; date 2026-02-20,水黄瓜,中等长度（20cm左右）,元/500克,6,,,,,Official Jilin City DRC market retail price monitoring table,,,http://xxgk.jlcity.gov.cn/gzbm/fgw_2/xbgkml/202602/t20260224_1308228.html
吉林市,2026-02-20,Official Jilin City retail price notice; date 2026-02-20,蒜苔,中等长度（40-50cm）,元/500克,9,,,,,Official Jilin City DRC market retail price monitoring table,,,http://xxgk.jlcity.gov.cn/gzbm/fgw_2/xbgkml/202602/t20260224_1308228.html
吉林市,2026-02-20,Official Jilin City retail price notice; date 2026-02-20,土豆,单薯质量150g左右,元/500克,2.08,,,,,Official Jilin City DRC market retail price monitoring table,,,http://xxgk.jlcity.gov.cn/gzbm/fgw_2/xbgkml/202602/t20260224_1308228.html
吉林市,2026-02-20,Official Jilin City retail price notice; date 2026-02-20,西红柿,普通粉果,元/500克,7,,,,,Official Jilin City DRC market retail price monitoring table,,,http://xxgk.jlcity.gov.cn/gzbm/fgw_2/xbgkml/202602/t20260224_1308228.html
吉林市,2026-02-20,Official Jilin City retail price notice; date 2026-02-20,香蕉,国产,元/500克,4.74,,,,,Official Jilin City DRC market retail price monitoring table,,,http://xxgk.jlcity.gov.cn/gzbm/fgw_2/xbgkml/202602/t20260224_1308228.html
吉林市,2026-02-20,Official Jilin City retail price notice; date 2026-02-20,羊肉,去骨后腿肉,元/500克,37,,,,,Official Jilin City DRC market retail price monitoring table,,,http://xxgk.jlcity.gov.cn/gzbm/fgw_2/xbgkml/202602/t20260224_1308228.html
吉林市,2026-02-20,Official Jilin City retail price notice; date 2026-02-20,猪后鞧,Not stated,元/500克,10.88,,,,,Official Jilin City DRC market retail price monitoring table,,,http://xxgk.jlcity.gov.cn/gzbm/fgw_2/xbgkml/202602/t20260224_1308228.html
吉林市,2026-04-06,Official Jilin City retail price notice; date 2026-04-06,白条鸡,开膛上等,元/500克,7.63,,,,,Official Jilin City DRC market retail price monitoring table,,,http://xxgk.jlcity.gov.cn/gzbm/fgw_2/xbgkml/202604/t20260406_1313406.html
吉林市,2026-04-06,Official Jilin City retail price notice; date 2026-04-06,菠菜,圆叶,元/500克,3.75,,,,,Official Jilin City DRC market retail price monitoring table,,,http://xxgk.jlcity.gov.cn/gzbm/fgw_2/xbgkml/202604/t20260406_1313406.html
吉林市,2026-04-06,Official Jilin City retail price notice; date 2026-04-06,大白菜,季节主流,元/500克,1.7,,,,,Official Jilin City DRC market retail price monitoring table,,,http://xxgk.jlcity.gov.cn/gzbm/fgw_2/xbgkml/202604/t20260406_1313406.html
吉林市,2026-04-06,Official Jilin City retail price notice; date 2026-04-06,大米,普通二级大米,元/500克,2.64,,,,,Official Jilin City DRC market retail price monitoring table,,,http://xxgk.jlcity.gov.cn/gzbm/fgw_2/xbgkml/202604/t20260406_1313406.html
吉林市,2026-04-06,Official Jilin City retail price notice; date 2026-04-06,豆角,菜豆角,元/500克,8.75,,,,,Official Jilin City DRC market retail price monitoring table,,,http://xxgk.jlcity.gov.cn/gzbm/fgw_2/xbgkml/202604/t20260406_1313406.html
吉林市,2026-04-06,Official Jilin City retail price notice; date 2026-04-06,豆油,5L桶装(浸出一级),元/500克,63.5,,,,,Official Jilin City DRC market retail price monitoring table,,,http://xxgk.jlcity.gov.cn/gzbm/fgw_2/xbgkml/202604/t20260406_1313406.html
吉林市,2026-04-06,Official Jilin City retail price notice; date 2026-04-06,干豆腐,Not stated,元/500克,5.95,,,,,Official Jilin City DRC market retail price monitoring table,,,http://xxgk.jlcity.gov.cn/gzbm/fgw_2/xbgkml/202604/t20260406_1313406.html
吉林市,2026-04-06,Official Jilin City retail price notice; date 2026-04-06,活鲤鱼,2斤左右,元/500克,8,,,,,Official Jilin City DRC market retail price monitoring table,,,http://xxgk.jlcity.gov.cn/gzbm/fgw_2/xbgkml/202604/t20260406_1313406.html
吉林市,2026-04-06,Official Jilin City retail price notice; date 2026-04-06,鸡蛋,完整,元/500克,4.05,,,,,Official Jilin City DRC market retail price monitoring table,,,http://xxgk.jlcity.gov.cn/gzbm/fgw_2/xbgkml/202604/t20260406_1313406.html
吉林市,2026-04-06,Official Jilin City retail price notice; date 2026-04-06,茄子,紫皮长圆柱形,元/500克,3.88,,,,,Official Jilin City DRC market retail price monitoring table,,,http://xxgk.jlcity.gov.cn/gzbm/fgw_2/xbgkml/202604/t20260406_1313406.html
吉林市,2026-04-06,Official Jilin City retail price notice; date 2026-04-06,尖椒,长10cm-15cm,元/500克,4.75,,,,,Official Jilin City DRC market retail price monitoring table,,,http://xxgk.jlcity.gov.cn/gzbm/fgw_2/xbgkml/202604/t20260406_1313406.html
吉林市,2026-04-06,Official Jilin City retail price notice; date 2026-04-06,韭菜,细叶,元/500克,3.5,,,,,Official Jilin City DRC market retail price monitoring table,,,http://xxgk.jlcity.gov.cn/gzbm/fgw_2/xbgkml/202604/t20260406_1313406.html
吉林市,2026-04-06,Official Jilin City retail price notice; date 2026-04-06,梨,鸭梨,元/500克,4.24,,,,,Official Jilin City DRC market retail price monitoring table,,,http://xxgk.jlcity.gov.cn/gzbm/fgw_2/xbgkml/202604/t20260406_1313406.html
吉林市,2026-04-06,Official Jilin City retail price notice; date 2026-04-06,面粉,标准粉,元/500克,3.08,,,,,Official Jilin City DRC market retail price monitoring table,,,http://xxgk.jlcity.gov.cn/gzbm/fgw_2/xbgkml/202604/t20260406_1313406.html
吉林市,2026-04-06,Official Jilin City retail price notice; date 2026-04-06,牛奶,250ml左右纯牛奶,元/500克,3.5,,,,,Official Jilin City DRC market retail price monitoring table,,,http://xxgk.jlcity.gov.cn/gzbm/fgw_2/xbgkml/202604/t20260406_1313406.html
吉林市,2026-04-06,Official Jilin City retail price notice; date 2026-04-06,牛肉,去骨后腿肉,元/500克,32,,,,,Official Jilin City DRC market retail price monitoring table,,,http://xxgk.jlcity.gov.cn/gzbm/fgw_2/xbgkml/202604/t20260406_1313406.html
吉林市,2026-04-06,Official Jilin City retail price notice; date 2026-04-06,苹果,红富士 中型果,元/500克,7.67,,,,,Official Jilin City DRC market retail price monitoring table,,,http://xxgk.jlcity.gov.cn/gzbm/fgw_2/xbgkml/202604/t20260406_1313406.html
吉林市,2026-04-06,Official Jilin City retail price notice; date 2026-04-06,芹菜,本芹,元/500克,2.88,,,,,Official Jilin City DRC market retail price monitoring table,,,http://xxgk.jlcity.gov.cn/gzbm/fgw_2/xbgkml/202604/t20260406_1313406.html
吉林市,2026-04-06,Official Jilin City retail price notice; date 2026-04-06,青椒,厚皮  橫径6cm左右,元/500克,5,,,,,Official Jilin City DRC market retail price monitoring table,,,http://xxgk.jlcity.gov.cn/gzbm/fgw_2/xbgkml/202604/t20260406_1313406.html
吉林市,2026-04-06,Official Jilin City retail price notice; date 2026-04-06,水黄瓜,中等长度（20cm左右）,元/500克,3.25,,,,,Official Jilin City DRC market retail price monitoring table,,,http://xxgk.jlcity.gov.cn/gzbm/fgw_2/xbgkml/202604/t20260406_1313406.html
吉林市,2026-04-06,Official Jilin City retail price notice; date 2026-04-06,蒜苔,中等长度（40-50cm）,元/500克,7.5,,,,,Official Jilin City DRC market retail price monitoring table,,,http://xxgk.jlcity.gov.cn/gzbm/fgw_2/xbgkml/202604/t20260406_1313406.html
吉林市,2026-04-06,Official Jilin City retail price notice; date 2026-04-06,土豆,单薯质量150g左右,元/500克,1.83,,,,,Official Jilin City DRC market retail price monitoring table,,,http://xxgk.jlcity.gov.cn/gzbm/fgw_2/xbgkml/202604/t20260406_1313406.html
吉林市,2026-04-06,Official Jilin City retail price notice; date 2026-04-06,西红柿,普通粉果,元/500克,3.88,,,,,Official Jilin City DRC market retail price monitoring table,,,http://xxgk.jlcity.gov.cn/gzbm/fgw_2/xbgkml/202604/t20260406_1313406.html
吉林市,2026-04-06,Official Jilin City retail price notice; date 2026-04-06,香蕉,国产,元/500克,4.62,,,,,Official Jilin City DRC market retail price monitoring table,,,http://xxgk.jlcity.gov.cn/gzbm/fgw_2/xbgkml/202604/t20260406_1313406.html
吉林市,2026-04-06,Official Jilin City retail price notice; date 2026-04-06,羊肉,去骨后腿肉,元/500克,35.5,,,,,Official Jilin City DRC market retail price monitoring table,,,http://xxgk.jlcity.gov.cn/gzbm/fgw_2/xbgkml/202604/t20260406_1313406.html
吉林市,2026-04-06,Official Jilin City retail price notice; date 2026-04-06,猪后鞧,Not stated,元/500克,9.25,,,,,Official Jilin City DRC market retail price monitoring table,,,http://xxgk.jlcity.gov.cn/gzbm/fgw_2/xbgkml/202604/t20260406_1313406.html
吉林市,2026-05-18,Official Jilin City retail price notice; date 2026-05-18,白条鸡,开膛上等,元/500克,7.63,,,,,Official Jilin City DRC market retail price monitoring table,,,http://xxgk.jlcity.gov.cn/gzbm/fgw_2/xbgkml/202605/t20260518_1321990.html
吉林市,2026-05-18,Official Jilin City retail price notice; date 2026-05-18,菠菜,圆叶,元/500克,3,,,,,Official Jilin City DRC market retail price monitoring table,,,http://xxgk.jlcity.gov.cn/gzbm/fgw_2/xbgkml/202605/t20260518_1321990.html
吉林市,2026-05-18,Official Jilin City retail price notice; date 2026-05-18,大白菜,季节主流,元/500克,1.38,,,,,Official Jilin City DRC market retail price monitoring table,,,http://xxgk.jlcity.gov.cn/gzbm/fgw_2/xbgkml/202605/t20260518_1321990.html
吉林市,2026-05-18,Official Jilin City retail price notice; date 2026-05-18,大米,普通二级大米,元/500克,2.64,,,,,Official Jilin City DRC market retail price monitoring table,,,http://xxgk.jlcity.gov.cn/gzbm/fgw_2/xbgkml/202605/t20260518_1321990.html
吉林市,2026-05-18,Official Jilin City retail price notice; date 2026-05-18,豆角,菜豆角,元/500克,4.63,,,,,Official Jilin City DRC market retail price monitoring table,,,http://xxgk.jlcity.gov.cn/gzbm/fgw_2/xbgkml/202605/t20260518_1321990.html
吉林市,2026-05-18,Official Jilin City retail price notice; date 2026-05-18,豆油,5L桶装(浸出一级),元/500克,63.5,,,,,Official Jilin City DRC market retail price monitoring table,,,http://xxgk.jlcity.gov.cn/gzbm/fgw_2/xbgkml/202605/t20260518_1321990.html
吉林市,2026-05-18,Official Jilin City retail price notice; date 2026-05-18,干豆腐,Not stated,元/500克,5.95,,,,,Official Jilin City DRC market retail price monitoring table,,,http://xxgk.jlcity.gov.cn/gzbm/fgw_2/xbgkml/202605/t20260518_1321990.html
吉林市,2026-05-18,Official Jilin City retail price notice; date 2026-05-18,活鲤鱼,2斤左右,元/500克,7.75,,,,,Official Jilin City DRC market retail price monitoring table,,,http://xxgk.jlcity.gov.cn/gzbm/fgw_2/xbgkml/202605/t20260518_1321990.html
吉林市,2026-05-18,Official Jilin City retail price notice; date 2026-05-18,鸡蛋,完整,元/500克,4.7,,,,,Official Jilin City DRC market retail price monitoring table,,,http://xxgk.jlcity.gov.cn/gzbm/fgw_2/xbgkml/202605/t20260518_1321990.html
吉林市,2026-05-18,Official Jilin City retail price notice; date 2026-05-18,茄子,紫皮长圆柱形,元/500克,3.25,,,,,Official Jilin City DRC market retail price monitoring table,,,http://xxgk.jlcity.gov.cn/gzbm/fgw_2/xbgkml/202605/t20260518_1321990.html
吉林市,2026-05-18,Official Jilin City retail price notice; date 2026-05-18,尖椒,长10cm-15cm,元/500克,4,,,,,Official Jilin City DRC market retail price monitoring table,,,http://xxgk.jlcity.gov.cn/gzbm/fgw_2/xbgkml/202605/t20260518_1321990.html
吉林市,2026-05-18,Official Jilin City retail price notice; date 2026-05-18,韭菜,细叶,元/500克,3,,,,,Official Jilin City DRC market retail price monitoring table,,,http://xxgk.jlcity.gov.cn/gzbm/fgw_2/xbgkml/202605/t20260518_1321990.html
吉林市,2026-05-18,Official Jilin City retail price notice; date 2026-05-18,梨,鸭梨,元/500克,4.24,,,,,Official Jilin City DRC market retail price monitoring table,,,http://xxgk.jlcity.gov.cn/gzbm/fgw_2/xbgkml/202605/t20260518_1321990.html
吉林市,2026-05-18,Official Jilin City retail price notice; date 2026-05-18,面粉,标准粉,元/500克,3.08,,,,,Official Jilin City DRC market retail price monitoring table,,,http://xxgk.jlcity.gov.cn/gzbm/fgw_2/xbgkml/202605/t20260518_1321990.html
吉林市,2026-05-18,Official Jilin City retail price notice; date 2026-05-18,牛奶,250ml左右纯牛奶,元/500克,3.5,,,,,Official Jilin City DRC market retail price monitoring table,,,http://xxgk.jlcity.gov.cn/gzbm/fgw_2/xbgkml/202605/t20260518_1321990.html
吉林市,2026-05-18,Official Jilin City retail price notice; date 2026-05-18,牛肉,去骨后腿肉,元/500克,34,,,,,Official Jilin City DRC market retail price monitoring table,,,http://xxgk.jlcity.gov.cn/gzbm/fgw_2/xbgkml/202605/t20260518_1321990.html
吉林市,2026-05-18,Official Jilin City retail price notice; date 2026-05-18,苹果,红富士 中型果,元/500克,7.67,,,,,Official Jilin City DRC market retail price monitoring table,,,http://xxgk.jlcity.gov.cn/gzbm/fgw_2/xbgkml/202605/t20260518_1321990.html
吉林市,2026-05-18,Official Jilin City retail price notice; date 2026-05-18,芹菜,本芹,元/500克,2.63,,,,,Official Jilin City DRC market retail price monitoring table,,,http://xxgk.jlcity.gov.cn/gzbm/fgw_2/xbgkml/202605/t20260518_1321990.html
吉林市,2026-05-18,Official Jilin City retail price notice; date 2026-05-18,青椒,厚皮  橫径6cm左右,元/500克,4,,,,,Official Jilin City DRC market retail price monitoring table,,,http://xxgk.jlcity.gov.cn/gzbm/fgw_2/xbgkml/202605/t20260518_1321990.html
吉林市,2026-05-18,Official Jilin City retail price notice; date 2026-05-18,水黄瓜,中等长度（20cm左右）,元/500克,2.5,,,,,Official Jilin City DRC market retail price monitoring table,,,http://xxgk.jlcity.gov.cn/gzbm/fgw_2/xbgkml/202605/t20260518_1321990.html
吉林市,2026-05-18,Official Jilin City retail price notice; date 2026-05-18,蒜苔,中等长度（40-50cm）,元/500克,7,,,,,Official Jilin City DRC market retail price monitoring table,,,http://xxgk.jlcity.gov.cn/gzbm/fgw_2/xbgkml/202605/t20260518_1321990.html
吉林市,2026-05-18,Official Jilin City retail price notice; date 2026-05-18,土豆,单薯质量150g左右,元/500克,2.03,,,,,Official Jilin City DRC market retail price monitoring table,,,http://xxgk.jlcity.gov.cn/gzbm/fgw_2/xbgkml/202605/t20260518_1321990.html
吉林市,2026-05-18,Official Jilin City retail price notice; date 2026-05-18,西红柿,普通粉果,元/500克,3.5,,,,,Official Jilin City DRC market retail price monitoring table,,,http://xxgk.jlcity.gov.cn/gzbm/fgw_2/xbgkml/202605/t20260518_1321990.html
吉林市,2026-05-18,Official Jilin City retail price notice; date 2026-05-18,香蕉,国产,元/500克,4.24,,,,,Official Jilin City DRC market retail price monitoring table,,,http://xxgk.jlcity.gov.cn/gzbm/fgw_2/xbgkml/202605/t20260518_1321990.html
吉林市,2026-05-18,Official Jilin City retail price notice; date 2026-05-18,羊肉,去骨后腿肉,元/500克,36.5,,,,,Official Jilin City DRC market retail price monitoring table,,,http://xxgk.jlcity.gov.cn/gzbm/fgw_2/xbgkml/202605/t20260518_1321990.html
吉林市,2026-05-18,Official Jilin City retail price notice; date 2026-05-18,猪后鞧,Not stated,元/500克,8.63,,,,,Official Jilin City DRC market retail price monitoring table,,,http://xxgk.jlcity.gov.cn/gzbm/fgw_2/xbgkml/202605/t20260518_1321990.html
吉林市,2026-06-01,Official Jilin City retail price notice; date 2026-06-01,白条鸡,开膛上等,元/500克,7.63,,,,,Official Jilin City DRC market retail price monitoring table,,,http://xxgk.jlcity.gov.cn/gzbm/fgw_2/xbgkml/202606/t20260601_1323651.html
吉林市,2026-06-01,Official Jilin City retail price notice; date 2026-06-01,菠菜,圆叶,元/500克,3,,,,,Official Jilin City DRC market retail price monitoring table,,,http://xxgk.jlcity.gov.cn/gzbm/fgw_2/xbgkml/202606/t20260601_1323651.html
吉林市,2026-06-01,Official Jilin City retail price notice; date 2026-06-01,大白菜,季节主流,元/500克,1.25,,,,,Official Jilin City DRC market retail price monitoring table,,,http://xxgk.jlcity.gov.cn/gzbm/fgw_2/xbgkml/202606/t20260601_1323651.html
吉林市,2026-06-01,Official Jilin City retail price notice; date 2026-06-01,大米,普通二级大米,元/500克,2.69,,,,,Official Jilin City DRC market retail price monitoring table,,,http://xxgk.jlcity.gov.cn/gzbm/fgw_2/xbgkml/202606/t20260601_1323651.html
吉林市,2026-06-01,Official Jilin City retail price notice; date 2026-06-01,豆角,菜豆角,元/500克,4.25,,,,,Official Jilin City DRC market retail price monitoring table,,,http://xxgk.jlcity.gov.cn/gzbm/fgw_2/xbgkml/202606/t20260601_1323651.html
吉林市,2026-06-01,Official Jilin City retail price notice; date 2026-06-01,豆油,5L桶装(浸出一级),元/500克,63.5,,,,,Official Jilin City DRC market retail price monitoring table,,,http://xxgk.jlcity.gov.cn/gzbm/fgw_2/xbgkml/202606/t20260601_1323651.html
吉林市,2026-06-01,Official Jilin City retail price notice; date 2026-06-01,干豆腐,Not stated,元/500克,5.95,,,,,Official Jilin City DRC market retail price monitoring table,,,http://xxgk.jlcity.gov.cn/gzbm/fgw_2/xbgkml/202606/t20260601_1323651.html
吉林市,2026-06-01,Official Jilin City retail price notice; date 2026-06-01,活鲤鱼,2斤左右,元/500克,7.75,,,,,Official Jilin City DRC market retail price monitoring table,,,http://xxgk.jlcity.gov.cn/gzbm/fgw_2/xbgkml/202606/t20260601_1323651.html
吉林市,2026-06-01,Official Jilin City retail price notice; date 2026-06-01,鸡蛋,完整,元/500克,5.55,,,,,Official Jilin City DRC market retail price monitoring table,,,http://xxgk.jlcity.gov.cn/gzbm/fgw_2/xbgkml/202606/t20260601_1323651.html
吉林市,2026-06-01,Official Jilin City retail price notice; date 2026-06-01,茄子,紫皮长圆柱形,元/500克,3.25,,,,,Official Jilin City DRC market retail price monitoring table,,,http://xxgk.jlcity.gov.cn/gzbm/fgw_2/xbgkml/202606/t20260601_1323651.html
吉林市,2026-06-01,Official Jilin City retail price notice; date 2026-06-01,尖椒,长10cm-15cm,元/500克,3.38,,,,,Official Jilin City DRC market retail price monitoring table,,,http://xxgk.jlcity.gov.cn/gzbm/fgw_2/xbgkml/202606/t20260601_1323651.html
吉林市,2026-06-01,Official Jilin City retail price notice; date 2026-06-01,韭菜,细叶,元/500克,2.75,,,,,Official Jilin City DRC market retail price monitoring table,,,http://xxgk.jlcity.gov.cn/gzbm/fgw_2/xbgkml/202606/t20260601_1323651.html
吉林市,2026-06-01,Official Jilin City retail price notice; date 2026-06-01,梨,鸭梨,元/500克,4.24,,,,,Official Jilin City DRC market retail price monitoring table,,,http://xxgk.jlcity.gov.cn/gzbm/fgw_2/xbgkml/202606/t20260601_1323651.html
吉林市,2026-06-01,Official Jilin City retail price notice; date 2026-06-01,面粉,标准粉,元/500克,2.87,,,,,Official Jilin City DRC market retail price monitoring table,,,http://xxgk.jlcity.gov.cn/gzbm/fgw_2/xbgkml/202606/t20260601_1323651.html
吉林市,2026-06-01,Official Jilin City retail price notice; date 2026-06-01,牛奶,250ml左右纯牛奶,元/500克,3.5,,,,,Official Jilin City DRC market retail price monitoring table,,,http://xxgk.jlcity.gov.cn/gzbm/fgw_2/xbgkml/202606/t20260601_1323651.html
吉林市,2026-06-01,Official Jilin City retail price notice; date 2026-06-01,牛肉,去骨后腿肉,元/500克,34.5,,,,,Official Jilin City DRC market retail price monitoring table,,,http://xxgk.jlcity.gov.cn/gzbm/fgw_2/xbgkml/202606/t20260601_1323651.html
吉林市,2026-06-01,Official Jilin City retail price notice; date 2026-06-01,苹果,红富士 中型果,元/500克,6.44,,,,,Official Jilin City DRC market retail price monitoring table,,,http://xxgk.jlcity.gov.cn/gzbm/fgw_2/xbgkml/202606/t20260601_1323651.html
吉林市,2026-06-01,Official Jilin City retail price notice; date 2026-06-01,芹菜,本芹,元/500克,2.38,,,,,Official Jilin City DRC market retail price monitoring table,,,http://xxgk.jlcity.gov.cn/gzbm/fgw_2/xbgkml/202606/t20260601_1323651.html
吉林市,2026-06-01,Official Jilin City retail price notice; date 2026-06-01,青椒,厚皮  橫径6cm左右,元/500克,3.75,,,,,Official Jilin City DRC market retail price monitoring table,,,http://xxgk.jlcity.gov.cn/gzbm/fgw_2/xbgkml/202606/t20260601_1323651.html
吉林市,2026-06-01,Official Jilin City retail price notice; date 2026-06-01,水黄瓜,中等长度（20cm左右）,元/500克,2.88,,,,,Official Jilin City DRC market retail price monitoring table,,,http://xxgk.jlcity.gov.cn/gzbm/fgw_2/xbgkml/202606/t20260601_1323651.html
吉林市,2026-06-01,Official Jilin City retail price notice; date 2026-06-01,蒜苔,中等长度（40-50cm）,元/500克,7.5,,,,,Official Jilin City DRC market retail price monitoring table,,,http://xxgk.jlcity.gov.cn/gzbm/fgw_2/xbgkml/202606/t20260601_1323651.html
吉林市,2026-06-01,Official Jilin City retail price notice; date 2026-06-01,土豆,单薯质量150g左右,元/500克,1.83,,,,,Official Jilin City DRC market retail price monitoring table,,,http://xxgk.jlcity.gov.cn/gzbm/fgw_2/xbgkml/202606/t20260601_1323651.html
吉林市,2026-06-01,Official Jilin City retail price notice; date 2026-06-01,西红柿,普通粉果,元/500克,3.63,,,,,Official Jilin City DRC market retail price monitoring table,,,http://xxgk.jlcity.gov.cn/gzbm/fgw_2/xbgkml/202606/t20260601_1323651.html
吉林市,2026-06-01,Official Jilin City retail price notice; date 2026-06-01,香蕉,国产,元/500克,4.24,,,,,Official Jilin City DRC market retail price monitoring table,,,http://xxgk.jlcity.gov.cn/gzbm/fgw_2/xbgkml/202606/t20260601_1323651.html
吉林市,2026-06-01,Official Jilin City retail price notice; date 2026-06-01,羊肉,去骨后腿肉,元/500克,36,,,,,Official Jilin City DRC market retail price monitoring table,,,http://xxgk.jlcity.gov.cn/gzbm/fgw_2/xbgkml/202606/t20260601_1323651.html
吉林市,2026-06-01,Official Jilin City retail price notice; date 2026-06-01,猪后鞧,Not stated,元/500克,8.5,,,,,Official Jilin City DRC market retail price monitoring table,,,http://xxgk.jlcity.gov.cn/gzbm/fgw_2/xbgkml/202606/t20260601_1323651.html
吉林市,2026-06-15,Official Jilin City retail price notice; date 2026-06-15,白条鸡,开膛上等,元/500克,7.63,,,,,Official Jilin City DRC market retail price monitoring table,,,http://xxgk.jlcity.gov.cn/gzbm/fgw_2/xbgkml/202606/t20260615_1325331.html
吉林市,2026-06-15,Official Jilin City retail price notice; date 2026-06-15,菠菜,圆叶,元/500克,3.63,,,,,Official Jilin City DRC market retail price monitoring table,,,http://xxgk.jlcity.gov.cn/gzbm/fgw_2/xbgkml/202606/t20260615_1325331.html
吉林市,2026-06-15,Official Jilin City retail price notice; date 2026-06-15,大白菜,季节主流,元/500克,1.13,,,,,Official Jilin City DRC market retail price monitoring table,,,http://xxgk.jlcity.gov.cn/gzbm/fgw_2/xbgkml/202606/t20260615_1325331.html
吉林市,2026-06-15,Official Jilin City retail price notice; date 2026-06-15,大米,普通二级大米,元/500克,2.69,,,,,Official Jilin City DRC market retail price monitoring table,,,http://xxgk.jlcity.gov.cn/gzbm/fgw_2/xbgkml/202606/t20260615_1325331.html
吉林市,2026-06-15,Official Jilin City retail price notice; date 2026-06-15,豆角,菜豆角,元/500克,5.25,,,,,Official Jilin City DRC market retail price monitoring table,,,http://xxgk.jlcity.gov.cn/gzbm/fgw_2/xbgkml/202606/t20260615_1325331.html
吉林市,2026-06-15,Official Jilin City retail price notice; date 2026-06-15,豆油,5L桶装(浸出一级),元/500克,63.5,,,,,Official Jilin City DRC market retail price monitoring table,,,http://xxgk.jlcity.gov.cn/gzbm/fgw_2/xbgkml/202606/t20260615_1325331.html
吉林市,2026-06-15,Official Jilin City retail price notice; date 2026-06-15,干豆腐,Not stated,元/500克,5.95,,,,,Official Jilin City DRC market retail price monitoring table,,,http://xxgk.jlcity.gov.cn/gzbm/fgw_2/xbgkml/202606/t20260615_1325331.html
吉林市,2026-06-15,Official Jilin City retail price notice; date 2026-06-15,活鲤鱼,2斤左右,元/500克,7.5,,,,,Official Jilin City DRC market retail price monitoring table,,,http://xxgk.jlcity.gov.cn/gzbm/fgw_2/xbgkml/202606/t20260615_1325331.html
吉林市,2026-06-15,Official Jilin City retail price notice; date 2026-06-15,鸡蛋,完整,元/500克,6,,,,,Official Jilin City DRC market retail price monitoring table,,,http://xxgk.jlcity.gov.cn/gzbm/fgw_2/xbgkml/202606/t20260615_1325331.html
吉林市,2026-06-15,Official Jilin City retail price notice; date 2026-06-15,茄子,紫皮长圆柱形,元/500克,3.5,,,,,Official Jilin City DRC market retail price monitoring table,,,http://xxgk.jlcity.gov.cn/gzbm/fgw_2/xbgkml/202606/t20260615_1325331.html
吉林市,2026-06-15,Official Jilin City retail price notice; date 2026-06-15,尖椒,长10cm-15cm,元/500克,3.25,,,,,Official Jilin City DRC market retail price monitoring table,,,http://xxgk.jlcity.gov.cn/gzbm/fgw_2/xbgkml/202606/t20260615_1325331.html
吉林市,2026-06-15,Official Jilin City retail price notice; date 2026-06-15,韭菜,细叶,元/500克,2.88,,,,,Official Jilin City DRC market retail price monitoring table,,,http://xxgk.jlcity.gov.cn/gzbm/fgw_2/xbgkml/202606/t20260615_1325331.html
吉林市,2026-06-15,Official Jilin City retail price notice; date 2026-06-15,梨,鸭梨,元/500克,4.24,,,,,Official Jilin City DRC market retail price monitoring table,,,http://xxgk.jlcity.gov.cn/gzbm/fgw_2/xbgkml/202606/t20260615_1325331.html
吉林市,2026-06-15,Official Jilin City retail price notice; date 2026-06-15,面粉,标准粉,元/500克,2.87,,,,,Official Jilin City DRC market retail price monitoring table,,,http://xxgk.jlcity.gov.cn/gzbm/fgw_2/xbgkml/202606/t20260615_1325331.html
吉林市,2026-06-15,Official Jilin City retail price notice; date 2026-06-15,牛奶,250ml左右纯牛奶,元/500克,3.5,,,,,Official Jilin City DRC market retail price monitoring table,,,http://xxgk.jlcity.gov.cn/gzbm/fgw_2/xbgkml/202606/t20260615_1325331.html
吉林市,2026-06-15,Official Jilin City retail price notice; date 2026-06-15,牛肉,去骨后腿肉,元/500克,34.75,,,,,Official Jilin City DRC market retail price monitoring table,,,http://xxgk.jlcity.gov.cn/gzbm/fgw_2/xbgkml/202606/t20260615_1325331.html
吉林市,2026-06-15,Official Jilin City retail price notice; date 2026-06-15,苹果,红富士 中型果,元/500克,6.69,,,,,Official Jilin City DRC market retail price monitoring table,,,http://xxgk.jlcity.gov.cn/gzbm/fgw_2/xbgkml/202606/t20260615_1325331.html
吉林市,2026-06-15,Official Jilin City retail price notice; date 2026-06-15,芹菜,本芹,元/500克,2.38,,,,,Official Jilin City DRC market retail price monitoring table,,,http://xxgk.jlcity.gov.cn/gzbm/fgw_2/xbgkml/202606/t20260615_1325331.html
吉林市,2026-06-15,Official Jilin City retail price notice; date 2026-06-15,青椒,厚皮  橫径6cm左右,元/500克,3.38,,,,,Official Jilin City DRC market retail price monitoring table,,,http://xxgk.jlcity.gov.cn/gzbm/fgw_2/xbgkml/202606/t20260615_1325331.html
吉林市,2026-06-15,Official Jilin City retail price notice; date 2026-06-15,水黄瓜,中等长度（20cm左右）,元/500克,2.88,,,,,Official Jilin City DRC market retail price monitoring table,,,http://xxgk.jlcity.gov.cn/gzbm/fgw_2/xbgkml/202606/t20260615_1325331.html
吉林市,2026-06-15,Official Jilin City retail price notice; date 2026-06-15,蒜苔,中等长度（40-50cm）,元/500克,7.25,,,,,Official Jilin City DRC market retail price monitoring table,,,http://xxgk.jlcity.gov.cn/gzbm/fgw_2/xbgkml/202606/t20260615_1325331.html
吉林市,2026-06-15,Official Jilin City retail price notice; date 2026-06-15,土豆,单薯质量150g左右,元/500克,1.83,,,,,Official Jilin City DRC market retail price monitoring table,,,http://xxgk.jlcity.gov.cn/gzbm/fgw_2/xbgkml/202606/t20260615_1325331.html
吉林市,2026-06-15,Official Jilin City retail price notice; date 2026-06-15,西红柿,普通粉果,元/500克,3.88,,,,,Official Jilin City DRC market retail price monitoring table,,,http://xxgk.jlcity.gov.cn/gzbm/fgw_2/xbgkml/202606/t20260615_1325331.html
吉林市,2026-06-15,Official Jilin City retail price notice; date 2026-06-15,香蕉,国产,元/500克,4.04,,,,,Official Jilin City DRC market retail price monitoring table,,,http://xxgk.jlcity.gov.cn/gzbm/fgw_2/xbgkml/202606/t20260615_1325331.html
吉林市,2026-06-15,Official Jilin City retail price notice; date 2026-06-15,羊肉,去骨后腿肉,元/500克,36.25,,,,,Official Jilin City DRC market retail price monitoring table,,,http://xxgk.jlcity.gov.cn/gzbm/fgw_2/xbgkml/202606/t20260615_1325331.html
吉林市,2026-06-15,Official Jilin City retail price notice; date 2026-06-15,猪后鞧,Not stated,元/500克,8.75,,,,,Official Jilin City DRC market retail price monitoring table,,,http://xxgk.jlcity.gov.cn/gzbm/fgw_2/xbgkml/202606/t20260615_1325331.html
兰州市,2026-05-15,2026-05-15（发布：2026-05-15）,白醋,瓶,元/500ml,6.67,,,,,兰州市发展和改革委员会主要农副产品价格监测报表,,0.0000,https://fgw.lanzhou.gov.cn/art/2026/5/15/art_3772_1703539.html
兰州市,2026-05-15,2026-05-15（发布：2026-05-15）,白萝卜,新鲜一级,元/500克,2.07,,,,,兰州市发展和改革委员会主要农副产品价格监测报表,,-0.0327,https://fgw.lanzhou.gov.cn/art/2026/5/15/art_3772_1703539.html
兰州市,2026-05-15,2026-05-15（发布：2026-05-15）,菜花,新鲜一级,元/500克,3.5,,,,,兰州市发展和改革委员会主要农副产品价格监测报表,,-0.0223,https://fgw.lanzhou.gov.cn/art/2026/5/15/art_3772_1703539.html
兰州市,2026-05-15,2026-05-15（发布：2026-05-15）,菜籽油,桶装一级浸出,元/5升,86.44,,,,,兰州市发展和改革委员会主要农副产品价格监测报表,,0.0000,https://fgw.lanzhou.gov.cn/art/2026/5/15/art_3772_1703539.html
兰州市,2026-05-15,2026-05-15（发布：2026-05-15）,草鱼,活1000克左右一条,元/500克,9.14,,,,,兰州市发展和改革委员会主要农副产品价格监测报表,,0.0000,https://fgw.lanzhou.gov.cn/art/2026/5/15/art_3772_1703539.html
兰州市,2026-05-15,2026-05-15（发布：2026-05-15）,大白菜,新鲜一级,元/500克,1.86,,,,,兰州市发展和改革委员会主要农副产品价格监测报表,,0.0000,https://fgw.lanzhou.gov.cn/art/2026/5/15/art_3772_1703539.html
兰州市,2026-05-15,2026-05-15（发布：2026-05-15）,带鱼,冻250克左右一条,元/500克,18.86,,,,,兰州市发展和改革委员会主要农副产品价格监测报表,,0.0000,https://fgw.lanzhou.gov.cn/art/2026/5/15/art_3772_1703539.html
兰州市,2026-05-15,2026-05-15（发布：2026-05-15）,豆腐,新鲜一级,元/500克,3.21,,,,,兰州市发展和改革委员会主要农副产品价格监测报表,,0.0000,https://fgw.lanzhou.gov.cn/art/2026/5/15/art_3772_1703539.html
兰州市,2026-05-15,2026-05-15（发布：2026-05-15）,番瓜,新鲜一级,元/500克,2.64,,,,,兰州市发展和改革委员会主要农副产品价格监测报表,,-0.0258,https://fgw.lanzhou.gov.cn/art/2026/5/15/art_3772_1703539.html
兰州市,2026-05-15,2026-05-15（发布：2026-05-15）,方便面,袋,元/120克,2.66,,,,,兰州市发展和改革委员会主要农副产品价格监测报表,,0.0000,https://fgw.lanzhou.gov.cn/art/2026/5/15/art_3772_1703539.html
兰州市,2026-05-15,2026-05-15（发布：2026-05-15）,富强粉,特一粉,元/500克,2.4,,,,,兰州市发展和改革委员会主要农副产品价格监测报表,,0.0000,https://fgw.lanzhou.gov.cn/art/2026/5/15/art_3772_1703539.html
兰州市,2026-05-15,2026-05-15（发布：2026-05-15）,胡萝卜,新鲜一级,元/500克,2.57,,,,,兰州市发展和改革委员会主要农副产品价格监测报表,,0.0000,https://fgw.lanzhou.gov.cn/art/2026/5/15/art_3772_1703539.html
兰州市,2026-05-15,2026-05-15（发布：2026-05-15）,花生油,桶装一级压榨,元/5升,152.56,,,,,兰州市发展和改革委员会主要农副产品价格监测报表,,0.0000,https://fgw.lanzhou.gov.cn/art/2026/5/15/art_3772_1703539.html
兰州市,2026-05-15,2026-05-15（发布：2026-05-15）,黄瓜,新鲜一级,元/500克,2.79,,,,,兰州市发展和改革委员会主要农副产品价格监测报表,,-0.0700,https://fgw.lanzhou.gov.cn/art/2026/5/15/art_3772_1703539.html
兰州市,2026-05-15,2026-05-15（发布：2026-05-15）,鸡蛋,新鲜完整,元/500克,5.01,,,,,兰州市发展和改革委员会主要农副产品价格监测报表,,0.0287,https://fgw.lanzhou.gov.cn/art/2026/5/15/art_3772_1703539.html
兰州市,2026-05-15,2026-05-15（发布：2026-05-15）,鸡肉,白条鸡,元/500克,14.57,,,,,兰州市发展和改革委员会主要农副产品价格监测报表,,0.0000,https://fgw.lanzhou.gov.cn/art/2026/5/15/art_3772_1703539.html
兰州市,2026-05-15,2026-05-15（发布：2026-05-15）,鲫鱼,活350克左右一条,元/500克,12.29,,,,,兰州市发展和改革委员会主要农副产品价格监测报表,,0.0000,https://fgw.lanzhou.gov.cn/art/2026/5/15/art_3772_1703539.html
兰州市,2026-05-15,2026-05-15（发布：2026-05-15）,茄子,新鲜一级,元/500克,4.29,,,,,兰州市发展和改革委员会主要农副产品价格监测报表,,0.0362,https://fgw.lanzhou.gov.cn/art/2026/5/15/art_3772_1703539.html
兰州市,2026-05-15,2026-05-15（发布：2026-05-15）,尖椒,新鲜一级,元/500克,4.36,,,,,兰州市发展和改革委员会主要农副产品价格监测报表,,-0.0311,https://fgw.lanzhou.gov.cn/art/2026/5/15/art_3772_1703539.html
兰州市,2026-05-15,2026-05-15（发布：2026-05-15）,豇豆,新鲜一级,元/500克,6.71,,,,,兰州市发展和改革委员会主要农副产品价格监测报表,,-0.0118,https://fgw.lanzhou.gov.cn/art/2026/5/15/art_3772_1703539.html
兰州市,2026-05-15,2026-05-15（发布：2026-05-15）,粳米,标一,元/500克,3.89,,,,,兰州市发展和改革委员会主要农副产品价格监测报表,,0.0000,https://fgw.lanzhou.gov.cn/art/2026/5/15/art_3772_1703539.html
兰州市,2026-05-15,2026-05-15（发布：2026-05-15）,韭菜,新鲜一级,元/500克,4.07,,,,,兰州市发展和改革委员会主要农副产品价格监测报表,,-0.0169,https://fgw.lanzhou.gov.cn/art/2026/5/15/art_3772_1703539.html
兰州市,2026-05-15,2026-05-15（发布：2026-05-15）,鲤鱼,活500克左右一条,元/500克,8.43,,,,,兰州市发展和改革委员会主要农副产品价格监测报表,,0.0000,https://fgw.lanzhou.gov.cn/art/2026/5/15/art_3772_1703539.html
兰州市,2026-05-15,2026-05-15（发布：2026-05-15）,莲花菜,新鲜一级,元/500克,2.24,,,,,兰州市发展和改革委员会主要农副产品价格监测报表,,0.0000,https://fgw.lanzhou.gov.cn/art/2026/5/15/art_3772_1703539.html
兰州市,2026-05-15,2026-05-15（发布：2026-05-15）,牛奶,当地主销（散装）,元/500克,3.79,,,,,兰州市发展和改革委员会主要农副产品价格监测报表,,0.0000,https://fgw.lanzhou.gov.cn/art/2026/5/15/art_3772_1703539.html
兰州市,2026-05-15,2026-05-15（发布：2026-05-15）,牛奶,蒙牛220ml,元/袋,2.63,,,,,兰州市发展和改革委员会主要农副产品价格监测报表,,0.0000,https://fgw.lanzhou.gov.cn/art/2026/5/15/art_3772_1703539.html
兰州市,2026-05-15,2026-05-15（发布：2026-05-15）,芹菜,新鲜一级,元/500克,3.36,,,,,兰州市发展和改革委员会主要农副产品价格监测报表,,-0.0204,https://fgw.lanzhou.gov.cn/art/2026/5/15/art_3772_1703539.html
兰州市,2026-05-15,2026-05-15（发布：2026-05-15）,青椒,新鲜一级,元/500克,4.57,,,,,兰州市发展和改革委员会主要农副产品价格监测报表,,-0.0297,https://fgw.lanzhou.gov.cn/art/2026/5/15/art_3772_1703539.html
兰州市,2026-05-15,2026-05-15（发布：2026-05-15）,青笋,新鲜一级,元/500克,3.29,,,,,兰州市发展和改革委员会主要农副产品价格监测报表,,0.0000,https://fgw.lanzhou.gov.cn/art/2026/5/15/art_3772_1703539.html
兰州市,2026-05-15,2026-05-15（发布：2026-05-15）,食用盐,袋,元/320克,2,,,,,兰州市发展和改革委员会主要农副产品价格监测报表,,0.0000,https://fgw.lanzhou.gov.cn/art/2026/5/15/art_3772_1703539.html
兰州市,2026-05-15,2026-05-15（发布：2026-05-15）,蒜薹,新鲜一级,元/500克,6.5,,,,,兰州市发展和改革委员会主要农副产品价格监测报表,,0.0334,https://fgw.lanzhou.gov.cn/art/2026/5/15/art_3772_1703539.html
兰州市,2026-05-15,2026-05-15（发布：2026-05-15）,土豆,新鲜一级,元/500克,1.9,,,,,兰州市发展和改革委员会主要农副产品价格监测报表,,0.0000,https://fgw.lanzhou.gov.cn/art/2026/5/15/art_3772_1703539.html
兰州市,2026-05-15,2026-05-15（发布：2026-05-15）,西红柿,新鲜一级,元/500克,4,,,,,兰州市发展和改革委员会主要农副产品价格监测报表,,-0.0676,https://fgw.lanzhou.gov.cn/art/2026/5/15/art_3772_1703539.html
兰州市,2026-05-15,2026-05-15（发布：2026-05-15）,鲜牛肉,新鲜统货,元/500克,32.71,,,,,兰州市发展和改革委员会主要农副产品价格监测报表,,0.0000,https://fgw.lanzhou.gov.cn/art/2026/5/15/art_3772_1703539.html
兰州市,2026-05-15,2026-05-15（发布：2026-05-15）,鲜羊肉,新鲜统货,元/500克,32.57,,,,,兰州市发展和改革委员会主要农副产品价格监测报表,,0.0000,https://fgw.lanzhou.gov.cn/art/2026/5/15/art_3772_1703539.html
兰州市,2026-05-15,2026-05-15（发布：2026-05-15）,鲜猪肉,精瘦肉,元/500克,11.14,,,,,兰州市发展和改革委员会主要农副产品价格监测报表,,0.0000,https://fgw.lanzhou.gov.cn/art/2026/5/15/art_3772_1703539.html
兰州市,2026-05-15,2026-05-15（发布：2026-05-15）,鲜猪肉,新鲜剔骨五花肉,元/500克,10.57,,,,,兰州市发展和改革委员会主要农副产品价格监测报表,,0.0000,https://fgw.lanzhou.gov.cn/art/2026/5/15/art_3772_1703539.html
兰州市,2026-05-15,2026-05-15（发布：2026-05-15）,小麦,收购价格,元/500克,1.43,,,,,兰州市发展和改革委员会主要农副产品价格监测报表,,0.0000,https://fgw.lanzhou.gov.cn/art/2026/5/15/art_3772_1703539.html
兰州市,2026-05-15,2026-05-15（发布：2026-05-15）,小麦,销售价格,元/500克,1.5,,,,,兰州市发展和改革委员会主要农副产品价格监测报表,,0.0000,https://fgw.lanzhou.gov.cn/art/2026/5/15/art_3772_1703539.html
兰州市,2026-05-15,2026-05-15（发布：2026-05-15）,洋葱,新鲜一级,元/500克,1.86,,,,,兰州市发展和改革委员会主要农副产品价格监测报表,,0.0000,https://fgw.lanzhou.gov.cn/art/2026/5/15/art_3772_1703539.html
兰州市,2026-05-15,2026-05-15（发布：2026-05-15）,液化气,10公斤装,元/罐,89.43,,,,,兰州市发展和改革委员会主要农副产品价格监测报表,,0.0000,https://fgw.lanzhou.gov.cn/art/2026/5/15/art_3772_1703539.html
兰州市,2026-05-15,2026-05-15（发布：2026-05-15）,油菜,新鲜一级,元/500克,3.14,,,,,兰州市发展和改革委员会主要农副产品价格监测报表,,0.0000,https://fgw.lanzhou.gov.cn/art/2026/5/15/art_3772_1703539.html
兰州市,2026-05-15,2026-05-15（发布：2026-05-15）,玉米,收购价格,元/500克,1.14,,,,,兰州市发展和改革委员会主要农副产品价格监测报表,,0.0000,https://fgw.lanzhou.gov.cn/art/2026/5/15/art_3772_1703539.html
兰州市,2026-05-15,2026-05-15（发布：2026-05-15）,玉米,销售价格,元/500克,1.21,,,,,兰州市发展和改革委员会主要农副产品价格监测报表,,0.0000,https://fgw.lanzhou.gov.cn/art/2026/5/15/art_3772_1703539.html
兰州市,2026-05-19,2026-05-19（发布：2026-05-19）,白醋,瓶,元/500ml,6.67,,,,,兰州市发展和改革委员会主要农副产品价格监测报表,,0.0000,https://fgw.lanzhou.gov.cn/art/2026/5/19/art_3772_1704318.html
兰州市,2026-05-19,2026-05-19（发布：2026-05-19）,白萝卜,新鲜一级,元/500克,2.07,,,,,兰州市发展和改革委员会主要农副产品价格监测报表,,0.0000,https://fgw.lanzhou.gov.cn/art/2026/5/19/art_3772_1704318.html
兰州市,2026-05-19,2026-05-19（发布：2026-05-19）,菜花,新鲜一级,元/500克,3.58,,,,,兰州市发展和改革委员会主要农副产品价格监测报表,,0.0229,https://fgw.lanzhou.gov.cn/art/2026/5/19/art_3772_1704318.html
兰州市,2026-05-19,2026-05-19（发布：2026-05-19）,菜籽油,桶装一级浸出,元/5升,86.44,,,,,兰州市发展和改革委员会主要农副产品价格监测报表,,0.0000,https://fgw.lanzhou.gov.cn/art/2026/5/19/art_3772_1704318.html
兰州市,2026-05-19,2026-05-19（发布：2026-05-19）,草鱼,活1000克左右一条,元/500克,9.14,,,,,兰州市发展和改革委员会主要农副产品价格监测报表,,0.0000,https://fgw.lanzhou.gov.cn/art/2026/5/19/art_3772_1704318.html
兰州市,2026-05-19,2026-05-19（发布：2026-05-19）,大白菜,新鲜一级,元/500克,1.86,,,,,兰州市发展和改革委员会主要农副产品价格监测报表,,0.0000,https://fgw.lanzhou.gov.cn/art/2026/5/19/art_3772_1704318.html
兰州市,2026-05-19,2026-05-19（发布：2026-05-19）,带鱼,冻250克左右一条,元/500克,18.86,,,,,兰州市发展和改革委员会主要农副产品价格监测报表,,0.0000,https://fgw.lanzhou.gov.cn/art/2026/5/19/art_3772_1704318.html
兰州市,2026-05-19,2026-05-19（发布：2026-05-19）,豆腐,新鲜一级,元/500克,3.21,,,,,兰州市发展和改革委员会主要农副产品价格监测报表,,0.0000,https://fgw.lanzhou.gov.cn/art/2026/5/19/art_3772_1704318.html
兰州市,2026-05-19,2026-05-19（发布：2026-05-19）,番瓜,新鲜一级,元/500克,2.64,,,,,兰州市发展和改革委员会主要农副产品价格监测报表,,0.0000,https://fgw.lanzhou.gov.cn/art/2026/5/19/art_3772_1704318.html
兰州市,2026-05-19,2026-05-19（发布：2026-05-19）,方便面,袋,元/120克,2.66,,,,,兰州市发展和改革委员会主要农副产品价格监测报表,,0.0000,https://fgw.lanzhou.gov.cn/art/2026/5/19/art_3772_1704318.html
兰州市,2026-05-19,2026-05-19（发布：2026-05-19）,富强粉,特一粉,元/500克,2.40,,,,,兰州市发展和改革委员会主要农副产品价格监测报表,,0.0000,https://fgw.lanzhou.gov.cn/art/2026/5/19/art_3772_1704318.html
兰州市,2026-05-19,2026-05-19（发布：2026-05-19）,胡萝卜,新鲜一级,元/500克,2.57,,,,,兰州市发展和改革委员会主要农副产品价格监测报表,,0.0000,https://fgw.lanzhou.gov.cn/art/2026/5/19/art_3772_1704318.html
兰州市,2026-05-19,2026-05-19（发布：2026-05-19）,花生油,桶装一级压榨,元/5升,152.56,,,,,兰州市发展和改革委员会主要农副产品价格监测报表,,0.0000,https://fgw.lanzhou.gov.cn/art/2026/5/19/art_3772_1704318.html
兰州市,2026-05-19,2026-05-19（发布：2026-05-19）,黄瓜,新鲜一级,元/500克,2.71,,,,,兰州市发展和改革委员会主要农副产品价格监测报表,,-0.0287,https://fgw.lanzhou.gov.cn/art/2026/5/19/art_3772_1704318.html
兰州市,2026-05-19,2026-05-19（发布：2026-05-19）,鸡蛋,新鲜完整,元/500克,5.07,,,,,兰州市发展和改革委员会主要农副产品价格监测报表,,0.0120,https://fgw.lanzhou.gov.cn/art/2026/5/19/art_3772_1704318.html
兰州市,2026-05-19,2026-05-19（发布：2026-05-19）,鸡肉,白条鸡,元/500克,14.57,,,,,兰州市发展和改革委员会主要农副产品价格监测报表,,0.0000,https://fgw.lanzhou.gov.cn/art/2026/5/19/art_3772_1704318.html
兰州市,2026-05-19,2026-05-19（发布：2026-05-19）,鲫鱼,活350克左右一条,元/500克,12.29,,,,,兰州市发展和改革委员会主要农副产品价格监测报表,,0.0000,https://fgw.lanzhou.gov.cn/art/2026/5/19/art_3772_1704318.html
兰州市,2026-05-19,2026-05-19（发布：2026-05-19）,茄子,新鲜一级,元/500克,4.21,,,,,兰州市发展和改革委员会主要农副产品价格监测报表,,-0.0186,https://fgw.lanzhou.gov.cn/art/2026/5/19/art_3772_1704318.html
兰州市,2026-05-19,2026-05-19（发布：2026-05-19）,尖椒,新鲜一级,元/500克,4.50,,,,,兰州市发展和改革委员会主要农副产品价格监测报表,,0.0321,https://fgw.lanzhou.gov.cn/art/2026/5/19/art_3772_1704318.html
兰州市,2026-05-19,2026-05-19（发布：2026-05-19）,豇豆,新鲜一级,元/500克,6.71,,,,,兰州市发展和改革委员会主要农副产品价格监测报表,,0.0000,https://fgw.lanzhou.gov.cn/art/2026/5/19/art_3772_1704318.html
兰州市,2026-05-19,2026-05-19（发布：2026-05-19）,粳米,标一,元/500克,3.89,,,,,兰州市发展和改革委员会主要农副产品价格监测报表,,0.0000,https://fgw.lanzhou.gov.cn/art/2026/5/19/art_3772_1704318.html
兰州市,2026-05-19,2026-05-19（发布：2026-05-19）,韭菜,新鲜一级,元/500克,3.93,,,,,兰州市发展和改革委员会主要农副产品价格监测报表,,-0.0344,https://fgw.lanzhou.gov.cn/art/2026/5/19/art_3772_1704318.html
兰州市,2026-05-19,2026-05-19（发布：2026-05-19）,鲤鱼,活500克左右一条,元/500克,8.43,,,,,兰州市发展和改革委员会主要农副产品价格监测报表,,0.0000,https://fgw.lanzhou.gov.cn/art/2026/5/19/art_3772_1704318.html
兰州市,2026-05-19,2026-05-19（发布：2026-05-19）,莲花菜,新鲜一级,元/500克,2.24,,,,,兰州市发展和改革委员会主要农副产品价格监测报表,,0.0000,https://fgw.lanzhou.gov.cn/art/2026/5/19/art_3772_1704318.html
兰州市,2026-05-19,2026-05-19（发布：2026-05-19）,牛奶,当地主销（散装）,元/500克,3.79,,,,,兰州市发展和改革委员会主要农副产品价格监测报表,,0.0000,https://fgw.lanzhou.gov.cn/art/2026/5/19/art_3772_1704318.html
兰州市,2026-05-19,2026-05-19（发布：2026-05-19）,牛奶,蒙牛220ml,元/袋,2.63,,,,,兰州市发展和改革委员会主要农副产品价格监测报表,,0.0000,https://fgw.lanzhou.gov.cn/art/2026/5/19/art_3772_1704318.html
兰州市,2026-05-19,2026-05-19（发布：2026-05-19）,芹菜,新鲜一级,元/500克,3.36,,,,,兰州市发展和改革委员会主要农副产品价格监测报表,,0.0000,https://fgw.lanzhou.gov.cn/art/2026/5/19/art_3772_1704318.html
兰州市,2026-05-19,2026-05-19（发布：2026-05-19）,青椒,新鲜一级,元/500克,4.64,,,,,兰州市发展和改革委员会主要农副产品价格监测报表,,0.0153,https://fgw.lanzhou.gov.cn/art/2026/5/19/art_3772_1704318.html
兰州市,2026-05-19,2026-05-19（发布：2026-05-19）,青笋,新鲜一级,元/500克,3.21,,,,,兰州市发展和改革委员会主要农副产品价格监测报表,,-0.0243,https://fgw.lanzhou.gov.cn/art/2026/5/19/art_3772_1704318.html
兰州市,2026-05-19,2026-05-19（发布：2026-05-19）,食用盐,袋,元/320克,2.00,,,,,兰州市发展和改革委员会主要农副产品价格监测报表,,0.0000,https://fgw.lanzhou.gov.cn/art/2026/5/19/art_3772_1704318.html
兰州市,2026-05-19,2026-05-19（发布：2026-05-19）,蒜薹,新鲜一级,元/500克,6.64,,,,,兰州市发展和改革委员会主要农副产品价格监测报表,,0.0215,https://fgw.lanzhou.gov.cn/art/2026/5/19/art_3772_1704318.html
兰州市,2026-05-19,2026-05-19（发布：2026-05-19）,土豆,新鲜一级,元/500克,1.90,,,,,兰州市发展和改革委员会主要农副产品价格监测报表,,0.0000,https://fgw.lanzhou.gov.cn/art/2026/5/19/art_3772_1704318.html
兰州市,2026-05-19,2026-05-19（发布：2026-05-19）,西红柿,新鲜一级,元/500克,3.86,,,,,兰州市发展和改革委员会主要农副产品价格监测报表,,-0.0350,https://fgw.lanzhou.gov.cn/art/2026/5/19/art_3772_1704318.html
兰州市,2026-05-19,2026-05-19（发布：2026-05-19）,鲜牛肉,新鲜统货,元/500克,32.71,,,,,兰州市发展和改革委员会主要农副产品价格监测报表,,0.0000,https://fgw.lanzhou.gov.cn/art/2026/5/19/art_3772_1704318.html
兰州市,2026-05-19,2026-05-19（发布：2026-05-19）,鲜羊肉,新鲜统货,元/500克,32.57,,,,,兰州市发展和改革委员会主要农副产品价格监测报表,,0.0000,https://fgw.lanzhou.gov.cn/art/2026/5/19/art_3772_1704318.html
兰州市,2026-05-19,2026-05-19（发布：2026-05-19）,鲜猪肉,精瘦肉,元/500克,11.14,,,,,兰州市发展和改革委员会主要农副产品价格监测报表,,0.0000,https://fgw.lanzhou.gov.cn/art/2026/5/19/art_3772_1704318.html
兰州市,2026-05-19,2026-05-19（发布：2026-05-19）,鲜猪肉,新鲜剔骨五花肉,元/500克,10.57,,,,,兰州市发展和改革委员会主要农副产品价格监测报表,,0.0000,https://fgw.lanzhou.gov.cn/art/2026/5/19/art_3772_1704318.html
兰州市,2026-05-19,2026-05-19（发布：2026-05-19）,小麦,收购价格,元/500克,1.43,,,,,兰州市发展和改革委员会主要农副产品价格监测报表,,0.0000,https://fgw.lanzhou.gov.cn/art/2026/5/19/art_3772_1704318.html
兰州市,2026-05-19,2026-05-19（发布：2026-05-19）,小麦,销售价格,元/500克,1.50,,,,,兰州市发展和改革委员会主要农副产品价格监测报表,,0.0000,https://fgw.lanzhou.gov.cn/art/2026/5/19/art_3772_1704318.html
兰州市,2026-05-19,2026-05-19（发布：2026-05-19）,洋葱,新鲜一级,元/500克,1.86,,,,,兰州市发展和改革委员会主要农副产品价格监测报表,,0.0000,https://fgw.lanzhou.gov.cn/art/2026/5/19/art_3772_1704318.html
兰州市,2026-05-19,2026-05-19（发布：2026-05-19）,液化气,10公斤装,元/罐,89.43,,,,,兰州市发展和改革委员会主要农副产品价格监测报表,,0.0000,https://fgw.lanzhou.gov.cn/art/2026/5/19/art_3772_1704318.html
兰州市,2026-05-19,2026-05-19（发布：2026-05-19）,油菜,新鲜一级,元/500克,3.14,,,,,兰州市发展和改革委员会主要农副产品价格监测报表,,0.0000,https://fgw.lanzhou.gov.cn/art/2026/5/19/art_3772_1704318.html
兰州市,2026-05-19,2026-05-19（发布：2026-05-19）,玉米,收购价格,元/500克,1.14,,,,,兰州市发展和改革委员会主要农副产品价格监测报表,,0.0000,https://fgw.lanzhou.gov.cn/art/2026/5/19/art_3772_1704318.html
兰州市,2026-05-19,2026-05-19（发布：2026-05-19）,玉米,销售价格,元/500克,1.21,,,,,兰州市发展和改革委员会主要农副产品价格监测报表,,0.0000,https://fgw.lanzhou.gov.cn/art/2026/5/19/art_3772_1704318.html
兰州市,2026-05-22,2026-05-22（发布：2026-05-22）,白醋,瓶,元/500ml,6.67,,,,,兰州市发展和改革委员会主要农副产品价格监测报表,,0,https://fgw.lanzhou.gov.cn/art/2026/5/22/art_3772_1705538.html
兰州市,2026-05-22,2026-05-22（发布：2026-05-22）,白萝卜,新鲜一级,元/500克,2.07,,,,,兰州市发展和改革委员会主要农副产品价格监测报表,,0,https://fgw.lanzhou.gov.cn/art/2026/5/22/art_3772_1705538.html
兰州市,2026-05-22,2026-05-22（发布：2026-05-22）,菜花,新鲜一级,元/500克,3.67,,,,,兰州市发展和改革委员会主要农副产品价格监测报表,,0.0251,https://fgw.lanzhou.gov.cn/art/2026/5/22/art_3772_1705538.html
兰州市,2026-05-22,2026-05-22（发布：2026-05-22）,菜籽油,桶装一级浸出,元/5升,86.44,,,,,兰州市发展和改革委员会主要农副产品价格监测报表,,0,https://fgw.lanzhou.gov.cn/art/2026/5/22/art_3772_1705538.html
兰州市,2026-05-22,2026-05-22（发布：2026-05-22）,草鱼,活1000克左右一条,元/500克,9.14,,,,,兰州市发展和改革委员会主要农副产品价格监测报表,,0,https://fgw.lanzhou.gov.cn/art/2026/5/22/art_3772_1705538.html
兰州市,2026-05-22,2026-05-22（发布：2026-05-22）,大白菜,新鲜一级,元/500克,1.79,,,,,兰州市发展和改革委员会主要农副产品价格监测报表,,-0.0376,https://fgw.lanzhou.gov.cn/art/2026/5/22/art_3772_1705538.html
兰州市,2026-05-22,2026-05-22（发布：2026-05-22）,带鱼,冻250克左右一条,元/500克,18.86,,,,,兰州市发展和改革委员会主要农副产品价格监测报表,,0,https://fgw.lanzhou.gov.cn/art/2026/5/22/art_3772_1705538.html
兰州市,2026-05-22,2026-05-22（发布：2026-05-22）,豆腐,新鲜一级,元/500克,3.21,,,,,兰州市发展和改革委员会主要农副产品价格监测报表,,0,https://fgw.lanzhou.gov.cn/art/2026/5/22/art_3772_1705538.html
兰州市,2026-05-22,2026-05-22（发布：2026-05-22）,番瓜,新鲜一级,元/500克,2.57,,,,,兰州市发展和改革委员会主要农副产品价格监测报表,,-0.0265,https://fgw.lanzhou.gov.cn/art/2026/5/22/art_3772_1705538.html
兰州市,2026-05-22,2026-05-22（发布：2026-05-22）,方便面,袋,元/120克,2.66,,,,,兰州市发展和改革委员会主要农副产品价格监测报表,,0,https://fgw.lanzhou.gov.cn/art/2026/5/22/art_3772_1705538.html
兰州市,2026-05-22,2026-05-22（发布：2026-05-22）,富强粉,特一粉,元/500克,2.4,,,,,兰州市发展和改革委员会主要农副产品价格监测报表,,0,https://fgw.lanzhou.gov.cn/art/2026/5/22/art_3772_1705538.html
兰州市,2026-05-22,2026-05-22（发布：2026-05-22）,胡萝卜,新鲜一级,元/500克,2.57,,,,,兰州市发展和改革委员会主要农副产品价格监测报表,,0,https://fgw.lanzhou.gov.cn/art/2026/5/22/art_3772_1705538.html
兰州市,2026-05-22,2026-05-22（发布：2026-05-22）,花生油,桶装一级压榨,元/5升,152.44,,,,,兰州市发展和改革委员会主要农副产品价格监测报表,,-0.0008,https://fgw.lanzhou.gov.cn/art/2026/5/22/art_3772_1705538.html
兰州市,2026-05-22,2026-05-22（发布：2026-05-22）,黄瓜,新鲜一级,元/500克,2.71,,,,,兰州市发展和改革委员会主要农副产品价格监测报表,,0,https://fgw.lanzhou.gov.cn/art/2026/5/22/art_3772_1705538.html
兰州市,2026-05-22,2026-05-22（发布：2026-05-22）,鸡蛋,新鲜完整,元/500克,5.1,,,,,兰州市发展和改革委员会主要农副产品价格监测报表,,0.0059,https://fgw.lanzhou.gov.cn/art/2026/5/22/art_3772_1705538.html
兰州市,2026-05-22,2026-05-22（发布：2026-05-22）,鸡肉,白条鸡,元/500克,14.57,,,,,兰州市发展和改革委员会主要农副产品价格监测报表,,0,https://fgw.lanzhou.gov.cn/art/2026/5/22/art_3772_1705538.html
兰州市,2026-05-22,2026-05-22（发布：2026-05-22）,鲫鱼,活350克左右一条,元/500克,12.14,,,,,兰州市发展和改革委员会主要农副产品价格监测报表,,-0.0122,https://fgw.lanzhou.gov.cn/art/2026/5/22/art_3772_1705538.html
兰州市,2026-05-22,2026-05-22（发布：2026-05-22）,茄子,新鲜一级,元/500克,4.07,,,,,兰州市发展和改革委员会主要农副产品价格监测报表,,-0.0333,https://fgw.lanzhou.gov.cn/art/2026/5/22/art_3772_1705538.html
兰州市,2026-05-22,2026-05-22（发布：2026-05-22）,尖椒,新鲜一级,元/500克,4.43,,,,,兰州市发展和改革委员会主要农副产品价格监测报表,,-0.0156,https://fgw.lanzhou.gov.cn/art/2026/5/22/art_3772_1705538.html
兰州市,2026-05-22,2026-05-22（发布：2026-05-22）,豇豆,新鲜一级,元/500克,6.64,,,,,兰州市发展和改革委员会主要农副产品价格监测报表,,-0.0104,https://fgw.lanzhou.gov.cn/art/2026/5/22/art_3772_1705538.html
兰州市,2026-05-22,2026-05-22（发布：2026-05-22）,粳米,标一,元/500克,3.89,,,,,兰州市发展和改革委员会主要农副产品价格监测报表,,0,https://fgw.lanzhou.gov.cn/art/2026/5/22/art_3772_1705538.html
兰州市,2026-05-22,2026-05-22（发布：2026-05-22）,韭菜,新鲜一级,元/500克,3.79,,,,,兰州市发展和改革委员会主要农副产品价格监测报表,,-0.0356,https://fgw.lanzhou.gov.cn/art/2026/5/22/art_3772_1705538.html
兰州市,2026-05-22,2026-05-22（发布：2026-05-22）,鲤鱼,活500克左右一条,元/500克,8.43,,,,,兰州市发展和改革委员会主要农副产品价格监测报表,,0,https://fgw.lanzhou.gov.cn/art/2026/5/22/art_3772_1705538.html
兰州市,2026-05-22,2026-05-22（发布：2026-05-22）,莲花菜,新鲜一级,元/500克,2.17,,,,,兰州市发展和改革委员会主要农副产品价格监测报表,,-0.0313,https://fgw.lanzhou.gov.cn/art/2026/5/22/art_3772_1705538.html
兰州市,2026-05-22,2026-05-22（发布：2026-05-22）,牛奶,当地主销（散装）,元/500克,3.79,,,,,兰州市发展和改革委员会主要农副产品价格监测报表,,0,https://fgw.lanzhou.gov.cn/art/2026/5/22/art_3772_1705538.html
兰州市,2026-05-22,2026-05-22（发布：2026-05-22）,牛奶,蒙牛220ml,元/袋,2.63,,,,,兰州市发展和改革委员会主要农副产品价格监测报表,,0,https://fgw.lanzhou.gov.cn/art/2026/5/22/art_3772_1705538.html
兰州市,2026-05-22,2026-05-22（发布：2026-05-22）,芹菜,新鲜一级,元/500克,3.29,,,,,兰州市发展和改革委员会主要农副产品价格监测报表,,-0.0208,https://fgw.lanzhou.gov.cn/art/2026/5/22/art_3772_1705538.html
兰州市,2026-05-22,2026-05-22（发布：2026-05-22）,青椒,新鲜一级,元/500克,4.64,,,,,兰州市发展和改革委员会主要农副产品价格监测报表,,0,https://fgw.lanzhou.gov.cn/art/2026/5/22/art_3772_1705538.html
兰州市,2026-05-22,2026-05-22（发布：2026-05-22）,青笋,新鲜一级,元/500克,3.21,,,,,兰州市发展和改革委员会主要农副产品价格监测报表,,0,https://fgw.lanzhou.gov.cn/art/2026/5/22/art_3772_1705538.html
兰州市,2026-05-22,2026-05-22（发布：2026-05-22）,食用盐,袋,元/320克,2,,,,,兰州市发展和改革委员会主要农副产品价格监测报表,,0,https://fgw.lanzhou.gov.cn/art/2026/5/22/art_3772_1705538.html
兰州市,2026-05-22,2026-05-22（发布：2026-05-22）,蒜薹,新鲜一级,元/500克,6.57,,,,,兰州市发展和改革委员会主要农副产品价格监测报表,,-0.0105,https://fgw.lanzhou.gov.cn/art/2026/5/22/art_3772_1705538.html
兰州市,2026-05-22,2026-05-22（发布：2026-05-22）,土豆,新鲜一级,元/500克,1.9,,,,,兰州市发展和改革委员会主要农副产品价格监测报表,,0,https://fgw.lanzhou.gov.cn/art/2026/5/22/art_3772_1705538.html
兰州市,2026-05-22,2026-05-22（发布：2026-05-22）,西红柿,新鲜一级,元/500克,3.71,,,,,兰州市发展和改革委员会主要农副产品价格监测报表,,-0.0389,https://fgw.lanzhou.gov.cn/art/2026/5/22/art_3772_1705538.html
兰州市,2026-05-22,2026-05-22（发布：2026-05-22）,鲜牛肉,新鲜统货,元/500克,32.71,,,,,兰州市发展和改革委员会主要农副产品价格监测报表,,0,https://fgw.lanzhou.gov.cn/art/2026/5/22/art_3772_1705538.html
兰州市,2026-05-22,2026-05-22（发布：2026-05-22）,鲜羊肉,新鲜统货,元/500克,32.86,,,,,兰州市发展和改革委员会主要农副产品价格监测报表,,0.0089,https://fgw.lanzhou.gov.cn/art/2026/5/22/art_3772_1705538.html
兰州市,2026-05-22,2026-05-22（发布：2026-05-22）,鲜猪肉,精瘦肉,元/500克,11.14,,,,,兰州市发展和改革委员会主要农副产品价格监测报表,,0,https://fgw.lanzhou.gov.cn/art/2026/5/22/art_3772_1705538.html
兰州市,2026-05-22,2026-05-22（发布：2026-05-22）,鲜猪肉,新鲜剔骨五花肉,元/500克,10.57,,,,,兰州市发展和改革委员会主要农副产品价格监测报表,,0,https://fgw.lanzhou.gov.cn/art/2026/5/22/art_3772_1705538.html
兰州市,2026-05-22,2026-05-22（发布：2026-05-22）,小麦,收购价格,元/500克,1.43,,,,,兰州市发展和改革委员会主要农副产品价格监测报表,,0,https://fgw.lanzhou.gov.cn/art/2026/5/22/art_3772_1705538.html
兰州市,2026-05-22,2026-05-22（发布：2026-05-22）,小麦,销售价格,元/500克,1.5,,,,,兰州市发展和改革委员会主要农副产品价格监测报表,,0,https://fgw.lanzhou.gov.cn/art/2026/5/22/art_3772_1705538.html
兰州市,2026-05-22,2026-05-22（发布：2026-05-22）,洋葱,新鲜一级,元/500克,1.86,,,,,兰州市发展和改革委员会主要农副产品价格监测报表,,0,https://fgw.lanzhou.gov.cn/art/2026/5/22/art_3772_1705538.html
兰州市,2026-05-22,2026-05-22（发布：2026-05-22）,液化气,10公斤装,元/罐,89.43,,,,,兰州市发展和改革委员会主要农副产品价格监测报表,,0,https://fgw.lanzhou.gov.cn/art/2026/5/22/art_3772_1705538.html
兰州市,2026-05-22,2026-05-22（发布：2026-05-22）,油菜,新鲜一级,元/500克,3,,,,,兰州市发展和改革委员会主要农副产品价格监测报表,,-0.0446,https://fgw.lanzhou.gov.cn/art/2026/5/22/art_3772_1705538.html
兰州市,2026-05-22,2026-05-22（发布：2026-05-22）,玉米,收购价格,元/500克,1.14,,,,,兰州市发展和改革委员会主要农副产品价格监测报表,,0,https://fgw.lanzhou.gov.cn/art/2026/5/22/art_3772_1705538.html
兰州市,2026-05-22,2026-05-22（发布：2026-05-22）,玉米,销售价格,元/500克,1.21,,,,,兰州市发展和改革委员会主要农副产品价格监测报表,,0,https://fgw.lanzhou.gov.cn/art/2026/5/22/art_3772_1705538.html
兰州市,2026-05-26,2026-05-26（发布：2026-05-26）,白醋,瓶,元/500ml,6.67,,,,,兰州市发展和改革委员会主要农副产品价格监测报表,,0.0000,https://fgw.lanzhou.gov.cn/art/2026/5/26/art_3772_1706688.html
兰州市,2026-05-26,2026-05-26（发布：2026-05-26）,白萝卜,新鲜一级,元/500克,2.07,,,,,兰州市发展和改革委员会主要农副产品价格监测报表,,0.0000,https://fgw.lanzhou.gov.cn/art/2026/5/26/art_3772_1706688.html
兰州市,2026-05-26,2026-05-26（发布：2026-05-26）,菜花,新鲜一级,元/500克,3.50,,,,,兰州市发展和改革委员会主要农副产品价格监测报表,,-0.0463,https://fgw.lanzhou.gov.cn/art/2026/5/26/art_3772_1706688.html
兰州市,2026-05-26,2026-05-26（发布：2026-05-26）,菜籽油,桶装一级浸出,元/5升,86.44,,,,,兰州市发展和改革委员会主要农副产品价格监测报表,,0.0000,https://fgw.lanzhou.gov.cn/art/2026/5/26/art_3772_1706688.html
兰州市,2026-05-26,2026-05-26（发布：2026-05-26）,草鱼,活1000克左右一条,元/500克,9.14,,,,,兰州市发展和改革委员会主要农副产品价格监测报表,,0.0000,https://fgw.lanzhou.gov.cn/art/2026/5/26/art_3772_1706688.html
兰州市,2026-05-26,2026-05-26（发布：2026-05-26）,大白菜,新鲜一级,元/500克,1.79,,,,,兰州市发展和改革委员会主要农副产品价格监测报表,,0.0000,https://fgw.lanzhou.gov.cn/art/2026/5/26/art_3772_1706688.html
兰州市,2026-05-26,2026-05-26（发布：2026-05-26）,带鱼,冻250克左右一条,元/500克,18.86,,,,,兰州市发展和改革委员会主要农副产品价格监测报表,,0.0000,https://fgw.lanzhou.gov.cn/art/2026/5/26/art_3772_1706688.html
兰州市,2026-05-26,2026-05-26（发布：2026-05-26）,豆腐,新鲜一级,元/500克,3.21,,,,,兰州市发展和改革委员会主要农副产品价格监测报表,,0.0000,https://fgw.lanzhou.gov.cn/art/2026/5/26/art_3772_1706688.html
兰州市,2026-05-26,2026-05-26（发布：2026-05-26）,番瓜,新鲜一级,元/500克,2.50,,,,,兰州市发展和改革委员会主要农副产品价格监测报表,,-0.0272,https://fgw.lanzhou.gov.cn/art/2026/5/26/art_3772_1706688.html
兰州市,2026-05-26,2026-05-26（发布：2026-05-26）,方便面,袋,元/120克,2.66,,,,,兰州市发展和改革委员会主要农副产品价格监测报表,,0.0000,https://fgw.lanzhou.gov.cn/art/2026/5/26/art_3772_1706688.html
兰州市,2026-05-26,2026-05-26（发布：2026-05-26）,富强粉,特一粉,元/500克,2.40,,,,,兰州市发展和改革委员会主要农副产品价格监测报表,,0.0000,https://fgw.lanzhou.gov.cn/art/2026/5/26/art_3772_1706688.html
兰州市,2026-05-26,2026-05-26（发布：2026-05-26）,胡萝卜,新鲜一级,元/500克,2.50,,,,,兰州市发展和改革委员会主要农副产品价格监测报表,,-0.0272,https://fgw.lanzhou.gov.cn/art/2026/5/26/art_3772_1706688.html
兰州市,2026-05-26,2026-05-26（发布：2026-05-26）,花生油,桶装一级压榨,元/5升,152.44,,,,,兰州市发展和改革委员会主要农副产品价格监测报表,,0.0000,https://fgw.lanzhou.gov.cn/art/2026/5/26/art_3772_1706688.html
兰州市,2026-05-26,2026-05-26（发布：2026-05-26）,黄瓜,新鲜一级,元/500克,2.71,,,,,兰州市发展和改革委员会主要农副产品价格监测报表,,0.0000,https://fgw.lanzhou.gov.cn/art/2026/5/26/art_3772_1706688.html
兰州市,2026-05-26,2026-05-26（发布：2026-05-26）,鸡蛋,新鲜完整,元/500克,5.16,,,,,兰州市发展和改革委员会主要农副产品价格监测报表,,0.0118,https://fgw.lanzhou.gov.cn/art/2026/5/26/art_3772_1706688.html
兰州市,2026-05-26,2026-05-26（发布：2026-05-26）,鸡肉,白条鸡,元/500克,14.57,,,,,兰州市发展和改革委员会主要农副产品价格监测报表,,0.0000,https://fgw.lanzhou.gov.cn/art/2026/5/26/art_3772_1706688.html
兰州市,2026-05-26,2026-05-26（发布：2026-05-26）,鲫鱼,活350克左右一条,元/500克,12.14,,,,,兰州市发展和改革委员会主要农副产品价格监测报表,,0.0000,https://fgw.lanzhou.gov.cn/art/2026/5/26/art_3772_1706688.html
兰州市,2026-05-26,2026-05-26（发布：2026-05-26）,茄子,新鲜一级,元/500克,4.07,,,,,兰州市发展和改革委员会主要农副产品价格监测报表,,0.0000,https://fgw.lanzhou.gov.cn/art/2026/5/26/art_3772_1706688.html
兰州市,2026-05-26,2026-05-26（发布：2026-05-26）,尖椒,新鲜一级,元/500克,4.50,,,,,兰州市发展和改革委员会主要农副产品价格监测报表,,0.0158,https://fgw.lanzhou.gov.cn/art/2026/5/26/art_3772_1706688.html
兰州市,2026-05-26,2026-05-26（发布：2026-05-26）,豇豆,新鲜一级,元/500克,6.64,,,,,兰州市发展和改革委员会主要农副产品价格监测报表,,0.0000,https://fgw.lanzhou.gov.cn/art/2026/5/26/art_3772_1706688.html
兰州市,2026-05-26,2026-05-26（发布：2026-05-26）,粳米,标一,元/500克,3.89,,,,,兰州市发展和改革委员会主要农副产品价格监测报表,,0.0000,https://fgw.lanzhou.gov.cn/art/2026/5/26/art_3772_1706688.html
兰州市,2026-05-26,2026-05-26（发布：2026-05-26）,韭菜,新鲜一级,元/500克,3.86,,,,,兰州市发展和改革委员会主要农副产品价格监测报表,,0.0185,https://fgw.lanzhou.gov.cn/art/2026/5/26/art_3772_1706688.html
兰州市,2026-05-26,2026-05-26（发布：2026-05-26）,鲤鱼,活500克左右一条,元/500克,8.43,,,,,兰州市发展和改革委员会主要农副产品价格监测报表,,0.0000,https://fgw.lanzhou.gov.cn/art/2026/5/26/art_3772_1706688.html
兰州市,2026-05-26,2026-05-26（发布：2026-05-26）,莲花菜,新鲜一级,元/500克,2.17,,,,,兰州市发展和改革委员会主要农副产品价格监测报表,,0.0000,https://fgw.lanzhou.gov.cn/art/2026/5/26/art_3772_1706688.html
兰州市,2026-05-26,2026-05-26（发布：2026-05-26）,牛奶,当地主销（散装）,元/500克,3.79,,,,,兰州市发展和改革委员会主要农副产品价格监测报表,,0.0000,https://fgw.lanzhou.gov.cn/art/2026/5/26/art_3772_1706688.html
兰州市,2026-05-26,2026-05-26（发布：2026-05-26）,牛奶,蒙牛220ml,元/袋,2.63,,,,,兰州市发展和改革委员会主要农副产品价格监测报表,,0.0000,https://fgw.lanzhou.gov.cn/art/2026/5/26/art_3772_1706688.html
兰州市,2026-05-26,2026-05-26（发布：2026-05-26）,芹菜,新鲜一级,元/500克,3.29,,,,,兰州市发展和改革委员会主要农副产品价格监测报表,,0.0000,https://fgw.lanzhou.gov.cn/art/2026/5/26/art_3772_1706688.html
兰州市,2026-05-26,2026-05-26（发布：2026-05-26）,青椒,新鲜一级,元/500克,4.64,,,,,兰州市发展和改革委员会主要农副产品价格监测报表,,0.0000,https://fgw.lanzhou.gov.cn/art/2026/5/26/art_3772_1706688.html
兰州市,2026-05-26,2026-05-26（发布：2026-05-26）,青笋,新鲜一级,元/500克,3.29,,,,,兰州市发展和改革委员会主要农副产品价格监测报表,,0.0249,https://fgw.lanzhou.gov.cn/art/2026/5/26/art_3772_1706688.html
兰州市,2026-05-26,2026-05-26（发布：2026-05-26）,食用盐,袋,元/320克,2.00,,,,,兰州市发展和改革委员会主要农副产品价格监测报表,,0.0000,https://fgw.lanzhou.gov.cn/art/2026/5/26/art_3772_1706688.html
兰州市,2026-05-26,2026-05-26（发布：2026-05-26）,蒜薹,新鲜一级,元/500克,6.57,,,,,兰州市发展和改革委员会主要农副产品价格监测报表,,0.0000,https://fgw.lanzhou.gov.cn/art/2026/5/26/art_3772_1706688.html
兰州市,2026-05-26,2026-05-26（发布：2026-05-26）,土豆,新鲜一级,元/500克,1.90,,,,,兰州市发展和改革委员会主要农副产品价格监测报表,,0.0000,https://fgw.lanzhou.gov.cn/art/2026/5/26/art_3772_1706688.html
兰州市,2026-05-26,2026-05-26（发布：2026-05-26）,西红柿,新鲜一级,元/500克,3.71,,,,,兰州市发展和改革委员会主要农副产品价格监测报表,,0.0000,https://fgw.lanzhou.gov.cn/art/2026/5/26/art_3772_1706688.html
兰州市,2026-05-26,2026-05-26（发布：2026-05-26）,鲜牛肉,新鲜统货,元/500克,32.71,,,,,兰州市发展和改革委员会主要农副产品价格监测报表,,0.0000,https://fgw.lanzhou.gov.cn/art/2026/5/26/art_3772_1706688.html
兰州市,2026-05-26,2026-05-26（发布：2026-05-26）,鲜羊肉,新鲜统货,元/500克,32.86,,,,,兰州市发展和改革委员会主要农副产品价格监测报表,,0.0000,https://fgw.lanzhou.gov.cn/art/2026/5/26/art_3772_1706688.html
兰州市,2026-05-26,2026-05-26（发布：2026-05-26）,鲜猪肉,精瘦肉,元/500克,11.14,,,,,兰州市发展和改革委员会主要农副产品价格监测报表,,0.0000,https://fgw.lanzhou.gov.cn/art/2026/5/26/art_3772_1706688.html
兰州市,2026-05-26,2026-05-26（发布：2026-05-26）,鲜猪肉,新鲜剔骨五花肉,元/500克,10.57,,,,,兰州市发展和改革委员会主要农副产品价格监测报表,,0.0000,https://fgw.lanzhou.gov.cn/art/2026/5/26/art_3772_1706688.html
兰州市,2026-05-26,2026-05-26（发布：2026-05-26）,小麦,收购价格,元/500克,1.43,,,,,兰州市发展和改革委员会主要农副产品价格监测报表,,0.0000,https://fgw.lanzhou.gov.cn/art/2026/5/26/art_3772_1706688.html
兰州市,2026-05-26,2026-05-26（发布：2026-05-26）,小麦,销售价格,元/500克,1.50,,,,,兰州市发展和改革委员会主要农副产品价格监测报表,,0.0000,https://fgw.lanzhou.gov.cn/art/2026/5/26/art_3772_1706688.html
兰州市,2026-05-26,2026-05-26（发布：2026-05-26）,洋葱,新鲜一级,元/500克,1.86,,,,,兰州市发展和改革委员会主要农副产品价格监测报表,,0.0000,https://fgw.lanzhou.gov.cn/art/2026/5/26/art_3772_1706688.html
兰州市,2026-05-26,2026-05-26（发布：2026-05-26）,液化气,10公斤装,元/罐,89.43,,,,,兰州市发展和改革委员会主要农副产品价格监测报表,,0.0000,https://fgw.lanzhou.gov.cn/art/2026/5/26/art_3772_1706688.html
兰州市,2026-05-26,2026-05-26（发布：2026-05-26）,油菜,新鲜一级,元/500克,3.00,,,,,兰州市发展和改革委员会主要农副产品价格监测报表,,0.0000,https://fgw.lanzhou.gov.cn/art/2026/5/26/art_3772_1706688.html
兰州市,2026-05-26,2026-05-26（发布：2026-05-26）,玉米,收购价格,元/500克,1.14,,,,,兰州市发展和改革委员会主要农副产品价格监测报表,,0.0000,https://fgw.lanzhou.gov.cn/art/2026/5/26/art_3772_1706688.html
兰州市,2026-05-26,2026-05-26（发布：2026-05-26）,玉米,销售价格,元/500克,1.21,,,,,兰州市发展和改革委员会主要农副产品价格监测报表,,0.0000,https://fgw.lanzhou.gov.cn/art/2026/5/26/art_3772_1706688.html
兰州市,2026-05-29,2026-05-29（发布：2026-05-29）,白醋,瓶,元/500ml,6.67,,,,,兰州市发展和改革委员会主要农副产品价格监测报表,,0.0000,https://fgw.lanzhou.gov.cn/art/2026/5/29/art_3772_1707556.html
兰州市,2026-05-29,2026-05-29（发布：2026-05-29）,白萝卜,新鲜一级,元/500克,2.00,,,,,兰州市发展和改革委员会主要农副产品价格监测报表,,-0.0338,https://fgw.lanzhou.gov.cn/art/2026/5/29/art_3772_1707556.html
兰州市,2026-05-29,2026-05-29（发布：2026-05-29）,菜花,新鲜一级,元/500克,3.50,,,,,兰州市发展和改革委员会主要农副产品价格监测报表,,0.0000,https://fgw.lanzhou.gov.cn/art/2026/5/29/art_3772_1707556.html
兰州市,2026-05-29,2026-05-29（发布：2026-05-29）,菜籽油,桶装一级浸出,元/5升,86.44,,,,,兰州市发展和改革委员会主要农副产品价格监测报表,,0.0000,https://fgw.lanzhou.gov.cn/art/2026/5/29/art_3772_1707556.html
兰州市,2026-05-29,2026-05-29（发布：2026-05-29）,草鱼,活1000克左右一条,元/500克,9.14,,,,,兰州市发展和改革委员会主要农副产品价格监测报表,,0.0000,https://fgw.lanzhou.gov.cn/art/2026/5/29/art_3772_1707556.html
兰州市,2026-05-29,2026-05-29（发布：2026-05-29）,大白菜,新鲜一级,元/500克,1.79,,,,,兰州市发展和改革委员会主要农副产品价格监测报表,,0.0000,https://fgw.lanzhou.gov.cn/art/2026/5/29/art_3772_1707556.html
兰州市,2026-05-29,2026-05-29（发布：2026-05-29）,带鱼,冻250克左右一条,元/500克,18.86,,,,,兰州市发展和改革委员会主要农副产品价格监测报表,,0.0000,https://fgw.lanzhou.gov.cn/art/2026/5/29/art_3772_1707556.html
兰州市,2026-05-29,2026-05-29（发布：2026-05-29）,豆腐,新鲜一级,元/500克,3.21,,,,,兰州市发展和改革委员会主要农副产品价格监测报表,,0.0000,https://fgw.lanzhou.gov.cn/art/2026/5/29/art_3772_1707556.html
兰州市,2026-05-29,2026-05-29（发布：2026-05-29）,番瓜,新鲜一级,元/500克,2.43,,,,,兰州市发展和改革委员会主要农副产品价格监测报表,,-0.0280,https://fgw.lanzhou.gov.cn/art/2026/5/29/art_3772_1707556.html
兰州市,2026-05-29,2026-05-29（发布：2026-05-29）,方便面,袋,元/120克,2.66,,,,,兰州市发展和改革委员会主要农副产品价格监测报表,,0.0000,https://fgw.lanzhou.gov.cn/art/2026/5/29/art_3772_1707556.html
兰州市,2026-05-29,2026-05-29（发布：2026-05-29）,富强粉,特一粉,元/500克,2.40,,,,,兰州市发展和改革委员会主要农副产品价格监测报表,,0.0000,https://fgw.lanzhou.gov.cn/art/2026/5/29/art_3772_1707556.html
兰州市,2026-05-29,2026-05-29（发布：2026-05-29）,胡萝卜,新鲜一级,元/500克,2.43,,,,,兰州市发展和改革委员会主要农副产品价格监测报表,,-0.0280,https://fgw.lanzhou.gov.cn/art/2026/5/29/art_3772_1707556.html
兰州市,2026-05-29,2026-05-29（发布：2026-05-29）,花生油,桶装一级压榨,元/5升,152.44,,,,,兰州市发展和改革委员会主要农副产品价格监测报表,,0.0000,https://fgw.lanzhou.gov.cn/art/2026/5/29/art_3772_1707556.html
兰州市,2026-05-29,2026-05-29（发布：2026-05-29）,黄瓜,新鲜一级,元/500克,2.79,,,,,兰州市发展和改革委员会主要农副产品价格监测报表,,0.0295,https://fgw.lanzhou.gov.cn/art/2026/5/29/art_3772_1707556.html
兰州市,2026-05-29,2026-05-29（发布：2026-05-29）,鸡蛋,新鲜完整,元/500克,5.31,,,,,兰州市发展和改革委员会主要农副产品价格监测报表,,0.0291,https://fgw.lanzhou.gov.cn/art/2026/5/29/art_3772_1707556.html
兰州市,2026-05-29,2026-05-29（发布：2026-05-29）,鸡肉,白条鸡,元/500克,14.57,,,,,兰州市发展和改革委员会主要农副产品价格监测报表,,0.0000,https://fgw.lanzhou.gov.cn/art/2026/5/29/art_3772_1707556.html
兰州市,2026-05-29,2026-05-29（发布：2026-05-29）,鲫鱼,活350克左右一条,元/500克,12.14,,,,,兰州市发展和改革委员会主要农副产品价格监测报表,,0.0000,https://fgw.lanzhou.gov.cn/art/2026/5/29/art_3772_1707556.html
兰州市,2026-05-29,2026-05-29（发布：2026-05-29）,茄子,新鲜一级,元/500克,4.07,,,,,兰州市发展和改革委员会主要农副产品价格监测报表,,0.0000,https://fgw.lanzhou.gov.cn/art/2026/5/29/art_3772_1707556.html
兰州市,2026-05-29,2026-05-29（发布：2026-05-29）,尖椒,新鲜一级,元/500克,4.43,,,,,兰州市发展和改革委员会主要农副产品价格监测报表,,-0.0156,https://fgw.lanzhou.gov.cn/art/2026/5/29/art_3772_1707556.html
兰州市,2026-05-29,2026-05-29（发布：2026-05-29）,豇豆,新鲜一级,元/500克,6.71,,,,,兰州市发展和改革委员会主要农副产品价格监测报表,,0.0105,https://fgw.lanzhou.gov.cn/art/2026/5/29/art_3772_1707556.html
兰州市,2026-05-29,2026-05-29（发布：2026-05-29）,粳米,标一,元/500克,3.89,,,,,兰州市发展和改革委员会主要农副产品价格监测报表,,0.0000,https://fgw.lanzhou.gov.cn/art/2026/5/29/art_3772_1707556.html
兰州市,2026-05-29,2026-05-29（发布：2026-05-29）,韭菜,新鲜一级,元/500克,3.86,,,,,兰州市发展和改革委员会主要农副产品价格监测报表,,0.0000,https://fgw.lanzhou.gov.cn/art/2026/5/29/art_3772_1707556.html
兰州市,2026-05-29,2026-05-29（发布：2026-05-29）,鲤鱼,活500克左右一条,元/500克,8.43,,,,,兰州市发展和改革委员会主要农副产品价格监测报表,,0.0000,https://fgw.lanzhou.gov.cn/art/2026/5/29/art_3772_1707556.html
兰州市,2026-05-29,2026-05-29（发布：2026-05-29）,莲花菜,新鲜一级,元/500克,2.17,,,,,兰州市发展和改革委员会主要农副产品价格监测报表,,0.0000,https://fgw.lanzhou.gov.cn/art/2026/5/29/art_3772_1707556.html
兰州市,2026-05-29,2026-05-29（发布：2026-05-29）,牛奶,当地主销（散装）,元/500克,3.79,,,,,兰州市发展和改革委员会主要农副产品价格监测报表,,0.0000,https://fgw.lanzhou.gov.cn/art/2026/5/29/art_3772_1707556.html
兰州市,2026-05-29,2026-05-29（发布：2026-05-29）,牛奶,蒙牛220ml,元/袋,2.63,,,,,兰州市发展和改革委员会主要农副产品价格监测报表,,0.0000,https://fgw.lanzhou.gov.cn/art/2026/5/29/art_3772_1707556.html
兰州市,2026-05-29,2026-05-29（发布：2026-05-29）,芹菜,新鲜一级,元/500克,3.29,,,,,兰州市发展和改革委员会主要农副产品价格监测报表,,0.0000,https://fgw.lanzhou.gov.cn/art/2026/5/29/art_3772_1707556.html
兰州市,2026-05-29,2026-05-29（发布：2026-05-29）,青椒,新鲜一级,元/500克,4.50,,,,,兰州市发展和改革委员会主要农副产品价格监测报表,,-0.0302,https://fgw.lanzhou.gov.cn/art/2026/5/29/art_3772_1707556.html
兰州市,2026-05-29,2026-05-29（发布：2026-05-29）,青笋,新鲜一级,元/500克,3.21,,,,,兰州市发展和改革委员会主要农副产品价格监测报表,,-0.0243,https://fgw.lanzhou.gov.cn/art/2026/5/29/art_3772_1707556.html
兰州市,2026-05-29,2026-05-29（发布：2026-05-29）,食用盐,袋,元/320克,2.00,,,,,兰州市发展和改革委员会主要农副产品价格监测报表,,0.0000,https://fgw.lanzhou.gov.cn/art/2026/5/29/art_3772_1707556.html
兰州市,2026-05-29,2026-05-29（发布：2026-05-29）,蒜薹,新鲜一级,元/500克,6.64,,,,,兰州市发展和改革委员会主要农副产品价格监测报表,,0.0107,https://fgw.lanzhou.gov.cn/art/2026/5/29/art_3772_1707556.html
兰州市,2026-05-29,2026-05-29（发布：2026-05-29）,土豆,新鲜一级,元/500克,1.90,,,,,兰州市发展和改革委员会主要农副产品价格监测报表,,0.0000,https://fgw.lanzhou.gov.cn/art/2026/5/29/art_3772_1707556.html
兰州市,2026-05-29,2026-05-29（发布：2026-05-29）,西红柿,新鲜一级,元/500克,3.57,,,,,兰州市发展和改革委员会主要农副产品价格监测报表,,-0.0377,https://fgw.lanzhou.gov.cn/art/2026/5/29/art_3772_1707556.html
兰州市,2026-05-29,2026-05-29（发布：2026-05-29）,鲜牛肉,新鲜统货,元/500克,32.86,,,,,兰州市发展和改革委员会主要农副产品价格监测报表,,0.0046,https://fgw.lanzhou.gov.cn/art/2026/5/29/art_3772_1707556.html
兰州市,2026-05-29,2026-05-29（发布：2026-05-29）,鲜羊肉,新鲜统货,元/500克,32.86,,,,,兰州市发展和改革委员会主要农副产品价格监测报表,,0.0000,https://fgw.lanzhou.gov.cn/art/2026/5/29/art_3772_1707556.html
兰州市,2026-05-29,2026-05-29（发布：2026-05-29）,鲜猪肉,精瘦肉,元/500克,11.14,,,,,兰州市发展和改革委员会主要农副产品价格监测报表,,0.0000,https://fgw.lanzhou.gov.cn/art/2026/5/29/art_3772_1707556.html
兰州市,2026-05-29,2026-05-29（发布：2026-05-29）,鲜猪肉,新鲜剔骨五花肉,元/500克,10.57,,,,,兰州市发展和改革委员会主要农副产品价格监测报表,,0.0000,https://fgw.lanzhou.gov.cn/art/2026/5/29/art_3772_1707556.html
兰州市,2026-05-29,2026-05-29（发布：2026-05-29）,小麦,收购价格,元/500克,1.43,,,,,兰州市发展和改革委员会主要农副产品价格监测报表,,0.0000,https://fgw.lanzhou.gov.cn/art/2026/5/29/art_3772_1707556.html
兰州市,2026-05-29,2026-05-29（发布：2026-05-29）,小麦,销售价格,元/500克,1.50,,,,,兰州市发展和改革委员会主要农副产品价格监测报表,,0.0000,https://fgw.lanzhou.gov.cn/art/2026/5/29/art_3772_1707556.html
兰州市,2026-05-29,2026-05-29（发布：2026-05-29）,洋葱,新鲜一级,元/500克,1.86,,,,,兰州市发展和改革委员会主要农副产品价格监测报表,,0.0000,https://fgw.lanzhou.gov.cn/art/2026/5/29/art_3772_1707556.html
兰州市,2026-05-29,2026-05-29（发布：2026-05-29）,液化气,10公斤装,元/罐,89.43,,,,,兰州市发展和改革委员会主要农副产品价格监测报表,,0.0000,https://fgw.lanzhou.gov.cn/art/2026/5/29/art_3772_1707556.html
兰州市,2026-05-29,2026-05-29（发布：2026-05-29）,油菜,新鲜一级,元/500克,3.07,,,,,兰州市发展和改革委员会主要农副产品价格监测报表,,0.0233,https://fgw.lanzhou.gov.cn/art/2026/5/29/art_3772_1707556.html
兰州市,2026-05-29,2026-05-29（发布：2026-05-29）,玉米,收购价格,元/500克,1.14,,,,,兰州市发展和改革委员会主要农副产品价格监测报表,,0.0000,https://fgw.lanzhou.gov.cn/art/2026/5/29/art_3772_1707556.html
兰州市,2026-05-29,2026-05-29（发布：2026-05-29）,玉米,销售价格,元/500克,1.21,,,,,兰州市发展和改革委员会主要农副产品价格监测报表,,0.0000,https://fgw.lanzhou.gov.cn/art/2026/5/29/art_3772_1707556.html
兰州市,2026-06-02,2026-06-02（发布：2026-06-02）,白醋,瓶,元/500ml,6.67,,,,,兰州市发展和改革委员会主要农副产品价格监测报表,,0.0000,https://fgw.lanzhou.gov.cn/art/2026/6/2/art_3772_1708404.html
兰州市,2026-06-02,2026-06-02（发布：2026-06-02）,白萝卜,新鲜一级,元/500克,2.08,,,,,兰州市发展和改革委员会主要农副产品价格监测报表,,0.0048,https://fgw.lanzhou.gov.cn/art/2026/6/2/art_3772_1708404.html
兰州市,2026-06-02,2026-06-02（发布：2026-06-02）,菜花,新鲜一级,元/500克,3.54,,,,,兰州市发展和改革委员会主要农副产品价格监测报表,,-0.0407,https://fgw.lanzhou.gov.cn/art/2026/6/2/art_3772_1708404.html
兰州市,2026-06-02,2026-06-02（发布：2026-06-02）,菜籽油,桶装一级浸出,元/5升,86.39,,,,,兰州市发展和改革委员会主要农副产品价格监测报表,,0.0020,https://fgw.lanzhou.gov.cn/art/2026/6/2/art_3772_1708404.html
兰州市,2026-06-02,2026-06-02（发布：2026-06-02）,草鱼,活1000克左右一条,元/500克,9.11,,,,,兰州市发展和改革委员会主要农副产品价格监测报表,,0.0224,https://fgw.lanzhou.gov.cn/art/2026/6/2/art_3772_1708404.html
兰州市,2026-06-02,2026-06-02（发布：2026-06-02）,大白菜,新鲜一级,元/500克,1.83,,,,,兰州市发展和改革委员会主要农副产品价格监测报表,,-0.0214,https://fgw.lanzhou.gov.cn/art/2026/6/2/art_3772_1708404.html
兰州市,2026-06-02,2026-06-02（发布：2026-06-02）,带鱼,冻250克左右一条,元/500克,18.86,,,,,兰州市发展和改革委员会主要农副产品价格监测报表,,0.0000,https://fgw.lanzhou.gov.cn/art/2026/6/2/art_3772_1708404.html
兰州市,2026-06-02,2026-06-02（发布：2026-06-02）,豆腐,新鲜一级,元/500克,3.21,,,,,兰州市发展和改革委员会主要农副产品价格监测报表,,0.0000,https://fgw.lanzhou.gov.cn/art/2026/6/2/art_3772_1708404.html
兰州市,2026-06-02,2026-06-02（发布：2026-06-02）,番瓜,新鲜一级,元/500克,2.62,,,,,兰州市发展和改革委员会主要农副产品价格监测报表,,-0.1119,https://fgw.lanzhou.gov.cn/art/2026/6/2/art_3772_1708404.html
兰州市,2026-06-02,2026-06-02（发布：2026-06-02）,方便面,袋,元/120克,2.66,,,,,兰州市发展和改革委员会主要农副产品价格监测报表,,0.0000,https://fgw.lanzhou.gov.cn/art/2026/6/2/art_3772_1708404.html
兰州市,2026-06-02,2026-06-02（发布：2026-06-02）,富强粉,特一粉,元/500克,2.40,,,,,兰州市发展和改革委员会主要农副产品价格监测报表,,0.0000,https://fgw.lanzhou.gov.cn/art/2026/6/2/art_3772_1708404.html
兰州市,2026-06-02,2026-06-02（发布：2026-06-02）,胡萝卜,新鲜一级,元/500克,2.54,,,,,兰州市发展和改革委员会主要农副产品价格监测报表,,-0.0117,https://fgw.lanzhou.gov.cn/art/2026/6/2/art_3772_1708404.html
兰州市,2026-06-02,2026-06-02（发布：2026-06-02）,花生油,桶装一级压榨,元/5升,152.49,,,,,兰州市发展和改革委员会主要农副产品价格监测报表,,0.0003,https://fgw.lanzhou.gov.cn/art/2026/6/2/art_3772_1708404.html
兰州市,2026-06-02,2026-06-02（发布：2026-06-02）,黄瓜,新鲜一级,元/500克,2.87,,,,,兰州市发展和改革委员会主要农副产品价格监测报表,,-0.2306,https://fgw.lanzhou.gov.cn/art/2026/6/2/art_3772_1708404.html
兰州市,2026-06-02,2026-06-02（发布：2026-06-02）,鸡蛋,新鲜完整,元/500克,5.02,,,,,兰州市发展和改革委员会主要农副产品价格监测报表,,0.0889,https://fgw.lanzhou.gov.cn/art/2026/6/2/art_3772_1708404.html
兰州市,2026-06-02,2026-06-02（发布：2026-06-02）,鸡肉,白条鸡,元/500克,14.57,,,,,兰州市发展和改革委员会主要农副产品价格监测报表,,-0.0075,https://fgw.lanzhou.gov.cn/art/2026/6/2/art_3772_1708404.html
兰州市,2026-06-02,2026-06-02（发布：2026-06-02）,鲫鱼,活350克左右一条,元/500克,12.20,,,,,兰州市发展和改革委员会主要农副产品价格监测报表,,0.0049,https://fgw.lanzhou.gov.cn/art/2026/6/2/art_3772_1708404.html
兰州市,2026-06-02,2026-06-02（发布：2026-06-02）,茄子,新鲜一级,元/500克,4.13,,,,,兰州市发展和改革委员会主要农副产品价格监测报表,,-0.0740,https://fgw.lanzhou.gov.cn/art/2026/6/2/art_3772_1708404.html
兰州市,2026-06-02,2026-06-02（发布：2026-06-02）,尖椒,新鲜一级,元/500克,4.48,,,,,兰州市发展和改革委员会主要农副产品价格监测报表,,-0.0876,https://fgw.lanzhou.gov.cn/art/2026/6/2/art_3772_1708404.html
兰州市,2026-06-02,2026-06-02（发布：2026-06-02）,豇豆,新鲜一级,元/500克,6.78,,,,,兰州市发展和改革委员会主要农副产品价格监测报表,,-0.0838,https://fgw.lanzhou.gov.cn/art/2026/6/2/art_3772_1708404.html
兰州市,2026-06-02,2026-06-02（发布：2026-06-02）,粳米,标一,元/500克,3.89,,,,,兰州市发展和改革委员会主要农副产品价格监测报表,,0.0000,https://fgw.lanzhou.gov.cn/art/2026/6/2/art_3772_1708404.html
兰州市,2026-06-02,2026-06-02（发布：2026-06-02）,韭菜,新鲜一级,元/500克,3.97,,,,,兰州市发展和改革委员会主要农副产品价格监测报表,,-0.0615,https://fgw.lanzhou.gov.cn/art/2026/6/2/art_3772_1708404.html
兰州市,2026-06-02,2026-06-02（发布：2026-06-02）,鲤鱼,活500克左右一条,元/500克,8.43,,,,,兰州市发展和改革委员会主要农副产品价格监测报表,,0.0000,https://fgw.lanzhou.gov.cn/art/2026/6/2/art_3772_1708404.html
兰州市,2026-06-02,2026-06-02（发布：2026-06-02）,莲花菜,新鲜一级,元/500克,2.21,,,,,兰州市发展和改革委员会主要农副产品价格监测报表,,-0.0792,https://fgw.lanzhou.gov.cn/art/2026/6/2/art_3772_1708404.html
兰州市,2026-06-02,2026-06-02（发布：2026-06-02）,牛奶,当地主销（散装）,元/500克,3.79,,,,,兰州市发展和改革委员会主要农副产品价格监测报表,,0.0000,https://fgw.lanzhou.gov.cn/art/2026/6/2/art_3772_1708404.html
兰州市,2026-06-02,2026-06-02（发布：2026-06-02）,牛奶,蒙牛220ml,元/袋,2.63,,,,,兰州市发展和改革委员会主要农副产品价格监测报表,,0.0000,https://fgw.lanzhou.gov.cn/art/2026/6/2/art_3772_1708404.html
兰州市,2026-06-02,2026-06-02（发布：2026-06-02）,芹菜,新鲜一级,元/500克,3.33,,,,,兰州市发展和改革委员会主要农副产品价格监测报表,,0.0122,https://fgw.lanzhou.gov.cn/art/2026/6/2/art_3772_1708404.html
兰州市,2026-06-02,2026-06-02（发布：2026-06-02）,青椒,新鲜一级,元/500克,4.66,,,,,兰州市发展和改革委员会主要农副产品价格监测报表,,-0.0809,https://fgw.lanzhou.gov.cn/art/2026/6/2/art_3772_1708404.html
兰州市,2026-06-02,2026-06-02（发布：2026-06-02）,青笋,新鲜一级,元/500克,3.27,,,,,兰州市发展和改革委员会主要农副产品价格监测报表,,-0.0210,https://fgw.lanzhou.gov.cn/art/2026/6/2/art_3772_1708404.html
兰州市,2026-06-02,2026-06-02（发布：2026-06-02）,食用盐,袋,元/320克,2.00,,,,,兰州市发展和改革委员会主要农副产品价格监测报表,,0.0000,https://fgw.lanzhou.gov.cn/art/2026/6/2/art_3772_1708404.html
兰州市,2026-06-02,2026-06-02（发布：2026-06-02）,蒜薹,新鲜一级,元/500克,6.51,,,,,兰州市发展和改革委员会主要农副产品价格监测报表,,-0.0633,https://fgw.lanzhou.gov.cn/art/2026/6/2/art_3772_1708404.html
兰州市,2026-06-02,2026-06-02（发布：2026-06-02）,土豆,新鲜一级,元/500克,1.90,,,,,兰州市发展和改革委员会主要农副产品价格监测报表,,0.0215,https://fgw.lanzhou.gov.cn/art/2026/6/2/art_3772_1708404.html
兰州市,2026-06-02,2026-06-02（发布：2026-06-02）,西红柿,新鲜一级,元/500克,3.88,,,,,兰州市发展和改革委员会主要农副产品价格监测报表,,-0.0396,https://fgw.lanzhou.gov.cn/art/2026/6/2/art_3772_1708404.html
兰州市,2026-06-02,2026-06-02（发布：2026-06-02）,鲜牛肉,新鲜统货,元/500克,32.68,,,,,兰州市发展和改革委员会主要农副产品价格监测报表,,0.0071,https://fgw.lanzhou.gov.cn/art/2026/6/2/art_3772_1708404.html
兰州市,2026-06-02,2026-06-02（发布：2026-06-02）,鲜羊肉,新鲜统货,元/500克,32.70,,,,,兰州市发展和改革委员会主要农副产品价格监测报表,,-0.0052,https://fgw.lanzhou.gov.cn/art/2026/6/2/art_3772_1708404.html
兰州市,2026-06-02,2026-06-02（发布：2026-06-02）,鲜猪肉,精瘦肉,元/500克,11.00,,,,,兰州市发展和改革委员会主要农副产品价格监测报表,,-0.0468,https://fgw.lanzhou.gov.cn/art/2026/6/2/art_3772_1708404.html
兰州市,2026-06-02,2026-06-02（发布：2026-06-02）,鲜猪肉,新鲜剔骨五花肉,元/500克,10.44,,,,,兰州市发展和改革委员会主要农副产品价格监测报表,,-0.0662,https://fgw.lanzhou.gov.cn/art/2026/6/2/art_3772_1708404.html
兰州市,2026-06-02,2026-06-02（发布：2026-06-02）,小麦,收购价格,元/500克,1.44,,,,,兰州市发展和改革委员会主要农副产品价格监测报表,,0.0070,https://fgw.lanzhou.gov.cn/art/2026/6/2/art_3772_1708404.html
兰州市,2026-06-02,2026-06-02（发布：2026-06-02）,小麦,销售价格,元/500克,1.51,,,,,兰州市发展和改革委员会主要农副产品价格监测报表,,0.0067,https://fgw.lanzhou.gov.cn/art/2026/6/2/art_3772_1708404.html
兰州市,2026-06-02,2026-06-02（发布：2026-06-02）,洋葱,新鲜一级,元/500克,1.86,,,,,兰州市发展和改革委员会主要农副产品价格监测报表,,0.0000,https://fgw.lanzhou.gov.cn/art/2026/6/2/art_3772_1708404.html
兰州市,2026-06-02,2026-06-02（发布：2026-06-02）,液化气,10公斤装,元/罐,89.43,,,,,兰州市发展和改革委员会主要农副产品价格监测报表,,0.0314,https://fgw.lanzhou.gov.cn/art/2026/6/2/art_3772_1708404.html
兰州市,2026-06-02,2026-06-02（发布：2026-06-02）,油菜,新鲜一级,元/500克,3.11,,,,,兰州市发展和改革委员会主要农副产品价格监测报表,,-0.0799,https://fgw.lanzhou.gov.cn/art/2026/6/2/art_3772_1708404.html
兰州市,2026-06-02,2026-06-02（发布：2026-06-02）,玉米,收购价格,元/500克,1.14,,,,,兰州市发展和改革委员会主要农副产品价格监测报表,,0.0000,https://fgw.lanzhou.gov.cn/art/2026/6/2/art_3772_1708404.html
兰州市,2026-06-02,2026-06-02（发布：2026-06-02）,玉米,销售价格,元/500克,1.21,,,,,兰州市发展和改革委员会主要农副产品价格监测报表,,0.0000,https://fgw.lanzhou.gov.cn/art/2026/6/2/art_3772_1708404.html
兰州市,2026-06-05,2026-06-05（发布：2026-06-05）,白醋,瓶,元/500ml,6.67,,,,,兰州市发展和改革委员会主要农副产品价格监测报表,,0.0000,https://fgw.lanzhou.gov.cn/art/2026/6/5/art_3772_1709147.html
兰州市,2026-06-05,2026-06-05（发布：2026-06-05）,白萝卜,新鲜一级,元/500克,2.00,,,,,兰州市发展和改革委员会主要农副产品价格监测报表,,0.0000,https://fgw.lanzhou.gov.cn/art/2026/6/5/art_3772_1709147.html
兰州市,2026-06-05,2026-06-05（发布：2026-06-05）,菜花,新鲜一级,元/500克,3.42,,,,,兰州市发展和改革委员会主要农副产品价格监测报表,,-0.0229,https://fgw.lanzhou.gov.cn/art/2026/6/5/art_3772_1709147.html
兰州市,2026-06-05,2026-06-05（发布：2026-06-05）,菜籽油,桶装一级浸出,元/5升,86.44,,,,,兰州市发展和改革委员会主要农副产品价格监测报表,,0.0000,https://fgw.lanzhou.gov.cn/art/2026/6/5/art_3772_1709147.html
兰州市,2026-06-05,2026-06-05（发布：2026-06-05）,草鱼,活1000克左右一条,元/500克,9.14,,,,,兰州市发展和改革委员会主要农副产品价格监测报表,,0.0000,https://fgw.lanzhou.gov.cn/art/2026/6/5/art_3772_1709147.html
兰州市,2026-06-05,2026-06-05（发布：2026-06-05）,大白菜,新鲜一级,元/500克,1.79,,,,,兰州市发展和改革委员会主要农副产品价格监测报表,,0.0000,https://fgw.lanzhou.gov.cn/art/2026/6/5/art_3772_1709147.html
兰州市,2026-06-05,2026-06-05（发布：2026-06-05）,带鱼,冻250克左右一条,元/500克,18.86,,,,,兰州市发展和改革委员会主要农副产品价格监测报表,,0.0000,https://fgw.lanzhou.gov.cn/art/2026/6/5/art_3772_1709147.html
兰州市,2026-06-05,2026-06-05（发布：2026-06-05）,豆腐,新鲜一级,元/500克,3.21,,,,,兰州市发展和改革委员会主要农副产品价格监测报表,,0.0000,https://fgw.lanzhou.gov.cn/art/2026/6/5/art_3772_1709147.html
兰州市,2026-06-05,2026-06-05（发布：2026-06-05）,番瓜,新鲜一级,元/500克,2.50,,,,,兰州市发展和改革委员会主要农副产品价格监测报表,,0.0288,https://fgw.lanzhou.gov.cn/art/2026/6/5/art_3772_1709147.html
兰州市,2026-06-05,2026-06-05（发布：2026-06-05）,方便面,袋,元/120克,2.66,,,,,兰州市发展和改革委员会主要农副产品价格监测报表,,0.0000,https://fgw.lanzhou.gov.cn/art/2026/6/5/art_3772_1709147.html
兰州市,2026-06-05,2026-06-05（发布：2026-06-05）,富强粉,特一粉,元/500克,2.40,,,,,兰州市发展和改革委员会主要农副产品价格监测报表,,0.0000,https://fgw.lanzhou.gov.cn/art/2026/6/5/art_3772_1709147.html
兰州市,2026-06-05,2026-06-05（发布：2026-06-05）,胡萝卜,新鲜一级,元/500克,2.43,,,,,兰州市发展和改革委员会主要农副产品价格监测报表,,0.0000,https://fgw.lanzhou.gov.cn/art/2026/6/5/art_3772_1709147.html
兰州市,2026-06-05,2026-06-05（发布：2026-06-05）,花生油,桶装一级压榨,元/5升,152.44,,,,,兰州市发展和改革委员会主要农副产品价格监测报表,,0.0000,https://fgw.lanzhou.gov.cn/art/2026/6/5/art_3772_1709147.html
兰州市,2026-06-05,2026-06-05（发布：2026-06-05）,黄瓜,新鲜一级,元/500克,2.71,,,,,兰州市发展和改革委员会主要农副产品价格监测报表,,-0.0287,https://fgw.lanzhou.gov.cn/art/2026/6/5/art_3772_1709147.html
兰州市,2026-06-05,2026-06-05（发布：2026-06-05）,鸡蛋,新鲜完整,元/500克,5.51,,,,,兰州市发展和改革委员会主要农副产品价格监测报表,,0.0377,https://fgw.lanzhou.gov.cn/art/2026/6/5/art_3772_1709147.html
兰州市,2026-06-05,2026-06-05（发布：2026-06-05）,鸡肉,白条鸡,元/500克,14.57,,,,,兰州市发展和改革委员会主要农副产品价格监测报表,,0.0000,https://fgw.lanzhou.gov.cn/art/2026/6/5/art_3772_1709147.html
兰州市,2026-06-05,2026-06-05（发布：2026-06-05）,鲫鱼,活350克左右一条,元/500克,12.14,,,,,兰州市发展和改革委员会主要农副产品价格监测报表,,0.0000,https://fgw.lanzhou.gov.cn/art/2026/6/5/art_3772_1709147.html
兰州市,2026-06-05,2026-06-05（发布：2026-06-05）,茄子,新鲜一级,元/500克,4.07,,,,,兰州市发展和改革委员会主要农副产品价格监测报表,,0.0000,https://fgw.lanzhou.gov.cn/art/2026/6/5/art_3772_1709147.html
兰州市,2026-06-05,2026-06-05（发布：2026-06-05）,尖椒,新鲜一级,元/500克,4.43,,,,,兰州市发展和改革委员会主要农副产品价格监测报表,,0.0000,https://fgw.lanzhou.gov.cn/art/2026/6/5/art_3772_1709147.html
兰州市,2026-06-05,2026-06-05（发布：2026-06-05）,豇豆,新鲜一级,元/500克,6.50,,,,,兰州市发展和改革委员会主要农副产品价格监测报表,,-0.0313,https://fgw.lanzhou.gov.cn/art/2026/6/5/art_3772_1709147.html
兰州市,2026-06-05,2026-06-05（发布：2026-06-05）,粳米,标一,元/500克,3.89,,,,,兰州市发展和改革委员会主要农副产品价格监测报表,,0.0000,https://fgw.lanzhou.gov.cn/art/2026/6/5/art_3772_1709147.html
兰州市,2026-06-05,2026-06-05（发布：2026-06-05）,韭菜,新鲜一级,元/500克,3.79,,,,,兰州市发展和改革委员会主要农副产品价格监测报表,,-0.0181,https://fgw.lanzhou.gov.cn/art/2026/6/5/art_3772_1709147.html
兰州市,2026-06-05,2026-06-05（发布：2026-06-05）,鲤鱼,活500克左右一条,元/500克,8.43,,,,,兰州市发展和改革委员会主要农副产品价格监测报表,,0.0000,https://fgw.lanzhou.gov.cn/art/2026/6/5/art_3772_1709147.html
兰州市,2026-06-05,2026-06-05（发布：2026-06-05）,莲花菜,新鲜一级,元/500克,2.17,,,,,兰州市发展和改革委员会主要农副产品价格监测报表,,0.0000,https://fgw.lanzhou.gov.cn/art/2026/6/5/art_3772_1709147.html
兰州市,2026-06-05,2026-06-05（发布：2026-06-05）,牛奶,当地主销（散装）,元/500克,3.79,,,,,兰州市发展和改革委员会主要农副产品价格监测报表,,0.0000,https://fgw.lanzhou.gov.cn/art/2026/6/5/art_3772_1709147.html
兰州市,2026-06-05,2026-06-05（发布：2026-06-05）,牛奶,蒙牛220ml,元/袋,2.65,,,,,兰州市发展和改革委员会主要农副产品价格监测报表,,0.0076,https://fgw.lanzhou.gov.cn/art/2026/6/5/art_3772_1709147.html
兰州市,2026-06-05,2026-06-05（发布：2026-06-05）,芹菜,新鲜一级,元/500克,3.29,,,,,兰州市发展和改革委员会主要农副产品价格监测报表,,0.0000,https://fgw.lanzhou.gov.cn/art/2026/6/5/art_3772_1709147.html
兰州市,2026-06-05,2026-06-05（发布：2026-06-05）,青椒,新鲜一级,元/500克,4.50,,,,,兰州市发展和改革委员会主要农副产品价格监测报表,,0.0000,https://fgw.lanzhou.gov.cn/art/2026/6/5/art_3772_1709147.html
兰州市,2026-06-05,2026-06-05（发布：2026-06-05）,青笋,新鲜一级,元/500克,3.14,,,,,兰州市发展和改革委员会主要农副产品价格监测报表,,-0.0218,https://fgw.lanzhou.gov.cn/art/2026/6/5/art_3772_1709147.html
兰州市,2026-06-05,2026-06-05（发布：2026-06-05）,食用盐,袋,元/320克,2.00,,,,,兰州市发展和改革委员会主要农副产品价格监测报表,,0.0000,https://fgw.lanzhou.gov.cn/art/2026/6/5/art_3772_1709147.html
兰州市,2026-06-05,2026-06-05（发布：2026-06-05）,蒜薹,新鲜一级,元/500克,6.64,,,,,兰州市发展和改革委员会主要农副产品价格监测报表,,0.0000,https://fgw.lanzhou.gov.cn/art/2026/6/5/art_3772_1709147.html
兰州市,2026-06-05,2026-06-05（发布：2026-06-05）,土豆,新鲜一级,元/500克,1.90,,,,,兰州市发展和改革委员会主要农副产品价格监测报表,,0.0000,https://fgw.lanzhou.gov.cn/art/2026/6/5/art_3772_1709147.html
兰州市,2026-06-05,2026-06-05（发布：2026-06-05）,西红柿,新鲜一级,元/500克,3.29,,,,,兰州市发展和改革委员会主要农副产品价格监测报表,,-0.0784,https://fgw.lanzhou.gov.cn/art/2026/6/5/art_3772_1709147.html
兰州市,2026-06-05,2026-06-05（发布：2026-06-05）,鲜牛肉,新鲜统货,元/500克,32.86,,,,,兰州市发展和改革委员会主要农副产品价格监测报表,,0.0000,https://fgw.lanzhou.gov.cn/art/2026/6/5/art_3772_1709147.html
兰州市,2026-06-05,2026-06-05（发布：2026-06-05）,鲜羊肉,新鲜统货,元/500克,32.86,,,,,兰州市发展和改革委员会主要农副产品价格监测报表,,0.0000,https://fgw.lanzhou.gov.cn/art/2026/6/5/art_3772_1709147.html
兰州市,2026-06-05,2026-06-05（发布：2026-06-05）,鲜猪肉,精瘦肉,元/500克,11.00,,,,,兰州市发展和改革委员会主要农副产品价格监测报表,,-0.0126,https://fgw.lanzhou.gov.cn/art/2026/6/5/art_3772_1709147.html
兰州市,2026-06-05,2026-06-05（发布：2026-06-05）,鲜猪肉,新鲜剔骨五花肉,元/500克,10.43,,,,,兰州市发展和改革委员会主要农副产品价格监测报表,,-0.0132,https://fgw.lanzhou.gov.cn/art/2026/6/5/art_3772_1709147.html
兰州市,2026-06-05,2026-06-05（发布：2026-06-05）,小麦,收购价格,元/500克,1.44,,,,,兰州市发展和改革委员会主要农副产品价格监测报表,,0.0070,https://fgw.lanzhou.gov.cn/art/2026/6/5/art_3772_1709147.html
兰州市,2026-06-05,2026-06-05（发布：2026-06-05）,小麦,销售价格,元/500克,1.51,,,,,兰州市发展和改革委员会主要农副产品价格监测报表,,0.0067,https://fgw.lanzhou.gov.cn/art/2026/6/5/art_3772_1709147.html
兰州市,2026-06-05,2026-06-05（发布：2026-06-05）,洋葱,新鲜一级,元/500克,1.86,,,,,兰州市发展和改革委员会主要农副产品价格监测报表,,0.0000,https://fgw.lanzhou.gov.cn/art/2026/6/5/art_3772_1709147.html
兰州市,2026-06-05,2026-06-05（发布：2026-06-05）,液化气,10公斤装,元/罐,89.43,,,,,兰州市发展和改革委员会主要农副产品价格监测报表,,0.0000,https://fgw.lanzhou.gov.cn/art/2026/6/5/art_3772_1709147.html
兰州市,2026-06-05,2026-06-05（发布：2026-06-05）,油菜,新鲜一级,元/500克,3.07,,,,,兰州市发展和改革委员会主要农副产品价格监测报表,,0.0000,https://fgw.lanzhou.gov.cn/art/2026/6/5/art_3772_1709147.html
兰州市,2026-06-05,2026-06-05（发布：2026-06-05）,玉米,收购价格,元/500克,1.14,,,,,兰州市发展和改革委员会主要农副产品价格监测报表,,0.0000,https://fgw.lanzhou.gov.cn/art/2026/6/5/art_3772_1709147.html
兰州市,2026-06-05,2026-06-05（发布：2026-06-05）,玉米,销售价格,元/500克,1.21,,,,,兰州市发展和改革委员会主要农副产品价格监测报表,,0.0000,https://fgw.lanzhou.gov.cn/art/2026/6/5/art_3772_1709147.html
兰州市,2026-06-09,2026-06-09（发布：2026-06-09）,白醋,瓶,元/500ml,6.67,,,,,兰州市发展和改革委员会主要农副产品价格监测报表,,0.0000,https://fgw.lanzhou.gov.cn/art/2026/6/9/art_3772_1710125.html
兰州市,2026-06-09,2026-06-09（发布：2026-06-09）,白萝卜,新鲜一级,元/500克,2.00,,,,,兰州市发展和改革委员会主要农副产品价格监测报表,,0.0000,https://fgw.lanzhou.gov.cn/art/2026/6/9/art_3772_1710125.html
兰州市,2026-06-09,2026-06-09（发布：2026-06-09）,菜花,新鲜一级,元/500克,3.33,,,,,兰州市发展和改革委员会主要农副产品价格监测报表,,-0.0263,https://fgw.lanzhou.gov.cn/art/2026/6/9/art_3772_1710125.html
兰州市,2026-06-09,2026-06-09（发布：2026-06-09）,菜籽油,桶装一级浸出,元/5升,86.44,,,,,兰州市发展和改革委员会主要农副产品价格监测报表,,0.0000,https://fgw.lanzhou.gov.cn/art/2026/6/9/art_3772_1710125.html
兰州市,2026-06-09,2026-06-09（发布：2026-06-09）,草鱼,活1000克左右一条,元/500克,9.14,,,,,兰州市发展和改革委员会主要农副产品价格监测报表,,0.0000,https://fgw.lanzhou.gov.cn/art/2026/6/9/art_3772_1710125.html
兰州市,2026-06-09,2026-06-09（发布：2026-06-09）,大白菜,新鲜一级,元/500克,1.79,,,,,兰州市发展和改革委员会主要农副产品价格监测报表,,0.0000,https://fgw.lanzhou.gov.cn/art/2026/6/9/art_3772_1710125.html
兰州市,2026-06-09,2026-06-09（发布：2026-06-09）,带鱼,冻250克左右一条,元/500克,18.86,,,,,兰州市发展和改革委员会主要农副产品价格监测报表,,0.0000,https://fgw.lanzhou.gov.cn/art/2026/6/9/art_3772_1710125.html
兰州市,2026-06-09,2026-06-09（发布：2026-06-09）,豆腐,新鲜一级,元/500克,3.21,,,,,兰州市发展和改革委员会主要农副产品价格监测报表,,0.0000,https://fgw.lanzhou.gov.cn/art/2026/6/9/art_3772_1710125.html
兰州市,2026-06-09,2026-06-09（发布：2026-06-09）,番瓜,新鲜一级,元/500克,2.50,,,,,兰州市发展和改革委员会主要农副产品价格监测报表,,0.0000,https://fgw.lanzhou.gov.cn/art/2026/6/9/art_3772_1710125.html
兰州市,2026-06-09,2026-06-09（发布：2026-06-09）,方便面,袋,元/120克,2.66,,,,,兰州市发展和改革委员会主要农副产品价格监测报表,,0.0000,https://fgw.lanzhou.gov.cn/art/2026/6/9/art_3772_1710125.html
兰州市,2026-06-09,2026-06-09（发布：2026-06-09）,富强粉,特一粉,元/500克,2.40,,,,,兰州市发展和改革委员会主要农副产品价格监测报表,,0.0000,https://fgw.lanzhou.gov.cn/art/2026/6/9/art_3772_1710125.html
兰州市,2026-06-09,2026-06-09（发布：2026-06-09）,胡萝卜,新鲜一级,元/500克,2.43,,,,,兰州市发展和改革委员会主要农副产品价格监测报表,,0.0000,https://fgw.lanzhou.gov.cn/art/2026/6/9/art_3772_1710125.html
兰州市,2026-06-09,2026-06-09（发布：2026-06-09）,花生油,桶装一级压榨,元/5升,152.44,,,,,兰州市发展和改革委员会主要农副产品价格监测报表,,0.0000,https://fgw.lanzhou.gov.cn/art/2026/6/9/art_3772_1710125.html
兰州市,2026-06-09,2026-06-09（发布：2026-06-09）,黄瓜,新鲜一级,元/500克,2.64,,,,,兰州市发展和改革委员会主要农副产品价格监测报表,,-0.0258,https://fgw.lanzhou.gov.cn/art/2026/6/9/art_3772_1710125.html
兰州市,2026-06-09,2026-06-09（发布：2026-06-09）,鸡蛋,新鲜完整,元/500克,5.91,,,,,兰州市发展和改革委员会主要农副产品价格监测报表,,0.0726,https://fgw.lanzhou.gov.cn/art/2026/6/9/art_3772_1710125.html
兰州市,2026-06-09,2026-06-09（发布：2026-06-09）,鸡肉,白条鸡,元/500克,14.57,,,,,兰州市发展和改革委员会主要农副产品价格监测报表,,0.0000,https://fgw.lanzhou.gov.cn/art/2026/6/9/art_3772_1710125.html
兰州市,2026-06-09,2026-06-09（发布：2026-06-09）,鲫鱼,活350克左右一条,元/500克,12.14,,,,,兰州市发展和改革委员会主要农副产品价格监测报表,,0.0000,https://fgw.lanzhou.gov.cn/art/2026/6/9/art_3772_1710125.html
兰州市,2026-06-09,2026-06-09（发布：2026-06-09）,茄子,新鲜一级,元/500克,4.00,,,,,兰州市发展和改革委员会主要农副产品价格监测报表,,-0.0172,https://fgw.lanzhou.gov.cn/art/2026/6/9/art_3772_1710125.html
兰州市,2026-06-09,2026-06-09（发布：2026-06-09）,尖椒,新鲜一级,元/500克,4.29,,,,,兰州市发展和改革委员会主要农副产品价格监测报表,,-0.0316,https://fgw.lanzhou.gov.cn/art/2026/6/9/art_3772_1710125.html
兰州市,2026-06-09,2026-06-09（发布：2026-06-09）,豇豆,新鲜一级,元/500克,6.50,,,,,兰州市发展和改革委员会主要农副产品价格监测报表,,0.0000,https://fgw.lanzhou.gov.cn/art/2026/6/9/art_3772_1710125.html
兰州市,2026-06-09,2026-06-09（发布：2026-06-09）,粳米,标一,元/500克,3.89,,,,,兰州市发展和改革委员会主要农副产品价格监测报表,,0.0000,https://fgw.lanzhou.gov.cn/art/2026/6/9/art_3772_1710125.html
兰州市,2026-06-09,2026-06-09（发布：2026-06-09）,韭菜,新鲜一级,元/500克,3.71,,,,,兰州市发展和改革委员会主要农副产品价格监测报表,,-0.0211,https://fgw.lanzhou.gov.cn/art/2026/6/9/art_3772_1710125.html
兰州市,2026-06-09,2026-06-09（发布：2026-06-09）,鲤鱼,活500克左右一条,元/500克,8.43,,,,,兰州市发展和改革委员会主要农副产品价格监测报表,,0.0000,https://fgw.lanzhou.gov.cn/art/2026/6/9/art_3772_1710125.html
兰州市,2026-06-09,2026-06-09（发布：2026-06-09）,莲花菜,新鲜一级,元/500克,2.17,,,,,兰州市发展和改革委员会主要农副产品价格监测报表,,0.0000,https://fgw.lanzhou.gov.cn/art/2026/6/9/art_3772_1710125.html
兰州市,2026-06-09,2026-06-09（发布：2026-06-09）,牛奶,当地主销（散装）,元/500克,3.79,,,,,兰州市发展和改革委员会主要农副产品价格监测报表,,0.0000,https://fgw.lanzhou.gov.cn/art/2026/6/9/art_3772_1710125.html
兰州市,2026-06-09,2026-06-09（发布：2026-06-09）,牛奶,蒙牛220ml,元/袋,2.65,,,,,兰州市发展和改革委员会主要农副产品价格监测报表,,0.0000,https://fgw.lanzhou.gov.cn/art/2026/6/9/art_3772_1710125.html
兰州市,2026-06-09,2026-06-09（发布：2026-06-09）,芹菜,新鲜一级,元/500克,3.36,,,,,兰州市发展和改革委员会主要农副产品价格监测报表,,0.0213,https://fgw.lanzhou.gov.cn/art/2026/6/9/art_3772_1710125.html
兰州市,2026-06-09,2026-06-09（发布：2026-06-09）,青椒,新鲜一级,元/500克,4.50,,,,,兰州市发展和改革委员会主要农副产品价格监测报表,,0.0000,https://fgw.lanzhou.gov.cn/art/2026/6/9/art_3772_1710125.html
兰州市,2026-06-09,2026-06-09（发布：2026-06-09）,青笋,新鲜一级,元/500克,3.00,,,,,兰州市发展和改革委员会主要农副产品价格监测报表,,-0.0446,https://fgw.lanzhou.gov.cn/art/2026/6/9/art_3772_1710125.html
兰州市,2026-06-09,2026-06-09（发布：2026-06-09）,食用盐,袋,元/320克,2.00,,,,,兰州市发展和改革委员会主要农副产品价格监测报表,,0.0000,https://fgw.lanzhou.gov.cn/art/2026/6/9/art_3772_1710125.html
兰州市,2026-06-09,2026-06-09（发布：2026-06-09）,蒜薹,新鲜一级,元/500克,6.64,,,,,兰州市发展和改革委员会主要农副产品价格监测报表,,0.0000,https://fgw.lanzhou.gov.cn/art/2026/6/9/art_3772_1710125.html
兰州市,2026-06-09,2026-06-09（发布：2026-06-09）,土豆,新鲜一级,元/500克,1.90,,,,,兰州市发展和改革委员会主要农副产品价格监测报表,,0.0000,https://fgw.lanzhou.gov.cn/art/2026/6/9/art_3772_1710125.html
兰州市,2026-06-09,2026-06-09（发布：2026-06-09）,西红柿,新鲜一级,元/500克,3.21,,,,,兰州市发展和改革委员会主要农副产品价格监测报表,,-0.0243,https://fgw.lanzhou.gov.cn/art/2026/6/9/art_3772_1710125.html
兰州市,2026-06-09,2026-06-09（发布：2026-06-09）,鲜牛肉,新鲜统货,元/500克,32.86,,,,,兰州市发展和改革委员会主要农副产品价格监测报表,,0.0000,https://fgw.lanzhou.gov.cn/art/2026/6/9/art_3772_1710125.html
兰州市,2026-06-09,2026-06-09（发布：2026-06-09）,鲜羊肉,新鲜统货,元/500克,32.86,,,,,兰州市发展和改革委员会主要农副产品价格监测报表,,0.0000,https://fgw.lanzhou.gov.cn/art/2026/6/9/art_3772_1710125.html
兰州市,2026-06-09,2026-06-09（发布：2026-06-09）,鲜猪肉,精瘦肉,元/500克,11.00,,,,,兰州市发展和改革委员会主要农副产品价格监测报表,,0.0000,https://fgw.lanzhou.gov.cn/art/2026/6/9/art_3772_1710125.html
兰州市,2026-06-09,2026-06-09（发布：2026-06-09）,鲜猪肉,新鲜剔骨五花肉,元/500克,10.43,,,,,兰州市发展和改革委员会主要农副产品价格监测报表,,0.0000,https://fgw.lanzhou.gov.cn/art/2026/6/9/art_3772_1710125.html
兰州市,2026-06-09,2026-06-09（发布：2026-06-09）,小麦,收购价格,元/500克,1.44,,,,,兰州市发展和改革委员会主要农副产品价格监测报表,,0.0000,https://fgw.lanzhou.gov.cn/art/2026/6/9/art_3772_1710125.html
兰州市,2026-06-09,2026-06-09（发布：2026-06-09）,小麦,销售价格,元/500克,1.51,,,,,兰州市发展和改革委员会主要农副产品价格监测报表,,0.0000,https://fgw.lanzhou.gov.cn/art/2026/6/9/art_3772_1710125.html
兰州市,2026-06-09,2026-06-09（发布：2026-06-09）,洋葱,新鲜一级,元/500克,1.86,,,,,兰州市发展和改革委员会主要农副产品价格监测报表,,0.0000,https://fgw.lanzhou.gov.cn/art/2026/6/9/art_3772_1710125.html
兰州市,2026-06-09,2026-06-09（发布：2026-06-09）,液化气,10公斤装,元/罐,89.43,,,,,兰州市发展和改革委员会主要农副产品价格监测报表,,0.0000,https://fgw.lanzhou.gov.cn/art/2026/6/9/art_3772_1710125.html
兰州市,2026-06-09,2026-06-09（发布：2026-06-09）,油菜,新鲜一级,元/500克,3.00,,,,,兰州市发展和改革委员会主要农副产品价格监测报表,,-0.0228,https://fgw.lanzhou.gov.cn/art/2026/6/9/art_3772_1710125.html
兰州市,2026-06-09,2026-06-09（发布：2026-06-09）,玉米,收购价格,元/500克,1.14,,,,,兰州市发展和改革委员会主要农副产品价格监测报表,,0.0000,https://fgw.lanzhou.gov.cn/art/2026/6/9/art_3772_1710125.html
兰州市,2026-06-09,2026-06-09（发布：2026-06-09）,玉米,销售价格,元/500克,1.21,,,,,兰州市发展和改革委员会主要农副产品价格监测报表,,0.0000,https://fgw.lanzhou.gov.cn/art/2026/6/9/art_3772_1710125.html
兰州市,2026-06-12,2026-06-12（发布：2026-06-12）,白醋,瓶,元/500ml,6.67,,,,,兰州市发展和改革委员会主要农副产品价格监测报表,,0.0000,https://fgw.lanzhou.gov.cn/art/2026/6/12/art_3772_1711136.html
兰州市,2026-06-12,2026-06-12（发布：2026-06-12）,白萝卜,新鲜一级,元/500克,2.00,,,,,兰州市发展和改革委员会主要农副产品价格监测报表,,0.0000,https://fgw.lanzhou.gov.cn/art/2026/6/12/art_3772_1711136.html
兰州市,2026-06-12,2026-06-12（发布：2026-06-12）,菜花,新鲜一级,元/500克,3.33,,,,,兰州市发展和改革委员会主要农副产品价格监测报表,,0.0000,https://fgw.lanzhou.gov.cn/art/2026/6/12/art_3772_1711136.html
兰州市,2026-06-12,2026-06-12（发布：2026-06-12）,菜籽油,桶装一级浸出,元/5升,86.44,,,,,兰州市发展和改革委员会主要农副产品价格监测报表,,0.0000,https://fgw.lanzhou.gov.cn/art/2026/6/12/art_3772_1711136.html
兰州市,2026-06-12,2026-06-12（发布：2026-06-12）,草鱼,活1000克左右一条,元/500克,9.29,,,,,兰州市发展和改革委员会主要农副产品价格监测报表,,0.0164,https://fgw.lanzhou.gov.cn/art/2026/6/12/art_3772_1711136.html
兰州市,2026-06-12,2026-06-12（发布：2026-06-12）,大白菜,新鲜一级,元/500克,1.79,,,,,兰州市发展和改革委员会主要农副产品价格监测报表,,0.0000,https://fgw.lanzhou.gov.cn/art/2026/6/12/art_3772_1711136.html
兰州市,2026-06-12,2026-06-12（发布：2026-06-12）,带鱼,冻250克左右一条,元/500克,18.86,,,,,兰州市发展和改革委员会主要农副产品价格监测报表,,0.0000,https://fgw.lanzhou.gov.cn/art/2026/6/12/art_3772_1711136.html
兰州市,2026-06-12,2026-06-12（发布：2026-06-12）,豆腐,新鲜一级,元/500克,3.21,,,,,兰州市发展和改革委员会主要农副产品价格监测报表,,0.0000,https://fgw.lanzhou.gov.cn/art/2026/6/12/art_3772_1711136.html
兰州市,2026-06-12,2026-06-12（发布：2026-06-12）,番瓜,新鲜一级,元/500克,2.36,,,,,兰州市发展和改革委员会主要农副产品价格监测报表,,-0.0560,https://fgw.lanzhou.gov.cn/art/2026/6/12/art_3772_1711136.html
兰州市,2026-06-12,2026-06-12（发布：2026-06-12）,方便面,袋,元/120克,2.66,,,,,兰州市发展和改革委员会主要农副产品价格监测报表,,0.0000,https://fgw.lanzhou.gov.cn/art/2026/6/12/art_3772_1711136.html
兰州市,2026-06-12,2026-06-12（发布：2026-06-12）,富强粉,特一粉,元/500克,2.40,,,,,兰州市发展和改革委员会主要农副产品价格监测报表,,0.0000,https://fgw.lanzhou.gov.cn/art/2026/6/12/art_3772_1711136.html
兰州市,2026-06-12,2026-06-12（发布：2026-06-12）,胡萝卜,新鲜一级,元/500克,2.43,,,,,兰州市发展和改革委员会主要农副产品价格监测报表,,0.0000,https://fgw.lanzhou.gov.cn/art/2026/6/12/art_3772_1711136.html
兰州市,2026-06-12,2026-06-12（发布：2026-06-12）,花生油,桶装一级压榨,元/5升,152.44,,,,,兰州市发展和改革委员会主要农副产品价格监测报表,,0.0000,https://fgw.lanzhou.gov.cn/art/2026/6/12/art_3772_1711136.html
兰州市,2026-06-12,2026-06-12（发布：2026-06-12）,黄瓜,新鲜一级,元/500克,2.79,,,,,兰州市发展和改革委员会主要农副产品价格监测报表,,0.0568,https://fgw.lanzhou.gov.cn/art/2026/6/12/art_3772_1711136.html
兰州市,2026-06-12,2026-06-12（发布：2026-06-12）,鸡蛋,新鲜完整,元/500克,6.01,,,,,兰州市发展和改革委员会主要农副产品价格监测报表,,0.0169,https://fgw.lanzhou.gov.cn/art/2026/6/12/art_3772_1711136.html
兰州市,2026-06-12,2026-06-12（发布：2026-06-12）,鸡肉,白条鸡,元/500克,14.57,,,,,兰州市发展和改革委员会主要农副产品价格监测报表,,0.0000,https://fgw.lanzhou.gov.cn/art/2026/6/12/art_3772_1711136.html
兰州市,2026-06-12,2026-06-12（发布：2026-06-12）,鲫鱼,活350克左右一条,元/500克,12.14,,,,,兰州市发展和改革委员会主要农副产品价格监测报表,,0.0000,https://fgw.lanzhou.gov.cn/art/2026/6/12/art_3772_1711136.html
兰州市,2026-06-12,2026-06-12（发布：2026-06-12）,茄子,新鲜一级,元/500克,3.86,,,,,兰州市发展和改革委员会主要农副产品价格监测报表,,-0.0350,https://fgw.lanzhou.gov.cn/art/2026/6/12/art_3772_1711136.html
兰州市,2026-06-12,2026-06-12（发布：2026-06-12）,尖椒,新鲜一级,元/500克,4.14,,,,,兰州市发展和改革委员会主要农副产品价格监测报表,,-0.0350,https://fgw.lanzhou.gov.cn/art/2026/6/12/art_3772_1711136.html
兰州市,2026-06-12,2026-06-12（发布：2026-06-12）,豇豆,新鲜一级,元/500克,6.36,,,,,兰州市发展和改革委员会主要农副产品价格监测报表,,-0.0215,https://fgw.lanzhou.gov.cn/art/2026/6/12/art_3772_1711136.html
兰州市,2026-06-12,2026-06-12（发布：2026-06-12）,粳米,标一,元/500克,3.89,,,,,兰州市发展和改革委员会主要农副产品价格监测报表,,0.0000,https://fgw.lanzhou.gov.cn/art/2026/6/12/art_3772_1711136.html
兰州市,2026-06-12,2026-06-12（发布：2026-06-12）,韭菜,新鲜一级,元/500克,3.71,,,,,兰州市发展和改革委员会主要农副产品价格监测报表,,0.0000,https://fgw.lanzhou.gov.cn/art/2026/6/12/art_3772_1711136.html
兰州市,2026-06-12,2026-06-12（发布：2026-06-12）,鲤鱼,活500克左右一条,元/500克,8.43,,,,,兰州市发展和改革委员会主要农副产品价格监测报表,,0.0000,https://fgw.lanzhou.gov.cn/art/2026/6/12/art_3772_1711136.html
兰州市,2026-06-12,2026-06-12（发布：2026-06-12）,莲花菜,新鲜一级,元/500克,2.17,,,,,兰州市发展和改革委员会主要农副产品价格监测报表,,0.0000,https://fgw.lanzhou.gov.cn/art/2026/6/12/art_3772_1711136.html
兰州市,2026-06-12,2026-06-12（发布：2026-06-12）,牛奶,当地主销（散装）,元/500克,3.79,,,,,兰州市发展和改革委员会主要农副产品价格监测报表,,0.0000,https://fgw.lanzhou.gov.cn/art/2026/6/12/art_3772_1711136.html
兰州市,2026-06-12,2026-06-12（发布：2026-06-12）,牛奶,蒙牛220ml,元/袋,2.65,,,,,兰州市发展和改革委员会主要农副产品价格监测报表,,0.0000,https://fgw.lanzhou.gov.cn/art/2026/6/12/art_3772_1711136.html
兰州市,2026-06-12,2026-06-12（发布：2026-06-12）,芹菜,新鲜一级,元/500克,3.36,,,,,兰州市发展和改革委员会主要农副产品价格监测报表,,0.0000,https://fgw.lanzhou.gov.cn/art/2026/6/12/art_3772_1711136.html
兰州市,2026-06-12,2026-06-12（发布：2026-06-12）,青椒,新鲜一级,元/500克,4.50,,,,,兰州市发展和改革委员会主要农副产品价格监测报表,,0.0000,https://fgw.lanzhou.gov.cn/art/2026/6/12/art_3772_1711136.html
兰州市,2026-06-12,2026-06-12（发布：2026-06-12）,青笋,新鲜一级,元/500克,3.00,,,,,兰州市发展和改革委员会主要农副产品价格监测报表,,0.0000,https://fgw.lanzhou.gov.cn/art/2026/6/12/art_3772_1711136.html
兰州市,2026-06-12,2026-06-12（发布：2026-06-12）,食用盐,袋,元/320克,2.00,,,,,兰州市发展和改革委员会主要农副产品价格监测报表,,0.0000,https://fgw.lanzhou.gov.cn/art/2026/6/12/art_3772_1711136.html
兰州市,2026-06-12,2026-06-12（发布：2026-06-12）,蒜薹,新鲜一级,元/500克,6.64,,,,,兰州市发展和改革委员会主要农副产品价格监测报表,,0.0000,https://fgw.lanzhou.gov.cn/art/2026/6/12/art_3772_1711136.html
兰州市,2026-06-12,2026-06-12（发布：2026-06-12）,土豆,新鲜一级,元/500克,1.86,,,,,兰州市发展和改革委员会主要农副产品价格监测报表,,-0.0211,https://fgw.lanzhou.gov.cn/art/2026/6/12/art_3772_1711136.html
兰州市,2026-06-12,2026-06-12（发布：2026-06-12）,西红柿,新鲜一级,元/500克,3.07,,,,,兰州市发展和改革委员会主要农副产品价格监测报表,,-0.0436,https://fgw.lanzhou.gov.cn/art/2026/6/12/art_3772_1711136.html
兰州市,2026-06-12,2026-06-12（发布：2026-06-12）,鲜牛肉,新鲜统货,元/500克,32.86,,,,,兰州市发展和改革委员会主要农副产品价格监测报表,,0.0000,https://fgw.lanzhou.gov.cn/art/2026/6/12/art_3772_1711136.html
兰州市,2026-06-12,2026-06-12（发布：2026-06-12）,鲜羊肉,新鲜统货,元/500克,32.86,,,,,兰州市发展和改革委员会主要农副产品价格监测报表,,0.0000,https://fgw.lanzhou.gov.cn/art/2026/6/12/art_3772_1711136.html
兰州市,2026-06-12,2026-06-12（发布：2026-06-12）,鲜猪肉,精瘦肉,元/500克,10.86,,,,,兰州市发展和改革委员会主要农副产品价格监测报表,,-0.0127,https://fgw.lanzhou.gov.cn/art/2026/6/12/art_3772_1711136.html
兰州市,2026-06-12,2026-06-12（发布：2026-06-12）,鲜猪肉,新鲜剔骨五花肉,元/500克,10.43,,,,,兰州市发展和改革委员会主要农副产品价格监测报表,,0.0000,https://fgw.lanzhou.gov.cn/art/2026/6/12/art_3772_1711136.html
兰州市,2026-06-12,2026-06-12（发布：2026-06-12）,小麦,收购价格,元/500克,1.44,,,,,兰州市发展和改革委员会主要农副产品价格监测报表,,0.0000,https://fgw.lanzhou.gov.cn/art/2026/6/12/art_3772_1711136.html
兰州市,2026-06-12,2026-06-12（发布：2026-06-12）,小麦,销售价格,元/500克,1.51,,,,,兰州市发展和改革委员会主要农副产品价格监测报表,,0.0000,https://fgw.lanzhou.gov.cn/art/2026/6/12/art_3772_1711136.html
兰州市,2026-06-12,2026-06-12（发布：2026-06-12）,洋葱,新鲜一级,元/500克,1.86,,,,,兰州市发展和改革委员会主要农副产品价格监测报表,,0.0000,https://fgw.lanzhou.gov.cn/art/2026/6/12/art_3772_1711136.html
兰州市,2026-06-12,2026-06-12（发布：2026-06-12）,液化气,10公斤装,元/罐,89.43,,,,,兰州市发展和改革委员会主要农副产品价格监测报表,,0.0000,https://fgw.lanzhou.gov.cn/art/2026/6/12/art_3772_1711136.html
兰州市,2026-06-12,2026-06-12（发布：2026-06-12）,油菜,新鲜一级,元/500克,3.00,,,,,兰州市发展和改革委员会主要农副产品价格监测报表,,0.0000,https://fgw.lanzhou.gov.cn/art/2026/6/12/art_3772_1711136.html
兰州市,2026-06-12,2026-06-12（发布：2026-06-12）,玉米,收购价格,元/500克,1.14,,,,,兰州市发展和改革委员会主要农副产品价格监测报表,,0.0000,https://fgw.lanzhou.gov.cn/art/2026/6/12/art_3772_1711136.html
兰州市,2026-06-12,2026-06-12（发布：2026-06-12）,玉米,销售价格,元/500克,1.21,,,,,兰州市发展和改革委员会主要农副产品价格监测报表,,0.0000,https://fgw.lanzhou.gov.cn/art/2026/6/12/art_3772_1711136.html
兰州市,2026-06-16,2026-06-16（发布：2026-06-16）,白醋,瓶,元/500ml,6.67,,,,,兰州市发展和改革委员会主要农副产品价格监测报表,,0.0000,https://fgw.lanzhou.gov.cn/art/2026/6/16/art_3772_1711834.html
兰州市,2026-06-16,2026-06-16（发布：2026-06-16）,白萝卜,新鲜一级,元/500克,2.00,,,,,兰州市发展和改革委员会主要农副产品价格监测报表,,0.0000,https://fgw.lanzhou.gov.cn/art/2026/6/16/art_3772_1711834.html
兰州市,2026-06-16,2026-06-16（发布：2026-06-16）,菜花,新鲜一级,元/500克,3.33,,,,,兰州市发展和改革委员会主要农副产品价格监测报表,,0.0000,https://fgw.lanzhou.gov.cn/art/2026/6/16/art_3772_1711834.html
兰州市,2026-06-16,2026-06-16（发布：2026-06-16）,菜籽油,桶装一级浸出,元/5升,86.44,,,,,兰州市发展和改革委员会主要农副产品价格监测报表,,0.0000,https://fgw.lanzhou.gov.cn/art/2026/6/16/art_3772_1711834.html
兰州市,2026-06-16,2026-06-16（发布：2026-06-16）,草鱼,活1000克左右一条,元/500克,9.29,,,,,兰州市发展和改革委员会主要农副产品价格监测报表,,0.0000,https://fgw.lanzhou.gov.cn/art/2026/6/16/art_3772_1711834.html
兰州市,2026-06-16,2026-06-16（发布：2026-06-16）,大白菜,新鲜一级,元/500克,1.86,,,,,兰州市发展和改革委员会主要农副产品价格监测报表,,0.0391,https://fgw.lanzhou.gov.cn/art/2026/6/16/art_3772_1711834.html
兰州市,2026-06-16,2026-06-16（发布：2026-06-16）,带鱼,冻250克左右一条,元/500克,18.86,,,,,兰州市发展和改革委员会主要农副产品价格监测报表,,0.0000,https://fgw.lanzhou.gov.cn/art/2026/6/16/art_3772_1711834.html
兰州市,2026-06-16,2026-06-16（发布：2026-06-16）,豆腐,新鲜一级,元/500克,3.21,,,,,兰州市发展和改革委员会主要农副产品价格监测报表,,0.0000,https://fgw.lanzhou.gov.cn/art/2026/6/16/art_3772_1711834.html
兰州市,2026-06-16,2026-06-16（发布：2026-06-16）,番瓜,新鲜一级,元/500克,2.36,,,,,兰州市发展和改革委员会主要农副产品价格监测报表,,0.0000,https://fgw.lanzhou.gov.cn/art/2026/6/16/art_3772_1711834.html
兰州市,2026-06-16,2026-06-16（发布：2026-06-16）,方便面,袋,元/120克,2.66,,,,,兰州市发展和改革委员会主要农副产品价格监测报表,,0.0000,https://fgw.lanzhou.gov.cn/art/2026/6/16/art_3772_1711834.html
兰州市,2026-06-16,2026-06-16（发布：2026-06-16）,富强粉,特一粉,元/500克,2.40,,,,,兰州市发展和改革委员会主要农副产品价格监测报表,,0.0000,https://fgw.lanzhou.gov.cn/art/2026/6/16/art_3772_1711834.html
兰州市,2026-06-16,2026-06-16（发布：2026-06-16）,胡萝卜,新鲜一级,元/500克,2.43,,,,,兰州市发展和改革委员会主要农副产品价格监测报表,,0.0000,https://fgw.lanzhou.gov.cn/art/2026/6/16/art_3772_1711834.html
兰州市,2026-06-16,2026-06-16（发布：2026-06-16）,花生油,桶装一级压榨,元/5升,152.44,,,,,兰州市发展和改革委员会主要农副产品价格监测报表,,0.0000,https://fgw.lanzhou.gov.cn/art/2026/6/16/art_3772_1711834.html
兰州市,2026-06-16,2026-06-16（发布：2026-06-16）,黄瓜,新鲜一级,元/500克,2.79,,,,,兰州市发展和改革委员会主要农副产品价格监测报表,,0.0000,https://fgw.lanzhou.gov.cn/art/2026/6/16/art_3772_1711834.html
兰州市,2026-06-16,2026-06-16（发布：2026-06-16）,鸡蛋,新鲜完整,元/500克,6.06,,,,,兰州市发展和改革委员会主要农副产品价格监测报表,,0.0083,https://fgw.lanzhou.gov.cn/art/2026/6/16/art_3772_1711834.html
兰州市,2026-06-16,2026-06-16（发布：2026-06-16）,鸡肉,白条鸡,元/500克,14.57,,,,,兰州市发展和改革委员会主要农副产品价格监测报表,,0.0000,https://fgw.lanzhou.gov.cn/art/2026/6/16/art_3772_1711834.html
兰州市,2026-06-16,2026-06-16（发布：2026-06-16）,鲫鱼,活350克左右一条,元/500克,12.14,,,,,兰州市发展和改革委员会主要农副产品价格监测报表,,0.0000,https://fgw.lanzhou.gov.cn/art/2026/6/16/art_3772_1711834.html
兰州市,2026-06-16,2026-06-16（发布：2026-06-16）,茄子,新鲜一级,元/500克,3.79,,,,,兰州市发展和改革委员会主要农副产品价格监测报表,,-0.0181,https://fgw.lanzhou.gov.cn/art/2026/6/16/art_3772_1711834.html
兰州市,2026-06-16,2026-06-16（发布：2026-06-16）,尖椒,新鲜一级,元/500克,4.14,,,,,兰州市发展和改革委员会主要农副产品价格监测报表,,0.0000,https://fgw.lanzhou.gov.cn/art/2026/6/16/art_3772_1711834.html
兰州市,2026-06-16,2026-06-16（发布：2026-06-16）,豇豆,新鲜一级,元/500克,6.50,,,,,兰州市发展和改革委员会主要农副产品价格监测报表,,0.0220,https://fgw.lanzhou.gov.cn/art/2026/6/16/art_3772_1711834.html
兰州市,2026-06-16,2026-06-16（发布：2026-06-16）,粳米,标一,元/500克,3.89,,,,,兰州市发展和改革委员会主要农副产品价格监测报表,,0.0000,https://fgw.lanzhou.gov.cn/art/2026/6/16/art_3772_1711834.html
兰州市,2026-06-16,2026-06-16（发布：2026-06-16）,韭菜,新鲜一级,元/500克,3.71,,,,,兰州市发展和改革委员会主要农副产品价格监测报表,,0.0000,https://fgw.lanzhou.gov.cn/art/2026/6/16/art_3772_1711834.html
兰州市,2026-06-16,2026-06-16（发布：2026-06-16）,鲤鱼,活500克左右一条,元/500克,8.43,,,,,兰州市发展和改革委员会主要农副产品价格监测报表,,0.0000,https://fgw.lanzhou.gov.cn/art/2026/6/16/art_3772_1711834.html
兰州市,2026-06-16,2026-06-16（发布：2026-06-16）,莲花菜,新鲜一级,元/500克,2.17,,,,,兰州市发展和改革委员会主要农副产品价格监测报表,,0.0000,https://fgw.lanzhou.gov.cn/art/2026/6/16/art_3772_1711834.html
兰州市,2026-06-16,2026-06-16（发布：2026-06-16）,牛奶,当地主销（散装）,元/500克,3.79,,,,,兰州市发展和改革委员会主要农副产品价格监测报表,,0.0000,https://fgw.lanzhou.gov.cn/art/2026/6/16/art_3772_1711834.html
兰州市,2026-06-16,2026-06-16（发布：2026-06-16）,牛奶,蒙牛220ml,元/袋,2.65,,,,,兰州市发展和改革委员会主要农副产品价格监测报表,,0.0000,https://fgw.lanzhou.gov.cn/art/2026/6/16/art_3772_1711834.html
兰州市,2026-06-16,2026-06-16（发布：2026-06-16）,芹菜,新鲜一级,元/500克,3.36,,,,,兰州市发展和改革委员会主要农副产品价格监测报表,,0.0000,https://fgw.lanzhou.gov.cn/art/2026/6/16/art_3772_1711834.html
兰州市,2026-06-16,2026-06-16（发布：2026-06-16）,青椒,新鲜一级,元/500克,4.50,,,,,兰州市发展和改革委员会主要农副产品价格监测报表,,0.0000,https://fgw.lanzhou.gov.cn/art/2026/6/16/art_3772_1711834.html
兰州市,2026-06-16,2026-06-16（发布：2026-06-16）,青笋,新鲜一级,元/500克,3.00,,,,,兰州市发展和改革委员会主要农副产品价格监测报表,,0.0000,https://fgw.lanzhou.gov.cn/art/2026/6/16/art_3772_1711834.html
兰州市,2026-06-16,2026-06-16（发布：2026-06-16）,食用盐,袋,元/320克,2.00,,,,,兰州市发展和改革委员会主要农副产品价格监测报表,,0.0000,https://fgw.lanzhou.gov.cn/art/2026/6/16/art_3772_1711834.html
兰州市,2026-06-16,2026-06-16（发布：2026-06-16）,蒜薹,新鲜一级,元/500克,6.64,,,,,兰州市发展和改革委员会主要农副产品价格监测报表,,0.0000,https://fgw.lanzhou.gov.cn/art/2026/6/16/art_3772_1711834.html
兰州市,2026-06-16,2026-06-16（发布：2026-06-16）,土豆,新鲜一级,元/500克,1.83,,,,,兰州市发展和改革委员会主要农副产品价格监测报表,,-0.0161,https://fgw.lanzhou.gov.cn/art/2026/6/16/art_3772_1711834.html
兰州市,2026-06-16,2026-06-16（发布：2026-06-16）,西红柿,新鲜一级,元/500克,3.07,,,,,兰州市发展和改革委员会主要农副产品价格监测报表,,0.0000,https://fgw.lanzhou.gov.cn/art/2026/6/16/art_3772_1711834.html
兰州市,2026-06-16,2026-06-16（发布：2026-06-16）,鲜牛肉,新鲜统货,元/500克,32.86,,,,,兰州市发展和改革委员会主要农副产品价格监测报表,,0.0000,https://fgw.lanzhou.gov.cn/art/2026/6/16/art_3772_1711834.html
兰州市,2026-06-16,2026-06-16（发布：2026-06-16）,鲜羊肉,新鲜统货,元/500克,32.86,,,,,兰州市发展和改革委员会主要农副产品价格监测报表,,0.0000,https://fgw.lanzhou.gov.cn/art/2026/6/16/art_3772_1711834.html
兰州市,2026-06-16,2026-06-16（发布：2026-06-16）,鲜猪肉,精瘦肉,元/500克,10.86,,,,,兰州市发展和改革委员会主要农副产品价格监测报表,,0.0000,https://fgw.lanzhou.gov.cn/art/2026/6/16/art_3772_1711834.html
兰州市,2026-06-16,2026-06-16（发布：2026-06-16）,鲜猪肉,新鲜剔骨五花肉,元/500克,10.43,,,,,兰州市发展和改革委员会主要农副产品价格监测报表,,0.0000,https://fgw.lanzhou.gov.cn/art/2026/6/16/art_3772_1711834.html
兰州市,2026-06-16,2026-06-16（发布：2026-06-16）,小麦,收购价格,元/500克,1.44,,,,,兰州市发展和改革委员会主要农副产品价格监测报表,,0.0000,https://fgw.lanzhou.gov.cn/art/2026/6/16/art_3772_1711834.html
兰州市,2026-06-16,2026-06-16（发布：2026-06-16）,小麦,销售价格,元/500克,1.51,,,,,兰州市发展和改革委员会主要农副产品价格监测报表,,0.0000,https://fgw.lanzhou.gov.cn/art/2026/6/16/art_3772_1711834.html
兰州市,2026-06-16,2026-06-16（发布：2026-06-16）,洋葱,新鲜一级,元/500克,1.86,,,,,兰州市发展和改革委员会主要农副产品价格监测报表,,0.0000,https://fgw.lanzhou.gov.cn/art/2026/6/16/art_3772_1711834.html
兰州市,2026-06-16,2026-06-16（发布：2026-06-16）,液化气,10公斤装,元/罐,89.43,,,,,兰州市发展和改革委员会主要农副产品价格监测报表,,0.0000,https://fgw.lanzhou.gov.cn/art/2026/6/16/art_3772_1711834.html
兰州市,2026-06-16,2026-06-16（发布：2026-06-16）,油菜,新鲜一级,元/500克,3.00,,,,,兰州市发展和改革委员会主要农副产品价格监测报表,,0.0000,https://fgw.lanzhou.gov.cn/art/2026/6/16/art_3772_1711834.html
兰州市,2026-06-16,2026-06-16（发布：2026-06-16）,玉米,收购价格,元/500克,1.14,,,,,兰州市发展和改革委员会主要农副产品价格监测报表,,0.0000,https://fgw.lanzhou.gov.cn/art/2026/6/16/art_3772_1711834.html
兰州市,2026-06-16,2026-06-16（发布：2026-06-16）,玉米,销售价格,元/500克,1.21,,,,,兰州市发展和改革委员会主要农副产品价格监测报表,,0.0000,https://fgw.lanzhou.gov.cn/art/2026/6/16/art_3772_1711834.html
兰州市,2026-06-19,2026-06-19（发布：2026-06-19）,白醋,瓶,元/500ml,6.67,,,,,兰州市发展和改革委员会主要农副产品价格监测报表,,0.0000,https://fgw.lanzhou.gov.cn/art/2026/6/19/art_3772_1712759.html
兰州市,2026-06-19,2026-06-19（发布：2026-06-19）,白萝卜,新鲜一级,元/500克,2.00,,,,,兰州市发展和改革委员会主要农副产品价格监测报表,,0.0000,https://fgw.lanzhou.gov.cn/art/2026/6/19/art_3772_1712759.html
兰州市,2026-06-19,2026-06-19（发布：2026-06-19）,菜花,新鲜一级,元/500克,3.33,,,,,兰州市发展和改革委员会主要农副产品价格监测报表,,0.0000,https://fgw.lanzhou.gov.cn/art/2026/6/19/art_3772_1712759.html
兰州市,2026-06-19,2026-06-19（发布：2026-06-19）,菜籽油,桶装一级浸出,元/5升,86.44,,,,,兰州市发展和改革委员会主要农副产品价格监测报表,,0.0000,https://fgw.lanzhou.gov.cn/art/2026/6/19/art_3772_1712759.html
兰州市,2026-06-19,2026-06-19（发布：2026-06-19）,草鱼,活1000克左右一条,元/500克,9.14,,,,,兰州市发展和改革委员会主要农副产品价格监测报表,,-0.0161,https://fgw.lanzhou.gov.cn/art/2026/6/19/art_3772_1712759.html
兰州市,2026-06-19,2026-06-19（发布：2026-06-19）,大白菜,新鲜一级,元/500克,1.79,,,,,兰州市发展和改革委员会主要农副产品价格监测报表,,-0.0376,https://fgw.lanzhou.gov.cn/art/2026/6/19/art_3772_1712759.html
兰州市,2026-06-19,2026-06-19（发布：2026-06-19）,带鱼,冻250克左右一条,元/500克,18.86,,,,,兰州市发展和改革委员会主要农副产品价格监测报表,,0.0000,https://fgw.lanzhou.gov.cn/art/2026/6/19/art_3772_1712759.html
兰州市,2026-06-19,2026-06-19（发布：2026-06-19）,豆腐,新鲜一级,元/500克,3.21,,,,,兰州市发展和改革委员会主要农副产品价格监测报表,,0.0000,https://fgw.lanzhou.gov.cn/art/2026/6/19/art_3772_1712759.html
兰州市,2026-06-19,2026-06-19（发布：2026-06-19）,番瓜,新鲜一级,元/500克,2.36,,,,,兰州市发展和改革委员会主要农副产品价格监测报表,,0.0000,https://fgw.lanzhou.gov.cn/art/2026/6/19/art_3772_1712759.html
兰州市,2026-06-19,2026-06-19（发布：2026-06-19）,方便面,袋,元/120克,2.66,,,,,兰州市发展和改革委员会主要农副产品价格监测报表,,0.0000,https://fgw.lanzhou.gov.cn/art/2026/6/19/art_3772_1712759.html
兰州市,2026-06-19,2026-06-19（发布：2026-06-19）,富强粉,特一粉,元/500克,2.40,,,,,兰州市发展和改革委员会主要农副产品价格监测报表,,0.0000,https://fgw.lanzhou.gov.cn/art/2026/6/19/art_3772_1712759.html
兰州市,2026-06-19,2026-06-19（发布：2026-06-19）,胡萝卜,新鲜一级,元/500克,2.43,,,,,兰州市发展和改革委员会主要农副产品价格监测报表,,0.0000,https://fgw.lanzhou.gov.cn/art/2026/6/19/art_3772_1712759.html
兰州市,2026-06-19,2026-06-19（发布：2026-06-19）,花生油,桶装一级压榨,元/5升,152.44,,,,,兰州市发展和改革委员会主要农副产品价格监测报表,,0.0000,https://fgw.lanzhou.gov.cn/art/2026/6/19/art_3772_1712759.html
兰州市,2026-06-19,2026-06-19（发布：2026-06-19）,黄瓜,新鲜一级,元/500克,2.76,,,,,兰州市发展和改革委员会主要农副产品价格监测报表,,-0.0108,https://fgw.lanzhou.gov.cn/art/2026/6/19/art_3772_1712759.html
兰州市,2026-06-19,2026-06-19（发布：2026-06-19）,鸡蛋,新鲜完整,元/500克,6.04,,,,,兰州市发展和改革委员会主要农副产品价格监测报表,,-0.0033,https://fgw.lanzhou.gov.cn/art/2026/6/19/art_3772_1712759.html
兰州市,2026-06-19,2026-06-19（发布：2026-06-19）,鸡肉,白条鸡,元/500克,14.57,,,,,兰州市发展和改革委员会主要农副产品价格监测报表,,0.0000,https://fgw.lanzhou.gov.cn/art/2026/6/19/art_3772_1712759.html
兰州市,2026-06-19,2026-06-19（发布：2026-06-19）,鲫鱼,活350克左右一条,元/500克,12.14,,,,,兰州市发展和改革委员会主要农副产品价格监测报表,,0.0000,https://fgw.lanzhou.gov.cn/art/2026/6/19/art_3772_1712759.html
兰州市,2026-06-19,2026-06-19（发布：2026-06-19）,茄子,新鲜一级,元/500克,3.71,,,,,兰州市发展和改革委员会主要农副产品价格监测报表,,-0.0211,https://fgw.lanzhou.gov.cn/art/2026/6/19/art_3772_1712759.html
兰州市,2026-06-19,2026-06-19（发布：2026-06-19）,尖椒,新鲜一级,元/500克,4.00,,,,,兰州市发展和改革委员会主要农副产品价格监测报表,,-0.0338,https://fgw.lanzhou.gov.cn/art/2026/6/19/art_3772_1712759.html
兰州市,2026-06-19,2026-06-19（发布：2026-06-19）,豇豆,新鲜一级,元/500克,6.50,,,,,兰州市发展和改革委员会主要农副产品价格监测报表,,0.0000,https://fgw.lanzhou.gov.cn/art/2026/6/19/art_3772_1712759.html
兰州市,2026-06-19,2026-06-19（发布：2026-06-19）,粳米,标一,元/500克,3.89,,,,,兰州市发展和改革委员会主要农副产品价格监测报表,,0.0000,https://fgw.lanzhou.gov.cn/art/2026/6/19/art_3772_1712759.html
兰州市,2026-06-19,2026-06-19（发布：2026-06-19）,韭菜,新鲜一级,元/500克,3.71,,,,,兰州市发展和改革委员会主要农副产品价格监测报表,,0.0000,https://fgw.lanzhou.gov.cn/art/2026/6/19/art_3772_1712759.html
兰州市,2026-06-19,2026-06-19（发布：2026-06-19）,鲤鱼,活500克左右一条,元/500克,8.43,,,,,兰州市发展和改革委员会主要农副产品价格监测报表,,0.0000,https://fgw.lanzhou.gov.cn/art/2026/6/19/art_3772_1712759.html
兰州市,2026-06-19,2026-06-19（发布：2026-06-19）,莲花菜,新鲜一级,元/500克,2.10,,,,,兰州市发展和改革委员会主要农副产品价格监测报表,,-0.0323,https://fgw.lanzhou.gov.cn/art/2026/6/19/art_3772_1712759.html
兰州市,2026-06-19,2026-06-19（发布：2026-06-19）,牛奶,当地主销（散装）,元/500克,3.79,,,,,兰州市发展和改革委员会主要农副产品价格监测报表,,0.0000,https://fgw.lanzhou.gov.cn/art/2026/6/19/art_3772_1712759.html
兰州市,2026-06-19,2026-06-19（发布：2026-06-19）,牛奶,蒙牛220ml,元/袋,2.65,,,,,兰州市发展和改革委员会主要农副产品价格监测报表,,0.0000,https://fgw.lanzhou.gov.cn/art/2026/6/19/art_3772_1712759.html
兰州市,2026-06-19,2026-06-19（发布：2026-06-19）,芹菜,新鲜一级,元/500克,3.36,,,,,兰州市发展和改革委员会主要农副产品价格监测报表,,0.0000,https://fgw.lanzhou.gov.cn/art/2026/6/19/art_3772_1712759.html
兰州市,2026-06-19,2026-06-19（发布：2026-06-19）,青椒,新鲜一级,元/500克,4.14,,,,,兰州市发展和改革委员会主要农副产品价格监测报表,,-0.0800,https://fgw.lanzhou.gov.cn/art/2026/6/19/art_3772_1712759.html
兰州市,2026-06-19,2026-06-19（发布：2026-06-19）,青笋,新鲜一级,元/500克,3.00,,,,,兰州市发展和改革委员会主要农副产品价格监测报表,,0.0000,https://fgw.lanzhou.gov.cn/art/2026/6/19/art_3772_1712759.html
兰州市,2026-06-19,2026-06-19（发布：2026-06-19）,食用盐,袋,元/320克,2.00,,,,,兰州市发展和改革委员会主要农副产品价格监测报表,,0.0000,https://fgw.lanzhou.gov.cn/art/2026/6/19/art_3772_1712759.html
兰州市,2026-06-19,2026-06-19（发布：2026-06-19）,蒜薹,新鲜一级,元/500克,6.64,,,,,兰州市发展和改革委员会主要农副产品价格监测报表,,0.0000,https://fgw.lanzhou.gov.cn/art/2026/6/19/art_3772_1712759.html
兰州市,2026-06-19,2026-06-19（发布：2026-06-19）,土豆,新鲜一级,元/500克,1.83,,,,,兰州市发展和改革委员会主要农副产品价格监测报表,,0.0000,https://fgw.lanzhou.gov.cn/art/2026/6/19/art_3772_1712759.html
兰州市,2026-06-19,2026-06-19（发布：2026-06-19）,西红柿,新鲜一级,元/500克,3.07,,,,,兰州市发展和改革委员会主要农副产品价格监测报表,,0.0000,https://fgw.lanzhou.gov.cn/art/2026/6/19/art_3772_1712759.html
兰州市,2026-06-19,2026-06-19（发布：2026-06-19）,鲜牛肉,新鲜统货,元/500克,32.86,,,,,兰州市发展和改革委员会主要农副产品价格监测报表,,0.0000,https://fgw.lanzhou.gov.cn/art/2026/6/19/art_3772_1712759.html
兰州市,2026-06-19,2026-06-19（发布：2026-06-19）,鲜羊肉,新鲜统货,元/500克,32.86,,,,,兰州市发展和改革委员会主要农副产品价格监测报表,,0.0000,https://fgw.lanzhou.gov.cn/art/2026/6/19/art_3772_1712759.html
兰州市,2026-06-19,2026-06-19（发布：2026-06-19）,鲜猪肉,精瘦肉,元/500克,10.86,,,,,兰州市发展和改革委员会主要农副产品价格监测报表,,0.0000,https://fgw.lanzhou.gov.cn/art/2026/6/19/art_3772_1712759.html
兰州市,2026-06-19,2026-06-19（发布：2026-06-19）,鲜猪肉,新鲜剔骨五花肉,元/500克,10.43,,,,,兰州市发展和改革委员会主要农副产品价格监测报表,,0.0000,https://fgw.lanzhou.gov.cn/art/2026/6/19/art_3772_1712759.html
兰州市,2026-06-19,2026-06-19（发布：2026-06-19）,小麦,收购价格,元/500克,1.44,,,,,兰州市发展和改革委员会主要农副产品价格监测报表,,0.0000,https://fgw.lanzhou.gov.cn/art/2026/6/19/art_3772_1712759.html
兰州市,2026-06-19,2026-06-19（发布：2026-06-19）,小麦,销售价格,元/500克,1.51,,,,,兰州市发展和改革委员会主要农副产品价格监测报表,,0.0000,https://fgw.lanzhou.gov.cn/art/2026/6/19/art_3772_1712759.html
兰州市,2026-06-19,2026-06-19（发布：2026-06-19）,洋葱,新鲜一级,元/500克,1.86,,,,,兰州市发展和改革委员会主要农副产品价格监测报表,,0.0000,https://fgw.lanzhou.gov.cn/art/2026/6/19/art_3772_1712759.html
兰州市,2026-06-19,2026-06-19（发布：2026-06-19）,液化气,10公斤装,元/罐,89.43,,,,,兰州市发展和改革委员会主要农副产品价格监测报表,,0.0000,https://fgw.lanzhou.gov.cn/art/2026/6/19/art_3772_1712759.html
兰州市,2026-06-19,2026-06-19（发布：2026-06-19）,油菜,新鲜一级,元/500克,3.00,,,,,兰州市发展和改革委员会主要农副产品价格监测报表,,0.0000,https://fgw.lanzhou.gov.cn/art/2026/6/19/art_3772_1712759.html
兰州市,2026-06-19,2026-06-19（发布：2026-06-19）,玉米,收购价格,元/500克,1.14,,,,,兰州市发展和改革委员会主要农副产品价格监测报表,,0.0000,https://fgw.lanzhou.gov.cn/art/2026/6/19/art_3772_1712759.html
兰州市,2026-06-19,2026-06-19（发布：2026-06-19）,玉米,销售价格,元/500克,1.21,,,,,兰州市发展和改革委员会主要农副产品价格监测报表,,0.0000,https://fgw.lanzhou.gov.cn/art/2026/6/19/art_3772_1712759.html
兰州市,2026-06-23,2026-06-23（发布：2026-06-23）,白醋,瓶,元/500ml,6.67,,,,,兰州市发展和改革委员会主要农副产品价格监测报表,,0.0000,https://fgw.lanzhou.gov.cn/art/2026/6/23/art_3772_1713413.html
兰州市,2026-06-23,2026-06-23（发布：2026-06-23）,白萝卜,新鲜一级,元/500克,2.00,,,,,兰州市发展和改革委员会主要农副产品价格监测报表,,0.0000,https://fgw.lanzhou.gov.cn/art/2026/6/23/art_3772_1713413.html
兰州市,2026-06-23,2026-06-23（发布：2026-06-23）,菜花,新鲜一级,元/500克,3.33,,,,,兰州市发展和改革委员会主要农副产品价格监测报表,,0.0000,https://fgw.lanzhou.gov.cn/art/2026/6/23/art_3772_1713413.html
兰州市,2026-06-23,2026-06-23（发布：2026-06-23）,菜籽油,桶装一级浸出,元/5升,86.44,,,,,兰州市发展和改革委员会主要农副产品价格监测报表,,0.0000,https://fgw.lanzhou.gov.cn/art/2026/6/23/art_3772_1713413.html
兰州市,2026-06-23,2026-06-23（发布：2026-06-23）,草鱼,活1000克左右一条,元/500克,9.14,,,,,兰州市发展和改革委员会主要农副产品价格监测报表,,0.0000,https://fgw.lanzhou.gov.cn/art/2026/6/23/art_3772_1713413.html
兰州市,2026-06-23,2026-06-23（发布：2026-06-23）,大白菜,新鲜一级,元/500克,1.79,,,,,兰州市发展和改革委员会主要农副产品价格监测报表,,0.0000,https://fgw.lanzhou.gov.cn/art/2026/6/23/art_3772_1713413.html
兰州市,2026-06-23,2026-06-23（发布：2026-06-23）,带鱼,冻250克左右一条,元/500克,18.86,,,,,兰州市发展和改革委员会主要农副产品价格监测报表,,0.0000,https://fgw.lanzhou.gov.cn/art/2026/6/23/art_3772_1713413.html
兰州市,2026-06-23,2026-06-23（发布：2026-06-23）,豆腐,新鲜一级,元/500克,3.21,,,,,兰州市发展和改革委员会主要农副产品价格监测报表,,0.0000,https://fgw.lanzhou.gov.cn/art/2026/6/23/art_3772_1713413.html
兰州市,2026-06-23,2026-06-23（发布：2026-06-23）,番瓜,新鲜一级,元/500克,2.29,,,,,兰州市发展和改革委员会主要农副产品价格监测报表,,-0.0297,https://fgw.lanzhou.gov.cn/art/2026/6/23/art_3772_1713413.html
兰州市,2026-06-23,2026-06-23（发布：2026-06-23）,方便面,袋,元/120克,2.66,,,,,兰州市发展和改革委员会主要农副产品价格监测报表,,0.0000,https://fgw.lanzhou.gov.cn/art/2026/6/23/art_3772_1713413.html
兰州市,2026-06-23,2026-06-23（发布：2026-06-23）,富强粉,特一粉,元/500克,2.40,,,,,兰州市发展和改革委员会主要农副产品价格监测报表,,0.0000,https://fgw.lanzhou.gov.cn/art/2026/6/23/art_3772_1713413.html
兰州市,2026-06-23,2026-06-23（发布：2026-06-23）,胡萝卜,新鲜一级,元/500克,2.43,,,,,兰州市发展和改革委员会主要农副产品价格监测报表,,0.0000,https://fgw.lanzhou.gov.cn/art/2026/6/23/art_3772_1713413.html
兰州市,2026-06-23,2026-06-23（发布：2026-06-23）,花生油,桶装一级压榨,元/5升,152.44,,,,,兰州市发展和改革委员会主要农副产品价格监测报表,,0.0000,https://fgw.lanzhou.gov.cn/art/2026/6/23/art_3772_1713413.html
兰州市,2026-06-23,2026-06-23（发布：2026-06-23）,黄瓜,新鲜一级,元/500克,2.83,,,,,兰州市发展和改革委员会主要农副产品价格监测报表,,0.0254,https://fgw.lanzhou.gov.cn/art/2026/6/23/art_3772_1713413.html
兰州市,2026-06-23,2026-06-23（发布：2026-06-23）,鸡蛋,新鲜完整,元/500克,6.07,,,,,兰州市发展和改革委员会主要农副产品价格监测报表,,0.0050,https://fgw.lanzhou.gov.cn/art/2026/6/23/art_3772_1713413.html
兰州市,2026-06-23,2026-06-23（发布：2026-06-23）,鸡肉,白条鸡,元/500克,14.57,,,,,兰州市发展和改革委员会主要农副产品价格监测报表,,0.0000,https://fgw.lanzhou.gov.cn/art/2026/6/23/art_3772_1713413.html
兰州市,2026-06-23,2026-06-23（发布：2026-06-23）,鲫鱼,活350克左右一条,元/500克,12.14,,,,,兰州市发展和改革委员会主要农副产品价格监测报表,,0.0000,https://fgw.lanzhou.gov.cn/art/2026/6/23/art_3772_1713413.html
兰州市,2026-06-23,2026-06-23（发布：2026-06-23）,茄子,新鲜一级,元/500克,3.71,,,,,兰州市发展和改革委员会主要农副产品价格监测报表,,0.0000,https://fgw.lanzhou.gov.cn/art/2026/6/23/art_3772_1713413.html
兰州市,2026-06-23,2026-06-23（发布：2026-06-23）,尖椒,新鲜一级,元/500克,4.00,,,,,兰州市发展和改革委员会主要农副产品价格监测报表,,0.0000,https://fgw.lanzhou.gov.cn/art/2026/6/23/art_3772_1713413.html
兰州市,2026-06-23,2026-06-23（发布：2026-06-23）,豇豆,新鲜一级,元/500克,6.21,,,,,兰州市发展和改革委员会主要农副产品价格监测报表,,-0.0446,https://fgw.lanzhou.gov.cn/art/2026/6/23/art_3772_1713413.html
兰州市,2026-06-23,2026-06-23（发布：2026-06-23）,粳米,标一,元/500克,3.89,,,,,兰州市发展和改革委员会主要农副产品价格监测报表,,0.0000,https://fgw.lanzhou.gov.cn/art/2026/6/23/art_3772_1713413.html
兰州市,2026-06-23,2026-06-23（发布：2026-06-23）,韭菜,新鲜一级,元/500克,3.71,,,,,兰州市发展和改革委员会主要农副产品价格监测报表,,0.0000,https://fgw.lanzhou.gov.cn/art/2026/6/23/art_3772_1713413.html
兰州市,2026-06-23,2026-06-23（发布：2026-06-23）,鲤鱼,活500克左右一条,元/500克,8.43,,,,,兰州市发展和改革委员会主要农副产品价格监测报表,,0.0000,https://fgw.lanzhou.gov.cn/art/2026/6/23/art_3772_1713413.html
兰州市,2026-06-23,2026-06-23（发布：2026-06-23）,莲花菜,新鲜一级,元/500克,2.10,,,,,兰州市发展和改革委员会主要农副产品价格监测报表,,0.0000,https://fgw.lanzhou.gov.cn/art/2026/6/23/art_3772_1713413.html
兰州市,2026-06-23,2026-06-23（发布：2026-06-23）,牛奶,当地主销（散装）,元/500克,3.79,,,,,兰州市发展和改革委员会主要农副产品价格监测报表,,0.0000,https://fgw.lanzhou.gov.cn/art/2026/6/23/art_3772_1713413.html
兰州市,2026-06-23,2026-06-23（发布：2026-06-23）,牛奶,蒙牛220ml,元/袋,2.65,,,,,兰州市发展和改革委员会主要农副产品价格监测报表,,0.0000,https://fgw.lanzhou.gov.cn/art/2026/6/23/art_3772_1713413.html
兰州市,2026-06-23,2026-06-23（发布：2026-06-23）,芹菜,新鲜一级,元/500克,3.36,,,,,兰州市发展和改革委员会主要农副产品价格监测报表,,0.0000,https://fgw.lanzhou.gov.cn/art/2026/6/23/art_3772_1713413.html
兰州市,2026-06-23,2026-06-23（发布：2026-06-23）,青椒,新鲜一级,元/500克,4.07,,,,,兰州市发展和改革委员会主要农副产品价格监测报表,,-0.0169,https://fgw.lanzhou.gov.cn/art/2026/6/23/art_3772_1713413.html
兰州市,2026-06-23,2026-06-23（发布：2026-06-23）,青笋,新鲜一级,元/500克,3.00,,,,,兰州市发展和改革委员会主要农副产品价格监测报表,,0.0000,https://fgw.lanzhou.gov.cn/art/2026/6/23/art_3772_1713413.html
兰州市,2026-06-23,2026-06-23（发布：2026-06-23）,食用盐,袋,元/320克,2.00,,,,,兰州市发展和改革委员会主要农副产品价格监测报表,,0.0000,https://fgw.lanzhou.gov.cn/art/2026/6/23/art_3772_1713413.html
兰州市,2026-06-23,2026-06-23（发布：2026-06-23）,蒜薹,新鲜一级,元/500克,6.57,,,,,兰州市发展和改革委员会主要农副产品价格监测报表,,-0.0105,https://fgw.lanzhou.gov.cn/art/2026/6/23/art_3772_1713413.html
兰州市,2026-06-23,2026-06-23（发布：2026-06-23）,土豆,新鲜一级,元/500克,1.83,,,,,兰州市发展和改革委员会主要农副产品价格监测报表,,0.0000,https://fgw.lanzhou.gov.cn/art/2026/6/23/art_3772_1713413.html
兰州市,2026-06-23,2026-06-23（发布：2026-06-23）,西红柿,新鲜一级,元/500克,3.07,,,,,兰州市发展和改革委员会主要农副产品价格监测报表,,0.0000,https://fgw.lanzhou.gov.cn/art/2026/6/23/art_3772_1713413.html
兰州市,2026-06-23,2026-06-23（发布：2026-06-23）,鲜牛肉,新鲜统货,元/500克,32.86,,,,,兰州市发展和改革委员会主要农副产品价格监测报表,,0.0000,https://fgw.lanzhou.gov.cn/art/2026/6/23/art_3772_1713413.html
兰州市,2026-06-23,2026-06-23（发布：2026-06-23）,鲜羊肉,新鲜统货,元/500克,32.86,,,,,兰州市发展和改革委员会主要农副产品价格监测报表,,0.0000,https://fgw.lanzhou.gov.cn/art/2026/6/23/art_3772_1713413.html
兰州市,2026-06-23,2026-06-23（发布：2026-06-23）,鲜猪肉,精瘦肉,元/500克,10.86,,,,,兰州市发展和改革委员会主要农副产品价格监测报表,,0.0000,https://fgw.lanzhou.gov.cn/art/2026/6/23/art_3772_1713413.html
兰州市,2026-06-23,2026-06-23（发布：2026-06-23）,鲜猪肉,新鲜剔骨五花肉,元/500克,10.43,,,,,兰州市发展和改革委员会主要农副产品价格监测报表,,0.0000,https://fgw.lanzhou.gov.cn/art/2026/6/23/art_3772_1713413.html
兰州市,2026-06-23,2026-06-23（发布：2026-06-23）,小麦,收购价格,元/500克,1.44,,,,,兰州市发展和改革委员会主要农副产品价格监测报表,,0.0000,https://fgw.lanzhou.gov.cn/art/2026/6/23/art_3772_1713413.html
兰州市,2026-06-23,2026-06-23（发布：2026-06-23）,小麦,销售价格,元/500克,1.51,,,,,兰州市发展和改革委员会主要农副产品价格监测报表,,0.0000,https://fgw.lanzhou.gov.cn/art/2026/6/23/art_3772_1713413.html
兰州市,2026-06-23,2026-06-23（发布：2026-06-23）,洋葱,新鲜一级,元/500克,1.86,,,,,兰州市发展和改革委员会主要农副产品价格监测报表,,0.0000,https://fgw.lanzhou.gov.cn/art/2026/6/23/art_3772_1713413.html
兰州市,2026-06-23,2026-06-23（发布：2026-06-23）,液化气,10公斤装,元/罐,89.43,,,,,兰州市发展和改革委员会主要农副产品价格监测报表,,0.0000,https://fgw.lanzhou.gov.cn/art/2026/6/23/art_3772_1713413.html
兰州市,2026-06-23,2026-06-23（发布：2026-06-23）,油菜,新鲜一级,元/500克,3.14,,,,,兰州市发展和改革委员会主要农副产品价格监测报表,,0.0467,https://fgw.lanzhou.gov.cn/art/2026/6/23/art_3772_1713413.html
兰州市,2026-06-23,2026-06-23（发布：2026-06-23）,玉米,收购价格,元/500克,1.14,,,,,兰州市发展和改革委员会主要农副产品价格监测报表,,0.0000,https://fgw.lanzhou.gov.cn/art/2026/6/23/art_3772_1713413.html
兰州市,2026-06-23,2026-06-23（发布：2026-06-23）,玉米,销售价格,元/500克,1.21,,,,,兰州市发展和改革委员会主要农副产品价格监测报表,,0.0000,https://fgw.lanzhou.gov.cn/art/2026/6/23/art_3772_1713413.html
兰州市,2026-06-26,2026-06-26（发布：2026-06-26）,白醋,瓶,元/500ml,6.67,,,,,兰州市发展和改革委员会主要农副产品价格监测报表,,0.0000,https://fgw.lanzhou.gov.cn/art/2026/6/26/art_3772_1714581.html
兰州市,2026-06-26,2026-06-26（发布：2026-06-26）,白萝卜,新鲜一级,元/500克,2.00,,,,,兰州市发展和改革委员会主要农副产品价格监测报表,,0.0000,https://fgw.lanzhou.gov.cn/art/2026/6/26/art_3772_1714581.html
兰州市,2026-06-26,2026-06-26（发布：2026-06-26）,菜花,新鲜一级,元/500克,3.33,,,,,兰州市发展和改革委员会主要农副产品价格监测报表,,0.0000,https://fgw.lanzhou.gov.cn/art/2026/6/26/art_3772_1714581.html
兰州市,2026-06-26,2026-06-26（发布：2026-06-26）,菜籽油,桶装一级浸出,元/5升,86.44,,,,,兰州市发展和改革委员会主要农副产品价格监测报表,,0.0000,https://fgw.lanzhou.gov.cn/art/2026/6/26/art_3772_1714581.html
兰州市,2026-06-26,2026-06-26（发布：2026-06-26）,草鱼,活1000克左右一条,元/500克,9.14,,,,,兰州市发展和改革委员会主要农副产品价格监测报表,,0.0000,https://fgw.lanzhou.gov.cn/art/2026/6/26/art_3772_1714581.html
兰州市,2026-06-26,2026-06-26（发布：2026-06-26）,大白菜,新鲜一级,元/500克,1.71,,,,,兰州市发展和改革委员会主要农副产品价格监测报表,,-0.0447,https://fgw.lanzhou.gov.cn/art/2026/6/26/art_3772_1714581.html
兰州市,2026-06-26,2026-06-26（发布：2026-06-26）,带鱼,冻250克左右一条,元/500克,18.86,,,,,兰州市发展和改革委员会主要农副产品价格监测报表,,0.0000,https://fgw.lanzhou.gov.cn/art/2026/6/26/art_3772_1714581.html
兰州市,2026-06-26,2026-06-26（发布：2026-06-26）,豆腐,新鲜一级,元/500克,3.21,,,,,兰州市发展和改革委员会主要农副产品价格监测报表,,0.0000,https://fgw.lanzhou.gov.cn/art/2026/6/26/art_3772_1714581.html
兰州市,2026-06-26,2026-06-26（发布：2026-06-26）,番瓜,新鲜一级,元/500克,2.24,,,,,兰州市发展和改革委员会主要农副产品价格监测报表,,-0.0218,https://fgw.lanzhou.gov.cn/art/2026/6/26/art_3772_1714581.html
兰州市,2026-06-26,2026-06-26（发布：2026-06-26）,方便面,袋,元/120克,2.66,,,,,兰州市发展和改革委员会主要农副产品价格监测报表,,0.0000,https://fgw.lanzhou.gov.cn/art/2026/6/26/art_3772_1714581.html
兰州市,2026-06-26,2026-06-26（发布：2026-06-26）,富强粉,特一粉,元/500克,2.40,,,,,兰州市发展和改革委员会主要农副产品价格监测报表,,0.0000,https://fgw.lanzhou.gov.cn/art/2026/6/26/art_3772_1714581.html
兰州市,2026-06-26,2026-06-26（发布：2026-06-26）,胡萝卜,新鲜一级,元/500克,2.43,,,,,兰州市发展和改革委员会主要农副产品价格监测报表,,0.0000,https://fgw.lanzhou.gov.cn/art/2026/6/26/art_3772_1714581.html
兰州市,2026-06-26,2026-06-26（发布：2026-06-26）,花生油,桶装一级压榨,元/5升,152.44,,,,,兰州市发展和改革委员会主要农副产品价格监测报表,,0.0000,https://fgw.lanzhou.gov.cn/art/2026/6/26/art_3772_1714581.html
兰州市,2026-06-26,2026-06-26（发布：2026-06-26）,黄瓜,新鲜一级,元/500克,2.76,,,,,兰州市发展和改革委员会主要农副产品价格监测报表,,-0.0247,https://fgw.lanzhou.gov.cn/art/2026/6/26/art_3772_1714581.html
兰州市,2026-06-26,2026-06-26（发布：2026-06-26）,鸡蛋,新鲜完整,元/500克,6.01,,,,,兰州市发展和改革委员会主要农副产品价格监测报表,,-0.0099,https://fgw.lanzhou.gov.cn/art/2026/6/26/art_3772_1714581.html
兰州市,2026-06-26,2026-06-26（发布：2026-06-26）,鸡肉,白条鸡,元/500克,14.57,,,,,兰州市发展和改革委员会主要农副产品价格监测报表,,0.0000,https://fgw.lanzhou.gov.cn/art/2026/6/26/art_3772_1714581.html
兰州市,2026-06-26,2026-06-26（发布：2026-06-26）,鲫鱼,活350克左右一条,元/500克,12.14,,,,,兰州市发展和改革委员会主要农副产品价格监测报表,,0.0000,https://fgw.lanzhou.gov.cn/art/2026/6/26/art_3772_1714581.html
兰州市,2026-06-26,2026-06-26（发布：2026-06-26）,茄子,新鲜一级,元/500克,3.71,,,,,兰州市发展和改革委员会主要农副产品价格监测报表,,0.0000,https://fgw.lanzhou.gov.cn/art/2026/6/26/art_3772_1714581.html
兰州市,2026-06-26,2026-06-26（发布：2026-06-26）,尖椒,新鲜一级,元/500克,4.00,,,,,兰州市发展和改革委员会主要农副产品价格监测报表,,0.0000,https://fgw.lanzhou.gov.cn/art/2026/6/26/art_3772_1714581.html
兰州市,2026-06-26,2026-06-26（发布：2026-06-26）,豇豆,新鲜一级,元/500克,5.93,,,,,兰州市发展和改革委员会主要农副产品价格监测报表,,-0.0451,https://fgw.lanzhou.gov.cn/art/2026/6/26/art_3772_1714581.html
兰州市,2026-06-26,2026-06-26（发布：2026-06-26）,粳米,标一,元/500克,3.89,,,,,兰州市发展和改革委员会主要农副产品价格监测报表,,0.0000,https://fgw.lanzhou.gov.cn/art/2026/6/26/art_3772_1714581.html
兰州市,2026-06-26,2026-06-26（发布：2026-06-26）,韭菜,新鲜一级,元/500克,3.71,,,,,兰州市发展和改革委员会主要农副产品价格监测报表,,0.0000,https://fgw.lanzhou.gov.cn/art/2026/6/26/art_3772_1714581.html
兰州市,2026-06-26,2026-06-26（发布：2026-06-26）,鲤鱼,活500克左右一条,元/500克,8.43,,,,,兰州市发展和改革委员会主要农副产品价格监测报表,,0.0000,https://fgw.lanzhou.gov.cn/art/2026/6/26/art_3772_1714581.html
兰州市,2026-06-26,2026-06-26（发布：2026-06-26）,莲花菜,新鲜一级,元/500克,2.10,,,,,兰州市发展和改革委员会主要农副产品价格监测报表,,0.0000,https://fgw.lanzhou.gov.cn/art/2026/6/26/art_3772_1714581.html
兰州市,2026-06-26,2026-06-26（发布：2026-06-26）,牛奶,当地主销（散装）,元/500克,3.92,,,,,兰州市发展和改革委员会主要农副产品价格监测报表,,0.0343,https://fgw.lanzhou.gov.cn/art/2026/6/26/art_3772_1714581.html
兰州市,2026-06-26,2026-06-26（发布：2026-06-26）,牛奶,蒙牛220ml,元/袋,2.65,,,,,兰州市发展和改革委员会主要农副产品价格监测报表,,0.0000,https://fgw.lanzhou.gov.cn/art/2026/6/26/art_3772_1714581.html
兰州市,2026-06-26,2026-06-26（发布：2026-06-26）,芹菜,新鲜一级,元/500克,3.29,,,,,兰州市发展和改革委员会主要农副产品价格监测报表,,-0.0208,https://fgw.lanzhou.gov.cn/art/2026/6/26/art_3772_1714581.html
兰州市,2026-06-26,2026-06-26（发布：2026-06-26）,青椒,新鲜一级,元/500克,4.07,,,,,兰州市发展和改革委员会主要农副产品价格监测报表,,0.0000,https://fgw.lanzhou.gov.cn/art/2026/6/26/art_3772_1714581.html
兰州市,2026-06-26,2026-06-26（发布：2026-06-26）,青笋,新鲜一级,元/500克,3.07,,,,,兰州市发展和改革委员会主要农副产品价格监测报表,,0.0233,https://fgw.lanzhou.gov.cn/art/2026/6/26/art_3772_1714581.html
兰州市,2026-06-26,2026-06-26（发布：2026-06-26）,食用盐,袋,元/320克,2.00,,,,,兰州市发展和改革委员会主要农副产品价格监测报表,,0.0000,https://fgw.lanzhou.gov.cn/art/2026/6/26/art_3772_1714581.html
兰州市,2026-06-26,2026-06-26（发布：2026-06-26）,蒜薹,新鲜一级,元/500克,6.50,,,,,兰州市发展和改革委员会主要农副产品价格监测报表,,-0.0107,https://fgw.lanzhou.gov.cn/art/2026/6/26/art_3772_1714581.html
兰州市,2026-06-26,2026-06-26（发布：2026-06-26）,土豆,新鲜一级,元/500克,1.90,,,,,兰州市发展和改革委员会主要农副产品价格监测报表,,0.0383,https://fgw.lanzhou.gov.cn/art/2026/6/26/art_3772_1714581.html
兰州市,2026-06-26,2026-06-26（发布：2026-06-26）,西红柿,新鲜一级,元/500克,3.07,,,,,兰州市发展和改革委员会主要农副产品价格监测报表,,0.0000,https://fgw.lanzhou.gov.cn/art/2026/6/26/art_3772_1714581.html
兰州市,2026-06-26,2026-06-26（发布：2026-06-26）,鲜牛肉,新鲜统货,元/500克,32.86,,,,,兰州市发展和改革委员会主要农副产品价格监测报表,,0.0000,https://fgw.lanzhou.gov.cn/art/2026/6/26/art_3772_1714581.html
兰州市,2026-06-26,2026-06-26（发布：2026-06-26）,鲜羊肉,新鲜统货,元/500克,32.86,,,,,兰州市发展和改革委员会主要农副产品价格监测报表,,0.0000,https://fgw.lanzhou.gov.cn/art/2026/6/26/art_3772_1714581.html
兰州市,2026-06-26,2026-06-26（发布：2026-06-26）,鲜猪肉,精瘦肉,元/500克,10.93,,,,,兰州市发展和改革委员会主要农副产品价格监测报表,,0.0064,https://fgw.lanzhou.gov.cn/art/2026/6/26/art_3772_1714581.html
兰州市,2026-06-26,2026-06-26（发布：2026-06-26）,鲜猪肉,新鲜剔骨五花肉,元/500克,10.43,,,,,兰州市发展和改革委员会主要农副产品价格监测报表,,0.0000,https://fgw.lanzhou.gov.cn/art/2026/6/26/art_3772_1714581.html
兰州市,2026-06-26,2026-06-26（发布：2026-06-26）,小麦,收购价格,元/500克,1.44,,,,,兰州市发展和改革委员会主要农副产品价格监测报表,,0.0000,https://fgw.lanzhou.gov.cn/art/2026/6/26/art_3772_1714581.html
兰州市,2026-06-26,2026-06-26（发布：2026-06-26）,小麦,销售价格,元/500克,1.51,,,,,兰州市发展和改革委员会主要农副产品价格监测报表,,0.0000,https://fgw.lanzhou.gov.cn/art/2026/6/26/art_3772_1714581.html
兰州市,2026-06-26,2026-06-26（发布：2026-06-26）,洋葱,新鲜一级,元/500克,1.83,,,,,兰州市发展和改革委员会主要农副产品价格监测报表,,-0.0161,https://fgw.lanzhou.gov.cn/art/2026/6/26/art_3772_1714581.html
兰州市,2026-06-26,2026-06-26（发布：2026-06-26）,液化气,10公斤装,元/罐,89.43,,,,,兰州市发展和改革委员会主要农副产品价格监测报表,,0.0000,https://fgw.lanzhou.gov.cn/art/2026/6/26/art_3772_1714581.html
兰州市,2026-06-26,2026-06-26（发布：2026-06-26）,油菜,新鲜一级,元/500克,3.21,,,,,兰州市发展和改革委员会主要农副产品价格监测报表,,0.0223,https://fgw.lanzhou.gov.cn/art/2026/6/26/art_3772_1714581.html
兰州市,2026-06-26,2026-06-26（发布：2026-06-26）,玉米,收购价格,元/500克,1.14,,,,,兰州市发展和改革委员会主要农副产品价格监测报表,,0.0000,https://fgw.lanzhou.gov.cn/art/2026/6/26/art_3772_1714581.html
兰州市,2026-06-26,2026-06-26（发布：2026-06-26）,玉米,销售价格,元/500克,1.21,,,,,兰州市发展和改革委员会主要农副产品价格监测报表,,0.0000,https://fgw.lanzhou.gov.cn/art/2026/6/26/art_3772_1714581.html
兰州市,2026-06-30,2026-06-30（发布：2026-06-30）,白醋,瓶,元/500ml,6.67,,,,,兰州市发展和改革委员会主要农副产品价格监测报表,,0.0000,https://fgw.lanzhou.gov.cn/art/2026/6/30/art_3772_1715379.html
兰州市,2026-06-30,2026-06-30（发布：2026-06-30）,白萝卜,新鲜一级,元/500克,2.00,,,,,兰州市发展和改革委员会主要农副产品价格监测报表,,0.0000,https://fgw.lanzhou.gov.cn/art/2026/6/30/art_3772_1715379.html
兰州市,2026-06-30,2026-06-30（发布：2026-06-30）,菜花,新鲜一级,元/500克,3.08,,,,,兰州市发展和改革委员会主要农副产品价格监测报表,,-0.0751,https://fgw.lanzhou.gov.cn/art/2026/6/30/art_3772_1715379.html
兰州市,2026-06-30,2026-06-30（发布：2026-06-30）,菜籽油,桶装一级浸出,元/5升,86.44,,,,,兰州市发展和改革委员会主要农副产品价格监测报表,,0.0000,https://fgw.lanzhou.gov.cn/art/2026/6/30/art_3772_1715379.html
兰州市,2026-06-30,2026-06-30（发布：2026-06-30）,草鱼,活1000克左右一条,元/500克,9.14,,,,,兰州市发展和改革委员会主要农副产品价格监测报表,,0.0000,https://fgw.lanzhou.gov.cn/art/2026/6/30/art_3772_1715379.html
兰州市,2026-06-30,2026-06-30（发布：2026-06-30）,大白菜,新鲜一级,元/500克,1.79,,,,,兰州市发展和改革委员会主要农副产品价格监测报表,,0.0468,https://fgw.lanzhou.gov.cn/art/2026/6/30/art_3772_1715379.html
兰州市,2026-06-30,2026-06-30（发布：2026-06-30）,带鱼,冻250克左右一条,元/500克,18.86,,,,,兰州市发展和改革委员会主要农副产品价格监测报表,,0.0000,https://fgw.lanzhou.gov.cn/art/2026/6/30/art_3772_1715379.html
兰州市,2026-06-30,2026-06-30（发布：2026-06-30）,豆腐,新鲜一级,元/500克,3.21,,,,,兰州市发展和改革委员会主要农副产品价格监测报表,,0.0000,https://fgw.lanzhou.gov.cn/art/2026/6/30/art_3772_1715379.html
兰州市,2026-06-30,2026-06-30（发布：2026-06-30）,番瓜,新鲜一级,元/500克,2.29,,,,,兰州市发展和改革委员会主要农副产品价格监测报表,,0.0223,https://fgw.lanzhou.gov.cn/art/2026/6/30/art_3772_1715379.html
兰州市,2026-06-30,2026-06-30（发布：2026-06-30）,方便面,袋,元/120克,2.66,,,,,兰州市发展和改革委员会主要农副产品价格监测报表,,0.0000,https://fgw.lanzhou.gov.cn/art/2026/6/30/art_3772_1715379.html
兰州市,2026-06-30,2026-06-30（发布：2026-06-30）,富强粉,特一粉,元/500克,2.40,,,,,兰州市发展和改革委员会主要农副产品价格监测报表,,0.0000,https://fgw.lanzhou.gov.cn/art/2026/6/30/art_3772_1715379.html
兰州市,2026-06-30,2026-06-30（发布：2026-06-30）,胡萝卜,新鲜一级,元/500克,2.43,,,,,兰州市发展和改革委员会主要农副产品价格监测报表,,0.0000,https://fgw.lanzhou.gov.cn/art/2026/6/30/art_3772_1715379.html
兰州市,2026-06-30,2026-06-30（发布：2026-06-30）,花生油,桶装一级压榨,元/5升,152.44,,,,,兰州市发展和改革委员会主要农副产品价格监测报表,,0.0000,https://fgw.lanzhou.gov.cn/art/2026/6/30/art_3772_1715379.html
兰州市,2026-06-30,2026-06-30（发布：2026-06-30）,黄瓜,新鲜一级,元/500克,2.76,,,,,兰州市发展和改革委员会主要农副产品价格监测报表,,0.0000,https://fgw.lanzhou.gov.cn/art/2026/6/30/art_3772_1715379.html
兰州市,2026-06-30,2026-06-30（发布：2026-06-30）,鸡蛋,新鲜完整,元/500克,6.00,,,,,兰州市发展和改革委员会主要农副产品价格监测报表,,-0.0017,https://fgw.lanzhou.gov.cn/art/2026/6/30/art_3772_1715379.html
兰州市,2026-06-30,2026-06-30（发布：2026-06-30）,鸡肉,白条鸡,元/500克,14.57,,,,,兰州市发展和改革委员会主要农副产品价格监测报表,,0.0000,https://fgw.lanzhou.gov.cn/art/2026/6/30/art_3772_1715379.html
兰州市,2026-06-30,2026-06-30（发布：2026-06-30）,鲫鱼,活350克左右一条,元/500克,12.14,,,,,兰州市发展和改革委员会主要农副产品价格监测报表,,0.0000,https://fgw.lanzhou.gov.cn/art/2026/6/30/art_3772_1715379.html
兰州市,2026-06-30,2026-06-30（发布：2026-06-30）,茄子,新鲜一级,元/500克,3.71,,,,,兰州市发展和改革委员会主要农副产品价格监测报表,,0.0000,https://fgw.lanzhou.gov.cn/art/2026/6/30/art_3772_1715379.html
兰州市,2026-06-30,2026-06-30（发布：2026-06-30）,尖椒,新鲜一级,元/500克,3.93,,,,,兰州市发展和改革委员会主要农副产品价格监测报表,,-0.0175,https://fgw.lanzhou.gov.cn/art/2026/6/30/art_3772_1715379.html
兰州市,2026-06-30,2026-06-30（发布：2026-06-30）,豇豆,新鲜一级,元/500克,5.93,,,,,兰州市发展和改革委员会主要农副产品价格监测报表,,0.0000,https://fgw.lanzhou.gov.cn/art/2026/6/30/art_3772_1715379.html
兰州市,2026-06-30,2026-06-30（发布：2026-06-30）,粳米,标一,元/500克,3.89,,,,,兰州市发展和改革委员会主要农副产品价格监测报表,,0.0000,https://fgw.lanzhou.gov.cn/art/2026/6/30/art_3772_1715379.html
兰州市,2026-06-30,2026-06-30（发布：2026-06-30）,韭菜,新鲜一级,元/500克,3.79,,,,,兰州市发展和改革委员会主要农副产品价格监测报表,,0.0216,https://fgw.lanzhou.gov.cn/art/2026/6/30/art_3772_1715379.html
兰州市,2026-06-30,2026-06-30（发布：2026-06-30）,鲤鱼,活500克左右一条,元/500克,8.43,,,,,兰州市发展和改革委员会主要农副产品价格监测报表,,0.0000,https://fgw.lanzhou.gov.cn/art/2026/6/30/art_3772_1715379.html
兰州市,2026-06-30,2026-06-30（发布：2026-06-30）,莲花菜,新鲜一级,元/500克,2.10,,,,,兰州市发展和改革委员会主要农副产品价格监测报表,,0.0000,https://fgw.lanzhou.gov.cn/art/2026/6/30/art_3772_1715379.html
兰州市,2026-06-30,2026-06-30（发布：2026-06-30）,牛奶,当地主销（散装）,元/500克,3.79,,,,,兰州市发展和改革委员会主要农副产品价格监测报表,,-0.0332,https://fgw.lanzhou.gov.cn/art/2026/6/30/art_3772_1715379.html
兰州市,2026-06-30,2026-06-30（发布：2026-06-30）,牛奶,蒙牛220ml,元/袋,2.65,,,,,兰州市发展和改革委员会主要农副产品价格监测报表,,0.0000,https://fgw.lanzhou.gov.cn/art/2026/6/30/art_3772_1715379.html
兰州市,2026-06-30,2026-06-30（发布：2026-06-30）,芹菜,新鲜一级,元/500克,3.29,,,,,兰州市发展和改革委员会主要农副产品价格监测报表,,0.0000,https://fgw.lanzhou.gov.cn/art/2026/6/30/art_3772_1715379.html
兰州市,2026-06-30,2026-06-30（发布：2026-06-30）,青椒,新鲜一级,元/500克,3.93,,,,,兰州市发展和改革委员会主要农副产品价格监测报表,,-0.0344,https://fgw.lanzhou.gov.cn/art/2026/6/30/art_3772_1715379.html
兰州市,2026-06-30,2026-06-30（发布：2026-06-30）,青笋,新鲜一级,元/500克,3.07,,,,,兰州市发展和改革委员会主要农副产品价格监测报表,,0.0000,https://fgw.lanzhou.gov.cn/art/2026/6/30/art_3772_1715379.html
兰州市,2026-06-30,2026-06-30（发布：2026-06-30）,食用盐,袋,元/320克,2.00,,,,,兰州市发展和改革委员会主要农副产品价格监测报表,,0.0000,https://fgw.lanzhou.gov.cn/art/2026/6/30/art_3772_1715379.html
兰州市,2026-06-30,2026-06-30（发布：2026-06-30）,蒜薹,新鲜一级,元/500克,6.64,,,,,兰州市发展和改革委员会主要农副产品价格监测报表,,0.0215,https://fgw.lanzhou.gov.cn/art/2026/6/30/art_3772_1715379.html
兰州市,2026-06-30,2026-06-30（发布：2026-06-30）,土豆,新鲜一级,元/500克,1.90,,,,,兰州市发展和改革委员会主要农副产品价格监测报表,,0.0000,https://fgw.lanzhou.gov.cn/art/2026/6/30/art_3772_1715379.html
兰州市,2026-06-30,2026-06-30（发布：2026-06-30）,西红柿,新鲜一级,元/500克,3.00,,,,,兰州市发展和改革委员会主要农副产品价格监测报表,,-0.0228,https://fgw.lanzhou.gov.cn/art/2026/6/30/art_3772_1715379.html
兰州市,2026-06-30,2026-06-30（发布：2026-06-30）,鲜牛肉,新鲜统货,元/500克,32.86,,,,,兰州市发展和改革委员会主要农副产品价格监测报表,,0.0000,https://fgw.lanzhou.gov.cn/art/2026/6/30/art_3772_1715379.html
兰州市,2026-06-30,2026-06-30（发布：2026-06-30）,鲜羊肉,新鲜统货,元/500克,32.86,,,,,兰州市发展和改革委员会主要农副产品价格监测报表,,0.0000,https://fgw.lanzhou.gov.cn/art/2026/6/30/art_3772_1715379.html
兰州市,2026-06-30,2026-06-30（发布：2026-06-30）,鲜猪肉,精瘦肉,元/500克,10.93,,,,,兰州市发展和改革委员会主要农副产品价格监测报表,,0.0000,https://fgw.lanzhou.gov.cn/art/2026/6/30/art_3772_1715379.html
兰州市,2026-06-30,2026-06-30（发布：2026-06-30）,鲜猪肉,新鲜剔骨五花肉,元/500克,10.43,,,,,兰州市发展和改革委员会主要农副产品价格监测报表,,0.0000,https://fgw.lanzhou.gov.cn/art/2026/6/30/art_3772_1715379.html
兰州市,2026-06-30,2026-06-30（发布：2026-06-30）,小麦,收购价格,元/500克,1.44,,,,,兰州市发展和改革委员会主要农副产品价格监测报表,,0.0000,https://fgw.lanzhou.gov.cn/art/2026/6/30/art_3772_1715379.html
兰州市,2026-06-30,2026-06-30（发布：2026-06-30）,小麦,销售价格,元/500克,1.51,,,,,兰州市发展和改革委员会主要农副产品价格监测报表,,0.0000,https://fgw.lanzhou.gov.cn/art/2026/6/30/art_3772_1715379.html
兰州市,2026-06-30,2026-06-30（发布：2026-06-30）,洋葱,新鲜一级,元/500克,1.83,,,,,兰州市发展和改革委员会主要农副产品价格监测报表,,0.0000,https://fgw.lanzhou.gov.cn/art/2026/6/30/art_3772_1715379.html
兰州市,2026-06-30,2026-06-30（发布：2026-06-30）,液化气,10公斤装,元/罐,89.43,,,,,兰州市发展和改革委员会主要农副产品价格监测报表,,0.0000,https://fgw.lanzhou.gov.cn/art/2026/6/30/art_3772_1715379.html
兰州市,2026-06-30,2026-06-30（发布：2026-06-30）,油菜,新鲜一级,元/500克,3.00,,,,,兰州市发展和改革委员会主要农副产品价格监测报表,,-0.0654,https://fgw.lanzhou.gov.cn/art/2026/6/30/art_3772_1715379.html
兰州市,2026-06-30,2026-06-30（发布：2026-06-30）,玉米,收购价格,元/500克,1.14,,,,,兰州市发展和改革委员会主要农副产品价格监测报表,,0.0000,https://fgw.lanzhou.gov.cn/art/2026/6/30/art_3772_1715379.html
兰州市,2026-06-30,2026-06-30（发布：2026-06-30）,玉米,销售价格,元/500克,1.21,,,,,兰州市发展和改革委员会主要农副产品价格监测报表,,0.0000,https://fgw.lanzhou.gov.cn/art/2026/6/30/art_3772_1715379.html
兰州市,2026-07-03,2026-07-03（发布：2026-07-03）,白醋,瓶,元/500ml,6.67,,,,,兰州市发展和改革委员会主要农副产品价格监测报表,,0.0000,https://fgw.lanzhou.gov.cn/art/2026/7/3/art_3772_1716264.html
兰州市,2026-07-03,2026-07-03（发布：2026-07-03）,白萝卜,新鲜一级,元/500克,2.00,,,,,兰州市发展和改革委员会主要农副产品价格监测报表,,0.0000,https://fgw.lanzhou.gov.cn/art/2026/7/3/art_3772_1716264.html
兰州市,2026-07-03,2026-07-03（发布：2026-07-03）,菜花,新鲜一级,元/500克,2.75,,,,,兰州市发展和改革委员会主要农副产品价格监测报表,,-0.1071,https://fgw.lanzhou.gov.cn/art/2026/7/3/art_3772_1716264.html
兰州市,2026-07-03,2026-07-03（发布：2026-07-03）,菜籽油,桶装一级浸出,元/5升,86.44,,,,,兰州市发展和改革委员会主要农副产品价格监测报表,,0.0000,https://fgw.lanzhou.gov.cn/art/2026/7/3/art_3772_1716264.html
兰州市,2026-07-03,2026-07-03（发布：2026-07-03）,草鱼,活1000克左右一条,元/500克,9.14,,,,,兰州市发展和改革委员会主要农副产品价格监测报表,,0.0000,https://fgw.lanzhou.gov.cn/art/2026/7/3/art_3772_1716264.html
兰州市,2026-07-03,2026-07-03（发布：2026-07-03）,大白菜,新鲜一级,元/500克,1.79,,,,,兰州市发展和改革委员会主要农副产品价格监测报表,,0.0000,https://fgw.lanzhou.gov.cn/art/2026/7/3/art_3772_1716264.html
兰州市,2026-07-03,2026-07-03（发布：2026-07-03）,带鱼,冻250克左右一条,元/500克,18.86,,,,,兰州市发展和改革委员会主要农副产品价格监测报表,,0.0000,https://fgw.lanzhou.gov.cn/art/2026/7/3/art_3772_1716264.html
兰州市,2026-07-03,2026-07-03（发布：2026-07-03）,豆腐,新鲜一级,元/500克,3.21,,,,,兰州市发展和改革委员会主要农副产品价格监测报表,,0.0000,https://fgw.lanzhou.gov.cn/art/2026/7/3/art_3772_1716264.html
兰州市,2026-07-03,2026-07-03（发布：2026-07-03）,番瓜,新鲜一级,元/500克,2.14,,,,,兰州市发展和改革委员会主要农副产品价格监测报表,,-0.0655,https://fgw.lanzhou.gov.cn/art/2026/7/3/art_3772_1716264.html
兰州市,2026-07-03,2026-07-03（发布：2026-07-03）,方便面,袋,元/120克,2.66,,,,,兰州市发展和改革委员会主要农副产品价格监测报表,,0.0000,https://fgw.lanzhou.gov.cn/art/2026/7/3/art_3772_1716264.html
兰州市,2026-07-03,2026-07-03（发布：2026-07-03）,富强粉,特一粉,元/500克,2.40,,,,,兰州市发展和改革委员会主要农副产品价格监测报表,,0.0000,https://fgw.lanzhou.gov.cn/art/2026/7/3/art_3772_1716264.html
兰州市,2026-07-03,2026-07-03（发布：2026-07-03）,胡萝卜,新鲜一级,元/500克,2.43,,,,,兰州市发展和改革委员会主要农副产品价格监测报表,,0.0000,https://fgw.lanzhou.gov.cn/art/2026/7/3/art_3772_1716264.html
兰州市,2026-07-03,2026-07-03（发布：2026-07-03）,花生油,桶装一级压榨,元/5升,152.44,,,,,兰州市发展和改革委员会主要农副产品价格监测报表,,0.0000,https://fgw.lanzhou.gov.cn/art/2026/7/3/art_3772_1716264.html
兰州市,2026-07-03,2026-07-03（发布：2026-07-03）,黄瓜,新鲜一级,元/500克,2.71,,,,,兰州市发展和改革委员会主要农副产品价格监测报表,,-0.0181,https://fgw.lanzhou.gov.cn/art/2026/7/3/art_3772_1716264.html
兰州市,2026-07-03,2026-07-03（发布：2026-07-03）,鸡蛋,新鲜完整,元/500克,6.13,,,,,兰州市发展和改革委员会主要农副产品价格监测报表,,0.0217,https://fgw.lanzhou.gov.cn/art/2026/7/3/art_3772_1716264.html
兰州市,2026-07-03,2026-07-03（发布：2026-07-03）,鸡肉,白条鸡,元/500克,14.57,,,,,兰州市发展和改革委员会主要农副产品价格监测报表,,0.0000,https://fgw.lanzhou.gov.cn/art/2026/7/3/art_3772_1716264.html
兰州市,2026-07-03,2026-07-03（发布：2026-07-03）,鲫鱼,活350克左右一条,元/500克,12.14,,,,,兰州市发展和改革委员会主要农副产品价格监测报表,,0.0000,https://fgw.lanzhou.gov.cn/art/2026/7/3/art_3772_1716264.html
兰州市,2026-07-03,2026-07-03（发布：2026-07-03）,茄子,新鲜一级,元/500克,3.71,,,,,兰州市发展和改革委员会主要农副产品价格监测报表,,0.0000,https://fgw.lanzhou.gov.cn/art/2026/7/3/art_3772_1716264.html
兰州市,2026-07-03,2026-07-03（发布：2026-07-03）,尖椒,新鲜一级,元/500克,3.64,,,,,兰州市发展和改革委员会主要农副产品价格监测报表,,-0.0738,https://fgw.lanzhou.gov.cn/art/2026/7/3/art_3772_1716264.html
兰州市,2026-07-03,2026-07-03（发布：2026-07-03）,豇豆,新鲜一级,元/500克,5.57,,,,,兰州市发展和改革委员会主要农副产品价格监测报表,,-0.0607,https://fgw.lanzhou.gov.cn/art/2026/7/3/art_3772_1716264.html
兰州市,2026-07-03,2026-07-03（发布：2026-07-03）,粳米,标一,元/500克,3.89,,,,,兰州市发展和改革委员会主要农副产品价格监测报表,,0.0000,https://fgw.lanzhou.gov.cn/art/2026/7/3/art_3772_1716264.html
兰州市,2026-07-03,2026-07-03（发布：2026-07-03）,韭菜,新鲜一级,元/500克,3.50,,,,,兰州市发展和改革委员会主要农副产品价格监测报表,,-0.0765,https://fgw.lanzhou.gov.cn/art/2026/7/3/art_3772_1716264.html
兰州市,2026-07-03,2026-07-03（发布：2026-07-03）,鲤鱼,活500克左右一条,元/500克,8.43,,,,,兰州市发展和改革委员会主要农副产品价格监测报表,,0.0000,https://fgw.lanzhou.gov.cn/art/2026/7/3/art_3772_1716264.html
兰州市,2026-07-03,2026-07-03（发布：2026-07-03）,莲花菜,新鲜一级,元/500克,2.10,,,,,兰州市发展和改革委员会主要农副产品价格监测报表,,0.0000,https://fgw.lanzhou.gov.cn/art/2026/7/3/art_3772_1716264.html
兰州市,2026-07-03,2026-07-03（发布：2026-07-03）,牛奶,当地主销（散装）,元/500克,3.79,,,,,兰州市发展和改革委员会主要农副产品价格监测报表,,0.0000,https://fgw.lanzhou.gov.cn/art/2026/7/3/art_3772_1716264.html
兰州市,2026-07-03,2026-07-03（发布：2026-07-03）,牛奶,蒙牛220ml,元/袋,2.65,,,,,兰州市发展和改革委员会主要农副产品价格监测报表,,0.0000,https://fgw.lanzhou.gov.cn/art/2026/7/3/art_3772_1716264.html
兰州市,2026-07-03,2026-07-03（发布：2026-07-03）,芹菜,新鲜一级,元/500克,2.71,,,,,兰州市发展和改革委员会主要农副产品价格监测报表,,-0.1763,https://fgw.lanzhou.gov.cn/art/2026/7/3/art_3772_1716264.html
兰州市,2026-07-03,2026-07-03（发布：2026-07-03）,青椒,新鲜一级,元/500克,3.79,,,,,兰州市发展和改革委员会主要农副产品价格监测报表,,-0.0356,https://fgw.lanzhou.gov.cn/art/2026/7/3/art_3772_1716264.html
兰州市,2026-07-03,2026-07-03（发布：2026-07-03）,青笋,新鲜一级,元/500克,2.71,,,,,兰州市发展和改革委员会主要农副产品价格监测报表,,-0.1173,https://fgw.lanzhou.gov.cn/art/2026/7/3/art_3772_1716264.html
兰州市,2026-07-03,2026-07-03（发布：2026-07-03）,食用盐,袋,元/320克,2.00,,,,,兰州市发展和改革委员会主要农副产品价格监测报表,,0.0000,https://fgw.lanzhou.gov.cn/art/2026/7/3/art_3772_1716264.html
兰州市,2026-07-03,2026-07-03（发布：2026-07-03）,蒜薹,新鲜一级,元/500克,6.36,,,,,兰州市发展和改革委员会主要农副产品价格监测报表,,-0.0422,https://fgw.lanzhou.gov.cn/art/2026/7/3/art_3772_1716264.html
兰州市,2026-07-03,2026-07-03（发布：2026-07-03）,土豆,新鲜一级,元/500克,1.90,,,,,兰州市发展和改革委员会主要农副产品价格监测报表,,0.0000,https://fgw.lanzhou.gov.cn/art/2026/7/3/art_3772_1716264.html
兰州市,2026-07-03,2026-07-03（发布：2026-07-03）,西红柿,新鲜一级,元/500克,3.00,,,,,兰州市发展和改革委员会主要农副产品价格监测报表,,0.0000,https://fgw.lanzhou.gov.cn/art/2026/7/3/art_3772_1716264.html
兰州市,2026-07-03,2026-07-03（发布：2026-07-03）,鲜牛肉,新鲜统货,元/500克,32.86,,,,,兰州市发展和改革委员会主要农副产品价格监测报表,,0.0000,https://fgw.lanzhou.gov.cn/art/2026/7/3/art_3772_1716264.html
兰州市,2026-07-03,2026-07-03（发布：2026-07-03）,鲜羊肉,新鲜统货,元/500克,32.86,,,,,兰州市发展和改革委员会主要农副产品价格监测报表,,0.0000,https://fgw.lanzhou.gov.cn/art/2026/7/3/art_3772_1716264.html
兰州市,2026-07-03,2026-07-03（发布：2026-07-03）,鲜猪肉,精瘦肉,元/500克,10.93,,,,,兰州市发展和改革委员会主要农副产品价格监测报表,,0.0000,https://fgw.lanzhou.gov.cn/art/2026/7/3/art_3772_1716264.html
兰州市,2026-07-03,2026-07-03（发布：2026-07-03）,鲜猪肉,新鲜剔骨五花肉,元/500克,10.43,,,,,兰州市发展和改革委员会主要农副产品价格监测报表,,0.0000,https://fgw.lanzhou.gov.cn/art/2026/7/3/art_3772_1716264.html
兰州市,2026-07-03,2026-07-03（发布：2026-07-03）,小麦,收购价格,元/500克,1.41,,,,,兰州市发展和改革委员会主要农副产品价格监测报表,,-0.0208,https://fgw.lanzhou.gov.cn/art/2026/7/3/art_3772_1716264.html
兰州市,2026-07-03,2026-07-03（发布：2026-07-03）,小麦,销售价格,元/500克,1.49,,,,,兰州市发展和改革委员会主要农副产品价格监测报表,,-0.0132,https://fgw.lanzhou.gov.cn/art/2026/7/3/art_3772_1716264.html
兰州市,2026-07-03,2026-07-03（发布：2026-07-03）,洋葱,新鲜一级,元/500克,1.83,,,,,兰州市发展和改革委员会主要农副产品价格监测报表,,0.0000,https://fgw.lanzhou.gov.cn/art/2026/7/3/art_3772_1716264.html
兰州市,2026-07-03,2026-07-03（发布：2026-07-03）,液化气,10公斤装,元/罐,89.43,,,,,兰州市发展和改革委员会主要农副产品价格监测报表,,0.0000,https://fgw.lanzhou.gov.cn/art/2026/7/3/art_3772_1716264.html
兰州市,2026-07-03,2026-07-03（发布：2026-07-03）,油菜,新鲜一级,元/500克,2.71,,,,,兰州市发展和改革委员会主要农副产品价格监测报表,,-0.0967,https://fgw.lanzhou.gov.cn/art/2026/7/3/art_3772_1716264.html
兰州市,2026-07-03,2026-07-03（发布：2026-07-03）,玉米,收购价格,元/500克,1.14,,,,,兰州市发展和改革委员会主要农副产品价格监测报表,,0.0000,https://fgw.lanzhou.gov.cn/art/2026/7/3/art_3772_1716264.html
兰州市,2026-07-03,2026-07-03（发布：2026-07-03）,玉米,销售价格,元/500克,1.18,,,,,兰州市发展和改革委员会主要农副产品价格监测报表,,-0.0248,https://fgw.lanzhou.gov.cn/art/2026/7/3/art_3772_1716264.html
兰州市,2026-07-07,2026-07-07（发布：2026-07-07）,白醋,瓶,元/500ml,6.67,,,,,兰州市发展和改革委员会主要农副产品价格监测报表,,0.0000,https://fgw.lanzhou.gov.cn/art/2026/7/7/art_3772_1717022.html
兰州市,2026-07-07,2026-07-07（发布：2026-07-07）,白萝卜,新鲜一级,元/500克,2.00,,,,,兰州市发展和改革委员会主要农副产品价格监测报表,,0.0000,https://fgw.lanzhou.gov.cn/art/2026/7/7/art_3772_1717022.html
兰州市,2026-07-07,2026-07-07（发布：2026-07-07）,菜花,新鲜一级,元/500克,2.75,,,,,兰州市发展和改革委员会主要农副产品价格监测报表,,0.0000,https://fgw.lanzhou.gov.cn/art/2026/7/7/art_3772_1717022.html
兰州市,2026-07-07,2026-07-07（发布：2026-07-07）,菜籽油,桶装一级浸出,元/5升,86.44,,,,,兰州市发展和改革委员会主要农副产品价格监测报表,,0.0000,https://fgw.lanzhou.gov.cn/art/2026/7/7/art_3772_1717022.html
兰州市,2026-07-07,2026-07-07（发布：2026-07-07）,草鱼,活1000克左右一条,元/500克,9.29,,,,,兰州市发展和改革委员会主要农副产品价格监测报表,,0.0164,https://fgw.lanzhou.gov.cn/art/2026/7/7/art_3772_1717022.html
兰州市,2026-07-07,2026-07-07（发布：2026-07-07）,大白菜,新鲜一级,元/500克,1.79,,,,,兰州市发展和改革委员会主要农副产品价格监测报表,,0.0000,https://fgw.lanzhou.gov.cn/art/2026/7/7/art_3772_1717022.html
兰州市,2026-07-07,2026-07-07（发布：2026-07-07）,带鱼,冻250克左右一条,元/500克,18.86,,,,,兰州市发展和改革委员会主要农副产品价格监测报表,,0.0000,https://fgw.lanzhou.gov.cn/art/2026/7/7/art_3772_1717022.html
兰州市,2026-07-07,2026-07-07（发布：2026-07-07）,豆腐,新鲜一级,元/500克,3.21,,,,,兰州市发展和改革委员会主要农副产品价格监测报表,,0.0000,https://fgw.lanzhou.gov.cn/art/2026/7/7/art_3772_1717022.html
兰州市,2026-07-07,2026-07-07（发布：2026-07-07）,番瓜,新鲜一级,元/500克,2.14,,,,,兰州市发展和改革委员会主要农副产品价格监测报表,,0.0000,https://fgw.lanzhou.gov.cn/art/2026/7/7/art_3772_1717022.html
兰州市,2026-07-07,2026-07-07（发布：2026-07-07）,方便面,袋,元/120克,2.66,,,,,兰州市发展和改革委员会主要农副产品价格监测报表,,0.0000,https://fgw.lanzhou.gov.cn/art/2026/7/7/art_3772_1717022.html
兰州市,2026-07-07,2026-07-07（发布：2026-07-07）,富强粉,特一粉,元/500克,2.40,,,,,兰州市发展和改革委员会主要农副产品价格监测报表,,0.0000,https://fgw.lanzhou.gov.cn/art/2026/7/7/art_3772_1717022.html
兰州市,2026-07-07,2026-07-07（发布：2026-07-07）,胡萝卜,新鲜一级,元/500克,2.43,,,,,兰州市发展和改革委员会主要农副产品价格监测报表,,0.0000,https://fgw.lanzhou.gov.cn/art/2026/7/7/art_3772_1717022.html
兰州市,2026-07-07,2026-07-07（发布：2026-07-07）,花生油,桶装一级压榨,元/5升,152.44,,,,,兰州市发展和改革委员会主要农副产品价格监测报表,,0.0000,https://fgw.lanzhou.gov.cn/art/2026/7/7/art_3772_1717022.html
兰州市,2026-07-07,2026-07-07（发布：2026-07-07）,黄瓜,新鲜一级,元/500克,2.64,,,,,兰州市发展和改革委员会主要农副产品价格监测报表,,-0.0258,https://fgw.lanzhou.gov.cn/art/2026/7/7/art_3772_1717022.html
兰州市,2026-07-07,2026-07-07（发布：2026-07-07）,鸡蛋,新鲜完整,元/500克,5.93,,,,,兰州市发展和改革委员会主要农副产品价格监测报表,,-0.0326,https://fgw.lanzhou.gov.cn/art/2026/7/7/art_3772_1717022.html
兰州市,2026-07-07,2026-07-07（发布：2026-07-07）,鸡肉,白条鸡,元/500克,14.57,,,,,兰州市发展和改革委员会主要农副产品价格监测报表,,0.0000,https://fgw.lanzhou.gov.cn/art/2026/7/7/art_3772_1717022.html
兰州市,2026-07-07,2026-07-07（发布：2026-07-07）,鲫鱼,活350克左右一条,元/500克,12.14,,,,,兰州市发展和改革委员会主要农副产品价格监测报表,,0.0000,https://fgw.lanzhou.gov.cn/art/2026/7/7/art_3772_1717022.html
兰州市,2026-07-07,2026-07-07（发布：2026-07-07）,茄子,新鲜一级,元/500克,3.64,,,,,兰州市发展和改革委员会主要农副产品价格监测报表,,-0.0189,https://fgw.lanzhou.gov.cn/art/2026/7/7/art_3772_1717022.html
兰州市,2026-07-07,2026-07-07（发布：2026-07-07）,尖椒,新鲜一级,元/500克,3.50,,,,,兰州市发展和改革委员会主要农副产品价格监测报表,,-0.0385,https://fgw.lanzhou.gov.cn/art/2026/7/7/art_3772_1717022.html
兰州市,2026-07-07,2026-07-07（发布：2026-07-07）,豇豆,新鲜一级,元/500克,4.79,,,,,兰州市发展和改革委员会主要农副产品价格监测报表,,-0.1400,https://fgw.lanzhou.gov.cn/art/2026/7/7/art_3772_1717022.html
兰州市,2026-07-07,2026-07-07（发布：2026-07-07）,粳米,标一,元/500克,3.89,,,,,兰州市发展和改革委员会主要农副产品价格监测报表,,0.0000,https://fgw.lanzhou.gov.cn/art/2026/7/7/art_3772_1717022.html
兰州市,2026-07-07,2026-07-07（发布：2026-07-07）,韭菜,新鲜一级,元/500克,3.43,,,,,兰州市发展和改革委员会主要农副产品价格监测报表,,-0.0200,https://fgw.lanzhou.gov.cn/art/2026/7/7/art_3772_1717022.html
兰州市,2026-07-07,2026-07-07（发布：2026-07-07）,鲤鱼,活500克左右一条,元/500克,8.43,,,,,兰州市发展和改革委员会主要农副产品价格监测报表,,0.0000,https://fgw.lanzhou.gov.cn/art/2026/7/7/art_3772_1717022.html
兰州市,2026-07-07,2026-07-07（发布：2026-07-07）,莲花菜,新鲜一级,元/500克,2.07,,,,,兰州市发展和改革委员会主要农副产品价格监测报表,,-0.0143,https://fgw.lanzhou.gov.cn/art/2026/7/7/art_3772_1717022.html
兰州市,2026-07-07,2026-07-07（发布：2026-07-07）,牛奶,当地主销（散装）,元/500克,3.79,,,,,兰州市发展和改革委员会主要农副产品价格监测报表,,0.0000,https://fgw.lanzhou.gov.cn/art/2026/7/7/art_3772_1717022.html
兰州市,2026-07-07,2026-07-07（发布：2026-07-07）,牛奶,蒙牛220ml,元/袋,2.65,,,,,兰州市发展和改革委员会主要农副产品价格监测报表,,0.0000,https://fgw.lanzhou.gov.cn/art/2026/7/7/art_3772_1717022.html
兰州市,2026-07-07,2026-07-07（发布：2026-07-07）,芹菜,新鲜一级,元/500克,2.71,,,,,兰州市发展和改革委员会主要农副产品价格监测报表,,0.0000,https://fgw.lanzhou.gov.cn/art/2026/7/7/art_3772_1717022.html
兰州市,2026-07-07,2026-07-07（发布：2026-07-07）,青椒,新鲜一级,元/500克,3.86,,,,,兰州市发展和改革委员会主要农副产品价格监测报表,,0.0185,https://fgw.lanzhou.gov.cn/art/2026/7/7/art_3772_1717022.html
兰州市,2026-07-07,2026-07-07（发布：2026-07-07）,青笋,新鲜一级,元/500克,2.71,,,,,兰州市发展和改革委员会主要农副产品价格监测报表,,0.0000,https://fgw.lanzhou.gov.cn/art/2026/7/7/art_3772_1717022.html
兰州市,2026-07-07,2026-07-07（发布：2026-07-07）,食用盐,袋,元/320克,2.00,,,,,兰州市发展和改革委员会主要农副产品价格监测报表,,0.0000,https://fgw.lanzhou.gov.cn/art/2026/7/7/art_3772_1717022.html
兰州市,2026-07-07,2026-07-07（发布：2026-07-07）,蒜薹,新鲜一级,元/500克,6.21,,,,,兰州市发展和改革委员会主要农副产品价格监测报表,,-0.0236,https://fgw.lanzhou.gov.cn/art/2026/7/7/art_3772_1717022.html
兰州市,2026-07-07,2026-07-07（发布：2026-07-07）,土豆,新鲜一级,元/500克,1.86,,,,,兰州市发展和改革委员会主要农副产品价格监测报表,,-0.0211,https://fgw.lanzhou.gov.cn/art/2026/7/7/art_3772_1717022.html
兰州市,2026-07-07,2026-07-07（发布：2026-07-07）,西红柿,新鲜一级,元/500克,2.86,,,,,兰州市发展和改革委员会主要农副产品价格监测报表,,-0.0467,https://fgw.lanzhou.gov.cn/art/2026/7/7/art_3772_1717022.html
兰州市,2026-07-07,2026-07-07（发布：2026-07-07）,鲜牛肉,新鲜统货,元/500克,32.86,,,,,兰州市发展和改革委员会主要农副产品价格监测报表,,0.0000,https://fgw.lanzhou.gov.cn/art/2026/7/7/art_3772_1717022.html
兰州市,2026-07-07,2026-07-07（发布：2026-07-07）,鲜羊肉,新鲜统货,元/500克,32.71,,,,,兰州市发展和改革委员会主要农副产品价格监测报表,,-0.0046,https://fgw.lanzhou.gov.cn/art/2026/7/7/art_3772_1717022.html
兰州市,2026-07-07,2026-07-07（发布：2026-07-07）,鲜猪肉,精瘦肉,元/500克,10.93,,,,,兰州市发展和改革委员会主要农副产品价格监测报表,,0.0000,https://fgw.lanzhou.gov.cn/art/2026/7/7/art_3772_1717022.html
兰州市,2026-07-07,2026-07-07（发布：2026-07-07）,鲜猪肉,新鲜剔骨五花肉,元/500克,10.43,,,,,兰州市发展和改革委员会主要农副产品价格监测报表,,0.0000,https://fgw.lanzhou.gov.cn/art/2026/7/7/art_3772_1717022.html
兰州市,2026-07-07,2026-07-07（发布：2026-07-07）,小麦,收购价格,元/500克,1.41,,,,,兰州市发展和改革委员会主要农副产品价格监测报表,,0.0000,https://fgw.lanzhou.gov.cn/art/2026/7/7/art_3772_1717022.html
兰州市,2026-07-07,2026-07-07（发布：2026-07-07）,小麦,销售价格,元/500克,1.49,,,,,兰州市发展和改革委员会主要农副产品价格监测报表,,0.0000,https://fgw.lanzhou.gov.cn/art/2026/7/7/art_3772_1717022.html
兰州市,2026-07-07,2026-07-07（发布：2026-07-07）,洋葱,新鲜一级,元/500克,1.83,,,,,兰州市发展和改革委员会主要农副产品价格监测报表,,0.0000,https://fgw.lanzhou.gov.cn/art/2026/7/7/art_3772_1717022.html
兰州市,2026-07-07,2026-07-07（发布：2026-07-07）,液化气,10公斤装,元/罐,89.43,,,,,兰州市发展和改革委员会主要农副产品价格监测报表,,0.0000,https://fgw.lanzhou.gov.cn/art/2026/7/7/art_3772_1717022.html
兰州市,2026-07-07,2026-07-07（发布：2026-07-07）,油菜,新鲜一级,元/500克,2.71,,,,,兰州市发展和改革委员会主要农副产品价格监测报表,,0.0000,https://fgw.lanzhou.gov.cn/art/2026/7/7/art_3772_1717022.html
兰州市,2026-07-07,2026-07-07（发布：2026-07-07）,玉米,收购价格,元/500克,1.14,,,,,兰州市发展和改革委员会主要农副产品价格监测报表,,0.0000,https://fgw.lanzhou.gov.cn/art/2026/7/7/art_3772_1717022.html
兰州市,2026-07-07,2026-07-07（发布：2026-07-07）,玉米,销售价格,元/500克,1.18,,,,,兰州市发展和改革委员会主要农副产品价格监测报表,,0.0000,https://fgw.lanzhou.gov.cn/art/2026/7/7/art_3772_1717022.html
兰州市,2026-07-10,2026-07-10（发布：2026-07-10）,白醋,瓶,元/500ml,6.67,,,,,兰州市发展和改革委员会主要农副产品价格监测报表,,0.0000,https://fgw.lanzhou.gov.cn/art/2026/7/10/art_3772_1717969.html
兰州市,2026-07-10,2026-07-10（发布：2026-07-10）,白萝卜,新鲜一级,元/500克,2.00,,,,,兰州市发展和改革委员会主要农副产品价格监测报表,,0.0000,https://fgw.lanzhou.gov.cn/art/2026/7/10/art_3772_1717969.html
兰州市,2026-07-10,2026-07-10（发布：2026-07-10）,菜花,新鲜一级,元/500克,2.83,,,,,兰州市发展和改革委员会主要农副产品价格监测报表,,0.0291,https://fgw.lanzhou.gov.cn/art/2026/7/10/art_3772_1717969.html
兰州市,2026-07-10,2026-07-10（发布：2026-07-10）,菜籽油,桶装一级浸出,元/5升,86.44,,,,,兰州市发展和改革委员会主要农副产品价格监测报表,,0.0000,https://fgw.lanzhou.gov.cn/art/2026/7/10/art_3772_1717969.html
兰州市,2026-07-10,2026-07-10（发布：2026-07-10）,草鱼,活1000克左右一条,元/500克,9.29,,,,,兰州市发展和改革委员会主要农副产品价格监测报表,,0.0000,https://fgw.lanzhou.gov.cn/art/2026/7/10/art_3772_1717969.html
兰州市,2026-07-10,2026-07-10（发布：2026-07-10）,大白菜,新鲜一级,元/500克,1.79,,,,,兰州市发展和改革委员会主要农副产品价格监测报表,,0.0000,https://fgw.lanzhou.gov.cn/art/2026/7/10/art_3772_1717969.html
兰州市,2026-07-10,2026-07-10（发布：2026-07-10）,带鱼,冻250克左右一条,元/500克,18.86,,,,,兰州市发展和改革委员会主要农副产品价格监测报表,,0.0000,https://fgw.lanzhou.gov.cn/art/2026/7/10/art_3772_1717969.html
兰州市,2026-07-10,2026-07-10（发布：2026-07-10）,豆腐,新鲜一级,元/500克,3.21,,,,,兰州市发展和改革委员会主要农副产品价格监测报表,,0.0000,https://fgw.lanzhou.gov.cn/art/2026/7/10/art_3772_1717969.html
兰州市,2026-07-10,2026-07-10（发布：2026-07-10）,番瓜,新鲜一级,元/500克,2.21,,,,,兰州市发展和改革委员会主要农副产品价格监测报表,,0.0327,https://fgw.lanzhou.gov.cn/art/2026/7/10/art_3772_1717969.html
兰州市,2026-07-10,2026-07-10（发布：2026-07-10）,方便面,袋,元/120克,2.66,,,,,兰州市发展和改革委员会主要农副产品价格监测报表,,0.0000,https://fgw.lanzhou.gov.cn/art/2026/7/10/art_3772_1717969.html
兰州市,2026-07-10,2026-07-10（发布：2026-07-10）,富强粉,特一粉,元/500克,2.40,,,,,兰州市发展和改革委员会主要农副产品价格监测报表,,0.0000,https://fgw.lanzhou.gov.cn/art/2026/7/10/art_3772_1717969.html
兰州市,2026-07-10,2026-07-10（发布：2026-07-10）,胡萝卜,新鲜一级,元/500克,2.43,,,,,兰州市发展和改革委员会主要农副产品价格监测报表,,0.0000,https://fgw.lanzhou.gov.cn/art/2026/7/10/art_3772_1717969.html
兰州市,2026-07-10,2026-07-10（发布：2026-07-10）,花生油,桶装一级压榨,元/5升,152.44,,,,,兰州市发展和改革委员会主要农副产品价格监测报表,,0.0000,https://fgw.lanzhou.gov.cn/art/2026/7/10/art_3772_1717969.html
兰州市,2026-07-10,2026-07-10（发布：2026-07-10）,黄瓜,新鲜一级,元/500克,2.64,,,,,兰州市发展和改革委员会主要农副产品价格监测报表,,0.0000,https://fgw.lanzhou.gov.cn/art/2026/7/10/art_3772_1717969.html
兰州市,2026-07-10,2026-07-10（发布：2026-07-10）,鸡蛋,新鲜完整,元/500克,5.90,,,,,兰州市发展和改革委员会主要农副产品价格监测报表,,-0.0051,https://fgw.lanzhou.gov.cn/art/2026/7/10/art_3772_1717969.html
兰州市,2026-07-10,2026-07-10（发布：2026-07-10）,鸡肉,白条鸡,元/500克,14.57,,,,,兰州市发展和改革委员会主要农副产品价格监测报表,,0.0000,https://fgw.lanzhou.gov.cn/art/2026/7/10/art_3772_1717969.html
兰州市,2026-07-10,2026-07-10（发布：2026-07-10）,鲫鱼,活350克左右一条,元/500克,12.14,,,,,兰州市发展和改革委员会主要农副产品价格监测报表,,0.0000,https://fgw.lanzhou.gov.cn/art/2026/7/10/art_3772_1717969.html
兰州市,2026-07-10,2026-07-10（发布：2026-07-10）,茄子,新鲜一级,元/500克,3.43,,,,,兰州市发展和改革委员会主要农副产品价格监测报表,,-0.0577,https://fgw.lanzhou.gov.cn/art/2026/7/10/art_3772_1717969.html
兰州市,2026-07-10,2026-07-10（发布：2026-07-10）,尖椒,新鲜一级,元/500克,3.50,,,,,兰州市发展和改革委员会主要农副产品价格监测报表,,0.0000,https://fgw.lanzhou.gov.cn/art/2026/7/10/art_3772_1717969.html
兰州市,2026-07-10,2026-07-10（发布：2026-07-10）,豇豆,新鲜一级,元/500克,4.71,,,,,兰州市发展和改革委员会主要农副产品价格监测报表,,-0.0167,https://fgw.lanzhou.gov.cn/art/2026/7/10/art_3772_1717969.html
兰州市,2026-07-10,2026-07-10（发布：2026-07-10）,粳米,标一,元/500克,3.89,,,,,兰州市发展和改革委员会主要农副产品价格监测报表,,0.0000,https://fgw.lanzhou.gov.cn/art/2026/7/10/art_3772_1717969.html
兰州市,2026-07-10,2026-07-10（发布：2026-07-10）,韭菜,新鲜一级,元/500克,3.50,,,,,兰州市发展和改革委员会主要农副产品价格监测报表,,0.0204,https://fgw.lanzhou.gov.cn/art/2026/7/10/art_3772_1717969.html
兰州市,2026-07-10,2026-07-10（发布：2026-07-10）,鲤鱼,活500克左右一条,元/500克,8.43,,,,,兰州市发展和改革委员会主要农副产品价格监测报表,,0.0000,https://fgw.lanzhou.gov.cn/art/2026/7/10/art_3772_1717969.html
兰州市,2026-07-10,2026-07-10（发布：2026-07-10）,莲花菜,新鲜一级,元/500克,2.07,,,,,兰州市发展和改革委员会主要农副产品价格监测报表,,0.0000,https://fgw.lanzhou.gov.cn/art/2026/7/10/art_3772_1717969.html
兰州市,2026-07-10,2026-07-10（发布：2026-07-10）,牛奶,当地主销（散装）,元/500克,3.79,,,,,兰州市发展和改革委员会主要农副产品价格监测报表,,0.0000,https://fgw.lanzhou.gov.cn/art/2026/7/10/art_3772_1717969.html
兰州市,2026-07-10,2026-07-10（发布：2026-07-10）,牛奶,蒙牛220ml,元/袋,2.65,,,,,兰州市发展和改革委员会主要农副产品价格监测报表,,0.0000,https://fgw.lanzhou.gov.cn/art/2026/7/10/art_3772_1717969.html
兰州市,2026-07-10,2026-07-10（发布：2026-07-10）,芹菜,新鲜一级,元/500克,2.79,,,,,兰州市发展和改革委员会主要农副产品价格监测报表,,0.0295,https://fgw.lanzhou.gov.cn/art/2026/7/10/art_3772_1717969.html
兰州市,2026-07-10,2026-07-10（发布：2026-07-10）,青椒,新鲜一级,元/500克,3.71,,,,,兰州市发展和改革委员会主要农副产品价格监测报表,,-0.0389,https://fgw.lanzhou.gov.cn/art/2026/7/10/art_3772_1717969.html
兰州市,2026-07-10,2026-07-10（发布：2026-07-10）,青笋,新鲜一级,元/500克,2.79,,,,,兰州市发展和改革委员会主要农副产品价格监测报表,,0.0295,https://fgw.lanzhou.gov.cn/art/2026/7/10/art_3772_1717969.html
兰州市,2026-07-10,2026-07-10（发布：2026-07-10）,食用盐,袋,元/320克,2.00,,,,,兰州市发展和改革委员会主要农副产品价格监测报表,,0.0000,https://fgw.lanzhou.gov.cn/art/2026/7/10/art_3772_1717969.html
兰州市,2026-07-10,2026-07-10（发布：2026-07-10）,蒜薹,新鲜一级,元/500克,6.36,,,,,兰州市发展和改革委员会主要农副产品价格监测报表,,0.0242,https://fgw.lanzhou.gov.cn/art/2026/7/10/art_3772_1717969.html
兰州市,2026-07-10,2026-07-10（发布：2026-07-10）,土豆,新鲜一级,元/500克,1.86,,,,,兰州市发展和改革委员会主要农副产品价格监测报表,,0.0000,https://fgw.lanzhou.gov.cn/art/2026/7/10/art_3772_1717969.html
兰州市,2026-07-10,2026-07-10（发布：2026-07-10）,西红柿,新鲜一级,元/500克,2.79,,,,,兰州市发展和改革委员会主要农副产品价格监测报表,,-0.0245,https://fgw.lanzhou.gov.cn/art/2026/7/10/art_3772_1717969.html
兰州市,2026-07-10,2026-07-10（发布：2026-07-10）,鲜牛肉,新鲜统货,元/500克,32.71,,,,,兰州市发展和改革委员会主要农副产品价格监测报表,,-0.0046,https://fgw.lanzhou.gov.cn/art/2026/7/10/art_3772_1717969.html
兰州市,2026-07-10,2026-07-10（发布：2026-07-10）,鲜羊肉,新鲜统货,元/500克,32.71,,,,,兰州市发展和改革委员会主要农副产品价格监测报表,,0.0000,https://fgw.lanzhou.gov.cn/art/2026/7/10/art_3772_1717969.html
兰州市,2026-07-10,2026-07-10（发布：2026-07-10）,鲜猪肉,精瘦肉,元/500克,10.79,,,,,兰州市发展和改革委员会主要农副产品价格监测报表,,-0.0128,https://fgw.lanzhou.gov.cn/art/2026/7/10/art_3772_1717969.html
兰州市,2026-07-10,2026-07-10（发布：2026-07-10）,鲜猪肉,新鲜剔骨五花肉,元/500克,10.29,,,,,兰州市发展和改革委员会主要农副产品价格监测报表,,-0.0134,https://fgw.lanzhou.gov.cn/art/2026/7/10/art_3772_1717969.html
兰州市,2026-07-10,2026-07-10（发布：2026-07-10）,小麦,收购价格,元/500克,1.41,,,,,兰州市发展和改革委员会主要农副产品价格监测报表,,0.0000,https://fgw.lanzhou.gov.cn/art/2026/7/10/art_3772_1717969.html
兰州市,2026-07-10,2026-07-10（发布：2026-07-10）,小麦,销售价格,元/500克,1.49,,,,,兰州市发展和改革委员会主要农副产品价格监测报表,,0.0000,https://fgw.lanzhou.gov.cn/art/2026/7/10/art_3772_1717969.html
兰州市,2026-07-10,2026-07-10（发布：2026-07-10）,洋葱,新鲜一级,元/500克,1.83,,,,,兰州市发展和改革委员会主要农副产品价格监测报表,,0.0000,https://fgw.lanzhou.gov.cn/art/2026/7/10/art_3772_1717969.html
兰州市,2026-07-10,2026-07-10（发布：2026-07-10）,液化气,10公斤装,元/罐,89.43,,,,,兰州市发展和改革委员会主要农副产品价格监测报表,,0.0000,https://fgw.lanzhou.gov.cn/art/2026/7/10/art_3772_1717969.html
兰州市,2026-07-10,2026-07-10（发布：2026-07-10）,油菜,新鲜一级,元/500克,2.86,,,,,兰州市发展和改革委员会主要农副产品价格监测报表,,0.0554,https://fgw.lanzhou.gov.cn/art/2026/7/10/art_3772_1717969.html
兰州市,2026-07-10,2026-07-10（发布：2026-07-10）,玉米,收购价格,元/500克,1.14,,,,,兰州市发展和改革委员会主要农副产品价格监测报表,,0.0000,https://fgw.lanzhou.gov.cn/art/2026/7/10/art_3772_1717969.html
兰州市,2026-07-10,2026-07-10（发布：2026-07-10）,玉米,销售价格,元/500克,1.18,,,,,兰州市发展和改革委员会主要农副产品价格监测报表,,0.0000,https://fgw.lanzhou.gov.cn/art/2026/7/10/art_3772_1717969.html
兰州市,2026-07-17,2026-07-17（发布：2026-07-14）,白醋,瓶,元/500ml,6.67,,,,,兰州市发展和改革委员会主要农副产品价格监测报表,,0.0000,https://fgw.lanzhou.gov.cn/art/2026/7/14/art_3772_1718804.html
兰州市,2026-07-17,2026-07-17（发布：2026-07-14）,白萝卜,新鲜一级,元/500克,2.00,,,,,兰州市发展和改革委员会主要农副产品价格监测报表,,0.0000,https://fgw.lanzhou.gov.cn/art/2026/7/14/art_3772_1718804.html
兰州市,2026-07-17,2026-07-17（发布：2026-07-14）,菜花,新鲜一级,元/500克,2.83,,,,,兰州市发展和改革委员会主要农副产品价格监测报表,,0.0000,https://fgw.lanzhou.gov.cn/art/2026/7/14/art_3772_1718804.html
兰州市,2026-07-17,2026-07-17（发布：2026-07-14）,菜籽油,桶装一级浸出,元/5升,86.44,,,,,兰州市发展和改革委员会主要农副产品价格监测报表,,0.0000,https://fgw.lanzhou.gov.cn/art/2026/7/14/art_3772_1718804.html
兰州市,2026-07-17,2026-07-17（发布：2026-07-14）,草鱼,活1000克左右一条,元/500克,9.29,,,,,兰州市发展和改革委员会主要农副产品价格监测报表,,0.0000,https://fgw.lanzhou.gov.cn/art/2026/7/14/art_3772_1718804.html
兰州市,2026-07-17,2026-07-17（发布：2026-07-14）,大白菜,新鲜一级,元/500克,1.79,,,,,兰州市发展和改革委员会主要农副产品价格监测报表,,0.0000,https://fgw.lanzhou.gov.cn/art/2026/7/14/art_3772_1718804.html
兰州市,2026-07-17,2026-07-17（发布：2026-07-14）,带鱼,冻250克左右一条,元/500克,18.86,,,,,兰州市发展和改革委员会主要农副产品价格监测报表,,0.0000,https://fgw.lanzhou.gov.cn/art/2026/7/14/art_3772_1718804.html
兰州市,2026-07-17,2026-07-17（发布：2026-07-14）,豆腐,新鲜一级,元/500克,3.21,,,,,兰州市发展和改革委员会主要农副产品价格监测报表,,0.0000,https://fgw.lanzhou.gov.cn/art/2026/7/14/art_3772_1718804.html
兰州市,2026-07-17,2026-07-17（发布：2026-07-14）,番瓜,新鲜一级,元/500克,2.21,,,,,兰州市发展和改革委员会主要农副产品价格监测报表,,0.0000,https://fgw.lanzhou.gov.cn/art/2026/7/14/art_3772_1718804.html
兰州市,2026-07-17,2026-07-17（发布：2026-07-14）,方便面,袋,元/120克,2.66,,,,,兰州市发展和改革委员会主要农副产品价格监测报表,,0.0000,https://fgw.lanzhou.gov.cn/art/2026/7/14/art_3772_1718804.html
兰州市,2026-07-17,2026-07-17（发布：2026-07-14）,富强粉,特一粉,元/500克,2.40,,,,,兰州市发展和改革委员会主要农副产品价格监测报表,,0.0000,https://fgw.lanzhou.gov.cn/art/2026/7/14/art_3772_1718804.html
兰州市,2026-07-17,2026-07-17（发布：2026-07-14）,胡萝卜,新鲜一级,元/500克,2.43,,,,,兰州市发展和改革委员会主要农副产品价格监测报表,,0.0000,https://fgw.lanzhou.gov.cn/art/2026/7/14/art_3772_1718804.html
兰州市,2026-07-17,2026-07-17（发布：2026-07-14）,花生油,桶装一级压榨,元/5升,152.44,,,,,兰州市发展和改革委员会主要农副产品价格监测报表,,0.0000,https://fgw.lanzhou.gov.cn/art/2026/7/14/art_3772_1718804.html
兰州市,2026-07-17,2026-07-17（发布：2026-07-14）,黄瓜,新鲜一级,元/500克,2.64,,,,,兰州市发展和改革委员会主要农副产品价格监测报表,,0.0000,https://fgw.lanzhou.gov.cn/art/2026/7/14/art_3772_1718804.html
兰州市,2026-07-17,2026-07-17（发布：2026-07-14）,鸡蛋,新鲜完整,元/500克,5.91,,,,,兰州市发展和改革委员会主要农副产品价格监测报表,,0.0000,https://fgw.lanzhou.gov.cn/art/2026/7/14/art_3772_1718804.html
兰州市,2026-07-17,2026-07-17（发布：2026-07-14）,鸡肉,白条鸡,元/500克,14.57,,,,,兰州市发展和改革委员会主要农副产品价格监测报表,,0.0000,https://fgw.lanzhou.gov.cn/art/2026/7/14/art_3772_1718804.html
兰州市,2026-07-17,2026-07-17（发布：2026-07-14）,鲫鱼,活350克左右一条,元/500克,12.14,,,,,兰州市发展和改革委员会主要农副产品价格监测报表,,0.0000,https://fgw.lanzhou.gov.cn/art/2026/7/14/art_3772_1718804.html
兰州市,2026-07-17,2026-07-17（发布：2026-07-14）,茄子,新鲜一级,元/500克,3.36,,,,,兰州市发展和改革委员会主要农副产品价格监测报表,,-0.0204,https://fgw.lanzhou.gov.cn/art/2026/7/14/art_3772_1718804.html
兰州市,2026-07-17,2026-07-17（发布：2026-07-14）,尖椒,新鲜一级,元/500克,3.43,,,,,兰州市发展和改革委员会主要农副产品价格监测报表,,-0.0200,https://fgw.lanzhou.gov.cn/art/2026/7/14/art_3772_1718804.html
兰州市,2026-07-17,2026-07-17（发布：2026-07-14）,豇豆,新鲜一级,元/500克,4.57,,,,,兰州市发展和改革委员会主要农副产品价格监测报表,,-0.0151,https://fgw.lanzhou.gov.cn/art/2026/7/14/art_3772_1718804.html
兰州市,2026-07-17,2026-07-17（发布：2026-07-14）,粳米,标一,元/500克,3.89,,,,,兰州市发展和改革委员会主要农副产品价格监测报表,,0.0000,https://fgw.lanzhou.gov.cn/art/2026/7/14/art_3772_1718804.html
兰州市,2026-07-17,2026-07-17（发布：2026-07-14）,韭菜,新鲜一级,元/500克,3.50,,,,,兰州市发展和改革委员会主要农副产品价格监测报表,,0.0000,https://fgw.lanzhou.gov.cn/art/2026/7/14/art_3772_1718804.html
兰州市,2026-07-17,2026-07-17（发布：2026-07-14）,鲤鱼,活500克左右一条,元/500克,8.43,,,,,兰州市发展和改革委员会主要农副产品价格监测报表,,0.0000,https://fgw.lanzhou.gov.cn/art/2026/7/14/art_3772_1718804.html
兰州市,2026-07-17,2026-07-17（发布：2026-07-14）,莲花菜,新鲜一级,元/500克,2.07,,,,,兰州市发展和改革委员会主要农副产品价格监测报表,,0.0000,https://fgw.lanzhou.gov.cn/art/2026/7/14/art_3772_1718804.html
兰州市,2026-07-17,2026-07-17（发布：2026-07-14）,牛奶,当地主销（散装）,元/500克,3.79,,,,,兰州市发展和改革委员会主要农副产品价格监测报表,,0.0000,https://fgw.lanzhou.gov.cn/art/2026/7/14/art_3772_1718804.html
兰州市,2026-07-17,2026-07-17（发布：2026-07-14）,牛奶,蒙牛220ml,元/袋,2.65,,,,,兰州市发展和改革委员会主要农副产品价格监测报表,,0.0000,https://fgw.lanzhou.gov.cn/art/2026/7/14/art_3772_1718804.html
兰州市,2026-07-17,2026-07-17（发布：2026-07-14）,芹菜,新鲜一级,元/500克,2.79,,,,,兰州市发展和改革委员会主要农副产品价格监测报表,,0.0000,https://fgw.lanzhou.gov.cn/art/2026/7/14/art_3772_1718804.html
兰州市,2026-07-17,2026-07-17（发布：2026-07-14）,青椒,新鲜一级,元/500克,3.64,,,,,兰州市发展和改革委员会主要农副产品价格监测报表,,-0.0189,https://fgw.lanzhou.gov.cn/art/2026/7/14/art_3772_1718804.html
兰州市,2026-07-17,2026-07-17（发布：2026-07-14）,青笋,新鲜一级,元/500克,2.79,,,,,兰州市发展和改革委员会主要农副产品价格监测报表,,0.0000,https://fgw.lanzhou.gov.cn/art/2026/7/14/art_3772_1718804.html
兰州市,2026-07-17,2026-07-17（发布：2026-07-14）,食用盐,袋,元/320克,2.00,,,,,兰州市发展和改革委员会主要农副产品价格监测报表,,0.0000,https://fgw.lanzhou.gov.cn/art/2026/7/14/art_3772_1718804.html
兰州市,2026-07-17,2026-07-17（发布：2026-07-14）,蒜薹,新鲜一级,元/500克,6.36,,,,,兰州市发展和改革委员会主要农副产品价格监测报表,,0.0000,https://fgw.lanzhou.gov.cn/art/2026/7/14/art_3772_1718804.html
兰州市,2026-07-17,2026-07-17（发布：2026-07-14）,土豆,新鲜一级,元/500克,1.86,,,,,兰州市发展和改革委员会主要农副产品价格监测报表,,0.0000,https://fgw.lanzhou.gov.cn/art/2026/7/14/art_3772_1718804.html
兰州市,2026-07-17,2026-07-17（发布：2026-07-14）,西红柿,新鲜一级,元/500克,2.71,,,,,兰州市发展和改革委员会主要农副产品价格监测报表,,-0.0287,https://fgw.lanzhou.gov.cn/art/2026/7/14/art_3772_1718804.html
兰州市,2026-07-17,2026-07-17（发布：2026-07-14）,鲜牛肉,新鲜统货,元/500克,32.71,,,,,兰州市发展和改革委员会主要农副产品价格监测报表,,0.0000,https://fgw.lanzhou.gov.cn/art/2026/7/14/art_3772_1718804.html
兰州市,2026-07-17,2026-07-17（发布：2026-07-14）,鲜羊肉,新鲜统货,元/500克,32.71,,,,,兰州市发展和改革委员会主要农副产品价格监测报表,,0.0000,https://fgw.lanzhou.gov.cn/art/2026/7/14/art_3772_1718804.html
兰州市,2026-07-17,2026-07-17（发布：2026-07-14）,鲜猪肉,精瘦肉,元/500克,10.79,,,,,兰州市发展和改革委员会主要农副产品价格监测报表,,0.0000,https://fgw.lanzhou.gov.cn/art/2026/7/14/art_3772_1718804.html
兰州市,2026-07-17,2026-07-17（发布：2026-07-14）,鲜猪肉,新鲜剔骨五花肉,元/500克,10.29,,,,,兰州市发展和改革委员会主要农副产品价格监测报表,,0.0000,https://fgw.lanzhou.gov.cn/art/2026/7/14/art_3772_1718804.html
兰州市,2026-07-17,2026-07-17（发布：2026-07-14）,小麦,收购价格,元/500克,1.41,,,,,兰州市发展和改革委员会主要农副产品价格监测报表,,0.0000,https://fgw.lanzhou.gov.cn/art/2026/7/14/art_3772_1718804.html
兰州市,2026-07-17,2026-07-17（发布：2026-07-14）,小麦,销售价格,元/500克,1.49,,,,,兰州市发展和改革委员会主要农副产品价格监测报表,,0.0000,https://fgw.lanzhou.gov.cn/art/2026/7/14/art_3772_1718804.html
兰州市,2026-07-17,2026-07-17（发布：2026-07-14）,洋葱,新鲜一级,元/500克,1.83,,,,,兰州市发展和改革委员会主要农副产品价格监测报表,,0.0000,https://fgw.lanzhou.gov.cn/art/2026/7/14/art_3772_1718804.html
兰州市,2026-07-17,2026-07-17（发布：2026-07-14）,液化气,10公斤装,元/罐,89.43,,,,,兰州市发展和改革委员会主要农副产品价格监测报表,,0.0000,https://fgw.lanzhou.gov.cn/art/2026/7/14/art_3772_1718804.html
兰州市,2026-07-17,2026-07-17（发布：2026-07-14）,油菜,新鲜一级,元/500克,2.86,,,,,兰州市发展和改革委员会主要农副产品价格监测报表,,0.0000,https://fgw.lanzhou.gov.cn/art/2026/7/14/art_3772_1718804.html
兰州市,2026-07-17,2026-07-17（发布：2026-07-14）,玉米,收购价格,元/500克,1.14,,,,,兰州市发展和改革委员会主要农副产品价格监测报表,,0.0000,https://fgw.lanzhou.gov.cn/art/2026/7/14/art_3772_1718804.html
兰州市,2026-07-17,2026-07-17（发布：2026-07-14）,玉米,销售价格,元/500克,1.18,,,,,兰州市发展和改革委员会主要农副产品价格监测报表,,0.0000,https://fgw.lanzhou.gov.cn/art/2026/7/14/art_3772_1718804.html
兰州市,2026-07-21,2026-07-21（发布：2026-07-21）,白醋,瓶,元/500ml,6.67,,,,,兰州市发展和改革委员会主要农副产品价格监测报表,,0.0000,https://fgw.lanzhou.gov.cn/art/2026/7/21/art_3772_1720114.html
兰州市,2026-07-21,2026-07-21（发布：2026-07-21）,白萝卜,新鲜一级,元/500克,2.00,,,,,兰州市发展和改革委员会主要农副产品价格监测报表,,0.0000,https://fgw.lanzhou.gov.cn/art/2026/7/21/art_3772_1720114.html
兰州市,2026-07-21,2026-07-21（发布：2026-07-21）,菜花,新鲜一级,元/500克,2.67,,,,,兰州市发展和改革委员会主要农副产品价格监测报表,,-0.0565,https://fgw.lanzhou.gov.cn/art/2026/7/21/art_3772_1720114.html
兰州市,2026-07-21,2026-07-21（发布：2026-07-21）,菜籽油,桶装一级浸出,元/5升,86.44,,,,,兰州市发展和改革委员会主要农副产品价格监测报表,,0.0000,https://fgw.lanzhou.gov.cn/art/2026/7/21/art_3772_1720114.html
兰州市,2026-07-21,2026-07-21（发布：2026-07-21）,草鱼,活1000克左右一条,元/500克,9.29,,,,,兰州市发展和改革委员会主要农副产品价格监测报表,,0.0000,https://fgw.lanzhou.gov.cn/art/2026/7/21/art_3772_1720114.html
兰州市,2026-07-21,2026-07-21（发布：2026-07-21）,大白菜,新鲜一级,元/500克,1.79,,,,,兰州市发展和改革委员会主要农副产品价格监测报表,,0.0000,https://fgw.lanzhou.gov.cn/art/2026/7/21/art_3772_1720114.html
兰州市,2026-07-21,2026-07-21（发布：2026-07-21）,带鱼,冻250克左右一条,元/500克,18.86,,,,,兰州市发展和改革委员会主要农副产品价格监测报表,,0.0000,https://fgw.lanzhou.gov.cn/art/2026/7/21/art_3772_1720114.html
兰州市,2026-07-21,2026-07-21（发布：2026-07-21）,豆腐,新鲜一级,元/500克,3.21,,,,,兰州市发展和改革委员会主要农副产品价格监测报表,,0.0000,https://fgw.lanzhou.gov.cn/art/2026/7/21/art_3772_1720114.html
兰州市,2026-07-21,2026-07-21（发布：2026-07-21）,番瓜,新鲜一级,元/500克,2.21,,,,,兰州市发展和改革委员会主要农副产品价格监测报表,,0.0000,https://fgw.lanzhou.gov.cn/art/2026/7/21/art_3772_1720114.html
兰州市,2026-07-21,2026-07-21（发布：2026-07-21）,方便面,袋,元/120克,2.66,,,,,兰州市发展和改革委员会主要农副产品价格监测报表,,0.0000,https://fgw.lanzhou.gov.cn/art/2026/7/21/art_3772_1720114.html
兰州市,2026-07-21,2026-07-21（发布：2026-07-21）,富强粉,特一粉,元/500克,2.40,,,,,兰州市发展和改革委员会主要农副产品价格监测报表,,0.0000,https://fgw.lanzhou.gov.cn/art/2026/7/21/art_3772_1720114.html
兰州市,2026-07-21,2026-07-21（发布：2026-07-21）,胡萝卜,新鲜一级,元/500克,2.36,,,,,兰州市发展和改革委员会主要农副产品价格监测报表,,-0.0288,https://fgw.lanzhou.gov.cn/art/2026/7/21/art_3772_1720114.html
兰州市,2026-07-21,2026-07-21（发布：2026-07-21）,花生油,桶装一级压榨,元/5升,152.44,,,,,兰州市发展和改革委员会主要农副产品价格监测报表,,0.0000,https://fgw.lanzhou.gov.cn/art/2026/7/21/art_3772_1720114.html
兰州市,2026-07-21,2026-07-21（发布：2026-07-21）,黄瓜,新鲜一级,元/500克,2.43,,,,,兰州市发展和改革委员会主要农副产品价格监测报表,,-0.0795,https://fgw.lanzhou.gov.cn/art/2026/7/21/art_3772_1720114.html
兰州市,2026-07-21,2026-07-21（发布：2026-07-21）,鸡蛋,新鲜完整,元/500克,5.87,,,,,兰州市发展和改革委员会主要农副产品价格监测报表,,-0.0068,https://fgw.lanzhou.gov.cn/art/2026/7/21/art_3772_1720114.html
兰州市,2026-07-21,2026-07-21（发布：2026-07-21）,鸡肉,白条鸡,元/500克,14.57,,,,,兰州市发展和改革委员会主要农副产品价格监测报表,,0.0000,https://fgw.lanzhou.gov.cn/art/2026/7/21/art_3772_1720114.html
兰州市,2026-07-21,2026-07-21（发布：2026-07-21）,鲫鱼,活350克左右一条,元/500克,12.14,,,,,兰州市发展和改革委员会主要农副产品价格监测报表,,0.0000,https://fgw.lanzhou.gov.cn/art/2026/7/21/art_3772_1720114.html
兰州市,2026-07-21,2026-07-21（发布：2026-07-21）,茄子,新鲜一级,元/500克,3.36,,,,,兰州市发展和改革委员会主要农副产品价格监测报表,,0.0000,https://fgw.lanzhou.gov.cn/art/2026/7/21/art_3772_1720114.html
兰州市,2026-07-21,2026-07-21（发布：2026-07-21）,尖椒,新鲜一级,元/500克,3.36,,,,,兰州市发展和改革委员会主要农副产品价格监测报表,,-0.0204,https://fgw.lanzhou.gov.cn/art/2026/7/21/art_3772_1720114.html
兰州市,2026-07-21,2026-07-21（发布：2026-07-21）,豇豆,新鲜一级,元/500克,4.50,,,,,兰州市发展和改革委员会主要农副产品价格监测报表,,-0.0153,https://fgw.lanzhou.gov.cn/art/2026/7/21/art_3772_1720114.html
兰州市,2026-07-21,2026-07-21（发布：2026-07-21）,粳米,标一,元/500克,3.89,,,,,兰州市发展和改革委员会主要农副产品价格监测报表,,0.0000,https://fgw.lanzhou.gov.cn/art/2026/7/21/art_3772_1720114.html
兰州市,2026-07-21,2026-07-21（发布：2026-07-21）,韭菜,新鲜一级,元/500克,3.50,,,,,兰州市发展和改革委员会主要农副产品价格监测报表,,0.0000,https://fgw.lanzhou.gov.cn/art/2026/7/21/art_3772_1720114.html
兰州市,2026-07-21,2026-07-21（发布：2026-07-21）,鲤鱼,活500克左右一条,元/500克,8.43,,,,,兰州市发展和改革委员会主要农副产品价格监测报表,,0.0000,https://fgw.lanzhou.gov.cn/art/2026/7/21/art_3772_1720114.html
兰州市,2026-07-21,2026-07-21（发布：2026-07-21）,莲花菜,新鲜一级,元/500克,2.00,,,,,兰州市发展和改革委员会主要农副产品价格监测报表,,-0.0338,https://fgw.lanzhou.gov.cn/art/2026/7/21/art_3772_1720114.html
兰州市,2026-07-21,2026-07-21（发布：2026-07-21）,牛奶,当地主销（散装）,元/500克,3.79,,,,,兰州市发展和改革委员会主要农副产品价格监测报表,,0.0000,https://fgw.lanzhou.gov.cn/art/2026/7/21/art_3772_1720114.html
兰州市,2026-07-21,2026-07-21（发布：2026-07-21）,牛奶,蒙牛220ml,元/袋,2.65,,,,,兰州市发展和改革委员会主要农副产品价格监测报表,,0.0000,https://fgw.lanzhou.gov.cn/art/2026/7/21/art_3772_1720114.html
兰州市,2026-07-21,2026-07-21（发布：2026-07-21）,芹菜,新鲜一级,元/500克,2.79,,,,,兰州市发展和改革委员会主要农副产品价格监测报表,,0.0000,https://fgw.lanzhou.gov.cn/art/2026/7/21/art_3772_1720114.html
兰州市,2026-07-21,2026-07-21（发布：2026-07-21）,青椒,新鲜一级,元/500克,3.57,,,,,兰州市发展和改革委员会主要农副产品价格监测报表,,-0.0192,https://fgw.lanzhou.gov.cn/art/2026/7/21/art_3772_1720114.html
兰州市,2026-07-21,2026-07-21（发布：2026-07-21）,青笋,新鲜一级,元/500克,2.79,,,,,兰州市发展和改革委员会主要农副产品价格监测报表,,0.0000,https://fgw.lanzhou.gov.cn/art/2026/7/21/art_3772_1720114.html
兰州市,2026-07-21,2026-07-21（发布：2026-07-21）,食用盐,袋,元/320克,2.00,,,,,兰州市发展和改革委员会主要农副产品价格监测报表,,0.0000,https://fgw.lanzhou.gov.cn/art/2026/7/21/art_3772_1720114.html
兰州市,2026-07-21,2026-07-21（发布：2026-07-21）,蒜薹,新鲜一级,元/500克,6.36,,,,,兰州市发展和改革委员会主要农副产品价格监测报表,,0.0000,https://fgw.lanzhou.gov.cn/art/2026/7/21/art_3772_1720114.html
兰州市,2026-07-21,2026-07-21（发布：2026-07-21）,土豆,新鲜一级,元/500克,1.83,,,,,兰州市发展和改革委员会主要农副产品价格监测报表,,-0.0161,https://fgw.lanzhou.gov.cn/art/2026/7/21/art_3772_1720114.html
兰州市,2026-07-21,2026-07-21（发布：2026-07-21）,西红柿,新鲜一级,元/500克,2.64,,,,,兰州市发展和改革委员会主要农副产品价格监测报表,,-0.0258,https://fgw.lanzhou.gov.cn/art/2026/7/21/art_3772_1720114.html
兰州市,2026-07-21,2026-07-21（发布：2026-07-21）,鲜牛肉,新鲜统货,元/500克,32.71,,,,,兰州市发展和改革委员会主要农副产品价格监测报表,,0.0000,https://fgw.lanzhou.gov.cn/art/2026/7/21/art_3772_1720114.html
兰州市,2026-07-21,2026-07-21（发布：2026-07-21）,鲜羊肉,新鲜统货,元/500克,32.86,,,,,兰州市发展和改革委员会主要农副产品价格监测报表,,0.0046,https://fgw.lanzhou.gov.cn/art/2026/7/21/art_3772_1720114.html
兰州市,2026-07-21,2026-07-21（发布：2026-07-21）,鲜猪肉,精瘦肉,元/500克,10.79,,,,,兰州市发展和改革委员会主要农副产品价格监测报表,,0.0000,https://fgw.lanzhou.gov.cn/art/2026/7/21/art_3772_1720114.html
兰州市,2026-07-21,2026-07-21（发布：2026-07-21）,鲜猪肉,新鲜剔骨五花肉,元/500克,10.29,,,,,兰州市发展和改革委员会主要农副产品价格监测报表,,0.0000,https://fgw.lanzhou.gov.cn/art/2026/7/21/art_3772_1720114.html
兰州市,2026-07-21,2026-07-21（发布：2026-07-21）,小麦,收购价格,元/500克,1.41,,,,,兰州市发展和改革委员会主要农副产品价格监测报表,,0.0000,https://fgw.lanzhou.gov.cn/art/2026/7/21/art_3772_1720114.html
兰州市,2026-07-21,2026-07-21（发布：2026-07-21）,小麦,销售价格,元/500克,1.49,,,,,兰州市发展和改革委员会主要农副产品价格监测报表,,0.0000,https://fgw.lanzhou.gov.cn/art/2026/7/21/art_3772_1720114.html
兰州市,2026-07-21,2026-07-21（发布：2026-07-21）,洋葱,新鲜一级,元/500克,1.83,,,,,兰州市发展和改革委员会主要农副产品价格监测报表,,0.0000,https://fgw.lanzhou.gov.cn/art/2026/7/21/art_3772_1720114.html
兰州市,2026-07-21,2026-07-21（发布：2026-07-21）,液化气,10公斤装,元/罐,89.43,,,,,兰州市发展和改革委员会主要农副产品价格监测报表,,0.0000,https://fgw.lanzhou.gov.cn/art/2026/7/21/art_3772_1720114.html
兰州市,2026-07-21,2026-07-21（发布：2026-07-21）,油菜,新鲜一级,元/500克,2.86,,,,,兰州市发展和改革委员会主要农副产品价格监测报表,,0.0000,https://fgw.lanzhou.gov.cn/art/2026/7/21/art_3772_1720114.html
兰州市,2026-07-21,2026-07-21（发布：2026-07-21）,玉米,收购价格,元/500克,1.14,,,,,兰州市发展和改革委员会主要农副产品价格监测报表,,0.0000,https://fgw.lanzhou.gov.cn/art/2026/7/21/art_3772_1720114.html
兰州市,2026-07-21,2026-07-21（发布：2026-07-21）,玉米,销售价格,元/500克,1.18,,,,,兰州市发展和改革委员会主要农副产品价格监测报表,,0.0000,https://fgw.lanzhou.gov.cn/art/2026/7/21/art_3772_1720114.html
兰州市,2026-07-24,2026-07-24（发布：2026-07-24）,白醋,瓶,元/500ml,6.67,,,,,兰州市发展和改革委员会主要农副产品价格监测报表,,0.0000,https://fgw.lanzhou.gov.cn/art/2026/7/24/art_3772_1721355.html
兰州市,2026-07-24,2026-07-24（发布：2026-07-24）,白萝卜,新鲜一级,元/500克,2.00,,,,,兰州市发展和改革委员会主要农副产品价格监测报表,,0.0000,https://fgw.lanzhou.gov.cn/art/2026/7/24/art_3772_1721355.html
兰州市,2026-07-24,2026-07-24（发布：2026-07-24）,菜花,新鲜一级,元/500克,2.67,,,,,兰州市发展和改革委员会主要农副产品价格监测报表,,0.0000,https://fgw.lanzhou.gov.cn/art/2026/7/24/art_3772_1721355.html
兰州市,2026-07-24,2026-07-24（发布：2026-07-24）,菜籽油,桶装一级浸出,元/5升,86.44,,,,,兰州市发展和改革委员会主要农副产品价格监测报表,,0.0000,https://fgw.lanzhou.gov.cn/art/2026/7/24/art_3772_1721355.html
兰州市,2026-07-24,2026-07-24（发布：2026-07-24）,草鱼,活1000克左右一条,元/500克,9.29,,,,,兰州市发展和改革委员会主要农副产品价格监测报表,,0.0000,https://fgw.lanzhou.gov.cn/art/2026/7/24/art_3772_1721355.html
兰州市,2026-07-24,2026-07-24（发布：2026-07-24）,大白菜,新鲜一级,元/500克,1.79,,,,,兰州市发展和改革委员会主要农副产品价格监测报表,,0.0000,https://fgw.lanzhou.gov.cn/art/2026/7/24/art_3772_1721355.html
兰州市,2026-07-24,2026-07-24（发布：2026-07-24）,带鱼,冻250克左右一条,元/500克,18.86,,,,,兰州市发展和改革委员会主要农副产品价格监测报表,,0.0000,https://fgw.lanzhou.gov.cn/art/2026/7/24/art_3772_1721355.html
兰州市,2026-07-24,2026-07-24（发布：2026-07-24）,豆腐,新鲜一级,元/500克,3.21,,,,,兰州市发展和改革委员会主要农副产品价格监测报表,,0.0000,https://fgw.lanzhou.gov.cn/art/2026/7/24/art_3772_1721355.html
兰州市,2026-07-24,2026-07-24（发布：2026-07-24）,番瓜,新鲜一级,元/500克,2.21,,,,,兰州市发展和改革委员会主要农副产品价格监测报表,,0.0000,https://fgw.lanzhou.gov.cn/art/2026/7/24/art_3772_1721355.html
兰州市,2026-07-24,2026-07-24（发布：2026-07-24）,方便面,袋,元/120克,2.66,,,,,兰州市发展和改革委员会主要农副产品价格监测报表,,0.0000,https://fgw.lanzhou.gov.cn/art/2026/7/24/art_3772_1721355.html
兰州市,2026-07-24,2026-07-24（发布：2026-07-24）,富强粉,特一粉,元/500克,2.40,,,,,兰州市发展和改革委员会主要农副产品价格监测报表,,0.0000,https://fgw.lanzhou.gov.cn/art/2026/7/24/art_3772_1721355.html
兰州市,2026-07-24,2026-07-24（发布：2026-07-24）,胡萝卜,新鲜一级,元/500克,2.36,,,,,兰州市发展和改革委员会主要农副产品价格监测报表,,0.0000,https://fgw.lanzhou.gov.cn/art/2026/7/24/art_3772_1721355.html
兰州市,2026-07-24,2026-07-24（发布：2026-07-24）,花生油,桶装一级压榨,元/5升,152.44,,,,,兰州市发展和改革委员会主要农副产品价格监测报表,,0.0000,https://fgw.lanzhou.gov.cn/art/2026/7/24/art_3772_1721355.html
兰州市,2026-07-24,2026-07-24（发布：2026-07-24）,黄瓜,新鲜一级,元/500克,2.43,,,,,兰州市发展和改革委员会主要农副产品价格监测报表,,0.0000,https://fgw.lanzhou.gov.cn/art/2026/7/24/art_3772_1721355.html
兰州市,2026-07-24,2026-07-24（发布：2026-07-24）,鸡蛋,新鲜完整,元/500克,5.91,,,,,兰州市发展和改革委员会主要农副产品价格监测报表,,0.0068,https://fgw.lanzhou.gov.cn/art/2026/7/24/art_3772_1721355.html
兰州市,2026-07-24,2026-07-24（发布：2026-07-24）,鸡肉,白条鸡,元/500克,14.57,,,,,兰州市发展和改革委员会主要农副产品价格监测报表,,0.0000,https://fgw.lanzhou.gov.cn/art/2026/7/24/art_3772_1721355.html
兰州市,2026-07-24,2026-07-24（发布：2026-07-24）,鲫鱼,活350克左右一条,元/500克,12.14,,,,,兰州市发展和改革委员会主要农副产品价格监测报表,,0.0000,https://fgw.lanzhou.gov.cn/art/2026/7/24/art_3772_1721355.html
兰州市,2026-07-24,2026-07-24（发布：2026-07-24）,茄子,新鲜一级,元/500克,3.21,,,,,兰州市发展和改革委员会主要农副产品价格监测报表,,-0.0446,https://fgw.lanzhou.gov.cn/art/2026/7/24/art_3772_1721355.html
兰州市,2026-07-24,2026-07-24（发布：2026-07-24）,尖椒,新鲜一级,元/500克,3.50,,,,,兰州市发展和改革委员会主要农副产品价格监测报表,,0.0417,https://fgw.lanzhou.gov.cn/art/2026/7/24/art_3772_1721355.html
兰州市,2026-07-24,2026-07-24（发布：2026-07-24）,豇豆,新鲜一级,元/500克,4.57,,,,,兰州市发展和改革委员会主要农副产品价格监测报表,,0.0156,https://fgw.lanzhou.gov.cn/art/2026/7/24/art_3772_1721355.html
兰州市,2026-07-24,2026-07-24（发布：2026-07-24）,粳米,标一,元/500克,3.89,,,,,兰州市发展和改革委员会主要农副产品价格监测报表,,0.0000,https://fgw.lanzhou.gov.cn/art/2026/7/24/art_3772_1721355.html
兰州市,2026-07-24,2026-07-24（发布：2026-07-24）,韭菜,新鲜一级,元/500克,3.50,,,,,兰州市发展和改革委员会主要农副产品价格监测报表,,0.0000,https://fgw.lanzhou.gov.cn/art/2026/7/24/art_3772_1721355.html
兰州市,2026-07-24,2026-07-24（发布：2026-07-24）,鲤鱼,活500克左右一条,元/500克,8.43,,,,,兰州市发展和改革委员会主要农副产品价格监测报表,,0.0000,https://fgw.lanzhou.gov.cn/art/2026/7/24/art_3772_1721355.html
兰州市,2026-07-24,2026-07-24（发布：2026-07-24）,莲花菜,新鲜一级,元/500克,2.00,,,,,兰州市发展和改革委员会主要农副产品价格监测报表,,0.0000,https://fgw.lanzhou.gov.cn/art/2026/7/24/art_3772_1721355.html
兰州市,2026-07-24,2026-07-24（发布：2026-07-24）,牛奶,当地主销（散装）,元/500克,3.79,,,,,兰州市发展和改革委员会主要农副产品价格监测报表,,0.0000,https://fgw.lanzhou.gov.cn/art/2026/7/24/art_3772_1721355.html
兰州市,2026-07-24,2026-07-24（发布：2026-07-24）,牛奶,蒙牛220ml,元/袋,2.65,,,,,兰州市发展和改革委员会主要农副产品价格监测报表,,0.0000,https://fgw.lanzhou.gov.cn/art/2026/7/24/art_3772_1721355.html
兰州市,2026-07-24,2026-07-24（发布：2026-07-24）,芹菜,新鲜一级,元/500克,2.79,,,,,兰州市发展和改革委员会主要农副产品价格监测报表,,0.0000,https://fgw.lanzhou.gov.cn/art/2026/7/24/art_3772_1721355.html
兰州市,2026-07-24,2026-07-24（发布：2026-07-24）,青椒,新鲜一级,元/500克,3.71,,,,,兰州市发展和改革委员会主要农副产品价格监测报表,,0.0392,https://fgw.lanzhou.gov.cn/art/2026/7/24/art_3772_1721355.html
兰州市,2026-07-24,2026-07-24（发布：2026-07-24）,青笋,新鲜一级,元/500克,2.79,,,,,兰州市发展和改革委员会主要农副产品价格监测报表,,0.0000,https://fgw.lanzhou.gov.cn/art/2026/7/24/art_3772_1721355.html
兰州市,2026-07-24,2026-07-24（发布：2026-07-24）,食用盐,袋,元/320克,2.00,,,,,兰州市发展和改革委员会主要农副产品价格监测报表,,0.0000,https://fgw.lanzhou.gov.cn/art/2026/7/24/art_3772_1721355.html
兰州市,2026-07-24,2026-07-24（发布：2026-07-24）,蒜薹,新鲜一级,元/500克,6.43,,,,,兰州市发展和改革委员会主要农副产品价格监测报表,,0.0110,https://fgw.lanzhou.gov.cn/art/2026/7/24/art_3772_1721355.html
兰州市,2026-07-24,2026-07-24（发布：2026-07-24）,土豆,新鲜一级,元/500克,1.83,,,,,兰州市发展和改革委员会主要农副产品价格监测报表,,0.0000,https://fgw.lanzhou.gov.cn/art/2026/7/24/art_3772_1721355.html
兰州市,2026-07-24,2026-07-24（发布：2026-07-24）,西红柿,新鲜一级,元/500克,2.64,,,,,兰州市发展和改革委员会主要农副产品价格监测报表,,0.0000,https://fgw.lanzhou.gov.cn/art/2026/7/24/art_3772_1721355.html
兰州市,2026-07-24,2026-07-24（发布：2026-07-24）,鲜牛肉,新鲜统货,元/500克,32.71,,,,,兰州市发展和改革委员会主要农副产品价格监测报表,,0.0000,https://fgw.lanzhou.gov.cn/art/2026/7/24/art_3772_1721355.html
兰州市,2026-07-24,2026-07-24（发布：2026-07-24）,鲜羊肉,新鲜统货,元/500克,32.71,,,,,兰州市发展和改革委员会主要农副产品价格监测报表,,-0.0046,https://fgw.lanzhou.gov.cn/art/2026/7/24/art_3772_1721355.html
兰州市,2026-07-24,2026-07-24（发布：2026-07-24）,鲜猪肉,精瘦肉,元/500克,10.79,,,,,兰州市发展和改革委员会主要农副产品价格监测报表,,0.0000,https://fgw.lanzhou.gov.cn/art/2026/7/24/art_3772_1721355.html
兰州市,2026-07-24,2026-07-24（发布：2026-07-24）,鲜猪肉,新鲜剔骨五花肉,元/500克,10.29,,,,,兰州市发展和改革委员会主要农副产品价格监测报表,,0.0000,https://fgw.lanzhou.gov.cn/art/2026/7/24/art_3772_1721355.html
兰州市,2026-07-24,2026-07-24（发布：2026-07-24）,小麦,收购价格,元/500克,1.41,,,,,兰州市发展和改革委员会主要农副产品价格监测报表,,0.0000,https://fgw.lanzhou.gov.cn/art/2026/7/24/art_3772_1721355.html
兰州市,2026-07-24,2026-07-24（发布：2026-07-24）,小麦,销售价格,元/500克,1.49,,,,,兰州市发展和改革委员会主要农副产品价格监测报表,,0.0000,https://fgw.lanzhou.gov.cn/art/2026/7/24/art_3772_1721355.html
兰州市,2026-07-24,2026-07-24（发布：2026-07-24）,洋葱,新鲜一级,元/500克,1.83,,,,,兰州市发展和改革委员会主要农副产品价格监测报表,,0.0000,https://fgw.lanzhou.gov.cn/art/2026/7/24/art_3772_1721355.html
兰州市,2026-07-24,2026-07-24（发布：2026-07-24）,液化气,10公斤装,元/罐,89.43,,,,,兰州市发展和改革委员会主要农副产品价格监测报表,,0.0000,https://fgw.lanzhou.gov.cn/art/2026/7/24/art_3772_1721355.html
兰州市,2026-07-24,2026-07-24（发布：2026-07-24）,油菜,新鲜一级,元/500克,2.86,,,,,兰州市发展和改革委员会主要农副产品价格监测报表,,0.0000,https://fgw.lanzhou.gov.cn/art/2026/7/24/art_3772_1721355.html
兰州市,2026-07-24,2026-07-24（发布：2026-07-24）,玉米,收购价格,元/500克,1.14,,,,,兰州市发展和改革委员会主要农副产品价格监测报表,,0.0000,https://fgw.lanzhou.gov.cn/art/2026/7/24/art_3772_1721355.html
兰州市,2026-07-24,2026-07-24（发布：2026-07-24）,玉米,销售价格,元/500克,1.18,,,,,兰州市发展和改革委员会主要农副产品价格监测报表,,0.0000,https://fgw.lanzhou.gov.cn/art/2026/7/24/art_3772_1721355.html
宁夏,2026-01-16,2026年1月第3周（1月12日-16日）,标准粉,平均每500克,元/500克,2.57,,,,,全区监测重要民生商品市场零售价格,,0,https://fzggw.nx.gov.cn/sjfb/yxfx/202601/t20260122_5143848.html
宁夏,2026-01-16,2026年1月第3周（1月12日-16日）,大豆油,桶装5升,元/5升,64.73,,,,,全区监测重要民生商品市场零售价格,,-0.0005,https://fzggw.nx.gov.cn/sjfb/yxfx/202601/t20260122_5143848.html
宁夏,2026-01-16,2026年1月第3周（1月12日-16日）,胡麻油,桶装5升,元/5升,102.56,,,,,全区监测重要民生商品市场零售价格,,-0.0001,https://fzggw.nx.gov.cn/sjfb/yxfx/202601/t20260122_5143848.html
宁夏,2026-01-16,2026年1月第3周（1月12日-16日）,花生油,桶装5升,元/5升,129.69,,,,,全区监测重要民生商品市场零售价格,,0.0005,https://fzggw.nx.gov.cn/sjfb/yxfx/202601/t20260122_5143848.html
宁夏,2026-01-16,2026年1月第3周（1月12日-16日）,鸡蛋,市场价格,元/500克,4.91,,,,,全区监测重要民生商品市场零售价格,,0.002,https://fzggw.nx.gov.cn/sjfb/yxfx/202601/t20260122_5143848.html
宁夏,2026-01-16,2026年1月第3周（1月12日-16日）,鸡肉,白条鸡,元/500克,11.02,,,,,全区监测重要民生商品市场零售价格,,-0.0009,https://fzggw.nx.gov.cn/sjfb/yxfx/202601/t20260122_5143848.html
宁夏,2026-01-16,2026年1月第3周（1月12日-16日）,粳米,平均每500克,元/500克,2.88,,,,,全区监测重要民生商品市场零售价格,,0,https://fzggw.nx.gov.cn/sjfb/yxfx/202601/t20260122_5143848.html
宁夏,2026-01-16,2026年1月第3周（1月12日-16日）,梨,市场价格,元/500克,4.03,,,,,全区监测重要民生商品市场零售价格,,0.036000000000000004,https://fzggw.nx.gov.cn/sjfb/yxfx/202601/t20260122_5143848.html
宁夏,2026-01-16,2026年1月第3周（1月12日-16日）,苹果,市场价格,元/500克,5.64,,,,,全区监测重要民生商品市场零售价格,,0.033,https://fzggw.nx.gov.cn/sjfb/yxfx/202601/t20260122_5143848.html
宁夏,2026-01-16,2026年1月第3周（1月12日-16日）,蔬菜,25种重点监测蔬菜平均零售价格,元/500克,4.41,,,,,全区监测重要民生商品市场零售价格,,-0.009000000000000001,https://fzggw.nx.gov.cn/sjfb/yxfx/202601/t20260122_5143848.html
宁夏,2026-01-16,2026年1月第3周（1月12日-16日）,特一粉,平均每500克,元/500克,2.68,,,,,全区监测重要民生商品市场零售价格,,0,https://fzggw.nx.gov.cn/sjfb/yxfx/202601/t20260122_5143848.html
宁夏,2026-01-16,2026年1月第3周（1月12日-16日）,鲜牛肉,腱子肉,元/500克,34.56,,,,,全区监测重要民生商品市场零售价格,,0.0014000000000000002,https://fzggw.nx.gov.cn/sjfb/yxfx/202601/t20260122_5143848.html
宁夏,2026-01-16,2026年1月第3周（1月12日-16日）,鲜羊肉,新鲜带骨,元/500克,32.1,,,,,全区监测重要民生商品市场零售价格,,0.0016,https://fzggw.nx.gov.cn/sjfb/yxfx/202601/t20260122_5143848.html
宁夏,2026-01-16,2026年1月第3周（1月12日-16日）,鲜猪肉,肋条肉,元/500克,13.06,,,,,全区监测重要民生商品市场零售价格,,0.0124,https://fzggw.nx.gov.cn/sjfb/yxfx/202601/t20260122_5143848.html
宁夏,2026-01-16,2026年1月第3周（1月12日-16日）,香蕉,市场价格,元/500克,3.36,,,,,全区监测重要民生商品市场零售价格,,-0.0118,https://fzggw.nx.gov.cn/sjfb/yxfx/202601/t20260122_5143848.html
宁夏,2026-02-27,2026年2月第4周（2月23日-27日）,标准粉,平均每500克,元/500克,2.57,,,,,全区监测重要民生商品市场零售价格,,0,https://fzggw.nx.gov.cn/sjfb/yxfx/202603/t20260317_5195432.html
宁夏,2026-02-27,2026年2月第4周（2月23日-27日）,大豆油,桶装5升,元/5升,64.73,,,,,全区监测重要民生商品市场零售价格,,0,https://fzggw.nx.gov.cn/sjfb/yxfx/202603/t20260317_5195432.html
宁夏,2026-02-27,2026年2月第4周（2月23日-27日）,胡麻油,桶装5升,元/5升,102.48,,,,,全区监测重要民生商品市场零售价格,,0,https://fzggw.nx.gov.cn/sjfb/yxfx/202603/t20260317_5195432.html
宁夏,2026-02-27,2026年2月第4周（2月23日-27日）,花生油,桶装5升,元/5升,129.69,,,,,全区监测重要民生商品市场零售价格,,0,https://fzggw.nx.gov.cn/sjfb/yxfx/202603/t20260317_5195432.html
宁夏,2026-02-27,2026年2月第4周（2月23日-27日）,鸡蛋,市场价格,元/500克,4.69,,,,,全区监测重要民生商品市场零售价格,,-0.0064,https://fzggw.nx.gov.cn/sjfb/yxfx/202603/t20260317_5195432.html
宁夏,2026-02-27,2026年2月第4周（2月23日-27日）,鸡肉,白条鸡,元/500克,11.02,,,,,全区监测重要民生商品市场零售价格,,0,https://fzggw.nx.gov.cn/sjfb/yxfx/202603/t20260317_5195432.html
宁夏,2026-02-27,2026年2月第4周（2月23日-27日）,粳米,平均每500克,元/500克,2.88,,,,,全区监测重要民生商品市场零售价格,,0,https://fzggw.nx.gov.cn/sjfb/yxfx/202603/t20260317_5195432.html
宁夏,2026-02-27,2026年2月第4周（2月23日-27日）,梨,市场价格,元/500克,4.07,,,,,全区监测重要民生商品市场零售价格,,0.015,https://fzggw.nx.gov.cn/sjfb/yxfx/202603/t20260317_5195432.html
宁夏,2026-02-27,2026年2月第4周（2月23日-27日）,苹果,市场价格,元/500克,5.8,,,,,全区监测重要民生商品市场零售价格,,0.0105,https://fzggw.nx.gov.cn/sjfb/yxfx/202603/t20260317_5195432.html
宁夏,2026-02-27,2026年2月第4周（2月23日-27日）,蔬菜,25种重点监测蔬菜平均零售价格,元/500克,4.27,,,,,全区监测重要民生商品市场零售价格,,-0.0317,https://fzggw.nx.gov.cn/sjfb/yxfx/202603/t20260317_5195432.html
宁夏,2026-02-27,2026年2月第4周（2月23日-27日）,特一粉,平均每500克,元/500克,2.68,,,,,全区监测重要民生商品市场零售价格,,0,https://fzggw.nx.gov.cn/sjfb/yxfx/202603/t20260317_5195432.html
宁夏,2026-02-27,2026年2月第4周（2月23日-27日）,鲜牛肉,腱子肉,元/500克,35.12,,,,,全区监测重要民生商品市场零售价格,,0.0023,https://fzggw.nx.gov.cn/sjfb/yxfx/202603/t20260317_5195432.html
宁夏,2026-02-27,2026年2月第4周（2月23日-27日）,鲜羊肉,新鲜带骨,元/500克,33.94,,,,,全区监测重要民生商品市场零售价格,,0.006500000000000001,https://fzggw.nx.gov.cn/sjfb/yxfx/202603/t20260317_5195432.html
宁夏,2026-02-27,2026年2月第4周（2月23日-27日）,鲜猪肉,肋条肉,元/500克,13.18,,,,,全区监测重要民生商品市场零售价格,,0.0015,https://fzggw.nx.gov.cn/sjfb/yxfx/202603/t20260317_5195432.html
宁夏,2026-02-27,2026年2月第4周（2月23日-27日）,香蕉,市场价格,元/500克,3.6,,,,,全区监测重要民生商品市场零售价格,,0,https://fzggw.nx.gov.cn/sjfb/yxfx/202603/t20260317_5195432.html
宁夏,2026-04-30,2026年4月第5周（4月27日-30日）,标准粉,平均每500克,元/500克,2.51,,,,,全区监测重要民生商品市场零售价格,,0,https://fzggw.nx.gov.cn/sjfb/yxfx/202605/t20260506_5232395.html
宁夏,2026-04-30,2026年4月第5周（4月27日-30日）,大豆油,桶装5升,元/5升,66.24,,,,,全区监测重要民生商品市场零售价格,,0,https://fzggw.nx.gov.cn/sjfb/yxfx/202605/t20260506_5232395.html
宁夏,2026-04-30,2026年4月第5周（4月27日-30日）,胡麻油,桶装5升,元/5升,102.02,,,,,全区监测重要民生商品市场零售价格,,0,https://fzggw.nx.gov.cn/sjfb/yxfx/202605/t20260506_5232395.html
宁夏,2026-04-30,2026年4月第5周（4月27日-30日）,花生油,桶装5升,元/5升,130.75,,,,,全区监测重要民生商品市场零售价格,,0,https://fzggw.nx.gov.cn/sjfb/yxfx/202605/t20260506_5232395.html
宁夏,2026-04-30,2026年4月第5周（4月27日-30日）,鸡蛋,市场价格,元/500克,5.21,,,,,全区监测重要民生商品市场零售价格,,-0.0095,https://fzggw.nx.gov.cn/sjfb/yxfx/202605/t20260506_5232395.html
宁夏,2026-04-30,2026年4月第5周（4月27日-30日）,鸡肉,白条鸡,元/500克,11.19,,,,,全区监测重要民生商品市场零售价格,,-0.0044,https://fzggw.nx.gov.cn/sjfb/yxfx/202605/t20260506_5232395.html
宁夏,2026-04-30,2026年4月第5周（4月27日-30日）,粳米,平均每500克,元/500克,2.93,,,,,全区监测重要民生商品市场零售价格,,0,https://fzggw.nx.gov.cn/sjfb/yxfx/202605/t20260506_5232395.html
宁夏,2026-04-30,2026年4月第5周（4月27日-30日）,梨,市场价格,元/500克,3.6,,,,,全区监测重要民生商品市场零售价格,,0,https://fzggw.nx.gov.cn/sjfb/yxfx/202605/t20260506_5232395.html
宁夏,2026-04-30,2026年4月第5周（4月27日-30日）,苹果,市场价格,元/500克,5.79,,,,,全区监测重要民生商品市场零售价格,,0.006999999999999999,https://fzggw.nx.gov.cn/sjfb/yxfx/202605/t20260506_5232395.html
宁夏,2026-04-30,2026年4月第5周（4月27日-30日）,蔬菜,25种重点监测蔬菜平均零售价格,元/500克,3.32,,,,,全区监测重要民生商品市场零售价格,,-0.0235,https://fzggw.nx.gov.cn/sjfb/yxfx/202605/t20260506_5232395.html
宁夏,2026-04-30,2026年4月第5周（4月27日-30日）,特一粉,平均每500克,元/500克,2.71,,,,,全区监测重要民生商品市场零售价格,,0,https://fzggw.nx.gov.cn/sjfb/yxfx/202605/t20260506_5232395.html
宁夏,2026-04-30,2026年4月第5周（4月27日-30日）,鲜牛肉,腱子肉,元/500克,35.85,,,,,全区监测重要民生商品市场零售价格,,-0.0031,https://fzggw.nx.gov.cn/sjfb/yxfx/202605/t20260506_5232395.html
宁夏,2026-04-30,2026年4月第5周（4月27日-30日）,鲜羊肉,新鲜带骨,元/500克,33.85,,,,,全区监测重要民生商品市场零售价格,,0.0018,https://fzggw.nx.gov.cn/sjfb/yxfx/202605/t20260506_5232395.html
宁夏,2026-04-30,2026年4月第5周（4月27日-30日）,鲜猪肉,肋条肉,元/500克,12.48,,,,,全区监测重要民生商品市场零售价格,,-0.029500000000000002,https://fzggw.nx.gov.cn/sjfb/yxfx/202605/t20260506_5232395.html
宁夏,2026-04-30,2026年4月第5周（4月27日-30日）,香蕉,市场价格,元/500克,3.43,,,,,全区监测重要民生商品市场零售价格,,-0.0087,https://fzggw.nx.gov.cn/sjfb/yxfx/202605/t20260506_5232395.html
宁夏,2026-05-15,2026年5月第2周（5月11日-15日）,标准粉,平均每500克,元/500克,2.5,,,,,全区监测重要民生商品市场零售价格,,0.008100000000000001,https://fzggw.nx.gov.cn/sjfb/yxfx/202605/t20260521_5245848.html
宁夏,2026-05-15,2026年5月第2周（5月11日-15日）,大豆油,桶装5升,元/5升,66.29,,,,,全区监测重要民生商品市场零售价格,,0.0274,https://fzggw.nx.gov.cn/sjfb/yxfx/202605/t20260521_5245848.html
宁夏,2026-05-15,2026年5月第2周（5月11日-15日）,胡麻油,桶装5升,元/5升,96.18,,,,,全区监测重要民生商品市场零售价格,,-0.0212,https://fzggw.nx.gov.cn/sjfb/yxfx/202605/t20260521_5245848.html
宁夏,2026-05-15,2026年5月第2周（5月11日-15日）,花生油,桶装5升,元/5升,134.9,,,,,全区监测重要民生商品市场零售价格,,0.0268,https://fzggw.nx.gov.cn/sjfb/yxfx/202605/t20260521_5245848.html
宁夏,2026-05-15,2026年5月第2周（5月11日-15日）,鸡蛋,市场价格,元/500克,5.49,,,,,全区监测重要民生商品市场零售价格,,0.0281,https://fzggw.nx.gov.cn/sjfb/yxfx/202605/t20260521_5245848.html
宁夏,2026-05-15,2026年5月第2周（5月11日-15日）,鸡肉,白条鸡,元/500克,11.68,,,,,全区监测重要民生商品市场零售价格,,0.020099999999999996,https://fzggw.nx.gov.cn/sjfb/yxfx/202605/t20260521_5245848.html
宁夏,2026-05-15,2026年5月第2周（5月11日-15日）,粳米,平均每500克,元/500克,2.74,,,,,全区监测重要民生商品市场零售价格,,0.0037,https://fzggw.nx.gov.cn/sjfb/yxfx/202605/t20260521_5245848.html
宁夏,2026-05-15,2026年5月第2周（5月11日-15日）,梨,市场价格,元/500克,3.59,,,,,全区监测重要民生商品市场零售价格,,-0.0137,https://fzggw.nx.gov.cn/sjfb/yxfx/202605/t20260521_5245848.html
宁夏,2026-05-15,2026年5月第2周（5月11日-15日）,苹果,市场价格,元/500克,5.96,,,,,全区监测重要民生商品市场零售价格,,0.0102,https://fzggw.nx.gov.cn/sjfb/yxfx/202605/t20260521_5245848.html
宁夏,2026-05-15,2026年5月第2周（5月11日-15日）,蔬菜,25种重点监测蔬菜平均零售价格,元/500克,3.16,,,,,全区监测重要民生商品市场零售价格,,-0.0217,https://fzggw.nx.gov.cn/sjfb/yxfx/202605/t20260521_5245848.html
宁夏,2026-05-15,2026年5月第2周（5月11日-15日）,特一粉,平均每500克,元/500克,2.62,,,,,全区监测重要民生商品市场零售价格,,0,https://fzggw.nx.gov.cn/sjfb/yxfx/202605/t20260521_5245848.html
宁夏,2026-05-15,2026年5月第2周（5月11日-15日）,鲜牛肉,腱子肉,元/500克,36.48,,,,,全区监测重要民生商品市场零售价格,,0.0077,https://fzggw.nx.gov.cn/sjfb/yxfx/202605/t20260521_5245848.html
宁夏,2026-05-15,2026年5月第2周（5月11日-15日）,鲜羊肉,新鲜带骨,元/500克,33.82,,,,,全区监测重要民生商品市场零售价格,,-0.0154,https://fzggw.nx.gov.cn/sjfb/yxfx/202605/t20260521_5245848.html
宁夏,2026-05-15,2026年5月第2周（5月11日-15日）,鲜猪肉,肋条肉,元/500克,13.2,,,,,全区监测重要民生商品市场零售价格,,0.0345,https://fzggw.nx.gov.cn/sjfb/yxfx/202605/t20260521_5245848.html
宁夏,2026-05-15,2026年5月第2周（5月11日-15日）,香蕉,市场价格,元/500克,3.32,,,,,全区监测重要民生商品市场零售价格,,0.060700000000000004,https://fzggw.nx.gov.cn/sjfb/yxfx/202605/t20260521_5245848.html
宁夏,2026-05-22,2026年5月第3周（5月18日-22日）,标准粉,平均每500克,元/500克,2.5,,,,,全区监测重要民生商品市场零售价格,,0,https://fzggw.nx.gov.cn/sjfb/yxfx/202605/t20260525_5248583.html
宁夏,2026-05-22,2026年5月第3周（5月18日-22日）,大豆油,桶装5升,元/5升,66.21,,,,,全区监测重要民生商品市场零售价格,,-0.0012,https://fzggw.nx.gov.cn/sjfb/yxfx/202605/t20260525_5248583.html
宁夏,2026-05-22,2026年5月第3周（5月18日-22日）,胡麻油,桶装5升,元/5升,96.09,,,,,全区监测重要民生商品市场零售价格,,-0.0009,https://fzggw.nx.gov.cn/sjfb/yxfx/202605/t20260525_5248583.html
宁夏,2026-05-22,2026年5月第3周（5月18日-22日）,花生油,桶装5升,元/5升,134.46,,,,,全区监测重要民生商品市场零售价格,,-0.0033,https://fzggw.nx.gov.cn/sjfb/yxfx/202605/t20260525_5248583.html
宁夏,2026-05-22,2026年5月第3周（5月18日-22日）,鸡蛋,市场价格,元/500克,5.59,,,,,全区监测重要民生商品市场零售价格,,0.0182,https://fzggw.nx.gov.cn/sjfb/yxfx/202605/t20260525_5248583.html
宁夏,2026-05-22,2026年5月第3周（5月18日-22日）,鸡肉,白条鸡,元/500克,11.9,,,,,全区监测重要民生商品市场零售价格,,0.018799999999999997,https://fzggw.nx.gov.cn/sjfb/yxfx/202605/t20260525_5248583.html
宁夏,2026-05-22,2026年5月第3周（5月18日-22日）,粳米,平均每500克,元/500克,2.73,,,,,全区监测重要民生商品市场零售价格,,-0.0036,https://fzggw.nx.gov.cn/sjfb/yxfx/202605/t20260525_5248583.html
宁夏,2026-05-22,2026年5月第3周（5月18日-22日）,梨,市场价格,元/500克,3.48,,,,,全区监测重要民生商品市场零售价格,,-0.030600000000000002,https://fzggw.nx.gov.cn/sjfb/yxfx/202605/t20260525_5248583.html
宁夏,2026-05-22,2026年5月第3周（5月18日-22日）,苹果,市场价格,元/500克,5.82,,,,,全区监测重要民生商品市场零售价格,,-0.0235,https://fzggw.nx.gov.cn/sjfb/yxfx/202605/t20260525_5248583.html
宁夏,2026-05-22,2026年5月第3周（5月18日-22日）,蔬菜,25种重点监测蔬菜平均零售价格,元/500克,3.1,,,,,全区监测重要民生商品市场零售价格,,-0.019,https://fzggw.nx.gov.cn/sjfb/yxfx/202605/t20260525_5248583.html
宁夏,2026-05-22,2026年5月第3周（5月18日-22日）,特一粉,平均每500克,元/500克,2.62,,,,,全区监测重要民生商品市场零售价格,,0,https://fzggw.nx.gov.cn/sjfb/yxfx/202605/t20260525_5248583.html
宁夏,2026-05-22,2026年5月第3周（5月18日-22日）,鲜牛肉,腱子肉,元/500克,36.19,,,,,全区监测重要民生商品市场零售价格,,-0.0079,https://fzggw.nx.gov.cn/sjfb/yxfx/202605/t20260525_5248583.html
宁夏,2026-05-22,2026年5月第3周（5月18日-22日）,鲜羊肉,新鲜带骨,元/500克,33.78,,,,,全区监测重要民生商品市场零售价格,,-0.0012,https://fzggw.nx.gov.cn/sjfb/yxfx/202605/t20260525_5248583.html
宁夏,2026-05-22,2026年5月第3周（5月18日-22日）,鲜猪肉,肋条肉,元/500克,13.1,,,,,全区监测重要民生商品市场零售价格,,-0.0076,https://fzggw.nx.gov.cn/sjfb/yxfx/202605/t20260525_5248583.html
宁夏,2026-05-22,2026年5月第3周（5月18日-22日）,香蕉,市场价格,元/500克,3.31,,,,,全区监测重要民生商品市场零售价格,,-0.003,https://fzggw.nx.gov.cn/sjfb/yxfx/202605/t20260525_5248583.html
宁夏,2026-06-05,2026年6月第1周（6月1日-5日）,标准粉,平均每500克,元/500克,2.5,,,,,全区监测重要民生商品市场零售价格,,0,https://fzggw.nx.gov.cn/sjfb/yxfx/202606/t20260608_5259693.html
宁夏,2026-06-05,2026年6月第1周（6月1日-5日）,大豆油,桶装5升,元/5升,64.98,,,,,全区监测重要民生商品市场零售价格,,-0.018600000000000002,https://fzggw.nx.gov.cn/sjfb/yxfx/202606/t20260608_5259693.html
宁夏,2026-06-05,2026年6月第1周（6月1日-5日）,胡麻油,桶装5升,元/5升,95.39,,,,,全区监测重要民生商品市场零售价格,,-0.0073,https://fzggw.nx.gov.cn/sjfb/yxfx/202606/t20260608_5259693.html
宁夏,2026-06-05,2026年6月第1周（6月1日-5日）,花生油,桶装5升,元/5升,130.26,,,,,全区监测重要民生商品市场零售价格,,-0.031200000000000002,https://fzggw.nx.gov.cn/sjfb/yxfx/202606/t20260608_5259693.html
宁夏,2026-06-05,2026年6月第1周（6月1日-5日）,鸡蛋,市场价格,元/500克,6.33,,,,,全区监测重要民生商品市场零售价格,,0.053200000000000004,https://fzggw.nx.gov.cn/sjfb/yxfx/202606/t20260608_5259693.html
宁夏,2026-06-05,2026年6月第1周（6月1日-5日）,鸡肉,白条鸡,元/500克,11.98,,,,,全区监测重要民生商品市场零售价格,,0.0067,https://fzggw.nx.gov.cn/sjfb/yxfx/202606/t20260608_5259693.html
宁夏,2026-06-05,2026年6月第1周（6月1日-5日）,粳米,平均每500克,元/500克,2.73,,,,,全区监测重要民生商品市场零售价格,,0,https://fzggw.nx.gov.cn/sjfb/yxfx/202606/t20260608_5259693.html
宁夏,2026-06-05,2026年6月第1周（6月1日-5日）,梨,市场价格,元/500克,3.44,,,,,全区监测重要民生商品市场零售价格,,-0.0086,https://fzggw.nx.gov.cn/sjfb/yxfx/202606/t20260608_5259693.html
宁夏,2026-06-05,2026年6月第1周（6月1日-5日）,苹果,市场价格,元/500克,5.96,,,,,全区监测重要民生商品市场零售价格,,0.0171,https://fzggw.nx.gov.cn/sjfb/yxfx/202606/t20260608_5259693.html
宁夏,2026-06-05,2026年6月第1周（6月1日-5日）,蔬菜,25种重点监测蔬菜平均零售价,元/500克,3.08,,,,,全区监测重要民生商品市场零售价格,,-0.0032,https://fzggw.nx.gov.cn/sjfb/yxfx/202606/t20260608_5259693.html
宁夏,2026-06-05,2026年6月第1周（6月1日-5日）,特一粉,平均每500克,元/500克,2.62,,,,,全区监测重要民生商品市场零售价格,,0,https://fzggw.nx.gov.cn/sjfb/yxfx/202606/t20260608_5259693.html
宁夏,2026-06-05,2026年6月第1周（6月1日-5日）,鲜牛肉,腱子肉,元/500克,36.11,,,,,全区监测重要民生商品市场零售价格,,0,https://fzggw.nx.gov.cn/sjfb/yxfx/202606/t20260608_5259693.html
宁夏,2026-06-05,2026年6月第1周（6月1日-5日）,鲜羊肉,新鲜带骨,元/500克,33.68,,,,,全区监测重要民生商品市场零售价格,,-0.0006,https://fzggw.nx.gov.cn/sjfb/yxfx/202606/t20260608_5259693.html
宁夏,2026-06-05,2026年6月第1周（6月1日-5日）,鲜猪肉,肋条肉,元/500克,12.9,,,,,全区监测重要民生商品市场零售价格,,-0.015300000000000001,https://fzggw.nx.gov.cn/sjfb/yxfx/202606/t20260608_5259693.html
宁夏,2026-06-05,2026年6月第1周（6月1日-5日）,香蕉,市场价格,元/500克,3.26,,,,,全区监测重要民生商品市场零售价格,,-0.0031,https://fzggw.nx.gov.cn/sjfb/yxfx/202606/t20260608_5259693.html
宁夏,2026-06-12,2026年6月第2周（6月8日-12日）,标准粉,平均每500克,元/500克,2.5,,,,,全区监测重要民生商品市场零售价格,,0,https://fzggw.nx.gov.cn/sjfb/yxfx/202606/t20260618_5268540.html
宁夏,2026-06-12,2026年6月第2周（6月8日-12日）,大豆油,桶装5升,元/5升,64.98,,,,,全区监测重要民生商品市场零售价格,,0,https://fzggw.nx.gov.cn/sjfb/yxfx/202606/t20260618_5268540.html
宁夏,2026-06-12,2026年6月第2周（6月8日-12日）,胡麻油,桶装5升,元/5升,95.39,,,,,全区监测重要民生商品市场零售价格,,0,https://fzggw.nx.gov.cn/sjfb/yxfx/202606/t20260618_5268540.html
宁夏,2026-06-12,2026年6月第2周（6月8日-12日）,花生油,桶装5升,元/5升,130.22,,,,,全区监测重要民生商品市场零售价格,,-0.0003,https://fzggw.nx.gov.cn/sjfb/yxfx/202606/t20260618_5268540.html
宁夏,2026-06-12,2026年6月第2周（6月8日-12日）,鸡蛋,市场价格,元/500克,6.52,,,,,全区监测重要民生商品市场零售价格,,0.03,https://fzggw.nx.gov.cn/sjfb/yxfx/202606/t20260618_5268540.html
宁夏,2026-06-12,2026年6月第2周（6月8日-12日）,鸡肉,白条鸡,元/500克,12,,,,,全区监测重要民生商品市场零售价格,,0.0017000000000000001,https://fzggw.nx.gov.cn/sjfb/yxfx/202606/t20260618_5268540.html
宁夏,2026-06-12,2026年6月第2周（6月8日-12日）,粳米,平均每500克,元/500克,2.73,,,,,全区监测重要民生商品市场零售价格,,0,https://fzggw.nx.gov.cn/sjfb/yxfx/202606/t20260618_5268540.html
宁夏,2026-06-12,2026年6月第2周（6月8日-12日）,梨,市场价格,元/500克,3.34,,,,,全区监测重要民生商品市场零售价格,,-0.0291,https://fzggw.nx.gov.cn/sjfb/yxfx/202606/t20260618_5268540.html
宁夏,2026-06-12,2026年6月第2周（6月8日-12日）,苹果,市场价格,元/500克,5.89,,,,,全区监测重要民生商品市场零售价格,,-0.011699999999999999,https://fzggw.nx.gov.cn/sjfb/yxfx/202606/t20260618_5268540.html
宁夏,2026-06-12,2026年6月第2周（6月8日-12日）,蔬菜,25种重点监测蔬菜平均零售价,元/500克,2.99,,,,,全区监测重要民生商品市场零售价格,,-0.0292,https://fzggw.nx.gov.cn/sjfb/yxfx/202606/t20260618_5268540.html
宁夏,2026-06-12,2026年6月第2周（6月8日-12日）,特一粉,平均每500克,元/500克,2.62,,,,,全区监测重要民生商品市场零售价格,,0,https://fzggw.nx.gov.cn/sjfb/yxfx/202606/t20260618_5268540.html
宁夏,2026-06-12,2026年6月第2周（6月8日-12日）,鲜牛肉,腱子肉,元/500克,36.07,,,,,全区监测重要民生商品市场零售价格,,-0.0011,https://fzggw.nx.gov.cn/sjfb/yxfx/202606/t20260618_5268540.html
宁夏,2026-06-12,2026年6月第2周（6月8日-12日）,鲜羊肉,新鲜带骨,元/500克,33.77,,,,,全区监测重要民生商品市场零售价格,,0.0027,https://fzggw.nx.gov.cn/sjfb/yxfx/202606/t20260618_5268540.html
宁夏,2026-06-12,2026年6月第2周（6月8日-12日）,鲜猪肉,肋条肉,元/500克,12.88,,,,,全区监测重要民生商品市场零售价格,,-0.0016,https://fzggw.nx.gov.cn/sjfb/yxfx/202606/t20260618_5268540.html
宁夏,2026-06-12,2026年6月第2周（6月8日-12日）,香蕉,市场价格,元/500克,3.23,,,,,全区监测重要民生商品市场零售价格,,-0.0092,https://fzggw.nx.gov.cn/sjfb/yxfx/202606/t20260618_5268540.html
宁夏,2026-06-18,2026年6月第3周（6月15日-18日）,标准粉,平均每500克,元/500克,2.5,,,,,全区监测重要民生商品市场零售价格,,0,https://fzggw.nx.gov.cn/sjfb/yxfx/202606/t20260623_5271420.html
宁夏,2026-06-18,2026年6月第3周（6月15日-18日）,大豆油,桶装5升,元/5升,64.98,,,,,全区监测重要民生商品市场零售价格,,0,https://fzggw.nx.gov.cn/sjfb/yxfx/202606/t20260623_5271420.html
宁夏,2026-06-18,2026年6月第3周（6月15日-18日）,胡麻油,桶装5升,元/5升,95.39,,,,,全区监测重要民生商品市场零售价格,,0,https://fzggw.nx.gov.cn/sjfb/yxfx/202606/t20260623_5271420.html
宁夏,2026-06-18,2026年6月第3周（6月15日-18日）,花生油,桶装5升,元/5升,130.17,,,,,全区监测重要民生商品市场零售价格,,-0.0004,https://fzggw.nx.gov.cn/sjfb/yxfx/202606/t20260623_5271420.html
宁夏,2026-06-18,2026年6月第3周（6月15日-18日）,鸡蛋,市场价格,元/500克,6.52,,,,,全区监测重要民生商品市场零售价格,,0,https://fzggw.nx.gov.cn/sjfb/yxfx/202606/t20260623_5271420.html
宁夏,2026-06-18,2026年6月第3周（6月15日-18日）,鸡肉,白条鸡,元/500克,11.97,,,,,全区监测重要民生商品市场零售价格,,-0.0025,https://fzggw.nx.gov.cn/sjfb/yxfx/202606/t20260623_5271420.html
宁夏,2026-06-18,2026年6月第3周（6月15日-18日）,粳米,平均每500克,元/500克,2.73,,,,,全区监测重要民生商品市场零售价格,,0,https://fzggw.nx.gov.cn/sjfb/yxfx/202606/t20260623_5271420.html
宁夏,2026-06-18,2026年6月第3周（6月15日-18日）,梨,市场价格,元/500克,3.22,,,,,全区监测重要民生商品市场零售价格,,-0.0359,https://fzggw.nx.gov.cn/sjfb/yxfx/202606/t20260623_5271420.html
宁夏,2026-06-18,2026年6月第3周（6月15日-18日）,苹果,市场价格,元/500克,6.04,,,,,全区监测重要民生商品市场零售价格,,0.0255,https://fzggw.nx.gov.cn/sjfb/yxfx/202606/t20260623_5271420.html
宁夏,2026-06-18,2026年6月第3周（6月15日-18日）,蔬菜,25种重点监测蔬菜平均零售价,元/500克,2.92,,,,,全区监测重要民生商品市场零售价格,,-0.023399999999999997,https://fzggw.nx.gov.cn/sjfb/yxfx/202606/t20260623_5271420.html
宁夏,2026-06-18,2026年6月第3周（6月15日-18日）,特一粉,平均每500克,元/500克,2.62,,,,,全区监测重要民生商品市场零售价格,,0,https://fzggw.nx.gov.cn/sjfb/yxfx/202606/t20260623_5271420.html
宁夏,2026-06-18,2026年6月第3周（6月15日-18日）,鲜牛肉,腱子肉,元/500克,35.67,,,,,全区监测重要民生商品市场零售价格,,-0.0111,https://fzggw.nx.gov.cn/sjfb/yxfx/202606/t20260623_5271420.html
宁夏,2026-06-18,2026年6月第3周（6月15日-18日）,鲜羊肉,新鲜带骨,元/500克,33.86,,,,,全区监测重要民生商品市场零售价格,,0.0027,https://fzggw.nx.gov.cn/sjfb/yxfx/202606/t20260623_5271420.html
宁夏,2026-06-18,2026年6月第3周（6月15日-18日）,鲜猪肉,肋条肉,元/500克,12.9,,,,,全区监测重要民生商品市场零售价格,,0.0016,https://fzggw.nx.gov.cn/sjfb/yxfx/202606/t20260623_5271420.html
宁夏,2026-06-18,2026年6月第3周（6月15日-18日）,香蕉,市场价格,元/500克,3.22,,,,,全区监测重要民生商品市场零售价格,,-0.0031,https://fzggw.nx.gov.cn/sjfb/yxfx/202606/t20260623_5271420.html
沈阳市,2026-01-31,2026-01 月度均价（发布 2026-01-30）,大米,零售均价,元/500克,2.89,,,,,市发改委42种主要农副产品月度跟踪监测,,0.0104,https://fgw.shenyang.gov.cn/wjgz/clzxxfbpt/fxyc/202601/t20260130_4980068.html
沈阳市,2026-01-31,2026-01 月度均价（发布 2026-01-30）,鸡蛋,月平均价,元/500克,3.93,,,,,市发改委42种主要农副产品月度跟踪监测,,0.0508,https://fgw.shenyang.gov.cn/wjgz/clzxxfbpt/fxyc/202601/t20260130_4980068.html
沈阳市,2026-01-31,2026-01 月度均价（发布 2026-01-30）,精粉,零售均价,元/500克,2.98,,,,,市发改委42种主要农副产品月度跟踪监测,,-0.0033,https://fgw.shenyang.gov.cn/wjgz/clzxxfbpt/fxyc/202601/t20260130_4980068.html
沈阳市,2026-01-31,2026-01 月度均价（发布 2026-01-30）,牛肉,零售均价,元/500克,32.21,,,,,市发改委42种主要农副产品月度跟踪监测,,-0.0037,https://fgw.shenyang.gov.cn/wjgz/clzxxfbpt/fxyc/202601/t20260130_4980068.html
沈阳市,2026-01-31,2026-01 月度均价（发布 2026-01-30）,蔬菜,20种重点监测品种平均,元/500克,3.76,,,,,市发改委42种主要农副产品月度跟踪监测,,-0.0079,https://fgw.shenyang.gov.cn/wjgz/clzxxfbpt/fxyc/202601/t20260130_4980068.html
沈阳市,2026-01-31,2026-01 月度均价（发布 2026-01-30）,桶装豆油,零售均价,元/5升,65.78,,,,,市发改委42种主要农副产品月度跟踪监测,,-0.0018,https://fgw.shenyang.gov.cn/wjgz/clzxxfbpt/fxyc/202601/t20260130_4980068.html
沈阳市,2026-01-31,2026-01 月度均价（发布 2026-01-30）,桶装花生油,零售均价,元/5升,154.93,,,,,市发改委42种主要农副产品月度跟踪监测,,0.0001,https://fgw.shenyang.gov.cn/wjgz/clzxxfbpt/fxyc/202601/t20260130_4980068.html
沈阳市,2026-01-31,2026-01 月度均价（发布 2026-01-30）,羊肉,零售均价,元/500克,32.09,,,,,市发改委42种主要农副产品月度跟踪监测,,0.0053,https://fgw.shenyang.gov.cn/wjgz/clzxxfbpt/fxyc/202601/t20260130_4980068.html
沈阳市,2026-01-31,2026-01 月度均价（发布 2026-01-30）,猪肉,各部位平均,元/500克,14.28,,,,,市发改委42种主要农副产品月度跟踪监测,,0,https://fgw.shenyang.gov.cn/wjgz/clzxxfbpt/fxyc/202601/t20260130_4980068.html
沈阳市,2026-02-28,2026-02 月度均价（发布 2026-03-02）,大米,零售均价,元/500克,2.89,,,,,市发改委42种主要农副产品月度跟踪监测,,0,https://fgw.shenyang.gov.cn/wjgz/clzxxfbpt/fxyc/202603/t20260302_4993446.html
沈阳市,2026-02-28,2026-02 月度均价（发布 2026-03-02）,鸡蛋,月平均价,元/500克,4.3,,,,,市发改委42种主要农副产品月度跟踪监测,,0.0831,https://fgw.shenyang.gov.cn/wjgz/clzxxfbpt/fxyc/202603/t20260302_4993446.html
沈阳市,2026-02-28,2026-02 月度均价（发布 2026-03-02）,精粉,零售均价,元/500克,2.98,,,,,市发改委42种主要农副产品月度跟踪监测,,0,https://fgw.shenyang.gov.cn/wjgz/clzxxfbpt/fxyc/202603/t20260302_4993446.html
沈阳市,2026-02-28,2026-02 月度均价（发布 2026-03-02）,牛肉,零售均价,元/500克,33.45,,,,,市发改委42种主要农副产品月度跟踪监测,,0.0368,https://fgw.shenyang.gov.cn/wjgz/clzxxfbpt/fxyc/202603/t20260302_4993446.html
沈阳市,2026-02-28,2026-02 月度均价（发布 2026-03-02）,蔬菜,20种重点监测品种平均,元/500克,3.84,,,,,市发改委42种主要农副产品月度跟踪监测,,0.0185,https://fgw.shenyang.gov.cn/wjgz/clzxxfbpt/fxyc/202603/t20260302_4993446.html
沈阳市,2026-02-28,2026-02 月度均价（发布 2026-03-02）,桶装豆油,零售均价,元/5升,65.7,,,,,市发改委42种主要农副产品月度跟踪监测,,-0.0012,https://fgw.shenyang.gov.cn/wjgz/clzxxfbpt/fxyc/202603/t20260302_4993446.html
沈阳市,2026-02-28,2026-02 月度均价（发布 2026-03-02）,桶装花生油,零售均价,元/5升,154.74,,,,,市发改委42种主要农副产品月度跟踪监测,,-0.0012,https://fgw.shenyang.gov.cn/wjgz/clzxxfbpt/fxyc/202603/t20260302_4993446.html
沈阳市,2026-02-28,2026-02 月度均价（发布 2026-03-02）,羊肉,零售均价,元/500克,32.97,,,,,市发改委42种主要农副产品月度跟踪监测,,0.0258,https://fgw.shenyang.gov.cn/wjgz/clzxxfbpt/fxyc/202603/t20260302_4993446.html
沈阳市,2026-02-28,2026-02 月度均价（发布 2026-03-02）,猪肉,各部位平均,元/500克,14.87,,,,,市发改委42种主要农副产品月度跟踪监测,,0.0376,https://fgw.shenyang.gov.cn/wjgz/clzxxfbpt/fxyc/202603/t20260302_4993446.html
沈阳市,2026-03-31,2026-03 月度均价（发布 2026-04-01）,大米,零售均价,元/500克,2.89,,,,,市发改委42种主要农副产品月度跟踪监测,,0,https://fgw.shenyang.gov.cn/wjgz/clzxxfbpt/fxyc/202604/t20260401_5009837.html
沈阳市,2026-03-31,2026-03 月度均价（发布 2026-04-01）,鸡蛋,月平均价,元/500克,3.73,,,,,市发改委42种主要农副产品月度跟踪监测,,-0.1325,https://fgw.shenyang.gov.cn/wjgz/clzxxfbpt/fxyc/202604/t20260401_5009837.html
沈阳市,2026-03-31,2026-03 月度均价（发布 2026-04-01）,精粉,零售均价,元/500克,2.98,,,,,市发改委42种主要农副产品月度跟踪监测,,0,https://fgw.shenyang.gov.cn/wjgz/clzxxfbpt/fxyc/202604/t20260401_5009837.html
沈阳市,2026-03-31,2026-03 月度均价（发布 2026-04-01）,牛肉,零售均价,元/500克,33.52,,,,,市发改委42种主要农副产品月度跟踪监测,,0.002,https://fgw.shenyang.gov.cn/wjgz/clzxxfbpt/fxyc/202604/t20260401_5009837.html
沈阳市,2026-03-31,2026-03 月度均价（发布 2026-04-01）,蔬菜,20种重点监测品种平均,元/500克,3.24,,,,,市发改委42种主要农副产品月度跟踪监测,,-0.1562,https://fgw.shenyang.gov.cn/wjgz/clzxxfbpt/fxyc/202604/t20260401_5009837.html
沈阳市,2026-03-31,2026-03 月度均价（发布 2026-04-01）,桶装豆油,零售均价,元/5升,65.66,,,,,市发改委42种主要农副产品月度跟踪监测,,-0.0006,https://fgw.shenyang.gov.cn/wjgz/clzxxfbpt/fxyc/202604/t20260401_5009837.html
沈阳市,2026-03-31,2026-03 月度均价（发布 2026-04-01）,桶装花生油,零售均价,元/5升,154.75,,,,,市发改委42种主要农副产品月度跟踪监测,,0,https://fgw.shenyang.gov.cn/wjgz/clzxxfbpt/fxyc/202604/t20260401_5009837.html
沈阳市,2026-03-31,2026-03 月度均价（发布 2026-04-01）,羊肉,零售均价,元/500克,32.84,,,,,市发改委42种主要农副产品月度跟踪监测,,-0.0039,https://fgw.shenyang.gov.cn/wjgz/clzxxfbpt/fxyc/202604/t20260401_5009837.html
沈阳市,2026-03-31,2026-03 月度均价（发布 2026-04-01）,猪肉,各部位平均,元/500克,14.24,,,,,市发改委42种主要农副产品月度跟踪监测,,-0.0423,https://fgw.shenyang.gov.cn/wjgz/clzxxfbpt/fxyc/202604/t20260401_5009837.html
沈阳市,2026-04-30,2026-04 月度均价（发布 2026-04-30）,大米,零售均价,元/500克,2.89,,,,,市发改委42种主要农副产品月度跟踪监测,,0,https://fgw.shenyang.gov.cn/wjgz/clzxxfbpt/fxyc/202604/t20260430_5022021.html
沈阳市,2026-04-30,2026-04 月度均价（发布 2026-04-30）,鸡蛋,月平均价,元/500克,4.05,,,,,市发改委42种主要农副产品月度跟踪监测,,0.0857,https://fgw.shenyang.gov.cn/wjgz/clzxxfbpt/fxyc/202604/t20260430_5022021.html
沈阳市,2026-04-30,2026-04 月度均价（发布 2026-04-30）,精粉,零售均价,元/500克,2.98,,,,,市发改委42种主要农副产品月度跟踪监测,,0,https://fgw.shenyang.gov.cn/wjgz/clzxxfbpt/fxyc/202604/t20260430_5022021.html
沈阳市,2026-04-30,2026-04 月度均价（发布 2026-04-30）,牛肉,零售均价,元/500克,33.22,,,,,市发改委42种主要农副产品月度跟踪监测,,-0.0089,https://fgw.shenyang.gov.cn/wjgz/clzxxfbpt/fxyc/202604/t20260430_5022021.html
沈阳市,2026-04-30,2026-04 月度均价（发布 2026-04-30）,蔬菜,20种重点监测品种平均,元/500克,2.83,,,,,市发改委42种主要农副产品月度跟踪监测,,-0.1265,https://fgw.shenyang.gov.cn/wjgz/clzxxfbpt/fxyc/202604/t20260430_5022021.html
沈阳市,2026-04-30,2026-04 月度均价（发布 2026-04-30）,桶装豆油,零售均价,元/5升,65.67,,,,,市发改委42种主要农副产品月度跟踪监测,,0,https://fgw.shenyang.gov.cn/wjgz/clzxxfbpt/fxyc/202604/t20260430_5022021.html
沈阳市,2026-04-30,2026-04 月度均价（发布 2026-04-30）,桶装花生油,零售均价,元/5升,154.72,,,,,市发改委42种主要农副产品月度跟踪监测,,0,https://fgw.shenyang.gov.cn/wjgz/clzxxfbpt/fxyc/202604/t20260430_5022021.html
沈阳市,2026-04-30,2026-04 月度均价（发布 2026-04-30）,羊肉,零售均价,元/500克,32.93,,,,,市发改委42种主要农副产品月度跟踪监测,,0.0027,https://fgw.shenyang.gov.cn/wjgz/clzxxfbpt/fxyc/202604/t20260430_5022021.html
沈阳市,2026-04-30,2026-04 月度均价（发布 2026-04-30）,猪肉,各部位平均,元/500克,12.73,,,,,市发改委42种主要农副产品月度跟踪监测,,-0.106,https://fgw.shenyang.gov.cn/wjgz/clzxxfbpt/fxyc/202604/t20260430_5022021.html
沈阳市,2026-05-31,2026-05 月度均价（发布 2026-06-01）,大米,零售均价,元/500克,2.89,,,,,市发改委42种主要农副产品月度跟踪监测,,0,https://fgw.shenyang.gov.cn/wjgz/clzxxfbpt/fxyc/202606/t20260601_5034803.html
沈阳市,2026-05-31,2026-05 月度均价（发布 2026-06-01）,鸡蛋,月平均价,元/500克,4.67,,,,,市发改委42种主要农副产品月度跟踪监测,,0.153,https://fgw.shenyang.gov.cn/wjgz/clzxxfbpt/fxyc/202606/t20260601_5034803.html
沈阳市,2026-05-31,2026-05 月度均价（发布 2026-06-01）,精粉,零售均价,元/500克,2.98,,,,,市发改委42种主要农副产品月度跟踪监测,,0,https://fgw.shenyang.gov.cn/wjgz/clzxxfbpt/fxyc/202606/t20260601_5034803.html
沈阳市,2026-05-31,2026-05 月度均价（发布 2026-06-01）,牛肉,零售均价,元/500克,33.33,,,,,市发改委42种主要农副产品月度跟踪监测,,0.0033,https://fgw.shenyang.gov.cn/wjgz/clzxxfbpt/fxyc/202606/t20260601_5034803.html
沈阳市,2026-05-31,2026-05 月度均价（发布 2026-06-01）,蔬菜,20种重点监测品种平均,元/500克,2.57,,,,,市发改委42种主要农副产品月度跟踪监测,,-0.0918,https://fgw.shenyang.gov.cn/wjgz/clzxxfbpt/fxyc/202606/t20260601_5034803.html
沈阳市,2026-05-31,2026-05 月度均价（发布 2026-06-01）,桶装豆油,零售均价,元/5升,65.81,,,,,市发改委42种主要农副产品月度跟踪监测,,0,https://fgw.shenyang.gov.cn/wjgz/clzxxfbpt/fxyc/202606/t20260601_5034803.html
沈阳市,2026-05-31,2026-05 月度均价（发布 2026-06-01）,桶装花生油,零售均价,元/5升,154.72,,,,,市发改委42种主要农副产品月度跟踪监测,,0,https://fgw.shenyang.gov.cn/wjgz/clzxxfbpt/fxyc/202606/t20260601_5034803.html
沈阳市,2026-05-31,2026-05 月度均价（发布 2026-06-01）,羊肉,零售均价,元/500克,33.04,,,,,市发改委42种主要农副产品月度跟踪监测,,0.0033,https://fgw.shenyang.gov.cn/wjgz/clzxxfbpt/fxyc/202606/t20260601_5034803.html
沈阳市,2026-05-31,2026-05 月度均价（发布 2026-06-01）,猪肉,各部位平均,元/500克,12.33,,,,,市发改委42种主要农副产品月度跟踪监测,,-0.0314,https://fgw.shenyang.gov.cn/wjgz/clzxxfbpt/fxyc/202606/t20260601_5034803.html
石家庄市,2026-06-17,"Weekly monitoring, published 2026-06-17",白萝卜,新鲜一级,元/500克,1.24,,,,,Shijiazhuang 38 essential-goods retail price weekly monitoring,,-0.0462,https://www.sjz.gov.cn/columns/794a9172-e807-4fa3-8cc5-b4d321544b31/202606/17/39491b78-da8b-4fde-8bc7-c8f579fae771.html
石家庄市,2026-06-17,"Weekly monitoring, published 2026-06-17",菠菜,新鲜一级,元/500克,4.75,,,,,Shijiazhuang 38 essential-goods retail price weekly monitoring,,0.0579,https://www.sjz.gov.cn/columns/794a9172-e807-4fa3-8cc5-b4d321544b31/202606/17/39491b78-da8b-4fde-8bc7-c8f579fae771.html
石家庄市,2026-06-17,"Weekly monitoring, published 2026-06-17",菜花,新鲜一级,元/500克,5.99,,,,,Shijiazhuang 38 essential-goods retail price weekly monitoring,,0.0000,https://www.sjz.gov.cn/columns/794a9172-e807-4fa3-8cc5-b4d321544b31/202606/17/39491b78-da8b-4fde-8bc7-c8f579fae771.html
石家庄市,2026-06-17,"Weekly monitoring, published 2026-06-17",大白菜,新鲜一级,元/500克,1.49,,,,,Shijiazhuang 38 essential-goods retail price weekly monitoring,,0.4190,https://www.sjz.gov.cn/columns/794a9172-e807-4fa3-8cc5-b4d321544b31/202606/17/39491b78-da8b-4fde-8bc7-c8f579fae771.html
石家庄市,2026-06-17,"Weekly monitoring, published 2026-06-17",大葱,新鲜一级,元/500克,4.45,,,,,Shijiazhuang 38 essential-goods retail price weekly monitoring,,-0.1010,https://www.sjz.gov.cn/columns/794a9172-e807-4fa3-8cc5-b4d321544b31/202606/17/39491b78-da8b-4fde-8bc7-c8f579fae771.html
石家庄市,2026-06-17,"Weekly monitoring, published 2026-06-17",大豆调和油,一级桶装 金龙鱼 浸出,元/5升,74.90,,,,,Shijiazhuang 38 essential-goods retail price weekly monitoring,,0.0000,https://www.sjz.gov.cn/columns/794a9172-e807-4fa3-8cc5-b4d321544b31/202606/17/39491b78-da8b-4fde-8bc7-c8f579fae771.html
石家庄市,2026-06-17,"Weekly monitoring, published 2026-06-17",大豆油,一级桶装 当地主销,元/5升,64.90,,,,,Shijiazhuang 38 essential-goods retail price weekly monitoring,,0.0000,https://www.sjz.gov.cn/columns/794a9172-e807-4fa3-8cc5-b4d321544b31/202606/17/39491b78-da8b-4fde-8bc7-c8f579fae771.html
石家庄市,2026-06-17,"Weekly monitoring, published 2026-06-17",大蒜,新鲜一级,元/500克,2.99,,,,,Shijiazhuang 38 essential-goods retail price weekly monitoring,,-0.1433,https://www.sjz.gov.cn/columns/794a9172-e807-4fa3-8cc5-b4d321544b31/202606/17/39491b78-da8b-4fde-8bc7-c8f579fae771.html
石家庄市,2026-06-17,"Weekly monitoring, published 2026-06-17",带鱼,冻 250克以上一条,元/500克,19.94,,,,,Shijiazhuang 38 essential-goods retail price weekly monitoring,,0.0000,https://www.sjz.gov.cn/columns/794a9172-e807-4fa3-8cc5-b4d321544b31/202606/17/39491b78-da8b-4fde-8bc7-c8f579fae771.html
石家庄市,2026-06-17,"Weekly monitoring, published 2026-06-17",冬瓜,新鲜一级,元/500克,1.49,,,,,Shijiazhuang 38 essential-goods retail price weekly monitoring,,0.0000,https://www.sjz.gov.cn/columns/794a9172-e807-4fa3-8cc5-b4d321544b31/202606/17/39491b78-da8b-4fde-8bc7-c8f579fae771.html
石家庄市,2026-06-17,"Weekly monitoring, published 2026-06-17",豆角,新鲜一级,元/500克,4.99,,,,,Shijiazhuang 38 essential-goods retail price weekly monitoring,,0.2506,https://www.sjz.gov.cn/columns/794a9172-e807-4fa3-8cc5-b4d321544b31/202606/17/39491b78-da8b-4fde-8bc7-c8f579fae771.html
石家庄市,2026-06-17,"Weekly monitoring, published 2026-06-17",后坐肉,普通,元/500克,7.35,,,,,Shijiazhuang 38 essential-goods retail price weekly monitoring,,-0.0187,https://www.sjz.gov.cn/columns/794a9172-e807-4fa3-8cc5-b4d321544b31/202606/17/39491b78-da8b-4fde-8bc7-c8f579fae771.html
石家庄市,2026-06-17,"Weekly monitoring, published 2026-06-17",花生油,一级桶装 鲁花牌 压榨,元/5升,154.90,,,,,Shijiazhuang 38 essential-goods retail price weekly monitoring,,0.0000,https://www.sjz.gov.cn/columns/794a9172-e807-4fa3-8cc5-b4d321544b31/202606/17/39491b78-da8b-4fde-8bc7-c8f579fae771.html
石家庄市,2026-06-17,"Weekly monitoring, published 2026-06-17",黄瓜,新鲜一级,元/500克,1.19,,,,,Shijiazhuang 38 essential-goods retail price weekly monitoring,,-0.4306,https://www.sjz.gov.cn/columns/794a9172-e807-4fa3-8cc5-b4d321544b31/202606/17/39491b78-da8b-4fde-8bc7-c8f579fae771.html
石家庄市,2026-06-17,"Weekly monitoring, published 2026-06-17",鸡蛋,新鲜完整 普通鸡蛋,元/500克,6.07,,,,,Shijiazhuang 38 essential-goods retail price weekly monitoring,,0.0000,https://www.sjz.gov.cn/columns/794a9172-e807-4fa3-8cc5-b4d321544b31/202606/17/39491b78-da8b-4fde-8bc7-c8f579fae771.html
石家庄市,2026-06-17,"Weekly monitoring, published 2026-06-17",鸡肉,白条鸡 上等,元/500克,14.85,,,,,Shijiazhuang 38 essential-goods retail price weekly monitoring,,0.0000,https://www.sjz.gov.cn/columns/794a9172-e807-4fa3-8cc5-b4d321544b31/202606/17/39491b78-da8b-4fde-8bc7-c8f579fae771.html
石家庄市,2026-06-17,"Weekly monitoring, published 2026-06-17",茄子,新鲜一级,元/500克,1.99,,,,,Shijiazhuang 38 essential-goods retail price weekly monitoring,,-0.0913,https://www.sjz.gov.cn/columns/794a9172-e807-4fa3-8cc5-b4d321544b31/202606/17/39491b78-da8b-4fde-8bc7-c8f579fae771.html
石家庄市,2026-06-17,"Weekly monitoring, published 2026-06-17",粳米,二级,元/500克,2.89,,,,,Shijiazhuang 38 essential-goods retail price weekly monitoring,,0.0000,https://www.sjz.gov.cn/columns/794a9172-e807-4fa3-8cc5-b4d321544b31/202606/17/39491b78-da8b-4fde-8bc7-c8f579fae771.html
石家庄市,2026-06-17,"Weekly monitoring, published 2026-06-17",精瘦肉,普通,元/500克,17.85,,,,,Shijiazhuang 38 essential-goods retail price weekly monitoring,,0.0000,https://www.sjz.gov.cn/columns/794a9172-e807-4fa3-8cc5-b4d321544b31/202606/17/39491b78-da8b-4fde-8bc7-c8f579fae771.html
石家庄市,2026-06-17,"Weekly monitoring, published 2026-06-17",韭菜,新鲜一级,元/500克,8.90,,,,,Shijiazhuang 38 essential-goods retail price weekly monitoring,,0.1946,https://www.sjz.gov.cn/columns/794a9172-e807-4fa3-8cc5-b4d321544b31/202606/17/39491b78-da8b-4fde-8bc7-c8f579fae771.html
石家庄市,2026-06-17,"Weekly monitoring, published 2026-06-17",鲤鱼,活 500克以上一条,元/500克,10.94,,,,,Shijiazhuang 38 essential-goods retail price weekly monitoring,,0.0000,https://www.sjz.gov.cn/columns/794a9172-e807-4fa3-8cc5-b4d321544b31/202606/17/39491b78-da8b-4fde-8bc7-c8f579fae771.html
石家庄市,2026-06-17,"Weekly monitoring, published 2026-06-17",绵白糖,一级 袋装,元/400克,6.80,,,,,Shijiazhuang 38 essential-goods retail price weekly monitoring,,0.0000,https://www.sjz.gov.cn/columns/794a9172-e807-4fa3-8cc5-b4d321544b31/202606/17/39491b78-da8b-4fde-8bc7-c8f579fae771.html
石家庄市,2026-06-17,"Weekly monitoring, published 2026-06-17",面粉,特一,元/500克,2.29,,,,,Shijiazhuang 38 essential-goods retail price weekly monitoring,,0.0000,https://www.sjz.gov.cn/columns/794a9172-e807-4fa3-8cc5-b4d321544b31/202606/17/39491b78-da8b-4fde-8bc7-c8f579fae771.html
石家庄市,2026-06-17,"Weekly monitoring, published 2026-06-17",苹果,红富士 一级,元/500克,6.40,,,,,Shijiazhuang 38 essential-goods retail price weekly monitoring,,0.0756,https://www.sjz.gov.cn/columns/794a9172-e807-4fa3-8cc5-b4d321544b31/202606/17/39491b78-da8b-4fde-8bc7-c8f579fae771.html
石家庄市,2026-06-17,"Weekly monitoring, published 2026-06-17",芹菜,新鲜一级,元/500克,3.20,,,,,Shijiazhuang 38 essential-goods retail price weekly monitoring,,-0.0588,https://www.sjz.gov.cn/columns/794a9172-e807-4fa3-8cc5-b4d321544b31/202606/17/39491b78-da8b-4fde-8bc7-c8f579fae771.html
石家庄市,2026-06-17,"Weekly monitoring, published 2026-06-17",青椒,新鲜一级,元/500克,3.79,,,,,Shijiazhuang 38 essential-goods retail price weekly monitoring,,0.0000,https://www.sjz.gov.cn/columns/794a9172-e807-4fa3-8cc5-b4d321544b31/202606/17/39491b78-da8b-4fde-8bc7-c8f579fae771.html
石家庄市,2026-06-17,"Weekly monitoring, published 2026-06-17",生姜,新鲜一级,元/500克,6.95,,,,,Shijiazhuang 38 essential-goods retail price weekly monitoring,,0.0775,https://www.sjz.gov.cn/columns/794a9172-e807-4fa3-8cc5-b4d321544b31/202606/17/39491b78-da8b-4fde-8bc7-c8f579fae771.html
石家庄市,2026-06-17,"Weekly monitoring, published 2026-06-17",食用盐,精制含碘盐 袋装,元/400克,2.00,,,,,Shijiazhuang 38 essential-goods retail price weekly monitoring,,0.0000,https://www.sjz.gov.cn/columns/794a9172-e807-4fa3-8cc5-b4d321544b31/202606/17/39491b78-da8b-4fde-8bc7-c8f579fae771.html
石家庄市,2026-06-17,"Weekly monitoring, published 2026-06-17",蒜薹,新鲜一级,元/500克,4.99,,,,,Shijiazhuang 38 essential-goods retail price weekly monitoring,,0.0000,https://www.sjz.gov.cn/columns/794a9172-e807-4fa3-8cc5-b4d321544b31/202606/17/39491b78-da8b-4fde-8bc7-c8f579fae771.html
石家庄市,2026-06-17,"Weekly monitoring, published 2026-06-17",土豆,新鲜一级,元/500克,1.84,,,,,Shijiazhuang 38 essential-goods retail price weekly monitoring,,0.2349,https://www.sjz.gov.cn/columns/794a9172-e807-4fa3-8cc5-b4d321544b31/202606/17/39491b78-da8b-4fde-8bc7-c8f579fae771.html
石家庄市,2026-06-17,"Weekly monitoring, published 2026-06-17",西红柿,新鲜一级,元/500克,1.99,,,,,Shijiazhuang 38 essential-goods retail price weekly monitoring,,0.0000,https://www.sjz.gov.cn/columns/794a9172-e807-4fa3-8cc5-b4d321544b31/202606/17/39491b78-da8b-4fde-8bc7-c8f579fae771.html
石家庄市,2026-06-17,"Weekly monitoring, published 2026-06-17",西葫芦,新鲜一级,元/500克,2.59,,,,,Shijiazhuang 38 essential-goods retail price weekly monitoring,,0.0000,https://www.sjz.gov.cn/columns/794a9172-e807-4fa3-8cc5-b4d321544b31/202606/17/39491b78-da8b-4fde-8bc7-c8f579fae771.html
石家庄市,2026-06-17,"Weekly monitoring, published 2026-06-17",鲜牛肉,腱子肉,元/500克,38.35,,,,,Shijiazhuang 38 essential-goods retail price weekly monitoring,,0.0000,https://www.sjz.gov.cn/columns/794a9172-e807-4fa3-8cc5-b4d321544b31/202606/17/39491b78-da8b-4fde-8bc7-c8f579fae771.html
石家庄市,2026-06-17,"Weekly monitoring, published 2026-06-17",鲜羊肉,新鲜去骨,元/500克,37.85,,,,,Shijiazhuang 38 essential-goods retail price weekly monitoring,,0.0000,https://www.sjz.gov.cn/columns/794a9172-e807-4fa3-8cc5-b4d321544b31/202606/17/39491b78-da8b-4fde-8bc7-c8f579fae771.html
石家庄市,2026-06-17,"Weekly monitoring, published 2026-06-17",香蕉,国产 一级,元/500克,6.25,,,,,Shijiazhuang 38 essential-goods retail price weekly monitoring,,0.0000,https://www.sjz.gov.cn/columns/794a9172-e807-4fa3-8cc5-b4d321544b31/202606/17/39491b78-da8b-4fde-8bc7-c8f579fae771.html
石家庄市,2026-06-17,"Weekly monitoring, published 2026-06-17",洋白菜,新鲜一级,元/500克,2.29,,,,,Shijiazhuang 38 essential-goods retail price weekly monitoring,,0.0000,https://www.sjz.gov.cn/columns/794a9172-e807-4fa3-8cc5-b4d321544b31/202606/17/39491b78-da8b-4fde-8bc7-c8f579fae771.html
石家庄市,2026-06-17,"Weekly monitoring, published 2026-06-17",液态牛奶,蒙牛 利乐枕 200ml,元/袋,2.50,,,,,Shijiazhuang 38 essential-goods retail price weekly monitoring,,0.0000,https://www.sjz.gov.cn/columns/794a9172-e807-4fa3-8cc5-b4d321544b31/202606/17/39491b78-da8b-4fde-8bc7-c8f579fae771.html
石家庄市,2026-06-17,"Weekly monitoring, published 2026-06-17",玉米粉,脱胚玉米粉,元/500克,2.87,,,,,Shijiazhuang 38 essential-goods retail price weekly monitoring,,0.0000,https://www.sjz.gov.cn/columns/794a9172-e807-4fa3-8cc5-b4d321544b31/202606/17/39491b78-da8b-4fde-8bc7-c8f579fae771.html
石家庄市,2026-06-24,"Weekly monitoring, published 2026-06-24",白萝卜,新鲜一级,元/500克,1.24,,,,,Shijiazhuang 38 essential-goods retail price weekly monitoring,,0.0000,https://www.sjz.gov.cn/columns/794a9172-e807-4fa3-8cc5-b4d321544b31/202606/24/8dca0ad6-6730-4d02-b42f-4eb69829a89a.html
石家庄市,2026-06-24,"Weekly monitoring, published 2026-06-24",菠菜,新鲜一级,元/500克,4.75,,,,,Shijiazhuang 38 essential-goods retail price weekly monitoring,,0.0000,https://www.sjz.gov.cn/columns/794a9172-e807-4fa3-8cc5-b4d321544b31/202606/24/8dca0ad6-6730-4d02-b42f-4eb69829a89a.html
石家庄市,2026-06-24,"Weekly monitoring, published 2026-06-24",菜花,新鲜一级,元/500克,5.99,,,,,Shijiazhuang 38 essential-goods retail price weekly monitoring,,0.0000,https://www.sjz.gov.cn/columns/794a9172-e807-4fa3-8cc5-b4d321544b31/202606/24/8dca0ad6-6730-4d02-b42f-4eb69829a89a.html
石家庄市,2026-06-24,"Weekly monitoring, published 2026-06-24",大白菜,新鲜一级,元/500克,1.49,,,,,Shijiazhuang 38 essential-goods retail price weekly monitoring,,0.0000,https://www.sjz.gov.cn/columns/794a9172-e807-4fa3-8cc5-b4d321544b31/202606/24/8dca0ad6-6730-4d02-b42f-4eb69829a89a.html
石家庄市,2026-06-24,"Weekly monitoring, published 2026-06-24",大葱,新鲜一级,元/500克,4.45,,,,,Shijiazhuang 38 essential-goods retail price weekly monitoring,,0.0000,https://www.sjz.gov.cn/columns/794a9172-e807-4fa3-8cc5-b4d321544b31/202606/24/8dca0ad6-6730-4d02-b42f-4eb69829a89a.html
石家庄市,2026-06-24,"Weekly monitoring, published 2026-06-24",大豆调和油,一级桶装 金龙鱼 浸出,元/5升,74.90,,,,,Shijiazhuang 38 essential-goods retail price weekly monitoring,,0.0000,https://www.sjz.gov.cn/columns/794a9172-e807-4fa3-8cc5-b4d321544b31/202606/24/8dca0ad6-6730-4d02-b42f-4eb69829a89a.html
石家庄市,2026-06-24,"Weekly monitoring, published 2026-06-24",大豆油,一级桶装 当地主销,元/5升,64.90,,,,,Shijiazhuang 38 essential-goods retail price weekly monitoring,,0.0000,https://www.sjz.gov.cn/columns/794a9172-e807-4fa3-8cc5-b4d321544b31/202606/24/8dca0ad6-6730-4d02-b42f-4eb69829a89a.html
石家庄市,2026-06-24,"Weekly monitoring, published 2026-06-24",大蒜,新鲜一级,元/500克,2.99,,,,,Shijiazhuang 38 essential-goods retail price weekly monitoring,,0.0000,https://www.sjz.gov.cn/columns/794a9172-e807-4fa3-8cc5-b4d321544b31/202606/24/8dca0ad6-6730-4d02-b42f-4eb69829a89a.html
石家庄市,2026-06-24,"Weekly monitoring, published 2026-06-24",带鱼,冻 250克以上一条,元/500克,20.94,,,,,Shijiazhuang 38 essential-goods retail price weekly monitoring,,0.0502,https://www.sjz.gov.cn/columns/794a9172-e807-4fa3-8cc5-b4d321544b31/202606/24/8dca0ad6-6730-4d02-b42f-4eb69829a89a.html
石家庄市,2026-06-24,"Weekly monitoring, published 2026-06-24",冬瓜,新鲜一级,元/500克,1.49,,,,,Shijiazhuang 38 essential-goods retail price weekly monitoring,,0.0000,https://www.sjz.gov.cn/columns/794a9172-e807-4fa3-8cc5-b4d321544b31/202606/24/8dca0ad6-6730-4d02-b42f-4eb69829a89a.html
石家庄市,2026-06-24,"Weekly monitoring, published 2026-06-24",豆角,新鲜一级,元/500克,4.99,,,,,Shijiazhuang 38 essential-goods retail price weekly monitoring,,0.0000,https://www.sjz.gov.cn/columns/794a9172-e807-4fa3-8cc5-b4d321544b31/202606/24/8dca0ad6-6730-4d02-b42f-4eb69829a89a.html
石家庄市,2026-06-24,"Weekly monitoring, published 2026-06-24",后坐肉,普通,元/500克,7.49,,,,,Shijiazhuang 38 essential-goods retail price weekly monitoring,,0.0190,https://www.sjz.gov.cn/columns/794a9172-e807-4fa3-8cc5-b4d321544b31/202606/24/8dca0ad6-6730-4d02-b42f-4eb69829a89a.html
石家庄市,2026-06-24,"Weekly monitoring, published 2026-06-24",花生油,一级桶装 鲁花牌 压榨,元/5升,154.90,,,,,Shijiazhuang 38 essential-goods retail price weekly monitoring,,0.0000,https://www.sjz.gov.cn/columns/794a9172-e807-4fa3-8cc5-b4d321544b31/202606/24/8dca0ad6-6730-4d02-b42f-4eb69829a89a.html
石家庄市,2026-06-24,"Weekly monitoring, published 2026-06-24",黄瓜,新鲜一级,元/500克,1.19,,,,,Shijiazhuang 38 essential-goods retail price weekly monitoring,,0.0000,https://www.sjz.gov.cn/columns/794a9172-e807-4fa3-8cc5-b4d321544b31/202606/24/8dca0ad6-6730-4d02-b42f-4eb69829a89a.html
石家庄市,2026-06-24,"Weekly monitoring, published 2026-06-24",鸡蛋,新鲜完整 普通鸡蛋,元/500克,6.07,,,,,Shijiazhuang 38 essential-goods retail price weekly monitoring,,0.0000,https://www.sjz.gov.cn/columns/794a9172-e807-4fa3-8cc5-b4d321544b31/202606/24/8dca0ad6-6730-4d02-b42f-4eb69829a89a.html
石家庄市,2026-06-24,"Weekly monitoring, published 2026-06-24",鸡肉,白条鸡 上等,元/500克,14.85,,,,,Shijiazhuang 38 essential-goods retail price weekly monitoring,,0.0000,https://www.sjz.gov.cn/columns/794a9172-e807-4fa3-8cc5-b4d321544b31/202606/24/8dca0ad6-6730-4d02-b42f-4eb69829a89a.html
石家庄市,2026-06-24,"Weekly monitoring, published 2026-06-24",茄子,新鲜一级,元/500克,1.99,,,,,Shijiazhuang 38 essential-goods retail price weekly monitoring,,0.0000,https://www.sjz.gov.cn/columns/794a9172-e807-4fa3-8cc5-b4d321544b31/202606/24/8dca0ad6-6730-4d02-b42f-4eb69829a89a.html
石家庄市,2026-06-24,"Weekly monitoring, published 2026-06-24",粳米,二级,元/500克,2.89,,,,,Shijiazhuang 38 essential-goods retail price weekly monitoring,,0.0000,https://www.sjz.gov.cn/columns/794a9172-e807-4fa3-8cc5-b4d321544b31/202606/24/8dca0ad6-6730-4d02-b42f-4eb69829a89a.html
石家庄市,2026-06-24,"Weekly monitoring, published 2026-06-24",精瘦肉,普通,元/500克,17.85,,,,,Shijiazhuang 38 essential-goods retail price weekly monitoring,,0.0000,https://www.sjz.gov.cn/columns/794a9172-e807-4fa3-8cc5-b4d321544b31/202606/24/8dca0ad6-6730-4d02-b42f-4eb69829a89a.html
石家庄市,2026-06-24,"Weekly monitoring, published 2026-06-24",韭菜,新鲜一级,元/500克,8.90,,,,,Shijiazhuang 38 essential-goods retail price weekly monitoring,,0.0000,https://www.sjz.gov.cn/columns/794a9172-e807-4fa3-8cc5-b4d321544b31/202606/24/8dca0ad6-6730-4d02-b42f-4eb69829a89a.html
石家庄市,2026-06-24,"Weekly monitoring, published 2026-06-24",鲤鱼,活 500克以上一条,元/500克,10.94,,,,,Shijiazhuang 38 essential-goods retail price weekly monitoring,,0.0000,https://www.sjz.gov.cn/columns/794a9172-e807-4fa3-8cc5-b4d321544b31/202606/24/8dca0ad6-6730-4d02-b42f-4eb69829a89a.html
石家庄市,2026-06-24,"Weekly monitoring, published 2026-06-24",绵白糖,一级 袋装,元/400克,5.75,,,,,Shijiazhuang 38 essential-goods retail price weekly monitoring,,-0.1544,https://www.sjz.gov.cn/columns/794a9172-e807-4fa3-8cc5-b4d321544b31/202606/24/8dca0ad6-6730-4d02-b42f-4eb69829a89a.html
石家庄市,2026-06-24,"Weekly monitoring, published 2026-06-24",面粉,特一,元/500克,2.29,,,,,Shijiazhuang 38 essential-goods retail price weekly monitoring,,0.0000,https://www.sjz.gov.cn/columns/794a9172-e807-4fa3-8cc5-b4d321544b31/202606/24/8dca0ad6-6730-4d02-b42f-4eb69829a89a.html
石家庄市,2026-06-24,"Weekly monitoring, published 2026-06-24",苹果,红富士 一级,元/500克,6.40,,,,,Shijiazhuang 38 essential-goods retail price weekly monitoring,,0.0000,https://www.sjz.gov.cn/columns/794a9172-e807-4fa3-8cc5-b4d321544b31/202606/24/8dca0ad6-6730-4d02-b42f-4eb69829a89a.html
石家庄市,2026-06-24,"Weekly monitoring, published 2026-06-24",芹菜,新鲜一级,元/500克,3.20,,,,,Shijiazhuang 38 essential-goods retail price weekly monitoring,,0.0000,https://www.sjz.gov.cn/columns/794a9172-e807-4fa3-8cc5-b4d321544b31/202606/24/8dca0ad6-6730-4d02-b42f-4eb69829a89a.html
石家庄市,2026-06-24,"Weekly monitoring, published 2026-06-24",青椒,新鲜一级,元/500克,3.79,,,,,Shijiazhuang 38 essential-goods retail price weekly monitoring,,0.0000,https://www.sjz.gov.cn/columns/794a9172-e807-4fa3-8cc5-b4d321544b31/202606/24/8dca0ad6-6730-4d02-b42f-4eb69829a89a.html
石家庄市,2026-06-24,"Weekly monitoring, published 2026-06-24",生姜,新鲜一级,元/500克,6.95,,,,,Shijiazhuang 38 essential-goods retail price weekly monitoring,,0.0000,https://www.sjz.gov.cn/columns/794a9172-e807-4fa3-8cc5-b4d321544b31/202606/24/8dca0ad6-6730-4d02-b42f-4eb69829a89a.html
石家庄市,2026-06-24,"Weekly monitoring, published 2026-06-24",食用盐,精制含碘盐 袋装,元/400克,2.00,,,,,Shijiazhuang 38 essential-goods retail price weekly monitoring,,0.0000,https://www.sjz.gov.cn/columns/794a9172-e807-4fa3-8cc5-b4d321544b31/202606/24/8dca0ad6-6730-4d02-b42f-4eb69829a89a.html
石家庄市,2026-06-24,"Weekly monitoring, published 2026-06-24",蒜薹,新鲜一级,元/500克,4.99,,,,,Shijiazhuang 38 essential-goods retail price weekly monitoring,,0.0000,https://www.sjz.gov.cn/columns/794a9172-e807-4fa3-8cc5-b4d321544b31/202606/24/8dca0ad6-6730-4d02-b42f-4eb69829a89a.html
石家庄市,2026-06-24,"Weekly monitoring, published 2026-06-24",土豆,新鲜一级,元/500克,1.84,,,,,Shijiazhuang 38 essential-goods retail price weekly monitoring,,0.0000,https://www.sjz.gov.cn/columns/794a9172-e807-4fa3-8cc5-b4d321544b31/202606/24/8dca0ad6-6730-4d02-b42f-4eb69829a89a.html
石家庄市,2026-06-24,"Weekly monitoring, published 2026-06-24",西红柿,新鲜一级,元/500克,1.99,,,,,Shijiazhuang 38 essential-goods retail price weekly monitoring,,0.0000,https://www.sjz.gov.cn/columns/794a9172-e807-4fa3-8cc5-b4d321544b31/202606/24/8dca0ad6-6730-4d02-b42f-4eb69829a89a.html
石家庄市,2026-06-24,"Weekly monitoring, published 2026-06-24",西葫芦,新鲜一级,元/500克,2.59,,,,,Shijiazhuang 38 essential-goods retail price weekly monitoring,,0.0000,https://www.sjz.gov.cn/columns/794a9172-e807-4fa3-8cc5-b4d321544b31/202606/24/8dca0ad6-6730-4d02-b42f-4eb69829a89a.html
石家庄市,2026-06-24,"Weekly monitoring, published 2026-06-24",鲜牛肉,腱子肉,元/500克,38.35,,,,,Shijiazhuang 38 essential-goods retail price weekly monitoring,,0.0000,https://www.sjz.gov.cn/columns/794a9172-e807-4fa3-8cc5-b4d321544b31/202606/24/8dca0ad6-6730-4d02-b42f-4eb69829a89a.html
石家庄市,2026-06-24,"Weekly monitoring, published 2026-06-24",鲜羊肉,新鲜去骨,元/500克,37.85,,,,,Shijiazhuang 38 essential-goods retail price weekly monitoring,,0.0000,https://www.sjz.gov.cn/columns/794a9172-e807-4fa3-8cc5-b4d321544b31/202606/24/8dca0ad6-6730-4d02-b42f-4eb69829a89a.html
石家庄市,2026-06-24,"Weekly monitoring, published 2026-06-24",香蕉,国产 一级,元/500克,6.25,,,,,Shijiazhuang 38 essential-goods retail price weekly monitoring,,0.0000,https://www.sjz.gov.cn/columns/794a9172-e807-4fa3-8cc5-b4d321544b31/202606/24/8dca0ad6-6730-4d02-b42f-4eb69829a89a.html
石家庄市,2026-06-24,"Weekly monitoring, published 2026-06-24",洋白菜,新鲜一级,元/500克,0.89,,,,,Shijiazhuang 38 essential-goods retail price weekly monitoring,,-0.6114,https://www.sjz.gov.cn/columns/794a9172-e807-4fa3-8cc5-b4d321544b31/202606/24/8dca0ad6-6730-4d02-b42f-4eb69829a89a.html
石家庄市,2026-06-24,"Weekly monitoring, published 2026-06-24",液态牛奶,蒙牛 利乐枕 200ml,元/袋,2.50,,,,,Shijiazhuang 38 essential-goods retail price weekly monitoring,,0.0000,https://www.sjz.gov.cn/columns/794a9172-e807-4fa3-8cc5-b4d321544b31/202606/24/8dca0ad6-6730-4d02-b42f-4eb69829a89a.html
石家庄市,2026-06-24,"Weekly monitoring, published 2026-06-24",玉米粉,脱胚玉米粉,元/500克,2.87,,,,,Shijiazhuang 38 essential-goods retail price weekly monitoring,,0.0000,https://www.sjz.gov.cn/columns/794a9172-e807-4fa3-8cc5-b4d321544b31/202606/24/8dca0ad6-6730-4d02-b42f-4eb69829a89a.html
石家庄市,2026-07-01,"Weekly monitoring, published 2026-07-01",白萝卜,新鲜一级,元/500克,1.30,,,,,Shijiazhuang 38 essential-goods retail price weekly monitoring,,0.0484,https://www.sjz.gov.cn/columns/794a9172-e807-4fa3-8cc5-b4d321544b31/202607/01/4257d38a-916c-467a-aa50-b051062996cf.html
石家庄市,2026-07-01,"Weekly monitoring, published 2026-07-01",菠菜,新鲜一级,元/500克,4.75,,,,,Shijiazhuang 38 essential-goods retail price weekly monitoring,,0.0000,https://www.sjz.gov.cn/columns/794a9172-e807-4fa3-8cc5-b4d321544b31/202607/01/4257d38a-916c-467a-aa50-b051062996cf.html
石家庄市,2026-07-01,"Weekly monitoring, published 2026-07-01",菜花,新鲜一级,元/500克,3.99,,,,,Shijiazhuang 38 essential-goods retail price weekly monitoring,,-0.3339,https://www.sjz.gov.cn/columns/794a9172-e807-4fa3-8cc5-b4d321544b31/202607/01/4257d38a-916c-467a-aa50-b051062996cf.html
石家庄市,2026-07-01,"Weekly monitoring, published 2026-07-01",大白菜,新鲜一级,元/500克,1.29,,,,,Shijiazhuang 38 essential-goods retail price weekly monitoring,,-0.1342,https://www.sjz.gov.cn/columns/794a9172-e807-4fa3-8cc5-b4d321544b31/202607/01/4257d38a-916c-467a-aa50-b051062996cf.html
石家庄市,2026-07-01,"Weekly monitoring, published 2026-07-01",大葱,新鲜一级,元/500克,4.45,,,,,Shijiazhuang 38 essential-goods retail price weekly monitoring,,0.0000,https://www.sjz.gov.cn/columns/794a9172-e807-4fa3-8cc5-b4d321544b31/202607/01/4257d38a-916c-467a-aa50-b051062996cf.html
石家庄市,2026-07-01,"Weekly monitoring, published 2026-07-01",大豆调和油,一级桶装 金龙鱼 浸出,元/5升,74.90,,,,,Shijiazhuang 38 essential-goods retail price weekly monitoring,,0.0000,https://www.sjz.gov.cn/columns/794a9172-e807-4fa3-8cc5-b4d321544b31/202607/01/4257d38a-916c-467a-aa50-b051062996cf.html
石家庄市,2026-07-01,"Weekly monitoring, published 2026-07-01",大豆油,一级桶装 当地主销,元/5升,64.90,,,,,Shijiazhuang 38 essential-goods retail price weekly monitoring,,0.0000,https://www.sjz.gov.cn/columns/794a9172-e807-4fa3-8cc5-b4d321544b31/202607/01/4257d38a-916c-467a-aa50-b051062996cf.html
石家庄市,2026-07-01,"Weekly monitoring, published 2026-07-01",大蒜,新鲜一级,元/500克,5.49,,,,,Shijiazhuang 38 essential-goods retail price weekly monitoring,,0.8361,https://www.sjz.gov.cn/columns/794a9172-e807-4fa3-8cc5-b4d321544b31/202607/01/4257d38a-916c-467a-aa50-b051062996cf.html
石家庄市,2026-07-01,"Weekly monitoring, published 2026-07-01",带鱼,冻 250克以上一条,元/500克,20.94,,,,,Shijiazhuang 38 essential-goods retail price weekly monitoring,,0.0000,https://www.sjz.gov.cn/columns/794a9172-e807-4fa3-8cc5-b4d321544b31/202607/01/4257d38a-916c-467a-aa50-b051062996cf.html
石家庄市,2026-07-01,"Weekly monitoring, published 2026-07-01",冬瓜,新鲜一级,元/500克,0.84,,,,,Shijiazhuang 38 essential-goods retail price weekly monitoring,,-0.4362,https://www.sjz.gov.cn/columns/794a9172-e807-4fa3-8cc5-b4d321544b31/202607/01/4257d38a-916c-467a-aa50-b051062996cf.html
石家庄市,2026-07-01,"Weekly monitoring, published 2026-07-01",豆角,新鲜一级,元/500克,2.79,,,,,Shijiazhuang 38 essential-goods retail price weekly monitoring,,-0.4409,https://www.sjz.gov.cn/columns/794a9172-e807-4fa3-8cc5-b4d321544b31/202607/01/4257d38a-916c-467a-aa50-b051062996cf.html
石家庄市,2026-07-01,"Weekly monitoring, published 2026-07-01",后坐肉,普通,元/500克,7.49,,,,,Shijiazhuang 38 essential-goods retail price weekly monitoring,,0.0000,https://www.sjz.gov.cn/columns/794a9172-e807-4fa3-8cc5-b4d321544b31/202607/01/4257d38a-916c-467a-aa50-b051062996cf.html
石家庄市,2026-07-01,"Weekly monitoring, published 2026-07-01",花生油,一级桶装 鲁花牌 压榨,元/5升,154.90,,,,,Shijiazhuang 38 essential-goods retail price weekly monitoring,,0.0000,https://www.sjz.gov.cn/columns/794a9172-e807-4fa3-8cc5-b4d321544b31/202607/01/4257d38a-916c-467a-aa50-b051062996cf.html
石家庄市,2026-07-01,"Weekly monitoring, published 2026-07-01",黄瓜,新鲜一级,元/500克,1.49,,,,,Shijiazhuang 38 essential-goods retail price weekly monitoring,,0.2521,https://www.sjz.gov.cn/columns/794a9172-e807-4fa3-8cc5-b4d321544b31/202607/01/4257d38a-916c-467a-aa50-b051062996cf.html
石家庄市,2026-07-01,"Weekly monitoring, published 2026-07-01",鸡蛋,新鲜完整 普通鸡蛋,元/500克,5.32,,,,,Shijiazhuang 38 essential-goods retail price weekly monitoring,,-0.1236,https://www.sjz.gov.cn/columns/794a9172-e807-4fa3-8cc5-b4d321544b31/202607/01/4257d38a-916c-467a-aa50-b051062996cf.html
石家庄市,2026-07-01,"Weekly monitoring, published 2026-07-01",鸡肉,白条鸡 上等,元/500克,14.85,,,,,Shijiazhuang 38 essential-goods retail price weekly monitoring,,0.0000,https://www.sjz.gov.cn/columns/794a9172-e807-4fa3-8cc5-b4d321544b31/202607/01/4257d38a-916c-467a-aa50-b051062996cf.html
石家庄市,2026-07-01,"Weekly monitoring, published 2026-07-01",茄子,新鲜一级,元/500克,1.59,,,,,Shijiazhuang 38 essential-goods retail price weekly monitoring,,-0.2010,https://www.sjz.gov.cn/columns/794a9172-e807-4fa3-8cc5-b4d321544b31/202607/01/4257d38a-916c-467a-aa50-b051062996cf.html
石家庄市,2026-07-01,"Weekly monitoring, published 2026-07-01",粳米,二级,元/500克,2.89,,,,,Shijiazhuang 38 essential-goods retail price weekly monitoring,,0.0000,https://www.sjz.gov.cn/columns/794a9172-e807-4fa3-8cc5-b4d321544b31/202607/01/4257d38a-916c-467a-aa50-b051062996cf.html
石家庄市,2026-07-01,"Weekly monitoring, published 2026-07-01",精瘦肉,普通,元/500克,17.85,,,,,Shijiazhuang 38 essential-goods retail price weekly monitoring,,0.0000,https://www.sjz.gov.cn/columns/794a9172-e807-4fa3-8cc5-b4d321544b31/202607/01/4257d38a-916c-467a-aa50-b051062996cf.html
石家庄市,2026-07-01,"Weekly monitoring, published 2026-07-01",韭菜,新鲜一级,元/500克,7.40,,,,,Shijiazhuang 38 essential-goods retail price weekly monitoring,,-0.1685,https://www.sjz.gov.cn/columns/794a9172-e807-4fa3-8cc5-b4d321544b31/202607/01/4257d38a-916c-467a-aa50-b051062996cf.html
石家庄市,2026-07-01,"Weekly monitoring, published 2026-07-01",鲤鱼,活 500克以上一条,元/500克,9.90,,,,,Shijiazhuang 38 essential-goods retail price weekly monitoring,,-0.0951,https://www.sjz.gov.cn/columns/794a9172-e807-4fa3-8cc5-b4d321544b31/202607/01/4257d38a-916c-467a-aa50-b051062996cf.html
石家庄市,2026-07-01,"Weekly monitoring, published 2026-07-01",绵白糖,一级 袋装,元/400克,5.75,,,,,Shijiazhuang 38 essential-goods retail price weekly monitoring,,0.0000,https://www.sjz.gov.cn/columns/794a9172-e807-4fa3-8cc5-b4d321544b31/202607/01/4257d38a-916c-467a-aa50-b051062996cf.html
石家庄市,2026-07-01,"Weekly monitoring, published 2026-07-01",面粉,特一,元/500克,2.29,,,,,Shijiazhuang 38 essential-goods retail price weekly monitoring,,0.0000,https://www.sjz.gov.cn/columns/794a9172-e807-4fa3-8cc5-b4d321544b31/202607/01/4257d38a-916c-467a-aa50-b051062996cf.html
石家庄市,2026-07-01,"Weekly monitoring, published 2026-07-01",苹果,红富士 一级,元/500克,6.40,,,,,Shijiazhuang 38 essential-goods retail price weekly monitoring,,0.0000,https://www.sjz.gov.cn/columns/794a9172-e807-4fa3-8cc5-b4d321544b31/202607/01/4257d38a-916c-467a-aa50-b051062996cf.html
石家庄市,2026-07-01,"Weekly monitoring, published 2026-07-01",芹菜,新鲜一级,元/500克,2.60,,,,,Shijiazhuang 38 essential-goods retail price weekly monitoring,,-0.1875,https://www.sjz.gov.cn/columns/794a9172-e807-4fa3-8cc5-b4d321544b31/202607/01/4257d38a-916c-467a-aa50-b051062996cf.html
石家庄市,2026-07-01,"Weekly monitoring, published 2026-07-01",青椒,新鲜一级,元/500克,3.99,,,,,Shijiazhuang 38 essential-goods retail price weekly monitoring,,0.0528,https://www.sjz.gov.cn/columns/794a9172-e807-4fa3-8cc5-b4d321544b31/202607/01/4257d38a-916c-467a-aa50-b051062996cf.html
石家庄市,2026-07-01,"Weekly monitoring, published 2026-07-01",生姜,新鲜一级,元/500克,5.95,,,,,Shijiazhuang 38 essential-goods retail price weekly monitoring,,-0.1439,https://www.sjz.gov.cn/columns/794a9172-e807-4fa3-8cc5-b4d321544b31/202607/01/4257d38a-916c-467a-aa50-b051062996cf.html
石家庄市,2026-07-01,"Weekly monitoring, published 2026-07-01",食用盐,精制含碘盐 袋装,元/400克,2.00,,,,,Shijiazhuang 38 essential-goods retail price weekly monitoring,,0.0000,https://www.sjz.gov.cn/columns/794a9172-e807-4fa3-8cc5-b4d321544b31/202607/01/4257d38a-916c-467a-aa50-b051062996cf.html
石家庄市,2026-07-01,"Weekly monitoring, published 2026-07-01",蒜薹,新鲜一级,元/500克,6.95,,,,,Shijiazhuang 38 essential-goods retail price weekly monitoring,,0.3928,https://www.sjz.gov.cn/columns/794a9172-e807-4fa3-8cc5-b4d321544b31/202607/01/4257d38a-916c-467a-aa50-b051062996cf.html
石家庄市,2026-07-01,"Weekly monitoring, published 2026-07-01",土豆,新鲜一级,元/500克,1.79,,,,,Shijiazhuang 38 essential-goods retail price weekly monitoring,,-0.0272,https://www.sjz.gov.cn/columns/794a9172-e807-4fa3-8cc5-b4d321544b31/202607/01/4257d38a-916c-467a-aa50-b051062996cf.html
石家庄市,2026-07-01,"Weekly monitoring, published 2026-07-01",西红柿,新鲜一级,元/500克,1.99,,,,,Shijiazhuang 38 essential-goods retail price weekly monitoring,,0.0000,https://www.sjz.gov.cn/columns/794a9172-e807-4fa3-8cc5-b4d321544b31/202607/01/4257d38a-916c-467a-aa50-b051062996cf.html
石家庄市,2026-07-01,"Weekly monitoring, published 2026-07-01",西葫芦,新鲜一级,元/500克,2.59,,,,,Shijiazhuang 38 essential-goods retail price weekly monitoring,,0.0000,https://www.sjz.gov.cn/columns/794a9172-e807-4fa3-8cc5-b4d321544b31/202607/01/4257d38a-916c-467a-aa50-b051062996cf.html
石家庄市,2026-07-01,"Weekly monitoring, published 2026-07-01",鲜牛肉,腱子肉,元/500克,38.35,,,,,Shijiazhuang 38 essential-goods retail price weekly monitoring,,0.0000,https://www.sjz.gov.cn/columns/794a9172-e807-4fa3-8cc5-b4d321544b31/202607/01/4257d38a-916c-467a-aa50-b051062996cf.html
石家庄市,2026-07-01,"Weekly monitoring, published 2026-07-01",鲜羊肉,新鲜去骨,元/500克,37.85,,,,,Shijiazhuang 38 essential-goods retail price weekly monitoring,,0.0000,https://www.sjz.gov.cn/columns/794a9172-e807-4fa3-8cc5-b4d321544b31/202607/01/4257d38a-916c-467a-aa50-b051062996cf.html
石家庄市,2026-07-01,"Weekly monitoring, published 2026-07-01",香蕉,国产 一级,元/500克,4.95,,,,,Shijiazhuang 38 essential-goods retail price weekly monitoring,,-0.2080,https://www.sjz.gov.cn/columns/794a9172-e807-4fa3-8cc5-b4d321544b31/202607/01/4257d38a-916c-467a-aa50-b051062996cf.html
石家庄市,2026-07-01,"Weekly monitoring, published 2026-07-01",洋白菜,新鲜一级,元/500克,1.04,,,,,Shijiazhuang 38 essential-goods retail price weekly monitoring,,0.1685,https://www.sjz.gov.cn/columns/794a9172-e807-4fa3-8cc5-b4d321544b31/202607/01/4257d38a-916c-467a-aa50-b051062996cf.html
石家庄市,2026-07-01,"Weekly monitoring, published 2026-07-01",液态牛奶,蒙牛 利乐枕 200ml,元/袋,2.50,,,,,Shijiazhuang 38 essential-goods retail price weekly monitoring,,0.0000,https://www.sjz.gov.cn/columns/794a9172-e807-4fa3-8cc5-b4d321544b31/202607/01/4257d38a-916c-467a-aa50-b051062996cf.html
石家庄市,2026-07-01,"Weekly monitoring, published 2026-07-01",玉米粉,脱胚玉米粉,元/500克,2.87,,,,,Shijiazhuang 38 essential-goods retail price weekly monitoring,,0.0000,https://www.sjz.gov.cn/columns/794a9172-e807-4fa3-8cc5-b4d321544b31/202607/01/4257d38a-916c-467a-aa50-b051062996cf.html
石家庄市,2026-07-08,"Weekly monitoring, published 2026-07-08",白萝卜,新鲜一级,元/500克,1.14,,,,,Shijiazhuang 38 essential-goods retail price weekly monitoring,,-0.1231,https://www.sjz.gov.cn/columns/794a9172-e807-4fa3-8cc5-b4d321544b31/202607/08/3cbb1647-73fc-43ff-ac51-69c659500ade.html
石家庄市,2026-07-08,"Weekly monitoring, published 2026-07-08",菠菜,新鲜一级,元/500克,3.79,,,,,Shijiazhuang 38 essential-goods retail price weekly monitoring,,-0.2021,https://www.sjz.gov.cn/columns/794a9172-e807-4fa3-8cc5-b4d321544b31/202607/08/3cbb1647-73fc-43ff-ac51-69c659500ade.html
石家庄市,2026-07-08,"Weekly monitoring, published 2026-07-08",菜花,新鲜一级,元/500克,5.99,,,,,Shijiazhuang 38 essential-goods retail price weekly monitoring,,0.5013,https://www.sjz.gov.cn/columns/794a9172-e807-4fa3-8cc5-b4d321544b31/202607/08/3cbb1647-73fc-43ff-ac51-69c659500ade.html
石家庄市,2026-07-08,"Weekly monitoring, published 2026-07-08",大白菜,新鲜一级,元/500克,0.89,,,,,Shijiazhuang 38 essential-goods retail price weekly monitoring,,-0.3101,https://www.sjz.gov.cn/columns/794a9172-e807-4fa3-8cc5-b4d321544b31/202607/08/3cbb1647-73fc-43ff-ac51-69c659500ade.html
石家庄市,2026-07-08,"Weekly monitoring, published 2026-07-08",大葱,新鲜一级,元/500克,4.45,,,,,Shijiazhuang 38 essential-goods retail price weekly monitoring,,0.0000,https://www.sjz.gov.cn/columns/794a9172-e807-4fa3-8cc5-b4d321544b31/202607/08/3cbb1647-73fc-43ff-ac51-69c659500ade.html
石家庄市,2026-07-08,"Weekly monitoring, published 2026-07-08",大豆调和油,一级桶装 金龙鱼 浸出,元/5升,74.90,,,,,Shijiazhuang 38 essential-goods retail price weekly monitoring,,0.0000,https://www.sjz.gov.cn/columns/794a9172-e807-4fa3-8cc5-b4d321544b31/202607/08/3cbb1647-73fc-43ff-ac51-69c659500ade.html
石家庄市,2026-07-08,"Weekly monitoring, published 2026-07-08",大豆油,一级桶装 当地主销,元/5升,64.90,,,,,Shijiazhuang 38 essential-goods retail price weekly monitoring,,0.0000,https://www.sjz.gov.cn/columns/794a9172-e807-4fa3-8cc5-b4d321544b31/202607/08/3cbb1647-73fc-43ff-ac51-69c659500ade.html
石家庄市,2026-07-08,"Weekly monitoring, published 2026-07-08",大蒜,新鲜一级,元/500克,5.49,,,,,Shijiazhuang 38 essential-goods retail price weekly monitoring,,0.0000,https://www.sjz.gov.cn/columns/794a9172-e807-4fa3-8cc5-b4d321544b31/202607/08/3cbb1647-73fc-43ff-ac51-69c659500ade.html
石家庄市,2026-07-08,"Weekly monitoring, published 2026-07-08",带鱼,冻 250克以上一条,元/500克,22.85,,,,,Shijiazhuang 38 essential-goods retail price weekly monitoring,,0.0912,https://www.sjz.gov.cn/columns/794a9172-e807-4fa3-8cc5-b4d321544b31/202607/08/3cbb1647-73fc-43ff-ac51-69c659500ade.html
石家庄市,2026-07-08,"Weekly monitoring, published 2026-07-08",冬瓜,新鲜一级,元/500克,0.99,,,,,Shijiazhuang 38 essential-goods retail price weekly monitoring,,0.1786,https://www.sjz.gov.cn/columns/794a9172-e807-4fa3-8cc5-b4d321544b31/202607/08/3cbb1647-73fc-43ff-ac51-69c659500ade.html
石家庄市,2026-07-08,"Weekly monitoring, published 2026-07-08",豆角,新鲜一级,元/500克,3.49,,,,,Shijiazhuang 38 essential-goods retail price weekly monitoring,,0.2509,https://www.sjz.gov.cn/columns/794a9172-e807-4fa3-8cc5-b4d321544b31/202607/08/3cbb1647-73fc-43ff-ac51-69c659500ade.html
石家庄市,2026-07-08,"Weekly monitoring, published 2026-07-08",后坐肉,普通,元/500克,7.49,,,,,Shijiazhuang 38 essential-goods retail price weekly monitoring,,0.0000,https://www.sjz.gov.cn/columns/794a9172-e807-4fa3-8cc5-b4d321544b31/202607/08/3cbb1647-73fc-43ff-ac51-69c659500ade.html
石家庄市,2026-07-08,"Weekly monitoring, published 2026-07-08",花生油,一级桶装 鲁花牌 压榨,元/5升,154.90,,,,,Shijiazhuang 38 essential-goods retail price weekly monitoring,,0.0000,https://www.sjz.gov.cn/columns/794a9172-e807-4fa3-8cc5-b4d321544b31/202607/08/3cbb1647-73fc-43ff-ac51-69c659500ade.html
石家庄市,2026-07-08,"Weekly monitoring, published 2026-07-08",黄瓜,新鲜一级,元/500克,1.49,,,,,Shijiazhuang 38 essential-goods retail price weekly monitoring,,0.0000,https://www.sjz.gov.cn/columns/794a9172-e807-4fa3-8cc5-b4d321544b31/202607/08/3cbb1647-73fc-43ff-ac51-69c659500ade.html
石家庄市,2026-07-08,"Weekly monitoring, published 2026-07-08",鸡蛋,新鲜完整 普通鸡蛋,元/500克,5.34,,,,,Shijiazhuang 38 essential-goods retail price weekly monitoring,,0.0038,https://www.sjz.gov.cn/columns/794a9172-e807-4fa3-8cc5-b4d321544b31/202607/08/3cbb1647-73fc-43ff-ac51-69c659500ade.html
石家庄市,2026-07-08,"Weekly monitoring, published 2026-07-08",鸡肉,白条鸡 上等,元/500克,14.85,,,,,Shijiazhuang 38 essential-goods retail price weekly monitoring,,0.0000,https://www.sjz.gov.cn/columns/794a9172-e807-4fa3-8cc5-b4d321544b31/202607/08/3cbb1647-73fc-43ff-ac51-69c659500ade.html
石家庄市,2026-07-08,"Weekly monitoring, published 2026-07-08",茄子,新鲜一级,元/500克,1.79,,,,,Shijiazhuang 38 essential-goods retail price weekly monitoring,,0.1258,https://www.sjz.gov.cn/columns/794a9172-e807-4fa3-8cc5-b4d321544b31/202607/08/3cbb1647-73fc-43ff-ac51-69c659500ade.html
石家庄市,2026-07-08,"Weekly monitoring, published 2026-07-08",粳米,二级,元/500克,2.89,,,,,Shijiazhuang 38 essential-goods retail price weekly monitoring,,0.0000,https://www.sjz.gov.cn/columns/794a9172-e807-4fa3-8cc5-b4d321544b31/202607/08/3cbb1647-73fc-43ff-ac51-69c659500ade.html
石家庄市,2026-07-08,"Weekly monitoring, published 2026-07-08",精瘦肉,普通,元/500克,17.85,,,,,Shijiazhuang 38 essential-goods retail price weekly monitoring,,0.0000,https://www.sjz.gov.cn/columns/794a9172-e807-4fa3-8cc5-b4d321544b31/202607/08/3cbb1647-73fc-43ff-ac51-69c659500ade.html
石家庄市,2026-07-08,"Weekly monitoring, published 2026-07-08",韭菜,新鲜一级,元/500克,7.40,,,,,Shijiazhuang 38 essential-goods retail price weekly monitoring,,0.0000,https://www.sjz.gov.cn/columns/794a9172-e807-4fa3-8cc5-b4d321544b31/202607/08/3cbb1647-73fc-43ff-ac51-69c659500ade.html
石家庄市,2026-07-08,"Weekly monitoring, published 2026-07-08",鲤鱼,活 500克以上一条,元/500克,9.90,,,,,Shijiazhuang 38 essential-goods retail price weekly monitoring,,0.0000,https://www.sjz.gov.cn/columns/794a9172-e807-4fa3-8cc5-b4d321544b31/202607/08/3cbb1647-73fc-43ff-ac51-69c659500ade.html
石家庄市,2026-07-08,"Weekly monitoring, published 2026-07-08",绵白糖,一级 袋装,元/400克,5.75,,,,,Shijiazhuang 38 essential-goods retail price weekly monitoring,,0.0000,https://www.sjz.gov.cn/columns/794a9172-e807-4fa3-8cc5-b4d321544b31/202607/08/3cbb1647-73fc-43ff-ac51-69c659500ade.html
石家庄市,2026-07-08,"Weekly monitoring, published 2026-07-08",面粉,特一,元/500克,2.29,,,,,Shijiazhuang 38 essential-goods retail price weekly monitoring,,0.0000,https://www.sjz.gov.cn/columns/794a9172-e807-4fa3-8cc5-b4d321544b31/202607/08/3cbb1647-73fc-43ff-ac51-69c659500ade.html
石家庄市,2026-07-08,"Weekly monitoring, published 2026-07-08",苹果,红富士 一级,元/500克,6.40,,,,,Shijiazhuang 38 essential-goods retail price weekly monitoring,,0.0000,https://www.sjz.gov.cn/columns/794a9172-e807-4fa3-8cc5-b4d321544b31/202607/08/3cbb1647-73fc-43ff-ac51-69c659500ade.html
石家庄市,2026-07-08,"Weekly monitoring, published 2026-07-08",芹菜,新鲜一级,元/500克,2.60,,,,,Shijiazhuang 38 essential-goods retail price weekly monitoring,,0.0000,https://www.sjz.gov.cn/columns/794a9172-e807-4fa3-8cc5-b4d321544b31/202607/08/3cbb1647-73fc-43ff-ac51-69c659500ade.html
石家庄市,2026-07-08,"Weekly monitoring, published 2026-07-08",青椒,新鲜一级,元/500克,3.49,,,,,Shijiazhuang 38 essential-goods retail price weekly monitoring,,-0.1253,https://www.sjz.gov.cn/columns/794a9172-e807-4fa3-8cc5-b4d321544b31/202607/08/3cbb1647-73fc-43ff-ac51-69c659500ade.html
石家庄市,2026-07-08,"Weekly monitoring, published 2026-07-08",生姜,新鲜一级,元/500克,6.45,,,,,Shijiazhuang 38 essential-goods retail price weekly monitoring,,0.0840,https://www.sjz.gov.cn/columns/794a9172-e807-4fa3-8cc5-b4d321544b31/202607/08/3cbb1647-73fc-43ff-ac51-69c659500ade.html
石家庄市,2026-07-08,"Weekly monitoring, published 2026-07-08",食用盐,精制含碘盐 袋装,元/400克,2.00,,,,,Shijiazhuang 38 essential-goods retail price weekly monitoring,,0.0000,https://www.sjz.gov.cn/columns/794a9172-e807-4fa3-8cc5-b4d321544b31/202607/08/3cbb1647-73fc-43ff-ac51-69c659500ade.html
石家庄市,2026-07-08,"Weekly monitoring, published 2026-07-08",蒜薹,新鲜一级,元/500克,6.95,,,,,Shijiazhuang 38 essential-goods retail price weekly monitoring,,0.0000,https://www.sjz.gov.cn/columns/794a9172-e807-4fa3-8cc5-b4d321544b31/202607/08/3cbb1647-73fc-43ff-ac51-69c659500ade.html
石家庄市,2026-07-08,"Weekly monitoring, published 2026-07-08",土豆,新鲜一级,元/500克,1.54,,,,,Shijiazhuang 38 essential-goods retail price weekly monitoring,,-0.1397,https://www.sjz.gov.cn/columns/794a9172-e807-4fa3-8cc5-b4d321544b31/202607/08/3cbb1647-73fc-43ff-ac51-69c659500ade.html
石家庄市,2026-07-08,"Weekly monitoring, published 2026-07-08",西红柿,新鲜一级,元/500克,1.99,,,,,Shijiazhuang 38 essential-goods retail price weekly monitoring,,0.0000,https://www.sjz.gov.cn/columns/794a9172-e807-4fa3-8cc5-b4d321544b31/202607/08/3cbb1647-73fc-43ff-ac51-69c659500ade.html
石家庄市,2026-07-08,"Weekly monitoring, published 2026-07-08",西葫芦,新鲜一级,元/500克,2.59,,,,,Shijiazhuang 38 essential-goods retail price weekly monitoring,,0.0000,https://www.sjz.gov.cn/columns/794a9172-e807-4fa3-8cc5-b4d321544b31/202607/08/3cbb1647-73fc-43ff-ac51-69c659500ade.html
石家庄市,2026-07-08,"Weekly monitoring, published 2026-07-08",鲜牛肉,腱子肉,元/500克,40.85,,,,,Shijiazhuang 38 essential-goods retail price weekly monitoring,,0.0652,https://www.sjz.gov.cn/columns/794a9172-e807-4fa3-8cc5-b4d321544b31/202607/08/3cbb1647-73fc-43ff-ac51-69c659500ade.html
石家庄市,2026-07-08,"Weekly monitoring, published 2026-07-08",鲜羊肉,新鲜去骨,元/500克,40.85,,,,,Shijiazhuang 38 essential-goods retail price weekly monitoring,,0.0793,https://www.sjz.gov.cn/columns/794a9172-e807-4fa3-8cc5-b4d321544b31/202607/08/3cbb1647-73fc-43ff-ac51-69c659500ade.html
石家庄市,2026-07-08,"Weekly monitoring, published 2026-07-08",香蕉,国产 一级,元/500克,5.95,,,,,Shijiazhuang 38 essential-goods retail price weekly monitoring,,0.2020,https://www.sjz.gov.cn/columns/794a9172-e807-4fa3-8cc5-b4d321544b31/202607/08/3cbb1647-73fc-43ff-ac51-69c659500ade.html
石家庄市,2026-07-08,"Weekly monitoring, published 2026-07-08",洋白菜,新鲜一级,元/500克,0.89,,,,,Shijiazhuang 38 essential-goods retail price weekly monitoring,,-0.1442,https://www.sjz.gov.cn/columns/794a9172-e807-4fa3-8cc5-b4d321544b31/202607/08/3cbb1647-73fc-43ff-ac51-69c659500ade.html
石家庄市,2026-07-08,"Weekly monitoring, published 2026-07-08",液态牛奶,蒙牛 利乐枕 200ml,元/袋,2.50,,,,,Shijiazhuang 38 essential-goods retail price weekly monitoring,,0.0000,https://www.sjz.gov.cn/columns/794a9172-e807-4fa3-8cc5-b4d321544b31/202607/08/3cbb1647-73fc-43ff-ac51-69c659500ade.html
石家庄市,2026-07-08,"Weekly monitoring, published 2026-07-08",玉米粉,脱胚玉米粉,元/500克,2.87,,,,,Shijiazhuang 38 essential-goods retail price weekly monitoring,,0.0000,https://www.sjz.gov.cn/columns/794a9172-e807-4fa3-8cc5-b4d321544b31/202607/08/3cbb1647-73fc-43ff-ac51-69c659500ade.html
石家庄市,2026-07-15,"Weekly monitoring, published 2026-07-15",白萝卜,新鲜一级,元/500克,1.14,,,,,Shijiazhuang 38 essential-goods retail price weekly monitoring,,0.0000,https://www.sjz.gov.cn/columns/794a9172-e807-4fa3-8cc5-b4d321544b31/202607/15/c43d3156-f721-40f9-a485-accfc524010e.html
石家庄市,2026-07-15,"Weekly monitoring, published 2026-07-15",菠菜,新鲜一级,元/500克,3.45,,,,,Shijiazhuang 38 essential-goods retail price weekly monitoring,,-0.0897,https://www.sjz.gov.cn/columns/794a9172-e807-4fa3-8cc5-b4d321544b31/202607/15/c43d3156-f721-40f9-a485-accfc524010e.html
石家庄市,2026-07-15,"Weekly monitoring, published 2026-07-15",菜花,新鲜一级,元/500克,5.99,,,,,Shijiazhuang 38 essential-goods retail price weekly monitoring,,0.0000,https://www.sjz.gov.cn/columns/794a9172-e807-4fa3-8cc5-b4d321544b31/202607/15/c43d3156-f721-40f9-a485-accfc524010e.html
石家庄市,2026-07-15,"Weekly monitoring, published 2026-07-15",大白菜,新鲜一级,元/500克,0.89,,,,,Shijiazhuang 38 essential-goods retail price weekly monitoring,,0.0000,https://www.sjz.gov.cn/columns/794a9172-e807-4fa3-8cc5-b4d321544b31/202607/15/c43d3156-f721-40f9-a485-accfc524010e.html
石家庄市,2026-07-15,"Weekly monitoring, published 2026-07-15",大葱,新鲜一级,元/500克,3.75,,,,,Shijiazhuang 38 essential-goods retail price weekly monitoring,,-0.1573,https://www.sjz.gov.cn/columns/794a9172-e807-4fa3-8cc5-b4d321544b31/202607/15/c43d3156-f721-40f9-a485-accfc524010e.html
石家庄市,2026-07-15,"Weekly monitoring, published 2026-07-15",大豆调和油,一级桶装 金龙鱼 浸出,元/5升,74.90,,,,,Shijiazhuang 38 essential-goods retail price weekly monitoring,,0.0000,https://www.sjz.gov.cn/columns/794a9172-e807-4fa3-8cc5-b4d321544b31/202607/15/c43d3156-f721-40f9-a485-accfc524010e.html
石家庄市,2026-07-15,"Weekly monitoring, published 2026-07-15",大豆油,一级桶装 当地主销,元/5升,64.90,,,,,Shijiazhuang 38 essential-goods retail price weekly monitoring,,0.0000,https://www.sjz.gov.cn/columns/794a9172-e807-4fa3-8cc5-b4d321544b31/202607/15/c43d3156-f721-40f9-a485-accfc524010e.html
石家庄市,2026-07-15,"Weekly monitoring, published 2026-07-15",大蒜,新鲜一级,元/500克,5.99,,,,,Shijiazhuang 38 essential-goods retail price weekly monitoring,,0.0911,https://www.sjz.gov.cn/columns/794a9172-e807-4fa3-8cc5-b4d321544b31/202607/15/c43d3156-f721-40f9-a485-accfc524010e.html
石家庄市,2026-07-15,"Weekly monitoring, published 2026-07-15",带鱼,冻 250克以上一条,元/500克,20.90,,,,,Shijiazhuang 38 essential-goods retail price weekly monitoring,,-0.0853,https://www.sjz.gov.cn/columns/794a9172-e807-4fa3-8cc5-b4d321544b31/202607/15/c43d3156-f721-40f9-a485-accfc524010e.html
石家庄市,2026-07-15,"Weekly monitoring, published 2026-07-15",冬瓜,新鲜一级,元/500克,0.99,,,,,Shijiazhuang 38 essential-goods retail price weekly monitoring,,0.0000,https://www.sjz.gov.cn/columns/794a9172-e807-4fa3-8cc5-b4d321544b31/202607/15/c43d3156-f721-40f9-a485-accfc524010e.html
石家庄市,2026-07-15,"Weekly monitoring, published 2026-07-15",豆角,新鲜一级,元/500克,3.99,,,,,Shijiazhuang 38 essential-goods retail price weekly monitoring,,0.1433,https://www.sjz.gov.cn/columns/794a9172-e807-4fa3-8cc5-b4d321544b31/202607/15/c43d3156-f721-40f9-a485-accfc524010e.html
石家庄市,2026-07-15,"Weekly monitoring, published 2026-07-15",后坐肉,普通,元/500克,8.24,,,,,Shijiazhuang 38 essential-goods retail price weekly monitoring,,0.1001,https://www.sjz.gov.cn/columns/794a9172-e807-4fa3-8cc5-b4d321544b31/202607/15/c43d3156-f721-40f9-a485-accfc524010e.html
石家庄市,2026-07-15,"Weekly monitoring, published 2026-07-15",花生油,一级桶装 鲁花牌 压榨,元/5升,154.90,,,,,Shijiazhuang 38 essential-goods retail price weekly monitoring,,0.0000,https://www.sjz.gov.cn/columns/794a9172-e807-4fa3-8cc5-b4d321544b31/202607/15/c43d3156-f721-40f9-a485-accfc524010e.html
石家庄市,2026-07-15,"Weekly monitoring, published 2026-07-15",黄瓜,新鲜一级,元/500克,1.49,,,,,Shijiazhuang 38 essential-goods retail price weekly monitoring,,0.0000,https://www.sjz.gov.cn/columns/794a9172-e807-4fa3-8cc5-b4d321544b31/202607/15/c43d3156-f721-40f9-a485-accfc524010e.html
石家庄市,2026-07-15,"Weekly monitoring, published 2026-07-15",鸡蛋,新鲜完整 普通鸡蛋,元/500克,5.77,,,,,Shijiazhuang 38 essential-goods retail price weekly monitoring,,0.0805,https://www.sjz.gov.cn/columns/794a9172-e807-4fa3-8cc5-b4d321544b31/202607/15/c43d3156-f721-40f9-a485-accfc524010e.html
石家庄市,2026-07-15,"Weekly monitoring, published 2026-07-15",鸡肉,白条鸡 上等,元/500克,15.85,,,,,Shijiazhuang 38 essential-goods retail price weekly monitoring,,0.0673,https://www.sjz.gov.cn/columns/794a9172-e807-4fa3-8cc5-b4d321544b31/202607/15/c43d3156-f721-40f9-a485-accfc524010e.html
石家庄市,2026-07-15,"Weekly monitoring, published 2026-07-15",茄子,新鲜一级,元/500克,1.49,,,,,Shijiazhuang 38 essential-goods retail price weekly monitoring,,-0.1676,https://www.sjz.gov.cn/columns/794a9172-e807-4fa3-8cc5-b4d321544b31/202607/15/c43d3156-f721-40f9-a485-accfc524010e.html
石家庄市,2026-07-15,"Weekly monitoring, published 2026-07-15",粳米,二级,元/500克,2.89,,,,,Shijiazhuang 38 essential-goods retail price weekly monitoring,,0.0000,https://www.sjz.gov.cn/columns/794a9172-e807-4fa3-8cc5-b4d321544b31/202607/15/c43d3156-f721-40f9-a485-accfc524010e.html
石家庄市,2026-07-15,"Weekly monitoring, published 2026-07-15",精瘦肉,普通,元/500克,17.85,,,,,Shijiazhuang 38 essential-goods retail price weekly monitoring,,0.0000,https://www.sjz.gov.cn/columns/794a9172-e807-4fa3-8cc5-b4d321544b31/202607/15/c43d3156-f721-40f9-a485-accfc524010e.html
石家庄市,2026-07-15,"Weekly monitoring, published 2026-07-15",韭菜,新鲜一级,元/500克,7.40,,,,,Shijiazhuang 38 essential-goods retail price weekly monitoring,,0.0000,https://www.sjz.gov.cn/columns/794a9172-e807-4fa3-8cc5-b4d321544b31/202607/15/c43d3156-f721-40f9-a485-accfc524010e.html
石家庄市,2026-07-15,"Weekly monitoring, published 2026-07-15",鲤鱼,活 500克以上一条,元/500克,9.90,,,,,Shijiazhuang 38 essential-goods retail price weekly monitoring,,0.0000,https://www.sjz.gov.cn/columns/794a9172-e807-4fa3-8cc5-b4d321544b31/202607/15/c43d3156-f721-40f9-a485-accfc524010e.html
石家庄市,2026-07-15,"Weekly monitoring, published 2026-07-15",绵白糖,一级 袋装,元/400克,5.75,,,,,Shijiazhuang 38 essential-goods retail price weekly monitoring,,0.0000,https://www.sjz.gov.cn/columns/794a9172-e807-4fa3-8cc5-b4d321544b31/202607/15/c43d3156-f721-40f9-a485-accfc524010e.html
石家庄市,2026-07-15,"Weekly monitoring, published 2026-07-15",面粉,特一,元/500克,2.29,,,,,Shijiazhuang 38 essential-goods retail price weekly monitoring,,0.0000,https://www.sjz.gov.cn/columns/794a9172-e807-4fa3-8cc5-b4d321544b31/202607/15/c43d3156-f721-40f9-a485-accfc524010e.html
石家庄市,2026-07-15,"Weekly monitoring, published 2026-07-15",苹果,红富士 一级,元/500克,6.40,,,,,Shijiazhuang 38 essential-goods retail price weekly monitoring,,0.0000,https://www.sjz.gov.cn/columns/794a9172-e807-4fa3-8cc5-b4d321544b31/202607/15/c43d3156-f721-40f9-a485-accfc524010e.html
石家庄市,2026-07-15,"Weekly monitoring, published 2026-07-15",芹菜,新鲜一级,元/500克,3.80,,,,,Shijiazhuang 38 essential-goods retail price weekly monitoring,,0.4615,https://www.sjz.gov.cn/columns/794a9172-e807-4fa3-8cc5-b4d321544b31/202607/15/c43d3156-f721-40f9-a485-accfc524010e.html
石家庄市,2026-07-15,"Weekly monitoring, published 2026-07-15",青椒,新鲜一级,元/500克,2.99,,,,,Shijiazhuang 38 essential-goods retail price weekly monitoring,,-0.1433,https://www.sjz.gov.cn/columns/794a9172-e807-4fa3-8cc5-b4d321544b31/202607/15/c43d3156-f721-40f9-a485-accfc524010e.html
石家庄市,2026-07-15,"Weekly monitoring, published 2026-07-15",生姜,新鲜一级,元/500克,5.95,,,,,Shijiazhuang 38 essential-goods retail price weekly monitoring,,-0.0775,https://www.sjz.gov.cn/columns/794a9172-e807-4fa3-8cc5-b4d321544b31/202607/15/c43d3156-f721-40f9-a485-accfc524010e.html
石家庄市,2026-07-15,"Weekly monitoring, published 2026-07-15",食用盐,精制含碘盐 袋装,元/400克,2.00,,,,,Shijiazhuang 38 essential-goods retail price weekly monitoring,,0.0000,https://www.sjz.gov.cn/columns/794a9172-e807-4fa3-8cc5-b4d321544b31/202607/15/c43d3156-f721-40f9-a485-accfc524010e.html
石家庄市,2026-07-15,"Weekly monitoring, published 2026-07-15",蒜薹,新鲜一级,元/500克,6.40,,,,,Shijiazhuang 38 essential-goods retail price weekly monitoring,,-0.0791,https://www.sjz.gov.cn/columns/794a9172-e807-4fa3-8cc5-b4d321544b31/202607/15/c43d3156-f721-40f9-a485-accfc524010e.html
石家庄市,2026-07-15,"Weekly monitoring, published 2026-07-15",土豆,新鲜一级,元/500克,1.69,,,,,Shijiazhuang 38 essential-goods retail price weekly monitoring,,0.0974,https://www.sjz.gov.cn/columns/794a9172-e807-4fa3-8cc5-b4d321544b31/202607/15/c43d3156-f721-40f9-a485-accfc524010e.html
石家庄市,2026-07-15,"Weekly monitoring, published 2026-07-15",西红柿,新鲜一级,元/500克,2.19,,,,,Shijiazhuang 38 essential-goods retail price weekly monitoring,,0.1005,https://www.sjz.gov.cn/columns/794a9172-e807-4fa3-8cc5-b4d321544b31/202607/15/c43d3156-f721-40f9-a485-accfc524010e.html
石家庄市,2026-07-15,"Weekly monitoring, published 2026-07-15",西葫芦,新鲜一级,元/500克,2.49,,,,,Shijiazhuang 38 essential-goods retail price weekly monitoring,,-0.0386,https://www.sjz.gov.cn/columns/794a9172-e807-4fa3-8cc5-b4d321544b31/202607/15/c43d3156-f721-40f9-a485-accfc524010e.html
石家庄市,2026-07-15,"Weekly monitoring, published 2026-07-15",鲜牛肉,腱子肉,元/500克,43.85,,,,,Shijiazhuang 38 essential-goods retail price weekly monitoring,,0.0734,https://www.sjz.gov.cn/columns/794a9172-e807-4fa3-8cc5-b4d321544b31/202607/15/c43d3156-f721-40f9-a485-accfc524010e.html
石家庄市,2026-07-15,"Weekly monitoring, published 2026-07-15",鲜羊肉,新鲜去骨,元/500克,42.35,,,,,Shijiazhuang 38 essential-goods retail price weekly monitoring,,0.0367,https://www.sjz.gov.cn/columns/794a9172-e807-4fa3-8cc5-b4d321544b31/202607/15/c43d3156-f721-40f9-a485-accfc524010e.html
石家庄市,2026-07-15,"Weekly monitoring, published 2026-07-15",香蕉,国产 一级,元/500克,5.95,,,,,Shijiazhuang 38 essential-goods retail price weekly monitoring,,0.0000,https://www.sjz.gov.cn/columns/794a9172-e807-4fa3-8cc5-b4d321544b31/202607/15/c43d3156-f721-40f9-a485-accfc524010e.html
石家庄市,2026-07-15,"Weekly monitoring, published 2026-07-15",洋白菜,新鲜一级,元/500克,0.89,,,,,Shijiazhuang 38 essential-goods retail price weekly monitoring,,0.0000,https://www.sjz.gov.cn/columns/794a9172-e807-4fa3-8cc5-b4d321544b31/202607/15/c43d3156-f721-40f9-a485-accfc524010e.html
石家庄市,2026-07-15,"Weekly monitoring, published 2026-07-15",液态牛奶,蒙牛 利乐枕 200ml,元/袋,2.50,,,,,Shijiazhuang 38 essential-goods retail price weekly monitoring,,0.0000,https://www.sjz.gov.cn/columns/794a9172-e807-4fa3-8cc5-b4d321544b31/202607/15/c43d3156-f721-40f9-a485-accfc524010e.html
石家庄市,2026-07-15,"Weekly monitoring, published 2026-07-15",玉米粉,脱胚玉米粉,元/500克,2.87,,,,,Shijiazhuang 38 essential-goods retail price weekly monitoring,,0.0000,https://www.sjz.gov.cn/columns/794a9172-e807-4fa3-8cc5-b4d321544b31/202607/15/c43d3156-f721-40f9-a485-accfc524010e.html
天津市,2026-01-31,2026年1月月度均价（发布 2026-02-06）,24种蔬菜均价,,元/500克,4.06,,,,,天津市“菜篮子”工程主要农副产品零售价格监测（月均价）,,,https://fzgg.tj.gov.cn/zwgk_47325/zfxxgk1/fdzdgknr1/tjxx/202602/t20260206_7241383.html
天津市,2026-01-31,2026年1月月度均价（发布 2026-02-06）,白葱头,集贸新鲜,元/500克,1.72,,,,,天津市“菜篮子”工程主要农副产品零售价格监测（月均价）,,,https://fzgg.tj.gov.cn/zwgk_47325/zfxxgk1/fdzdgknr1/tjxx/202602/t20260206_7241383.html
天津市,2026-01-31,2026年1月月度均价（发布 2026-02-06）,白鲢鱼,集贸1000-1500克（条）,元/500克,5.28,,,,,天津市“菜篮子”工程主要农副产品零售价格监测（月均价）,,,https://fzgg.tj.gov.cn/zwgk_47325/zfxxgk1/fdzdgknr1/tjxx/202602/t20260206_7241383.html
天津市,2026-01-31,2026年1月月度均价（发布 2026-02-06）,白萝卜,集贸新鲜,元/500克,1.56,,,,,天津市“菜篮子”工程主要农副产品零售价格监测（月均价）,,,https://fzgg.tj.gov.cn/zwgk_47325/zfxxgk1/fdzdgknr1/tjxx/202602/t20260206_7241383.html
天津市,2026-01-31,2026年1月月度均价（发布 2026-02-06）,菜花,集贸新鲜,元/500克,4.05,,,,,天津市“菜篮子”工程主要农副产品零售价格监测（月均价）,,,https://fzgg.tj.gov.cn/zwgk_47325/zfxxgk1/fdzdgknr1/tjxx/202602/t20260206_7241383.html
天津市,2026-01-31,2026年1月月度均价（发布 2026-02-06）,草鱼,集贸1000-1500克（条）,元/500克,9.76,,,,,天津市“菜篮子”工程主要农副产品零售价格监测（月均价）,,,https://fzgg.tj.gov.cn/zwgk_47325/zfxxgk1/fdzdgknr1/tjxx/202602/t20260206_7241383.html
天津市,2026-01-31,2026年1月月度均价（发布 2026-02-06）,大白菜,集贸新鲜,元/500克,1.74,,,,,天津市“菜篮子”工程主要农副产品零售价格监测（月均价）,,,https://fzgg.tj.gov.cn/zwgk_47325/zfxxgk1/fdzdgknr1/tjxx/202602/t20260206_7241383.html
天津市,2026-01-31,2026年1月月度均价（发布 2026-02-06）,大葱,集贸新鲜,元/500克,2.79,,,,,天津市“菜篮子”工程主要农副产品零售价格监测（月均价）,,,https://fzgg.tj.gov.cn/zwgk_47325/zfxxgk1/fdzdgknr1/tjxx/202602/t20260206_7241383.html
天津市,2026-01-31,2026年1月月度均价（发布 2026-02-06）,大蒜,集贸新鲜,元/500克,6.18,,,,,天津市“菜篮子”工程主要农副产品零售价格监测（月均价）,,,https://fzgg.tj.gov.cn/zwgk_47325/zfxxgk1/fdzdgknr1/tjxx/202602/t20260206_7241383.html
天津市,2026-01-31,2026年1月月度均价（发布 2026-02-06）,带鱼,集贸250-350克（条）,元/500克,17.09,,,,,天津市“菜篮子”工程主要农副产品零售价格监测（月均价）,,,https://fzgg.tj.gov.cn/zwgk_47325/zfxxgk1/fdzdgknr1/tjxx/202602/t20260206_7241383.html
天津市,2026-01-31,2026年1月月度均价（发布 2026-02-06）,冬瓜,集贸新鲜,元/500克,2.48,,,,,天津市“菜篮子”工程主要农副产品零售价格监测（月均价）,,,https://fzgg.tj.gov.cn/zwgk_47325/zfxxgk1/fdzdgknr1/tjxx/202602/t20260206_7241383.html
天津市,2026-01-31,2026年1月月度均价（发布 2026-02-06）,豆角,集贸新鲜,元/500克,6.97,,,,,天津市“菜篮子”工程主要农副产品零售价格监测（月均价）,,,https://fzgg.tj.gov.cn/zwgk_47325/zfxxgk1/fdzdgknr1/tjxx/202602/t20260206_7241383.html
天津市,2026-01-31,2026年1月月度均价（发布 2026-02-06）,胡萝卜,集贸新鲜,元/500克,2.34,,,,,天津市“菜篮子”工程主要农副产品零售价格监测（月均价）,,,https://fzgg.tj.gov.cn/zwgk_47325/zfxxgk1/fdzdgknr1/tjxx/202602/t20260206_7241383.html
天津市,2026-01-31,2026年1月月度均价（发布 2026-02-06）,黄瓜,集贸新鲜,元/500克,4.58,,,,,天津市“菜篮子”工程主要农副产品零售价格监测（月均价）,,,https://fzgg.tj.gov.cn/zwgk_47325/zfxxgk1/fdzdgknr1/tjxx/202602/t20260206_7241383.html
天津市,2026-01-31,2026年1月月度均价（发布 2026-02-06）,鸡蛋,集贸红皮新鲜,元/500克,3.86,,,,,天津市“菜篮子”工程主要农副产品零售价格监测（月均价）,,,https://fzgg.tj.gov.cn/zwgk_47325/zfxxgk1/fdzdgknr1/tjxx/202602/t20260206_7241383.html
天津市,2026-01-31,2026年1月月度均价（发布 2026-02-06）,鸡肉,白条鸡,元/500克,8.65,,,,,天津市“菜篮子”工程主要农副产品零售价格监测（月均价）,,,https://fzgg.tj.gov.cn/zwgk_47325/zfxxgk1/fdzdgknr1/tjxx/202602/t20260206_7241383.html
天津市,2026-01-31,2026年1月月度均价（发布 2026-02-06）,鲫鱼,集贸300-500克（条）,元/500克,11.79,,,,,天津市“菜篮子”工程主要农副产品零售价格监测（月均价）,,,https://fzgg.tj.gov.cn/zwgk_47325/zfxxgk1/fdzdgknr1/tjxx/202602/t20260206_7241383.html
天津市,2026-01-31,2026年1月月度均价（发布 2026-02-06）,尖椒,集贸新鲜,元/500克,5.78,,,,,天津市“菜篮子”工程主要农副产品零售价格监测（月均价）,,,https://fzgg.tj.gov.cn/zwgk_47325/zfxxgk1/fdzdgknr1/tjxx/202602/t20260206_7241383.html
天津市,2026-01-31,2026年1月月度均价（发布 2026-02-06）,韭菜,集贸新鲜,元/500克,4.74,,,,,天津市“菜篮子”工程主要农副产品零售价格监测（月均价）,,,https://fzgg.tj.gov.cn/zwgk_47325/zfxxgk1/fdzdgknr1/tjxx/202602/t20260206_7241383.html
天津市,2026-01-31,2026年1月月度均价（发布 2026-02-06）,鲤鱼,集贸750-1000克（条）,元/500克,8.00,,,,,天津市“菜篮子”工程主要农副产品零售价格监测（月均价）,,,https://fzgg.tj.gov.cn/zwgk_47325/zfxxgk1/fdzdgknr1/tjxx/202602/t20260206_7241383.html
天津市,2026-01-31,2026年1月月度均价（发布 2026-02-06）,牛奶,超市蒙牛纯牛奶250ml,元/盒,3.13,,,,,天津市“菜篮子”工程主要农副产品零售价格监测（月均价）,,,https://fzgg.tj.gov.cn/zwgk_47325/zfxxgk1/fdzdgknr1/tjxx/202602/t20260206_7241383.html
天津市,2026-01-31,2026年1月月度均价（发布 2026-02-06）,牛奶,超市蒙牛利乐枕240ml,元/袋,2.38,,,,,天津市“菜篮子”工程主要农副产品零售价格监测（月均价）,,,https://fzgg.tj.gov.cn/zwgk_47325/zfxxgk1/fdzdgknr1/tjxx/202602/t20260206_7241383.html
天津市,2026-01-31,2026年1月月度均价（发布 2026-02-06）,牛肉,集贸去骨净肉,元/500克,34.98,,,,,天津市“菜篮子”工程主要农副产品零售价格监测（月均价）,,,https://fzgg.tj.gov.cn/zwgk_47325/zfxxgk1/fdzdgknr1/tjxx/202602/t20260206_7241383.html
天津市,2026-01-31,2026年1月月度均价（发布 2026-02-06）,平菇,集贸新鲜,元/500克,4.64,,,,,天津市“菜篮子”工程主要农副产品零售价格监测（月均价）,,,https://fzgg.tj.gov.cn/zwgk_47325/zfxxgk1/fdzdgknr1/tjxx/202602/t20260206_7241383.html
天津市,2026-01-31,2026年1月月度均价（发布 2026-02-06）,苹果,集贸山东红富士一级应季主销,元/500克,5.32,,,,,天津市“菜篮子”工程主要农副产品零售价格监测（月均价）,,,https://fzgg.tj.gov.cn/zwgk_47325/zfxxgk1/fdzdgknr1/tjxx/202602/t20260206_7241383.html
天津市,2026-01-31,2026年1月月度均价（发布 2026-02-06）,芹菜,集贸新鲜,元/500克,2.72,,,,,天津市“菜篮子”工程主要农副产品零售价格监测（月均价）,,,https://fzgg.tj.gov.cn/zwgk_47325/zfxxgk1/fdzdgknr1/tjxx/202602/t20260206_7241383.html
天津市,2026-01-31,2026年1月月度均价（发布 2026-02-06）,青椒,集贸新鲜,元/500克,5.13,,,,,天津市“菜篮子”工程主要农副产品零售价格监测（月均价）,,,https://fzgg.tj.gov.cn/zwgk_47325/zfxxgk1/fdzdgknr1/tjxx/202602/t20260206_7241383.html
天津市,2026-01-31,2026年1月月度均价（发布 2026-02-06）,生姜,集贸新鲜,元/500克,6.44,,,,,天津市“菜篮子”工程主要农副产品零售价格监测（月均价）,,,https://fzgg.tj.gov.cn/zwgk_47325/zfxxgk1/fdzdgknr1/tjxx/202602/t20260206_7241383.html
天津市,2026-01-31,2026年1月月度均价（发布 2026-02-06）,蒜薹,集贸新鲜,元/500克,6.61,,,,,天津市“菜篮子”工程主要农副产品零售价格监测（月均价）,,,https://fzgg.tj.gov.cn/zwgk_47325/zfxxgk1/fdzdgknr1/tjxx/202602/t20260206_7241383.html
天津市,2026-01-31,2026年1月月度均价（发布 2026-02-06）,土豆,集贸新鲜,元/500克,1.92,,,,,天津市“菜篮子”工程主要农副产品零售价格监测（月均价）,,,https://fzgg.tj.gov.cn/zwgk_47325/zfxxgk1/fdzdgknr1/tjxx/202602/t20260206_7241383.html
天津市,2026-01-31,2026年1月月度均价（发布 2026-02-06）,西瓜,集贸普通西瓜应季主销,元/500克,6.03,,,,,天津市“菜篮子”工程主要农副产品零售价格监测（月均价）,,,https://fzgg.tj.gov.cn/zwgk_47325/zfxxgk1/fdzdgknr1/tjxx/202602/t20260206_7241383.html
天津市,2026-01-31,2026年1月月度均价（发布 2026-02-06）,西红柿,集贸新鲜,元/500克,5.97,,,,,天津市“菜篮子”工程主要农副产品零售价格监测（月均价）,,,https://fzgg.tj.gov.cn/zwgk_47325/zfxxgk1/fdzdgknr1/tjxx/202602/t20260206_7241383.html
天津市,2026-01-31,2026年1月月度均价（发布 2026-02-06）,西葫芦,集贸新鲜,元/500克,4.00,,,,,天津市“菜篮子”工程主要农副产品零售价格监测（月均价）,,,https://fzgg.tj.gov.cn/zwgk_47325/zfxxgk1/fdzdgknr1/tjxx/202602/t20260206_7241383.html
天津市,2026-01-31,2026年1月月度均价（发布 2026-02-06）,香蕉,集贸国产一级应季主销,元/500克,3.94,,,,,天津市“菜篮子”工程主要农副产品零售价格监测（月均价）,,,https://fzgg.tj.gov.cn/zwgk_47325/zfxxgk1/fdzdgknr1/tjxx/202602/t20260206_7241383.html
天津市,2026-01-31,2026年1月月度均价（发布 2026-02-06）,羊肉,集贸去骨净肉,元/500克,38.94,,,,,天津市“菜篮子”工程主要农副产品零售价格监测（月均价）,,,https://fzgg.tj.gov.cn/zwgk_47325/zfxxgk1/fdzdgknr1/tjxx/202602/t20260206_7241383.html
天津市,2026-01-31,2026年1月月度均价（发布 2026-02-06）,油菜,集贸新鲜,元/500克,3.02,,,,,天津市“菜篮子”工程主要农副产品零售价格监测（月均价）,,,https://fzgg.tj.gov.cn/zwgk_47325/zfxxgk1/fdzdgknr1/tjxx/202602/t20260206_7241383.html
天津市,2026-01-31,2026年1月月度均价（发布 2026-02-06）,圆白菜,集贸新鲜,元/500克,2.65,,,,,天津市“菜篮子”工程主要农副产品零售价格监测（月均价）,,,https://fzgg.tj.gov.cn/zwgk_47325/zfxxgk1/fdzdgknr1/tjxx/202602/t20260206_7241383.html
天津市,2026-01-31,2026年1月月度均价（发布 2026-02-06）,圆茄子,集贸新鲜,元/500克,5.36,,,,,天津市“菜篮子”工程主要农副产品零售价格监测（月均价）,,,https://fzgg.tj.gov.cn/zwgk_47325/zfxxgk1/fdzdgknr1/tjxx/202602/t20260206_7241383.html
天津市,2026-01-31,2026年1月月度均价（发布 2026-02-06）,圆生菜,集贸新鲜,元/500克,4.06,,,,,天津市“菜篮子”工程主要农副产品零售价格监测（月均价）,,,https://fzgg.tj.gov.cn/zwgk_47325/zfxxgk1/fdzdgknr1/tjxx/202602/t20260206_7241383.html
天津市,2026-01-31,2026年1月月度均价（发布 2026-02-06）,猪肉,集贸带皮五花肉,元/500克,14.00,,,,,天津市“菜篮子”工程主要农副产品零售价格监测（月均价）,,,https://fzgg.tj.gov.cn/zwgk_47325/zfxxgk1/fdzdgknr1/tjxx/202602/t20260206_7241383.html
天津市,2026-01-31,2026年1月月度均价（发布 2026-02-06）,猪肉,集贸精瘦肉,元/500克,15.40,,,,,天津市“菜篮子”工程主要农副产品零售价格监测（月均价）,,,https://fzgg.tj.gov.cn/zwgk_47325/zfxxgk1/fdzdgknr1/tjxx/202602/t20260206_7241383.html
天津市,2026-02-28,2026年2月月度均价（发布 2026-03-09）,24种蔬菜均价,,元/500克,4.18,,,,,天津市“菜篮子”工程主要农副产品零售价格监测（月均价）,,,https://fzgg.tj.gov.cn/zwgk_47325/zfxxgk1/fdzdgknr1/tjxx/202603/t20260309_7257826.html
天津市,2026-02-28,2026年2月月度均价（发布 2026-03-09）,白葱头,集贸新鲜,元/500克,1.74,,,,,天津市“菜篮子”工程主要农副产品零售价格监测（月均价）,,,https://fzgg.tj.gov.cn/zwgk_47325/zfxxgk1/fdzdgknr1/tjxx/202603/t20260309_7257826.html
天津市,2026-02-28,2026年2月月度均价（发布 2026-03-09）,白鲢鱼,集贸1000-1500克（条）,元/500克,5.36,,,,,天津市“菜篮子”工程主要农副产品零售价格监测（月均价）,,,https://fzgg.tj.gov.cn/zwgk_47325/zfxxgk1/fdzdgknr1/tjxx/202603/t20260309_7257826.html
天津市,2026-02-28,2026年2月月度均价（发布 2026-03-09）,白萝卜,集贸新鲜,元/500克,1.60,,,,,天津市“菜篮子”工程主要农副产品零售价格监测（月均价）,,,https://fzgg.tj.gov.cn/zwgk_47325/zfxxgk1/fdzdgknr1/tjxx/202603/t20260309_7257826.html
天津市,2026-02-28,2026年2月月度均价（发布 2026-03-09）,菜花,集贸新鲜,元/500克,3.96,,,,,天津市“菜篮子”工程主要农副产品零售价格监测（月均价）,,,https://fzgg.tj.gov.cn/zwgk_47325/zfxxgk1/fdzdgknr1/tjxx/202603/t20260309_7257826.html
天津市,2026-02-28,2026年2月月度均价（发布 2026-03-09）,草鱼,集贸1000-1500克（条）,元/500克,10.00,,,,,天津市“菜篮子”工程主要农副产品零售价格监测（月均价）,,,https://fzgg.tj.gov.cn/zwgk_47325/zfxxgk1/fdzdgknr1/tjxx/202603/t20260309_7257826.html
天津市,2026-02-28,2026年2月月度均价（发布 2026-03-09）,大白菜,集贸新鲜,元/500克,2.03,,,,,天津市“菜篮子”工程主要农副产品零售价格监测（月均价）,,,https://fzgg.tj.gov.cn/zwgk_47325/zfxxgk1/fdzdgknr1/tjxx/202603/t20260309_7257826.html
天津市,2026-02-28,2026年2月月度均价（发布 2026-03-09）,大葱,集贸新鲜,元/500克,2.94,,,,,天津市“菜篮子”工程主要农副产品零售价格监测（月均价）,,,https://fzgg.tj.gov.cn/zwgk_47325/zfxxgk1/fdzdgknr1/tjxx/202603/t20260309_7257826.html
天津市,2026-02-28,2026年2月月度均价（发布 2026-03-09）,大蒜,集贸新鲜,元/500克,6.23,,,,,天津市“菜篮子”工程主要农副产品零售价格监测（月均价）,,,https://fzgg.tj.gov.cn/zwgk_47325/zfxxgk1/fdzdgknr1/tjxx/202603/t20260309_7257826.html
天津市,2026-02-28,2026年2月月度均价（发布 2026-03-09）,带鱼,集贸250-350克（条）,元/500克,17.34,,,,,天津市“菜篮子”工程主要农副产品零售价格监测（月均价）,,,https://fzgg.tj.gov.cn/zwgk_47325/zfxxgk1/fdzdgknr1/tjxx/202603/t20260309_7257826.html
天津市,2026-02-28,2026年2月月度均价（发布 2026-03-09）,冬瓜,集贸新鲜,元/500克,2.62,,,,,天津市“菜篮子”工程主要农副产品零售价格监测（月均价）,,,https://fzgg.tj.gov.cn/zwgk_47325/zfxxgk1/fdzdgknr1/tjxx/202603/t20260309_7257826.html
天津市,2026-02-28,2026年2月月度均价（发布 2026-03-09）,豆角,集贸新鲜,元/500克,7.24,,,,,天津市“菜篮子”工程主要农副产品零售价格监测（月均价）,,,https://fzgg.tj.gov.cn/zwgk_47325/zfxxgk1/fdzdgknr1/tjxx/202603/t20260309_7257826.html
天津市,2026-02-28,2026年2月月度均价（发布 2026-03-09）,胡萝卜,集贸新鲜,元/500克,2.47,,,,,天津市“菜篮子”工程主要农副产品零售价格监测（月均价）,,,https://fzgg.tj.gov.cn/zwgk_47325/zfxxgk1/fdzdgknr1/tjxx/202603/t20260309_7257826.html
天津市,2026-02-28,2026年2月月度均价（发布 2026-03-09）,黄瓜,集贸新鲜,元/500克,4.84,,,,,天津市“菜篮子”工程主要农副产品零售价格监测（月均价）,,,https://fzgg.tj.gov.cn/zwgk_47325/zfxxgk1/fdzdgknr1/tjxx/202603/t20260309_7257826.html
天津市,2026-02-28,2026年2月月度均价（发布 2026-03-09）,鸡蛋,集贸红皮新鲜,元/500克,4.24,,,,,天津市“菜篮子”工程主要农副产品零售价格监测（月均价）,,,https://fzgg.tj.gov.cn/zwgk_47325/zfxxgk1/fdzdgknr1/tjxx/202603/t20260309_7257826.html
天津市,2026-02-28,2026年2月月度均价（发布 2026-03-09）,鸡肉,白条鸡,元/500克,8.72,,,,,天津市“菜篮子”工程主要农副产品零售价格监测（月均价）,,,https://fzgg.tj.gov.cn/zwgk_47325/zfxxgk1/fdzdgknr1/tjxx/202603/t20260309_7257826.html
天津市,2026-02-28,2026年2月月度均价（发布 2026-03-09）,鲫鱼,集贸300-500克（条）,元/500克,12.30,,,,,天津市“菜篮子”工程主要农副产品零售价格监测（月均价）,,,https://fzgg.tj.gov.cn/zwgk_47325/zfxxgk1/fdzdgknr1/tjxx/202603/t20260309_7257826.html
天津市,2026-02-28,2026年2月月度均价（发布 2026-03-09）,尖椒,集贸新鲜,元/500克,6.80,,,,,天津市“菜篮子”工程主要农副产品零售价格监测（月均价）,,,https://fzgg.tj.gov.cn/zwgk_47325/zfxxgk1/fdzdgknr1/tjxx/202603/t20260309_7257826.html
天津市,2026-02-28,2026年2月月度均价（发布 2026-03-09）,韭菜,集贸新鲜,元/500克,4.65,,,,,天津市“菜篮子”工程主要农副产品零售价格监测（月均价）,,,https://fzgg.tj.gov.cn/zwgk_47325/zfxxgk1/fdzdgknr1/tjxx/202603/t20260309_7257826.html
天津市,2026-02-28,2026年2月月度均价（发布 2026-03-09）,鲤鱼,集贸750-1000克（条）,元/500克,8.19,,,,,天津市“菜篮子”工程主要农副产品零售价格监测（月均价）,,,https://fzgg.tj.gov.cn/zwgk_47325/zfxxgk1/fdzdgknr1/tjxx/202603/t20260309_7257826.html
天津市,2026-02-28,2026年2月月度均价（发布 2026-03-09）,牛奶,超市蒙牛纯牛奶250ml,元/盒,3.13,,,,,天津市“菜篮子”工程主要农副产品零售价格监测（月均价）,,,https://fzgg.tj.gov.cn/zwgk_47325/zfxxgk1/fdzdgknr1/tjxx/202603/t20260309_7257826.html
天津市,2026-02-28,2026年2月月度均价（发布 2026-03-09）,牛奶,超市蒙牛利乐枕240ml,元/袋,2.39,,,,,天津市“菜篮子”工程主要农副产品零售价格监测（月均价）,,,https://fzgg.tj.gov.cn/zwgk_47325/zfxxgk1/fdzdgknr1/tjxx/202603/t20260309_7257826.html
天津市,2026-02-28,2026年2月月度均价（发布 2026-03-09）,牛肉,集贸去骨净肉,元/500克,35.67,,,,,天津市“菜篮子”工程主要农副产品零售价格监测（月均价）,,,https://fzgg.tj.gov.cn/zwgk_47325/zfxxgk1/fdzdgknr1/tjxx/202603/t20260309_7257826.html
天津市,2026-02-28,2026年2月月度均价（发布 2026-03-09）,平菇,集贸新鲜,元/500克,4.73,,,,,天津市“菜篮子”工程主要农副产品零售价格监测（月均价）,,,https://fzgg.tj.gov.cn/zwgk_47325/zfxxgk1/fdzdgknr1/tjxx/202603/t20260309_7257826.html
天津市,2026-02-28,2026年2月月度均价（发布 2026-03-09）,苹果,集贸山东红富士一级应季主销,元/500克,5.46,,,,,天津市“菜篮子”工程主要农副产品零售价格监测（月均价）,,,https://fzgg.tj.gov.cn/zwgk_47325/zfxxgk1/fdzdgknr1/tjxx/202603/t20260309_7257826.html
天津市,2026-02-28,2026年2月月度均价（发布 2026-03-09）,芹菜,集贸新鲜,元/500克,2.86,,,,,天津市“菜篮子”工程主要农副产品零售价格监测（月均价）,,,https://fzgg.tj.gov.cn/zwgk_47325/zfxxgk1/fdzdgknr1/tjxx/202603/t20260309_7257826.html
天津市,2026-02-28,2026年2月月度均价（发布 2026-03-09）,青椒,集贸新鲜,元/500克,5.75,,,,,天津市“菜篮子”工程主要农副产品零售价格监测（月均价）,,,https://fzgg.tj.gov.cn/zwgk_47325/zfxxgk1/fdzdgknr1/tjxx/202603/t20260309_7257826.html
天津市,2026-02-28,2026年2月月度均价（发布 2026-03-09）,生姜,集贸新鲜,元/500克,6.51,,,,,天津市“菜篮子”工程主要农副产品零售价格监测（月均价）,,,https://fzgg.tj.gov.cn/zwgk_47325/zfxxgk1/fdzdgknr1/tjxx/202603/t20260309_7257826.html
天津市,2026-02-28,2026年2月月度均价（发布 2026-03-09）,蒜薹,集贸新鲜,元/500克,6.80,,,,,天津市“菜篮子”工程主要农副产品零售价格监测（月均价）,,,https://fzgg.tj.gov.cn/zwgk_47325/zfxxgk1/fdzdgknr1/tjxx/202603/t20260309_7257826.html
天津市,2026-02-28,2026年2月月度均价（发布 2026-03-09）,土豆,集贸新鲜,元/500克,1.95,,,,,天津市“菜篮子”工程主要农副产品零售价格监测（月均价）,,,https://fzgg.tj.gov.cn/zwgk_47325/zfxxgk1/fdzdgknr1/tjxx/202603/t20260309_7257826.html
天津市,2026-02-28,2026年2月月度均价（发布 2026-03-09）,西瓜,集贸普通西瓜应季主销,元/500克,6.22,,,,,天津市“菜篮子”工程主要农副产品零售价格监测（月均价）,,,https://fzgg.tj.gov.cn/zwgk_47325/zfxxgk1/fdzdgknr1/tjxx/202603/t20260309_7257826.html
天津市,2026-02-28,2026年2月月度均价（发布 2026-03-09）,西红柿,集贸新鲜,元/500克,5.79,,,,,天津市“菜篮子”工程主要农副产品零售价格监测（月均价）,,,https://fzgg.tj.gov.cn/zwgk_47325/zfxxgk1/fdzdgknr1/tjxx/202603/t20260309_7257826.html
天津市,2026-02-28,2026年2月月度均价（发布 2026-03-09）,西葫芦,集贸新鲜,元/500克,3.89,,,,,天津市“菜篮子”工程主要农副产品零售价格监测（月均价）,,,https://fzgg.tj.gov.cn/zwgk_47325/zfxxgk1/fdzdgknr1/tjxx/202603/t20260309_7257826.html
天津市,2026-02-28,2026年2月月度均价（发布 2026-03-09）,香蕉,集贸国产一级应季主销,元/500克,4.29,,,,,天津市“菜篮子”工程主要农副产品零售价格监测（月均价）,,,https://fzgg.tj.gov.cn/zwgk_47325/zfxxgk1/fdzdgknr1/tjxx/202603/t20260309_7257826.html
天津市,2026-02-28,2026年2月月度均价（发布 2026-03-09）,羊肉,集贸去骨净肉,元/500克,39.92,,,,,天津市“菜篮子”工程主要农副产品零售价格监测（月均价）,,,https://fzgg.tj.gov.cn/zwgk_47325/zfxxgk1/fdzdgknr1/tjxx/202603/t20260309_7257826.html
天津市,2026-02-28,2026年2月月度均价（发布 2026-03-09）,油菜,集贸新鲜,元/500克,3.17,,,,,天津市“菜篮子”工程主要农副产品零售价格监测（月均价）,,,https://fzgg.tj.gov.cn/zwgk_47325/zfxxgk1/fdzdgknr1/tjxx/202603/t20260309_7257826.html
天津市,2026-02-28,2026年2月月度均价（发布 2026-03-09）,圆白菜,集贸新鲜,元/500克,2.80,,,,,天津市“菜篮子”工程主要农副产品零售价格监测（月均价）,,,https://fzgg.tj.gov.cn/zwgk_47325/zfxxgk1/fdzdgknr1/tjxx/202603/t20260309_7257826.html
天津市,2026-02-28,2026年2月月度均价（发布 2026-03-09）,圆茄子,集贸新鲜,元/500克,5.15,,,,,天津市“菜篮子”工程主要农副产品零售价格监测（月均价）,,,https://fzgg.tj.gov.cn/zwgk_47325/zfxxgk1/fdzdgknr1/tjxx/202603/t20260309_7257826.html
天津市,2026-02-28,2026年2月月度均价（发布 2026-03-09）,圆生菜,集贸新鲜,元/500克,3.90,,,,,天津市“菜篮子”工程主要农副产品零售价格监测（月均价）,,,https://fzgg.tj.gov.cn/zwgk_47325/zfxxgk1/fdzdgknr1/tjxx/202603/t20260309_7257826.html
天津市,2026-02-28,2026年2月月度均价（发布 2026-03-09）,猪肉,集贸带皮五花肉,元/500克,14.48,,,,,天津市“菜篮子”工程主要农副产品零售价格监测（月均价）,,,https://fzgg.tj.gov.cn/zwgk_47325/zfxxgk1/fdzdgknr1/tjxx/202603/t20260309_7257826.html
天津市,2026-02-28,2026年2月月度均价（发布 2026-03-09）,猪肉,集贸精瘦肉,元/500克,15.72,,,,,天津市“菜篮子”工程主要农副产品零售价格监测（月均价）,,,https://fzgg.tj.gov.cn/zwgk_47325/zfxxgk1/fdzdgknr1/tjxx/202603/t20260309_7257826.html
天津市,2026-03-31,2026年3月月度均价（发布 2026-04-09）,24种蔬菜均价,,元/500克,3.70,,,,,天津市“菜篮子”工程主要农副产品零售价格监测（月均价）,,,https://fzgg.tj.gov.cn/zwgk_47325/zfxxgk1/fdzdgknr1/tjxx/202604/t20260409_7279157.html
天津市,2026-03-31,2026年3月月度均价（发布 2026-04-09）,白葱头,集贸新鲜,元/500克,1.67,,,,,天津市“菜篮子”工程主要农副产品零售价格监测（月均价）,,,https://fzgg.tj.gov.cn/zwgk_47325/zfxxgk1/fdzdgknr1/tjxx/202604/t20260409_7279157.html
天津市,2026-03-31,2026年3月月度均价（发布 2026-04-09）,白鲢鱼,集贸1000-1500克（条）,元/500克,5.34,,,,,天津市“菜篮子”工程主要农副产品零售价格监测（月均价）,,,https://fzgg.tj.gov.cn/zwgk_47325/zfxxgk1/fdzdgknr1/tjxx/202604/t20260409_7279157.html
天津市,2026-03-31,2026年3月月度均价（发布 2026-04-09）,白萝卜,集贸新鲜,元/500克,1.51,,,,,天津市“菜篮子”工程主要农副产品零售价格监测（月均价）,,,https://fzgg.tj.gov.cn/zwgk_47325/zfxxgk1/fdzdgknr1/tjxx/202604/t20260409_7279157.html
天津市,2026-03-31,2026年3月月度均价（发布 2026-04-09）,菜花,集贸新鲜,元/500克,3.78,,,,,天津市“菜篮子”工程主要农副产品零售价格监测（月均价）,,,https://fzgg.tj.gov.cn/zwgk_47325/zfxxgk1/fdzdgknr1/tjxx/202604/t20260409_7279157.html
天津市,2026-03-31,2026年3月月度均价（发布 2026-04-09）,草鱼,集贸1000-1500克（条）,元/500克,10.00,,,,,天津市“菜篮子”工程主要农副产品零售价格监测（月均价）,,,https://fzgg.tj.gov.cn/zwgk_47325/zfxxgk1/fdzdgknr1/tjxx/202604/t20260409_7279157.html
天津市,2026-03-31,2026年3月月度均价（发布 2026-04-09）,大白菜,集贸新鲜,元/500克,1.82,,,,,天津市“菜篮子”工程主要农副产品零售价格监测（月均价）,,,https://fzgg.tj.gov.cn/zwgk_47325/zfxxgk1/fdzdgknr1/tjxx/202604/t20260409_7279157.html
天津市,2026-03-31,2026年3月月度均价（发布 2026-04-09）,大葱,集贸新鲜,元/500克,2.42,,,,,天津市“菜篮子”工程主要农副产品零售价格监测（月均价）,,,https://fzgg.tj.gov.cn/zwgk_47325/zfxxgk1/fdzdgknr1/tjxx/202604/t20260409_7279157.html
天津市,2026-03-31,2026年3月月度均价（发布 2026-04-09）,大蒜,集贸新鲜,元/500克,6.16,,,,,天津市“菜篮子”工程主要农副产品零售价格监测（月均价）,,,https://fzgg.tj.gov.cn/zwgk_47325/zfxxgk1/fdzdgknr1/tjxx/202604/t20260409_7279157.html
天津市,2026-03-31,2026年3月月度均价（发布 2026-04-09）,带鱼,集贸250-350克（条）,元/500克,17.32,,,,,天津市“菜篮子”工程主要农副产品零售价格监测（月均价）,,,https://fzgg.tj.gov.cn/zwgk_47325/zfxxgk1/fdzdgknr1/tjxx/202604/t20260409_7279157.html
天津市,2026-03-31,2026年3月月度均价（发布 2026-04-09）,冬瓜,集贸新鲜,元/500克,2.44,,,,,天津市“菜篮子”工程主要农副产品零售价格监测（月均价）,,,https://fzgg.tj.gov.cn/zwgk_47325/zfxxgk1/fdzdgknr1/tjxx/202604/t20260409_7279157.html
天津市,2026-03-31,2026年3月月度均价（发布 2026-04-09）,豆角,集贸新鲜,元/500克,6.74,,,,,天津市“菜篮子”工程主要农副产品零售价格监测（月均价）,,,https://fzgg.tj.gov.cn/zwgk_47325/zfxxgk1/fdzdgknr1/tjxx/202604/t20260409_7279157.html
天津市,2026-03-31,2026年3月月度均价（发布 2026-04-09）,胡萝卜,集贸新鲜,元/500克,2.36,,,,,天津市“菜篮子”工程主要农副产品零售价格监测（月均价）,,,https://fzgg.tj.gov.cn/zwgk_47325/zfxxgk1/fdzdgknr1/tjxx/202604/t20260409_7279157.html
天津市,2026-03-31,2026年3月月度均价（发布 2026-04-09）,黄瓜,集贸新鲜,元/500克,4.09,,,,,天津市“菜篮子”工程主要农副产品零售价格监测（月均价）,,,https://fzgg.tj.gov.cn/zwgk_47325/zfxxgk1/fdzdgknr1/tjxx/202604/t20260409_7279157.html
天津市,2026-03-31,2026年3月月度均价（发布 2026-04-09）,鸡蛋,集贸红皮新鲜,元/500克,3.62,,,,,天津市“菜篮子”工程主要农副产品零售价格监测（月均价）,,,https://fzgg.tj.gov.cn/zwgk_47325/zfxxgk1/fdzdgknr1/tjxx/202604/t20260409_7279157.html
天津市,2026-03-31,2026年3月月度均价（发布 2026-04-09）,鸡肉,白条鸡,元/500克,8.67,,,,,天津市“菜篮子”工程主要农副产品零售价格监测（月均价）,,,https://fzgg.tj.gov.cn/zwgk_47325/zfxxgk1/fdzdgknr1/tjxx/202604/t20260409_7279157.html
天津市,2026-03-31,2026年3月月度均价（发布 2026-04-09）,鲫鱼,集贸300-500克（条）,元/500克,12.20,,,,,天津市“菜篮子”工程主要农副产品零售价格监测（月均价）,,,https://fzgg.tj.gov.cn/zwgk_47325/zfxxgk1/fdzdgknr1/tjxx/202604/t20260409_7279157.html
天津市,2026-03-31,2026年3月月度均价（发布 2026-04-09）,尖椒,集贸新鲜,元/500克,5.11,,,,,天津市“菜篮子”工程主要农副产品零售价格监测（月均价）,,,https://fzgg.tj.gov.cn/zwgk_47325/zfxxgk1/fdzdgknr1/tjxx/202604/t20260409_7279157.html
天津市,2026-03-31,2026年3月月度均价（发布 2026-04-09）,韭菜,集贸新鲜,元/500克,3.57,,,,,天津市“菜篮子”工程主要农副产品零售价格监测（月均价）,,,https://fzgg.tj.gov.cn/zwgk_47325/zfxxgk1/fdzdgknr1/tjxx/202604/t20260409_7279157.html
天津市,2026-03-31,2026年3月月度均价（发布 2026-04-09）,鲤鱼,集贸750-1000克（条）,元/500克,8.23,,,,,天津市“菜篮子”工程主要农副产品零售价格监测（月均价）,,,https://fzgg.tj.gov.cn/zwgk_47325/zfxxgk1/fdzdgknr1/tjxx/202604/t20260409_7279157.html
天津市,2026-03-31,2026年3月月度均价（发布 2026-04-09）,牛奶,超市蒙牛纯牛奶250ml,元/盒,3.12,,,,,天津市“菜篮子”工程主要农副产品零售价格监测（月均价）,,,https://fzgg.tj.gov.cn/zwgk_47325/zfxxgk1/fdzdgknr1/tjxx/202604/t20260409_7279157.html
天津市,2026-03-31,2026年3月月度均价（发布 2026-04-09）,牛奶,超市蒙牛利乐枕240ml,元/袋,2.41,,,,,天津市“菜篮子”工程主要农副产品零售价格监测（月均价）,,,https://fzgg.tj.gov.cn/zwgk_47325/zfxxgk1/fdzdgknr1/tjxx/202604/t20260409_7279157.html
天津市,2026-03-31,2026年3月月度均价（发布 2026-04-09）,牛肉,集贸去骨净肉,元/500克,35.43,,,,,天津市“菜篮子”工程主要农副产品零售价格监测（月均价）,,,https://fzgg.tj.gov.cn/zwgk_47325/zfxxgk1/fdzdgknr1/tjxx/202604/t20260409_7279157.html
天津市,2026-03-31,2026年3月月度均价（发布 2026-04-09）,平菇,集贸新鲜,元/500克,4.46,,,,,天津市“菜篮子”工程主要农副产品零售价格监测（月均价）,,,https://fzgg.tj.gov.cn/zwgk_47325/zfxxgk1/fdzdgknr1/tjxx/202604/t20260409_7279157.html
天津市,2026-03-31,2026年3月月度均价（发布 2026-04-09）,苹果,集贸山东红富士一级应季主销,元/500克,5.46,,,,,天津市“菜篮子”工程主要农副产品零售价格监测（月均价）,,,https://fzgg.tj.gov.cn/zwgk_47325/zfxxgk1/fdzdgknr1/tjxx/202604/t20260409_7279157.html
天津市,2026-03-31,2026年3月月度均价（发布 2026-04-09）,芹菜,集贸新鲜,元/500克,2.32,,,,,天津市“菜篮子”工程主要农副产品零售价格监测（月均价）,,,https://fzgg.tj.gov.cn/zwgk_47325/zfxxgk1/fdzdgknr1/tjxx/202604/t20260409_7279157.html
天津市,2026-03-31,2026年3月月度均价（发布 2026-04-09）,青椒,集贸新鲜,元/500克,4.85,,,,,天津市“菜篮子”工程主要农副产品零售价格监测（月均价）,,,https://fzgg.tj.gov.cn/zwgk_47325/zfxxgk1/fdzdgknr1/tjxx/202604/t20260409_7279157.html
天津市,2026-03-31,2026年3月月度均价（发布 2026-04-09）,生姜,集贸新鲜,元/500克,6.48,,,,,天津市“菜篮子”工程主要农副产品零售价格监测（月均价）,,,https://fzgg.tj.gov.cn/zwgk_47325/zfxxgk1/fdzdgknr1/tjxx/202604/t20260409_7279157.html
天津市,2026-03-31,2026年3月月度均价（发布 2026-04-09）,蒜薹,集贸新鲜,元/500克,6.40,,,,,天津市“菜篮子”工程主要农副产品零售价格监测（月均价）,,,https://fzgg.tj.gov.cn/zwgk_47325/zfxxgk1/fdzdgknr1/tjxx/202604/t20260409_7279157.html
天津市,2026-03-31,2026年3月月度均价（发布 2026-04-09）,土豆,集贸新鲜,元/500克,1.95,,,,,天津市“菜篮子”工程主要农副产品零售价格监测（月均价）,,,https://fzgg.tj.gov.cn/zwgk_47325/zfxxgk1/fdzdgknr1/tjxx/202604/t20260409_7279157.html
天津市,2026-03-31,2026年3月月度均价（发布 2026-04-09）,西瓜,集贸普通西瓜应季主销,元/500克,5.52,,,,,天津市“菜篮子”工程主要农副产品零售价格监测（月均价）,,,https://fzgg.tj.gov.cn/zwgk_47325/zfxxgk1/fdzdgknr1/tjxx/202604/t20260409_7279157.html
天津市,2026-03-31,2026年3月月度均价（发布 2026-04-09）,西红柿,集贸新鲜,元/500克,4.16,,,,,天津市“菜篮子”工程主要农副产品零售价格监测（月均价）,,,https://fzgg.tj.gov.cn/zwgk_47325/zfxxgk1/fdzdgknr1/tjxx/202604/t20260409_7279157.html
天津市,2026-03-31,2026年3月月度均价（发布 2026-04-09）,西葫芦,集贸新鲜,元/500克,3.32,,,,,天津市“菜篮子”工程主要农副产品零售价格监测（月均价）,,,https://fzgg.tj.gov.cn/zwgk_47325/zfxxgk1/fdzdgknr1/tjxx/202604/t20260409_7279157.html
天津市,2026-03-31,2026年3月月度均价（发布 2026-04-09）,香蕉,集贸国产一级应季主销,元/500克,4.53,,,,,天津市“菜篮子”工程主要农副产品零售价格监测（月均价）,,,https://fzgg.tj.gov.cn/zwgk_47325/zfxxgk1/fdzdgknr1/tjxx/202604/t20260409_7279157.html
天津市,2026-03-31,2026年3月月度均价（发布 2026-04-09）,羊肉,集贸去骨净肉,元/500克,39.71,,,,,天津市“菜篮子”工程主要农副产品零售价格监测（月均价）,,,https://fzgg.tj.gov.cn/zwgk_47325/zfxxgk1/fdzdgknr1/tjxx/202604/t20260409_7279157.html
天津市,2026-03-31,2026年3月月度均价（发布 2026-04-09）,油菜,集贸新鲜,元/500克,2.69,,,,,天津市“菜篮子”工程主要农副产品零售价格监测（月均价）,,,https://fzgg.tj.gov.cn/zwgk_47325/zfxxgk1/fdzdgknr1/tjxx/202604/t20260409_7279157.html
天津市,2026-03-31,2026年3月月度均价（发布 2026-04-09）,圆白菜,集贸新鲜,元/500克,2.35,,,,,天津市“菜篮子”工程主要农副产品零售价格监测（月均价）,,,https://fzgg.tj.gov.cn/zwgk_47325/zfxxgk1/fdzdgknr1/tjxx/202604/t20260409_7279157.html
天津市,2026-03-31,2026年3月月度均价（发布 2026-04-09）,圆茄子,集贸新鲜,元/500克,4.27,,,,,天津市“菜篮子”工程主要农副产品零售价格监测（月均价）,,,https://fzgg.tj.gov.cn/zwgk_47325/zfxxgk1/fdzdgknr1/tjxx/202604/t20260409_7279157.html
天津市,2026-03-31,2026年3月月度均价（发布 2026-04-09）,圆生菜,集贸新鲜,元/500克,3.78,,,,,天津市“菜篮子”工程主要农副产品零售价格监测（月均价）,,,https://fzgg.tj.gov.cn/zwgk_47325/zfxxgk1/fdzdgknr1/tjxx/202604/t20260409_7279157.html
天津市,2026-03-31,2026年3月月度均价（发布 2026-04-09）,猪肉,集贸带皮五花肉,元/500克,14.04,,,,,天津市“菜篮子”工程主要农副产品零售价格监测（月均价）,,,https://fzgg.tj.gov.cn/zwgk_47325/zfxxgk1/fdzdgknr1/tjxx/202604/t20260409_7279157.html
天津市,2026-03-31,2026年3月月度均价（发布 2026-04-09）,猪肉,集贸精瘦肉,元/500克,15.31,,,,,天津市“菜篮子”工程主要农副产品零售价格监测（月均价）,,,https://fzgg.tj.gov.cn/zwgk_47325/zfxxgk1/fdzdgknr1/tjxx/202604/t20260409_7279157.html
天津市,2026-04-30,2026年4月月度均价（发布 2026-05-11）,24种蔬菜均价,,元/500克,3.20,,,,,天津市“菜篮子”工程主要农副产品零售价格监测（月均价）,,,https://fzgg.tj.gov.cn/zwgk_47325/zfxxgk1/fdzdgknr1/tjxx/202605/t20260511_7296971.html
天津市,2026-04-30,2026年4月月度均价（发布 2026-05-11）,白葱头,集贸新鲜,元/500克,1.60,,,,,天津市“菜篮子”工程主要农副产品零售价格监测（月均价）,,,https://fzgg.tj.gov.cn/zwgk_47325/zfxxgk1/fdzdgknr1/tjxx/202605/t20260511_7296971.html
天津市,2026-04-30,2026年4月月度均价（发布 2026-05-11）,白鲢鱼,集贸1000-1500克（条）,元/500克,5.32,,,,,天津市“菜篮子”工程主要农副产品零售价格监测（月均价）,,,https://fzgg.tj.gov.cn/zwgk_47325/zfxxgk1/fdzdgknr1/tjxx/202605/t20260511_7296971.html
天津市,2026-04-30,2026年4月月度均价（发布 2026-05-11）,白萝卜,集贸新鲜,元/500克,1.46,,,,,天津市“菜篮子”工程主要农副产品零售价格监测（月均价）,,,https://fzgg.tj.gov.cn/zwgk_47325/zfxxgk1/fdzdgknr1/tjxx/202605/t20260511_7296971.html
天津市,2026-04-30,2026年4月月度均价（发布 2026-05-11）,菜花,集贸新鲜,元/500克,3.55,,,,,天津市“菜篮子”工程主要农副产品零售价格监测（月均价）,,,https://fzgg.tj.gov.cn/zwgk_47325/zfxxgk1/fdzdgknr1/tjxx/202605/t20260511_7296971.html
天津市,2026-04-30,2026年4月月度均价（发布 2026-05-11）,草鱼,集贸1000-1500克（条）,元/500克,10.08,,,,,天津市“菜篮子”工程主要农副产品零售价格监测（月均价）,,,https://fzgg.tj.gov.cn/zwgk_47325/zfxxgk1/fdzdgknr1/tjxx/202605/t20260511_7296971.html
天津市,2026-04-30,2026年4月月度均价（发布 2026-05-11）,大白菜,集贸新鲜,元/500克,1.45,,,,,天津市“菜篮子”工程主要农副产品零售价格监测（月均价）,,,https://fzgg.tj.gov.cn/zwgk_47325/zfxxgk1/fdzdgknr1/tjxx/202605/t20260511_7296971.html
天津市,2026-04-30,2026年4月月度均价（发布 2026-05-11）,大葱,集贸新鲜,元/500克,1.95,,,,,天津市“菜篮子”工程主要农副产品零售价格监测（月均价）,,,https://fzgg.tj.gov.cn/zwgk_47325/zfxxgk1/fdzdgknr1/tjxx/202605/t20260511_7296971.html
天津市,2026-04-30,2026年4月月度均价（发布 2026-05-11）,大蒜,集贸新鲜,元/500克,6.01,,,,,天津市“菜篮子”工程主要农副产品零售价格监测（月均价）,,,https://fzgg.tj.gov.cn/zwgk_47325/zfxxgk1/fdzdgknr1/tjxx/202605/t20260511_7296971.html
天津市,2026-04-30,2026年4月月度均价（发布 2026-05-11）,带鱼,集贸250-350克（条）,元/500克,17.35,,,,,天津市“菜篮子”工程主要农副产品零售价格监测（月均价）,,,https://fzgg.tj.gov.cn/zwgk_47325/zfxxgk1/fdzdgknr1/tjxx/202605/t20260511_7296971.html
天津市,2026-04-30,2026年4月月度均价（发布 2026-05-11）,冬瓜,集贸新鲜,元/500克,1.93,,,,,天津市“菜篮子”工程主要农副产品零售价格监测（月均价）,,,https://fzgg.tj.gov.cn/zwgk_47325/zfxxgk1/fdzdgknr1/tjxx/202605/t20260511_7296971.html
天津市,2026-04-30,2026年4月月度均价（发布 2026-05-11）,豆角,集贸新鲜,元/500克,5.88,,,,,天津市“菜篮子”工程主要农副产品零售价格监测（月均价）,,,https://fzgg.tj.gov.cn/zwgk_47325/zfxxgk1/fdzdgknr1/tjxx/202605/t20260511_7296971.html
天津市,2026-04-30,2026年4月月度均价（发布 2026-05-11）,胡萝卜,集贸新鲜,元/500克,2.21,,,,,天津市“菜篮子”工程主要农副产品零售价格监测（月均价）,,,https://fzgg.tj.gov.cn/zwgk_47325/zfxxgk1/fdzdgknr1/tjxx/202605/t20260511_7296971.html
天津市,2026-04-30,2026年4月月度均价（发布 2026-05-11）,黄瓜,集贸新鲜,元/500克,2.68,,,,,天津市“菜篮子”工程主要农副产品零售价格监测（月均价）,,,https://fzgg.tj.gov.cn/zwgk_47325/zfxxgk1/fdzdgknr1/tjxx/202605/t20260511_7296971.html
天津市,2026-04-30,2026年4月月度均价（发布 2026-05-11）,鸡蛋,集贸红皮新鲜,元/500克,4.08,,,,,天津市“菜篮子”工程主要农副产品零售价格监测（月均价）,,,https://fzgg.tj.gov.cn/zwgk_47325/zfxxgk1/fdzdgknr1/tjxx/202605/t20260511_7296971.html
天津市,2026-04-30,2026年4月月度均价（发布 2026-05-11）,鸡肉,白条鸡,元/500克,8.65,,,,,天津市“菜篮子”工程主要农副产品零售价格监测（月均价）,,,https://fzgg.tj.gov.cn/zwgk_47325/zfxxgk1/fdzdgknr1/tjxx/202605/t20260511_7296971.html
天津市,2026-04-30,2026年4月月度均价（发布 2026-05-11）,鲫鱼,集贸300-500克（条）,元/500克,12.18,,,,,天津市“菜篮子”工程主要农副产品零售价格监测（月均价）,,,https://fzgg.tj.gov.cn/zwgk_47325/zfxxgk1/fdzdgknr1/tjxx/202605/t20260511_7296971.html
天津市,2026-04-30,2026年4月月度均价（发布 2026-05-11）,尖椒,集贸新鲜,元/500克,4.25,,,,,天津市“菜篮子”工程主要农副产品零售价格监测（月均价）,,,https://fzgg.tj.gov.cn/zwgk_47325/zfxxgk1/fdzdgknr1/tjxx/202605/t20260511_7296971.html
天津市,2026-04-30,2026年4月月度均价（发布 2026-05-11）,韭菜,集贸新鲜,元/500克,2.55,,,,,天津市“菜篮子”工程主要农副产品零售价格监测（月均价）,,,https://fzgg.tj.gov.cn/zwgk_47325/zfxxgk1/fdzdgknr1/tjxx/202605/t20260511_7296971.html
天津市,2026-04-30,2026年4月月度均价（发布 2026-05-11）,鲤鱼,集贸750-1000克（条）,元/500克,8.21,,,,,天津市“菜篮子”工程主要农副产品零售价格监测（月均价）,,,https://fzgg.tj.gov.cn/zwgk_47325/zfxxgk1/fdzdgknr1/tjxx/202605/t20260511_7296971.html
天津市,2026-04-30,2026年4月月度均价（发布 2026-05-11）,牛奶,超市蒙牛纯牛奶250ml,元/盒,3.14,,,,,天津市“菜篮子”工程主要农副产品零售价格监测（月均价）,,,https://fzgg.tj.gov.cn/zwgk_47325/zfxxgk1/fdzdgknr1/tjxx/202605/t20260511_7296971.html
天津市,2026-04-30,2026年4月月度均价（发布 2026-05-11）,牛奶,超市蒙牛利乐枕240ml,元/袋,2.38,,,,,天津市“菜篮子”工程主要农副产品零售价格监测（月均价）,,,https://fzgg.tj.gov.cn/zwgk_47325/zfxxgk1/fdzdgknr1/tjxx/202605/t20260511_7296971.html
天津市,2026-04-30,2026年4月月度均价（发布 2026-05-11）,牛肉,集贸去骨净肉,元/500克,35.26,,,,,天津市“菜篮子”工程主要农副产品零售价格监测（月均价）,,,https://fzgg.tj.gov.cn/zwgk_47325/zfxxgk1/fdzdgknr1/tjxx/202605/t20260511_7296971.html
天津市,2026-04-30,2026年4月月度均价（发布 2026-05-11）,平菇,集贸新鲜,元/500克,4.68,,,,,天津市“菜篮子”工程主要农副产品零售价格监测（月均价）,,,https://fzgg.tj.gov.cn/zwgk_47325/zfxxgk1/fdzdgknr1/tjxx/202605/t20260511_7296971.html
天津市,2026-04-30,2026年4月月度均价（发布 2026-05-11）,苹果,集贸山东红富士一级应季主销,元/500克,5.42,,,,,天津市“菜篮子”工程主要农副产品零售价格监测（月均价）,,,https://fzgg.tj.gov.cn/zwgk_47325/zfxxgk1/fdzdgknr1/tjxx/202605/t20260511_7296971.html
天津市,2026-04-30,2026年4月月度均价（发布 2026-05-11）,芹菜,集贸新鲜,元/500克,2.03,,,,,天津市“菜篮子”工程主要农副产品零售价格监测（月均价）,,,https://fzgg.tj.gov.cn/zwgk_47325/zfxxgk1/fdzdgknr1/tjxx/202605/t20260511_7296971.html
天津市,2026-04-30,2026年4月月度均价（发布 2026-05-11）,青椒,集贸新鲜,元/500克,4.14,,,,,天津市“菜篮子”工程主要农副产品零售价格监测（月均价）,,,https://fzgg.tj.gov.cn/zwgk_47325/zfxxgk1/fdzdgknr1/tjxx/202605/t20260511_7296971.html
天津市,2026-04-30,2026年4月月度均价（发布 2026-05-11）,生姜,集贸新鲜,元/500克,6.39,,,,,天津市“菜篮子”工程主要农副产品零售价格监测（月均价）,,,https://fzgg.tj.gov.cn/zwgk_47325/zfxxgk1/fdzdgknr1/tjxx/202605/t20260511_7296971.html
天津市,2026-04-30,2026年4月月度均价（发布 2026-05-11）,蒜薹,集贸新鲜,元/500克,5.33,,,,,天津市“菜篮子”工程主要农副产品零售价格监测（月均价）,,,https://fzgg.tj.gov.cn/zwgk_47325/zfxxgk1/fdzdgknr1/tjxx/202605/t20260511_7296971.html
天津市,2026-04-30,2026年4月月度均价（发布 2026-05-11）,土豆,集贸新鲜,元/500克,2.00,,,,,天津市“菜篮子”工程主要农副产品零售价格监测（月均价）,,,https://fzgg.tj.gov.cn/zwgk_47325/zfxxgk1/fdzdgknr1/tjxx/202605/t20260511_7296971.html
天津市,2026-04-30,2026年4月月度均价（发布 2026-05-11）,西瓜,集贸普通西瓜应季主销,元/500克,4.76,,,,,天津市“菜篮子”工程主要农副产品零售价格监测（月均价）,,,https://fzgg.tj.gov.cn/zwgk_47325/zfxxgk1/fdzdgknr1/tjxx/202605/t20260511_7296971.html
天津市,2026-04-30,2026年4月月度均价（发布 2026-05-11）,西红柿,集贸新鲜,元/500克,3.45,,,,,天津市“菜篮子”工程主要农副产品零售价格监测（月均价）,,,https://fzgg.tj.gov.cn/zwgk_47325/zfxxgk1/fdzdgknr1/tjxx/202605/t20260511_7296971.html
天津市,2026-04-30,2026年4月月度均价（发布 2026-05-11）,西葫芦,集贸新鲜,元/500克,2.59,,,,,天津市“菜篮子”工程主要农副产品零售价格监测（月均价）,,,https://fzgg.tj.gov.cn/zwgk_47325/zfxxgk1/fdzdgknr1/tjxx/202605/t20260511_7296971.html
天津市,2026-04-30,2026年4月月度均价（发布 2026-05-11）,香蕉,集贸国产一级应季主销,元/500克,4.45,,,,,天津市“菜篮子”工程主要农副产品零售价格监测（月均价）,,,https://fzgg.tj.gov.cn/zwgk_47325/zfxxgk1/fdzdgknr1/tjxx/202605/t20260511_7296971.html
天津市,2026-04-30,2026年4月月度均价（发布 2026-05-11）,羊肉,集贸去骨净肉,元/500克,39.53,,,,,天津市“菜篮子”工程主要农副产品零售价格监测（月均价）,,,https://fzgg.tj.gov.cn/zwgk_47325/zfxxgk1/fdzdgknr1/tjxx/202605/t20260511_7296971.html
天津市,2026-04-30,2026年4月月度均价（发布 2026-05-11）,油菜,集贸新鲜,元/500克,2.22,,,,,天津市“菜篮子”工程主要农副产品零售价格监测（月均价）,,,https://fzgg.tj.gov.cn/zwgk_47325/zfxxgk1/fdzdgknr1/tjxx/202605/t20260511_7296971.html
天津市,2026-04-30,2026年4月月度均价（发布 2026-05-11）,圆白菜,集贸新鲜,元/500克,1.84,,,,,天津市“菜篮子”工程主要农副产品零售价格监测（月均价）,,,https://fzgg.tj.gov.cn/zwgk_47325/zfxxgk1/fdzdgknr1/tjxx/202605/t20260511_7296971.html
天津市,2026-04-30,2026年4月月度均价（发布 2026-05-11）,圆茄子,集贸新鲜,元/500克,3.56,,,,,天津市“菜篮子”工程主要农副产品零售价格监测（月均价）,,,https://fzgg.tj.gov.cn/zwgk_47325/zfxxgk1/fdzdgknr1/tjxx/202605/t20260511_7296971.html
天津市,2026-04-30,2026年4月月度均价（发布 2026-05-11）,圆生菜,集贸新鲜,元/500克,2.97,,,,,天津市“菜篮子”工程主要农副产品零售价格监测（月均价）,,,https://fzgg.tj.gov.cn/zwgk_47325/zfxxgk1/fdzdgknr1/tjxx/202605/t20260511_7296971.html
天津市,2026-04-30,2026年4月月度均价（发布 2026-05-11）,猪肉,集贸带皮五花肉,元/500克,13.29,,,,,天津市“菜篮子”工程主要农副产品零售价格监测（月均价）,,,https://fzgg.tj.gov.cn/zwgk_47325/zfxxgk1/fdzdgknr1/tjxx/202605/t20260511_7296971.html
天津市,2026-04-30,2026年4月月度均价（发布 2026-05-11）,猪肉,集贸精瘦肉,元/500克,14.63,,,,,天津市“菜篮子”工程主要农副产品零售价格监测（月均价）,,,https://fzgg.tj.gov.cn/zwgk_47325/zfxxgk1/fdzdgknr1/tjxx/202605/t20260511_7296971.html
天津市,2026-05-31,2026年5月月度均价（发布 2026-06-08）,24种蔬菜均价,,元/500克,2.86,,,,,天津市“菜篮子”工程主要农副产品零售价格监测（月均价）,,,https://fzgg.tj.gov.cn/zwgk_47325/zfxxgk1/fdzdgknr1/tjxx/202606/t20260608_7314024.html
天津市,2026-05-31,2026年5月月度均价（发布 2026-06-08）,白葱头,集贸新鲜,元/500克,1.60,,,,,天津市“菜篮子”工程主要农副产品零售价格监测（月均价）,,,https://fzgg.tj.gov.cn/zwgk_47325/zfxxgk1/fdzdgknr1/tjxx/202606/t20260608_7314024.html
天津市,2026-05-31,2026年5月月度均价（发布 2026-06-08）,白鲢鱼,集贸1000-1500克（条）,元/500克,5.28,,,,,天津市“菜篮子”工程主要农副产品零售价格监测（月均价）,,,https://fzgg.tj.gov.cn/zwgk_47325/zfxxgk1/fdzdgknr1/tjxx/202606/t20260608_7314024.html
天津市,2026-05-31,2026年5月月度均价（发布 2026-06-08）,白萝卜,集贸新鲜,元/500克,1.49,,,,,天津市“菜篮子”工程主要农副产品零售价格监测（月均价）,,,https://fzgg.tj.gov.cn/zwgk_47325/zfxxgk1/fdzdgknr1/tjxx/202606/t20260608_7314024.html
天津市,2026-05-31,2026年5月月度均价（发布 2026-06-08）,菜花,集贸新鲜,元/500克,3.19,,,,,天津市“菜篮子”工程主要农副产品零售价格监测（月均价）,,,https://fzgg.tj.gov.cn/zwgk_47325/zfxxgk1/fdzdgknr1/tjxx/202606/t20260608_7314024.html
天津市,2026-05-31,2026年5月月度均价（发布 2026-06-08）,草鱼,集贸1000-1500克（条）,元/500克,10.21,,,,,天津市“菜篮子”工程主要农副产品零售价格监测（月均价）,,,https://fzgg.tj.gov.cn/zwgk_47325/zfxxgk1/fdzdgknr1/tjxx/202606/t20260608_7314024.html
天津市,2026-05-31,2026年5月月度均价（发布 2026-06-08）,大白菜,集贸新鲜,元/500克,1.12,,,,,天津市“菜篮子”工程主要农副产品零售价格监测（月均价）,,,https://fzgg.tj.gov.cn/zwgk_47325/zfxxgk1/fdzdgknr1/tjxx/202606/t20260608_7314024.html
天津市,2026-05-31,2026年5月月度均价（发布 2026-06-08）,大葱,集贸新鲜,元/500克,2.04,,,,,天津市“菜篮子”工程主要农副产品零售价格监测（月均价）,,,https://fzgg.tj.gov.cn/zwgk_47325/zfxxgk1/fdzdgknr1/tjxx/202606/t20260608_7314024.html
天津市,2026-05-31,2026年5月月度均价（发布 2026-06-08）,大蒜,集贸新鲜,元/500克,5.65,,,,,天津市“菜篮子”工程主要农副产品零售价格监测（月均价）,,,https://fzgg.tj.gov.cn/zwgk_47325/zfxxgk1/fdzdgknr1/tjxx/202606/t20260608_7314024.html
天津市,2026-05-31,2026年5月月度均价（发布 2026-06-08）,带鱼,集贸250-350克（条）,元/500克,17.43,,,,,天津市“菜篮子”工程主要农副产品零售价格监测（月均价）,,,https://fzgg.tj.gov.cn/zwgk_47325/zfxxgk1/fdzdgknr1/tjxx/202606/t20260608_7314024.html
天津市,2026-05-31,2026年5月月度均价（发布 2026-06-08）,冬瓜,集贸新鲜,元/500克,1.77,,,,,天津市“菜篮子”工程主要农副产品零售价格监测（月均价）,,,https://fzgg.tj.gov.cn/zwgk_47325/zfxxgk1/fdzdgknr1/tjxx/202606/t20260608_7314024.html
天津市,2026-05-31,2026年5月月度均价（发布 2026-06-08）,豆角,集贸新鲜,元/500克,4.79,,,,,天津市“菜篮子”工程主要农副产品零售价格监测（月均价）,,,https://fzgg.tj.gov.cn/zwgk_47325/zfxxgk1/fdzdgknr1/tjxx/202606/t20260608_7314024.html
天津市,2026-05-31,2026年5月月度均价（发布 2026-06-08）,胡萝卜,集贸新鲜,元/500克,2.09,,,,,天津市“菜篮子”工程主要农副产品零售价格监测（月均价）,,,https://fzgg.tj.gov.cn/zwgk_47325/zfxxgk1/fdzdgknr1/tjxx/202606/t20260608_7314024.html
天津市,2026-05-31,2026年5月月度均价（发布 2026-06-08）,黄瓜,集贸新鲜,元/500克,2.01,,,,,天津市“菜篮子”工程主要农副产品零售价格监测（月均价）,,,https://fzgg.tj.gov.cn/zwgk_47325/zfxxgk1/fdzdgknr1/tjxx/202606/t20260608_7314024.html
天津市,2026-05-31,2026年5月月度均价（发布 2026-06-08）,鸡蛋,集贸红皮新鲜,元/500克,4.70,,,,,天津市“菜篮子”工程主要农副产品零售价格监测（月均价）,,,https://fzgg.tj.gov.cn/zwgk_47325/zfxxgk1/fdzdgknr1/tjxx/202606/t20260608_7314024.html
天津市,2026-05-31,2026年5月月度均价（发布 2026-06-08）,鸡肉,白条鸡,元/500克,8.67,,,,,天津市“菜篮子”工程主要农副产品零售价格监测（月均价）,,,https://fzgg.tj.gov.cn/zwgk_47325/zfxxgk1/fdzdgknr1/tjxx/202606/t20260608_7314024.html
天津市,2026-05-31,2026年5月月度均价（发布 2026-06-08）,鲫鱼,集贸300-500克（条）,元/500克,12.21,,,,,天津市“菜篮子”工程主要农副产品零售价格监测（月均价）,,,https://fzgg.tj.gov.cn/zwgk_47325/zfxxgk1/fdzdgknr1/tjxx/202606/t20260608_7314024.html
天津市,2026-05-31,2026年5月月度均价（发布 2026-06-08）,尖椒,集贸新鲜,元/500克,3.52,,,,,天津市“菜篮子”工程主要农副产品零售价格监测（月均价）,,,https://fzgg.tj.gov.cn/zwgk_47325/zfxxgk1/fdzdgknr1/tjxx/202606/t20260608_7314024.html
天津市,2026-05-31,2026年5月月度均价（发布 2026-06-08）,韭菜,集贸新鲜,元/500克,2.16,,,,,天津市“菜篮子”工程主要农副产品零售价格监测（月均价）,,,https://fzgg.tj.gov.cn/zwgk_47325/zfxxgk1/fdzdgknr1/tjxx/202606/t20260608_7314024.html
天津市,2026-05-31,2026年5月月度均价（发布 2026-06-08）,鲤鱼,集贸750-1000克（条）,元/500克,8.27,,,,,天津市“菜篮子”工程主要农副产品零售价格监测（月均价）,,,https://fzgg.tj.gov.cn/zwgk_47325/zfxxgk1/fdzdgknr1/tjxx/202606/t20260608_7314024.html
天津市,2026-05-31,2026年5月月度均价（发布 2026-06-08）,牛奶,超市蒙牛纯牛奶250ml,元/盒,3.14,,,,,天津市“菜篮子”工程主要农副产品零售价格监测（月均价）,,,https://fzgg.tj.gov.cn/zwgk_47325/zfxxgk1/fdzdgknr1/tjxx/202606/t20260608_7314024.html
天津市,2026-05-31,2026年5月月度均价（发布 2026-06-08）,牛奶,超市蒙牛利乐枕240ml,元/袋,2.38,,,,,天津市“菜篮子”工程主要农副产品零售价格监测（月均价）,,,https://fzgg.tj.gov.cn/zwgk_47325/zfxxgk1/fdzdgknr1/tjxx/202606/t20260608_7314024.html
天津市,2026-05-31,2026年5月月度均价（发布 2026-06-08）,牛肉,集贸去骨净肉,元/500克,35.38,,,,,天津市“菜篮子”工程主要农副产品零售价格监测（月均价）,,,https://fzgg.tj.gov.cn/zwgk_47325/zfxxgk1/fdzdgknr1/tjxx/202606/t20260608_7314024.html
天津市,2026-05-31,2026年5月月度均价（发布 2026-06-08）,平菇,集贸新鲜,元/500克,4.93,,,,,天津市“菜篮子”工程主要农副产品零售价格监测（月均价）,,,https://fzgg.tj.gov.cn/zwgk_47325/zfxxgk1/fdzdgknr1/tjxx/202606/t20260608_7314024.html
天津市,2026-05-31,2026年5月月度均价（发布 2026-06-08）,苹果,集贸山东红富士一级应季主销,元/500克,5.38,,,,,天津市“菜篮子”工程主要农副产品零售价格监测（月均价）,,,https://fzgg.tj.gov.cn/zwgk_47325/zfxxgk1/fdzdgknr1/tjxx/202606/t20260608_7314024.html
天津市,2026-05-31,2026年5月月度均价（发布 2026-06-08）,芹菜,集贸新鲜,元/500克,2.04,,,,,天津市“菜篮子”工程主要农副产品零售价格监测（月均价）,,,https://fzgg.tj.gov.cn/zwgk_47325/zfxxgk1/fdzdgknr1/tjxx/202606/t20260608_7314024.html
天津市,2026-05-31,2026年5月月度均价（发布 2026-06-08）,青椒,集贸新鲜,元/500克,3.32,,,,,天津市“菜篮子”工程主要农副产品零售价格监测（月均价）,,,https://fzgg.tj.gov.cn/zwgk_47325/zfxxgk1/fdzdgknr1/tjxx/202606/t20260608_7314024.html
天津市,2026-05-31,2026年5月月度均价（发布 2026-06-08）,生姜,集贸新鲜,元/500克,6.24,,,,,天津市“菜篮子”工程主要农副产品零售价格监测（月均价）,,,https://fzgg.tj.gov.cn/zwgk_47325/zfxxgk1/fdzdgknr1/tjxx/202606/t20260608_7314024.html
天津市,2026-05-31,2026年5月月度均价（发布 2026-06-08）,蒜薹,集贸新鲜,元/500克,4.56,,,,,天津市“菜篮子”工程主要农副产品零售价格监测（月均价）,,,https://fzgg.tj.gov.cn/zwgk_47325/zfxxgk1/fdzdgknr1/tjxx/202606/t20260608_7314024.html
天津市,2026-05-31,2026年5月月度均价（发布 2026-06-08）,土豆,集贸新鲜,元/500克,2.01,,,,,天津市“菜篮子”工程主要农副产品零售价格监测（月均价）,,,https://fzgg.tj.gov.cn/zwgk_47325/zfxxgk1/fdzdgknr1/tjxx/202606/t20260608_7314024.html
天津市,2026-05-31,2026年5月月度均价（发布 2026-06-08）,西瓜,集贸普通西瓜应季主销,元/500克,3.98,,,,,天津市“菜篮子”工程主要农副产品零售价格监测（月均价）,,,https://fzgg.tj.gov.cn/zwgk_47325/zfxxgk1/fdzdgknr1/tjxx/202606/t20260608_7314024.html
天津市,2026-05-31,2026年5月月度均价（发布 2026-06-08）,西红柿,集贸新鲜,元/500克,2.95,,,,,天津市“菜篮子”工程主要农副产品零售价格监测（月均价）,,,https://fzgg.tj.gov.cn/zwgk_47325/zfxxgk1/fdzdgknr1/tjxx/202606/t20260608_7314024.html
天津市,2026-05-31,2026年5月月度均价（发布 2026-06-08）,西葫芦,集贸新鲜,元/500克,2.29,,,,,天津市“菜篮子”工程主要农副产品零售价格监测（月均价）,,,https://fzgg.tj.gov.cn/zwgk_47325/zfxxgk1/fdzdgknr1/tjxx/202606/t20260608_7314024.html
天津市,2026-05-31,2026年5月月度均价（发布 2026-06-08）,香蕉,集贸国产一级应季主销,元/500克,4.28,,,,,天津市“菜篮子”工程主要农副产品零售价格监测（月均价）,,,https://fzgg.tj.gov.cn/zwgk_47325/zfxxgk1/fdzdgknr1/tjxx/202606/t20260608_7314024.html
天津市,2026-05-31,2026年5月月度均价（发布 2026-06-08）,羊肉,集贸去骨净肉,元/500克,39.50,,,,,天津市“菜篮子”工程主要农副产品零售价格监测（月均价）,,,https://fzgg.tj.gov.cn/zwgk_47325/zfxxgk1/fdzdgknr1/tjxx/202606/t20260608_7314024.html
天津市,2026-05-31,2026年5月月度均价（发布 2026-06-08）,油菜,集贸新鲜,元/500克,2.12,,,,,天津市“菜篮子”工程主要农副产品零售价格监测（月均价）,,,https://fzgg.tj.gov.cn/zwgk_47325/zfxxgk1/fdzdgknr1/tjxx/202606/t20260608_7314024.html
天津市,2026-05-31,2026年5月月度均价（发布 2026-06-08）,圆白菜,集贸新鲜,元/500克,1.43,,,,,天津市“菜篮子”工程主要农副产品零售价格监测（月均价）,,,https://fzgg.tj.gov.cn/zwgk_47325/zfxxgk1/fdzdgknr1/tjxx/202606/t20260608_7314024.html
天津市,2026-05-31,2026年5月月度均价（发布 2026-06-08）,圆茄子,集贸新鲜,元/500克,2.76,,,,,天津市“菜篮子”工程主要农副产品零售价格监测（月均价）,,,https://fzgg.tj.gov.cn/zwgk_47325/zfxxgk1/fdzdgknr1/tjxx/202606/t20260608_7314024.html
天津市,2026-05-31,2026年5月月度均价（发布 2026-06-08）,圆生菜,集贸新鲜,元/500克,2.48,,,,,天津市“菜篮子”工程主要农副产品零售价格监测（月均价）,,,https://fzgg.tj.gov.cn/zwgk_47325/zfxxgk1/fdzdgknr1/tjxx/202606/t20260608_7314024.html
天津市,2026-05-31,2026年5月月度均价（发布 2026-06-08）,猪肉,集贸带皮五花肉,元/500克,13.04,,,,,天津市“菜篮子”工程主要农副产品零售价格监测（月均价）,,,https://fzgg.tj.gov.cn/zwgk_47325/zfxxgk1/fdzdgknr1/tjxx/202606/t20260608_7314024.html
天津市,2026-05-31,2026年5月月度均价（发布 2026-06-08）,猪肉,集贸精瘦肉,元/500克,14.37,,,,,天津市“菜篮子”工程主要农副产品零售价格监测（月均价）,,,https://fzgg.tj.gov.cn/zwgk_47325/zfxxgk1/fdzdgknr1/tjxx/202606/t20260608_7314024.html
天津市,2026-06-30,2026年6月月度均价（发布 2026-07-13）,24种蔬菜均价,,元/500克,2.86,,,,,天津市“菜篮子”工程主要农副产品零售价格监测（月均价）,,,https://fzgg.tj.gov.cn/zwgk_47325/zfxxgk1/fdzdgknr1/tjxx/202607/t20260713_7334991.html
天津市,2026-06-30,2026年6月月度均价（发布 2026-07-13）,白葱头,集贸新鲜,元/500克,1.62,,,,,天津市“菜篮子”工程主要农副产品零售价格监测（月均价）,,,https://fzgg.tj.gov.cn/zwgk_47325/zfxxgk1/fdzdgknr1/tjxx/202607/t20260713_7334991.html
天津市,2026-06-30,2026年6月月度均价（发布 2026-07-13）,白鲢鱼,集贸1000-1500克（条）,元/500克,5.25,,,,,天津市“菜篮子”工程主要农副产品零售价格监测（月均价）,,,https://fzgg.tj.gov.cn/zwgk_47325/zfxxgk1/fdzdgknr1/tjxx/202607/t20260713_7334991.html
天津市,2026-06-30,2026年6月月度均价（发布 2026-07-13）,白萝卜,集贸新鲜,元/500克,1.44,,,,,天津市“菜篮子”工程主要农副产品零售价格监测（月均价）,,,https://fzgg.tj.gov.cn/zwgk_47325/zfxxgk1/fdzdgknr1/tjxx/202607/t20260713_7334991.html
天津市,2026-06-30,2026年6月月度均价（发布 2026-07-13）,菜花,集贸新鲜,元/500克,3.02,,,,,天津市“菜篮子”工程主要农副产品零售价格监测（月均价）,,,https://fzgg.tj.gov.cn/zwgk_47325/zfxxgk1/fdzdgknr1/tjxx/202607/t20260713_7334991.html
天津市,2026-06-30,2026年6月月度均价（发布 2026-07-13）,草鱼,集贸1000-1500克（条）,元/500克,10.36,,,,,天津市“菜篮子”工程主要农副产品零售价格监测（月均价）,,,https://fzgg.tj.gov.cn/zwgk_47325/zfxxgk1/fdzdgknr1/tjxx/202607/t20260713_7334991.html
天津市,2026-06-30,2026年6月月度均价（发布 2026-07-13）,大白菜,集贸新鲜,元/500克,1.09,,,,,天津市“菜篮子”工程主要农副产品零售价格监测（月均价）,,,https://fzgg.tj.gov.cn/zwgk_47325/zfxxgk1/fdzdgknr1/tjxx/202607/t20260713_7334991.html
天津市,2026-06-30,2026年6月月度均价（发布 2026-07-13）,大葱,集贸新鲜,元/500克,2.64,,,,,天津市“菜篮子”工程主要农副产品零售价格监测（月均价）,,,https://fzgg.tj.gov.cn/zwgk_47325/zfxxgk1/fdzdgknr1/tjxx/202607/t20260713_7334991.html
天津市,2026-06-30,2026年6月月度均价（发布 2026-07-13）,大蒜,集贸新鲜,元/500克,5.58,,,,,天津市“菜篮子”工程主要农副产品零售价格监测（月均价）,,,https://fzgg.tj.gov.cn/zwgk_47325/zfxxgk1/fdzdgknr1/tjxx/202607/t20260713_7334991.html
天津市,2026-06-30,2026年6月月度均价（发布 2026-07-13）,带鱼,集贸250-350克（条）,元/500克,17.41,,,,,天津市“菜篮子”工程主要农副产品零售价格监测（月均价）,,,https://fzgg.tj.gov.cn/zwgk_47325/zfxxgk1/fdzdgknr1/tjxx/202607/t20260713_7334991.html
天津市,2026-06-30,2026年6月月度均价（发布 2026-07-13）,冬瓜,集贸新鲜,元/500克,1.86,,,,,天津市“菜篮子”工程主要农副产品零售价格监测（月均价）,,,https://fzgg.tj.gov.cn/zwgk_47325/zfxxgk1/fdzdgknr1/tjxx/202607/t20260713_7334991.html
天津市,2026-06-30,2026年6月月度均价（发布 2026-07-13）,豆角,集贸新鲜,元/500克,4.60,,,,,天津市“菜篮子”工程主要农副产品零售价格监测（月均价）,,,https://fzgg.tj.gov.cn/zwgk_47325/zfxxgk1/fdzdgknr1/tjxx/202607/t20260713_7334991.html
天津市,2026-06-30,2026年6月月度均价（发布 2026-07-13）,胡萝卜,集贸新鲜,元/500克,1.95,,,,,天津市“菜篮子”工程主要农副产品零售价格监测（月均价）,,,https://fzgg.tj.gov.cn/zwgk_47325/zfxxgk1/fdzdgknr1/tjxx/202607/t20260713_7334991.html
天津市,2026-06-30,2026年6月月度均价（发布 2026-07-13）,黄瓜,集贸新鲜,元/500克,2.03,,,,,天津市“菜篮子”工程主要农副产品零售价格监测（月均价）,,,https://fzgg.tj.gov.cn/zwgk_47325/zfxxgk1/fdzdgknr1/tjxx/202607/t20260713_7334991.html
天津市,2026-06-30,2026年6月月度均价（发布 2026-07-13）,鸡蛋,集贸红皮新鲜,元/500克,5.42,,,,,天津市“菜篮子”工程主要农副产品零售价格监测（月均价）,,,https://fzgg.tj.gov.cn/zwgk_47325/zfxxgk1/fdzdgknr1/tjxx/202607/t20260713_7334991.html
天津市,2026-06-30,2026年6月月度均价（发布 2026-07-13）,鸡肉,白条鸡,元/500克,8.64,,,,,天津市“菜篮子”工程主要农副产品零售价格监测（月均价）,,,https://fzgg.tj.gov.cn/zwgk_47325/zfxxgk1/fdzdgknr1/tjxx/202607/t20260713_7334991.html
天津市,2026-06-30,2026年6月月度均价（发布 2026-07-13）,鲫鱼,集贸300-500克（条）,元/500克,12.38,,,,,天津市“菜篮子”工程主要农副产品零售价格监测（月均价）,,,https://fzgg.tj.gov.cn/zwgk_47325/zfxxgk1/fdzdgknr1/tjxx/202607/t20260713_7334991.html
天津市,2026-06-30,2026年6月月度均价（发布 2026-07-13）,尖椒,集贸新鲜,元/500克,3.25,,,,,天津市“菜篮子”工程主要农副产品零售价格监测（月均价）,,,https://fzgg.tj.gov.cn/zwgk_47325/zfxxgk1/fdzdgknr1/tjxx/202607/t20260713_7334991.html
天津市,2026-06-30,2026年6月月度均价（发布 2026-07-13）,韭菜,集贸新鲜,元/500克,2.42,,,,,天津市“菜篮子”工程主要农副产品零售价格监测（月均价）,,,https://fzgg.tj.gov.cn/zwgk_47325/zfxxgk1/fdzdgknr1/tjxx/202607/t20260713_7334991.html
天津市,2026-06-30,2026年6月月度均价（发布 2026-07-13）,鲤鱼,集贸750-1000克（条）,元/500克,8.33,,,,,天津市“菜篮子”工程主要农副产品零售价格监测（月均价）,,,https://fzgg.tj.gov.cn/zwgk_47325/zfxxgk1/fdzdgknr1/tjxx/202607/t20260713_7334991.html
天津市,2026-06-30,2026年6月月度均价（发布 2026-07-13）,牛奶,超市蒙牛纯牛奶250ml,元/盒,3.14,,,,,天津市“菜篮子”工程主要农副产品零售价格监测（月均价）,,,https://fzgg.tj.gov.cn/zwgk_47325/zfxxgk1/fdzdgknr1/tjxx/202607/t20260713_7334991.html
天津市,2026-06-30,2026年6月月度均价（发布 2026-07-13）,牛奶,超市蒙牛利乐枕240ml,元/袋,2.32,,,,,天津市“菜篮子”工程主要农副产品零售价格监测（月均价）,,,https://fzgg.tj.gov.cn/zwgk_47325/zfxxgk1/fdzdgknr1/tjxx/202607/t20260713_7334991.html
天津市,2026-06-30,2026年6月月度均价（发布 2026-07-13）,牛肉,集贸去骨净肉,元/500克,35.52,,,,,天津市“菜篮子”工程主要农副产品零售价格监测（月均价）,,,https://fzgg.tj.gov.cn/zwgk_47325/zfxxgk1/fdzdgknr1/tjxx/202607/t20260713_7334991.html
天津市,2026-06-30,2026年6月月度均价（发布 2026-07-13）,平菇,集贸新鲜,元/500克,5.33,,,,,天津市“菜篮子”工程主要农副产品零售价格监测（月均价）,,,https://fzgg.tj.gov.cn/zwgk_47325/zfxxgk1/fdzdgknr1/tjxx/202607/t20260713_7334991.html
天津市,2026-06-30,2026年6月月度均价（发布 2026-07-13）,苹果,集贸山东红富士一级应季主销,元/500克,5.41,,,,,天津市“菜篮子”工程主要农副产品零售价格监测（月均价）,,,https://fzgg.tj.gov.cn/zwgk_47325/zfxxgk1/fdzdgknr1/tjxx/202607/t20260713_7334991.html
天津市,2026-06-30,2026年6月月度均价（发布 2026-07-13）,芹菜,集贸新鲜,元/500克,2.09,,,,,天津市“菜篮子”工程主要农副产品零售价格监测（月均价）,,,https://fzgg.tj.gov.cn/zwgk_47325/zfxxgk1/fdzdgknr1/tjxx/202607/t20260713_7334991.html
天津市,2026-06-30,2026年6月月度均价（发布 2026-07-13）,青椒,集贸新鲜,元/500克,3.10,,,,,天津市“菜篮子”工程主要农副产品零售价格监测（月均价）,,,https://fzgg.tj.gov.cn/zwgk_47325/zfxxgk1/fdzdgknr1/tjxx/202607/t20260713_7334991.html
天津市,2026-06-30,2026年6月月度均价（发布 2026-07-13）,生姜,集贸新鲜,元/500克,6.19,,,,,天津市“菜篮子”工程主要农副产品零售价格监测（月均价）,,,https://fzgg.tj.gov.cn/zwgk_47325/zfxxgk1/fdzdgknr1/tjxx/202607/t20260713_7334991.html
天津市,2026-06-30,2026年6月月度均价（发布 2026-07-13）,蒜薹,集贸新鲜,元/500克,4.83,,,,,天津市“菜篮子”工程主要农副产品零售价格监测（月均价）,,,https://fzgg.tj.gov.cn/zwgk_47325/zfxxgk1/fdzdgknr1/tjxx/202607/t20260713_7334991.html
天津市,2026-06-30,2026年6月月度均价（发布 2026-07-13）,土豆,集贸新鲜,元/500克,1.85,,,,,天津市“菜篮子”工程主要农副产品零售价格监测（月均价）,,,https://fzgg.tj.gov.cn/zwgk_47325/zfxxgk1/fdzdgknr1/tjxx/202607/t20260713_7334991.html
天津市,2026-06-30,2026年6月月度均价（发布 2026-07-13）,西瓜,集贸普通西瓜应季主销,元/500克,2.62,,,,,天津市“菜篮子”工程主要农副产品零售价格监测（月均价）,,,https://fzgg.tj.gov.cn/zwgk_47325/zfxxgk1/fdzdgknr1/tjxx/202607/t20260713_7334991.html
天津市,2026-06-30,2026年6月月度均价（发布 2026-07-13）,西红柿,集贸新鲜,元/500克,2.38,,,,,天津市“菜篮子”工程主要农副产品零售价格监测（月均价）,,,https://fzgg.tj.gov.cn/zwgk_47325/zfxxgk1/fdzdgknr1/tjxx/202607/t20260713_7334991.html
天津市,2026-06-30,2026年6月月度均价（发布 2026-07-13）,西葫芦,集贸新鲜,元/500克,2.56,,,,,天津市“菜篮子”工程主要农副产品零售价格监测（月均价）,,,https://fzgg.tj.gov.cn/zwgk_47325/zfxxgk1/fdzdgknr1/tjxx/202607/t20260713_7334991.html
天津市,2026-06-30,2026年6月月度均价（发布 2026-07-13）,香蕉,集贸国产一级应季主销,元/500克,4.08,,,,,天津市“菜篮子”工程主要农副产品零售价格监测（月均价）,,,https://fzgg.tj.gov.cn/zwgk_47325/zfxxgk1/fdzdgknr1/tjxx/202607/t20260713_7334991.html
天津市,2026-06-30,2026年6月月度均价（发布 2026-07-13）,羊肉,集贸去骨净肉,元/500克,39.66,,,,,天津市“菜篮子”工程主要农副产品零售价格监测（月均价）,,,https://fzgg.tj.gov.cn/zwgk_47325/zfxxgk1/fdzdgknr1/tjxx/202607/t20260713_7334991.html
天津市,2026-06-30,2026年6月月度均价（发布 2026-07-13）,油菜,集贸新鲜,元/500克,2.23,,,,,天津市“菜篮子”工程主要农副产品零售价格监测（月均价）,,,https://fzgg.tj.gov.cn/zwgk_47325/zfxxgk1/fdzdgknr1/tjxx/202607/t20260713_7334991.html
天津市,2026-06-30,2026年6月月度均价（发布 2026-07-13）,圆白菜,集贸新鲜,元/500克,1.41,,,,,天津市“菜篮子”工程主要农副产品零售价格监测（月均价）,,,https://fzgg.tj.gov.cn/zwgk_47325/zfxxgk1/fdzdgknr1/tjxx/202607/t20260713_7334991.html
天津市,2026-06-30,2026年6月月度均价（发布 2026-07-13）,圆茄子,集贸新鲜,元/500克,2.58,,,,,天津市“菜篮子”工程主要农副产品零售价格监测（月均价）,,,https://fzgg.tj.gov.cn/zwgk_47325/zfxxgk1/fdzdgknr1/tjxx/202607/t20260713_7334991.html
天津市,2026-06-30,2026年6月月度均价（发布 2026-07-13）,圆生菜,集贸新鲜,元/500克,2.60,,,,,天津市“菜篮子”工程主要农副产品零售价格监测（月均价）,,,https://fzgg.tj.gov.cn/zwgk_47325/zfxxgk1/fdzdgknr1/tjxx/202607/t20260713_7334991.html
天津市,2026-06-30,2026年6月月度均价（发布 2026-07-13）,猪肉,集贸带皮五花肉,元/500克,13.02,,,,,天津市“菜篮子”工程主要农副产品零售价格监测（月均价）,,,https://fzgg.tj.gov.cn/zwgk_47325/zfxxgk1/fdzdgknr1/tjxx/202607/t20260713_7334991.html
天津市,2026-06-30,2026年6月月度均价（发布 2026-07-13）,猪肉,集贸精瘦肉,元/500克,14.38,,,,,天津市“菜篮子”工程主要农副产品零售价格监测（月均价）,,,https://fzgg.tj.gov.cn/zwgk_47325/zfxxgk1/fdzdgknr1/tjxx/202607/t20260713_7334991.html
